"scenario","method","estimand","start","truth","bias","bias_mcse","empse","empse_mcse","modse","modse_mcse","relerror_modse","relerror_modse_mcse","mse","mse_mcse","coverage","coverage_mcse","becoverage","becoverage_mcse","rejection","rejection_mcse","convergence","n_used","n_attempted","fixed_modse","fixed_to_linearized","bootstrap_to_linearized","h_key","h_label","a","adoption","b","background","sentinel"
1,"calendar_quadratic","rd_k",20,-0.0635888277917673,NA,NA,NA,NA,NA,NA,NA,NA,NA,NA,NA,NA,NA,NA,NA,NA,0,0,500,NA,NA,NA,"none","no conditional effect modification",0,"none",0,"none",TRUE
1,"equal_flexible","rd_k",16,-0.0687396910240876,NA,NA,NA,NA,NA,NA,NA,NA,NA,NA,NA,NA,NA,NA,NA,NA,0,0,500,NA,NA,NA,"none","no conditional effect modification",0,"none",0,"none",TRUE
1,"start_saturated","rd_k",12,-0.0729675580697694,NA,NA,NA,NA,NA,NA,NA,NA,NA,NA,NA,NA,NA,NA,NA,NA,0,0,500,NA,NA,NA,"none","no conditional effect modification",0,"none",0,"none",TRUE
1,"equal_common","rd_k",22,-0.0622880936908428,NA,NA,NA,NA,NA,NA,NA,NA,NA,NA,NA,NA,NA,NA,NA,NA,0,0,500,NA,NA,NA,"none","no conditional effect modification",0,"none",0,"none",TRUE
1,"package_like","rd_k",18,-0.0665329750085986,NA,NA,NA,NA,NA,NA,NA,NA,NA,NA,NA,NA,NA,NA,NA,NA,0,0,500,NA,NA,NA,"none","no conditional effect modification",0,"none",0,"none",TRUE
1,"calendar_omitted","rd_k",16,-0.0687396910240876,NA,NA,NA,NA,NA,NA,NA,NA,NA,NA,NA,NA,NA,NA,NA,NA,0,0,500,NA,NA,NA,"none","no conditional effect modification",0,"none",0,"none",TRUE
1,"equal_flexible","rd_k",12,-0.0729675580697694,NA,NA,NA,NA,NA,NA,NA,NA,NA,NA,NA,NA,NA,NA,NA,NA,0,0,500,NA,NA,NA,"none","no conditional effect modification",0,"none",0,"none",TRUE
1,"start_saturated","rd_k",8,-0.0785731237250395,NA,NA,NA,NA,NA,NA,NA,NA,NA,NA,NA,NA,NA,NA,NA,NA,0,0,500,NA,NA,NA,"none","no conditional effect modification",0,"none",0,"none",TRUE
1,"calendar_quadratic","rd_k",6,-0.0823064055679717,NA,NA,NA,NA,NA,NA,NA,NA,NA,NA,NA,NA,NA,NA,NA,NA,0,0,500,NA,NA,NA,"none","no conditional effect modification",0,"none",0,"none",TRUE
1,"equal_flexible","rd_k",2,-0.0912893885674645,NA,NA,NA,NA,NA,NA,NA,NA,NA,NA,NA,NA,NA,NA,NA,NA,0,0,500,NA,NA,NA,"none","no conditional effect modification",0,"none",0,"none",TRUE
1,"equal_common","rd_k",20,-0.0635888277917673,NA,NA,NA,NA,NA,NA,NA,NA,NA,NA,NA,NA,NA,NA,NA,NA,0,0,500,NA,NA,NA,"none","no conditional effect modification",0,"none",0,"none",TRUE
1,"package_like","rd_k",16,-0.0687396910240876,NA,NA,NA,NA,NA,NA,NA,NA,NA,NA,NA,NA,NA,NA,NA,NA,0,0,500,NA,NA,NA,"none","no conditional effect modification",0,"none",0,"none",TRUE
1,"calendar_omitted","rd_k",14,-0.0707221845278482,NA,NA,NA,NA,NA,NA,NA,NA,NA,NA,NA,NA,NA,NA,NA,NA,0,0,500,NA,NA,NA,"none","no conditional effect modification",0,"none",0,"none",TRUE
1,"equal_flexible","rd_k",22,-0.0622880936908428,NA,NA,NA,NA,NA,NA,NA,NA,NA,NA,NA,NA,NA,NA,NA,NA,0,0,500,NA,NA,NA,"none","no conditional effect modification",0,"none",0,"none",TRUE
1,"start_saturated","rd_k",18,-0.0665329750085986,NA,NA,NA,NA,NA,NA,NA,NA,NA,NA,NA,NA,NA,NA,NA,NA,0,0,500,NA,NA,NA,"none","no conditional effect modification",0,"none",0,"none",TRUE
1,"calendar_quadratic","rd_k",16,-0.0687396910240876,NA,NA,NA,NA,NA,NA,NA,NA,NA,NA,NA,NA,NA,NA,NA,NA,0,0,500,NA,NA,NA,"none","no conditional effect modification",0,"none",0,"none",TRUE
1,"package_like","rd_k",12,-0.0729675580697694,NA,NA,NA,NA,NA,NA,NA,NA,NA,NA,NA,NA,NA,NA,NA,NA,0,0,500,NA,NA,NA,"none","no conditional effect modification",0,"none",0,"none",TRUE
1,"calendar_omitted","rd_k",10,-0.0757144160978398,NA,NA,NA,NA,NA,NA,NA,NA,NA,NA,NA,NA,NA,NA,NA,NA,0,0,500,NA,NA,NA,"none","no conditional effect modification",0,"none",0,"none",TRUE
1,"equal_common","rd_k",6,-0.0823064055679717,NA,NA,NA,NA,NA,NA,NA,NA,NA,NA,NA,NA,NA,NA,NA,NA,0,0,500,NA,NA,NA,"none","no conditional effect modification",0,"none",0,"none",TRUE
1,"package_like","rd_k",2,-0.0912893885674645,NA,NA,NA,NA,NA,NA,NA,NA,NA,NA,NA,NA,NA,NA,NA,NA,0,0,500,NA,NA,NA,"none","no conditional effect modification",0,"none",0,"none",TRUE
1,"calendar_omitted","rd_k",0,-0.097484,NA,NA,NA,NA,NA,NA,NA,NA,NA,NA,NA,NA,NA,NA,NA,NA,0,0,500,NA,NA,NA,"none","no conditional effect modification",0,"none",0,"none",TRUE
1,"equal_flexible","rd_k",20,-0.0635888277917673,NA,NA,NA,NA,NA,NA,NA,NA,NA,NA,NA,NA,NA,NA,NA,NA,0,0,500,NA,NA,NA,"none","no conditional effect modification",0,"none",0,"none",TRUE
1,"start_saturated","rd_k",16,-0.0687396910240876,NA,NA,NA,NA,NA,NA,NA,NA,NA,NA,NA,NA,NA,NA,NA,NA,0,0,500,NA,NA,NA,"none","no conditional effect modification",0,"none",0,"none",TRUE
1,"calendar_quadratic","rd_k",14,-0.0707221845278482,NA,NA,NA,NA,NA,NA,NA,NA,NA,NA,NA,NA,NA,NA,NA,NA,0,0,500,NA,NA,NA,"none","no conditional effect modification",0,"none",0,"none",TRUE
1,"package_like","rd_k",22,-0.0622880936908428,NA,NA,NA,NA,NA,NA,NA,NA,NA,NA,NA,NA,NA,NA,NA,NA,0,0,500,NA,NA,NA,"none","no conditional effect modification",0,"none",0,"none",TRUE
1,"calendar_omitted","rd_k",20,-0.0635888277917673,NA,NA,NA,NA,NA,NA,NA,NA,NA,NA,NA,NA,NA,NA,NA,NA,0,0,500,NA,NA,NA,"none","no conditional effect modification",0,"none",0,"none",TRUE
1,"equal_common","rd_k",16,-0.0687396910240876,NA,NA,NA,NA,NA,NA,NA,NA,NA,NA,NA,NA,NA,NA,NA,NA,0,0,500,NA,NA,NA,"none","no conditional effect modification",0,"none",0,"none",TRUE
1,"calendar_quadratic","rd_k",10,-0.0757144160978398,NA,NA,NA,NA,NA,NA,NA,NA,NA,NA,NA,NA,NA,NA,NA,NA,0,0,500,NA,NA,NA,"none","no conditional effect modification",0,"none",0,"none",TRUE
1,"equal_flexible","rd_k",6,-0.0823064055679717,NA,NA,NA,NA,NA,NA,NA,NA,NA,NA,NA,NA,NA,NA,NA,NA,0,0,500,NA,NA,NA,"none","no conditional effect modification",0,"none",0,"none",TRUE
1,"start_saturated","rd_k",2,-0.0912893885674645,NA,NA,NA,NA,NA,NA,NA,NA,NA,NA,NA,NA,NA,NA,NA,NA,0,0,500,NA,NA,NA,"none","no conditional effect modification",0,"none",0,"none",TRUE
1,"calendar_quadratic","rd_k",0,-0.097484,NA,NA,NA,NA,NA,NA,NA,NA,NA,NA,NA,NA,NA,NA,NA,NA,0,0,500,NA,NA,NA,"none","no conditional effect modification",0,"none",0,"none",TRUE
1,"package_like","rd_k",20,-0.0635888277917673,NA,NA,NA,NA,NA,NA,NA,NA,NA,NA,NA,NA,NA,NA,NA,NA,0,0,500,NA,NA,NA,"none","no conditional effect modification",0,"none",0,"none",TRUE
1,"calendar_omitted","rd_k",18,-0.0665329750085986,NA,NA,NA,NA,NA,NA,NA,NA,NA,NA,NA,NA,NA,NA,NA,NA,0,0,500,NA,NA,NA,"none","no conditional effect modification",0,"none",0,"none",TRUE
1,"equal_common","rd_k",14,-0.0707221845278482,NA,NA,NA,NA,NA,NA,NA,NA,NA,NA,NA,NA,NA,NA,NA,NA,0,0,500,NA,NA,NA,"none","no conditional effect modification",0,"none",0,"none",TRUE
1,"start_saturated","rd_k",22,-0.0622880936908428,NA,NA,NA,NA,NA,NA,NA,NA,NA,NA,NA,NA,NA,NA,NA,NA,0,0,500,NA,NA,NA,"none","no conditional effect modification",0,"none",0,"none",TRUE
1,"calendar_quadratic","rd_k",8,-0.0785731237250395,NA,NA,NA,NA,NA,NA,NA,NA,NA,NA,NA,NA,NA,NA,NA,NA,0,0,500,NA,NA,NA,"none","no conditional effect modification",0,"none",0,"none",TRUE
1,"equal_flexible","rd_k",4,-0.0864583200996555,NA,NA,NA,NA,NA,NA,NA,NA,NA,NA,NA,NA,NA,NA,NA,NA,0,0,500,NA,NA,NA,"none","no conditional effect modification",0,"none",0,"none",TRUE
1,"start_saturated","rd_k",0,-0.097484,NA,NA,NA,NA,NA,NA,NA,NA,NA,NA,NA,NA,NA,NA,NA,NA,0,0,500,NA,NA,NA,"none","no conditional effect modification",0,"none",0,"none",TRUE
1,"equal_common","rd_k",10,-0.0757144160978398,NA,NA,NA,NA,NA,NA,NA,NA,NA,NA,NA,NA,NA,NA,NA,NA,0,0,500,NA,NA,NA,"none","no conditional effect modification",0,"none",0,"none",TRUE
1,"package_like","rd_k",6,-0.0823064055679717,NA,NA,NA,NA,NA,NA,NA,NA,NA,NA,NA,NA,NA,NA,NA,NA,0,0,500,NA,NA,NA,"none","no conditional effect modification",0,"none",0,"none",TRUE
1,"calendar_omitted","rd_k",4,-0.0864583200996555,NA,NA,NA,NA,NA,NA,NA,NA,NA,NA,NA,NA,NA,NA,NA,NA,0,0,500,NA,NA,NA,"none","no conditional effect modification",0,"none",0,"none",TRUE
1,"equal_common","rd_k",0,-0.097484,NA,NA,NA,NA,NA,NA,NA,NA,NA,NA,NA,NA,NA,NA,NA,NA,0,0,500,NA,NA,NA,"none","no conditional effect modification",0,"none",0,"none",TRUE
1,"start_saturated","rd_k",20,-0.0635888277917673,NA,NA,NA,NA,NA,NA,NA,NA,NA,NA,NA,NA,NA,NA,NA,NA,0,0,500,NA,NA,NA,"none","no conditional effect modification",0,"none",0,"none",TRUE
1,"calendar_quadratic","rd_k",18,-0.0665329750085986,NA,NA,NA,NA,NA,NA,NA,NA,NA,NA,NA,NA,NA,NA,NA,NA,0,0,500,NA,NA,NA,"none","no conditional effect modification",0,"none",0,"none",TRUE
1,"equal_flexible","rd_k",14,-0.0707221845278482,NA,NA,NA,NA,NA,NA,NA,NA,NA,NA,NA,NA,NA,NA,NA,NA,0,0,500,NA,NA,NA,"none","no conditional effect modification",0,"none",0,"none",TRUE
1,"calendar_omitted","rd_k",12,-0.0729675580697694,NA,NA,NA,NA,NA,NA,NA,NA,NA,NA,NA,NA,NA,NA,NA,NA,0,0,500,NA,NA,NA,"none","no conditional effect modification",0,"none",0,"none",TRUE
1,"equal_common","rd_k",8,-0.0785731237250395,NA,NA,NA,NA,NA,NA,NA,NA,NA,NA,NA,NA,NA,NA,NA,NA,0,0,500,NA,NA,NA,"none","no conditional effect modification",0,"none",0,"none",TRUE
1,"package_like","rd_k",4,-0.0864583200996555,NA,NA,NA,NA,NA,NA,NA,NA,NA,NA,NA,NA,NA,NA,NA,NA,0,0,500,NA,NA,NA,"none","no conditional effect modification",0,"none",0,"none",TRUE
1,"calendar_omitted","rd_k",2,-0.0912893885674645,NA,NA,NA,NA,NA,NA,NA,NA,NA,NA,NA,NA,NA,NA,NA,NA,0,0,500,NA,NA,NA,"none","no conditional effect modification",0,"none",0,"none",TRUE
1,"equal_flexible","rd_k",10,-0.0757144160978398,NA,NA,NA,NA,NA,NA,NA,NA,NA,NA,NA,NA,NA,NA,NA,NA,0,0,500,NA,NA,NA,"none","no conditional effect modification",0,"none",0,"none",TRUE
1,"start_saturated","rd_k",6,-0.0823064055679717,NA,NA,NA,NA,NA,NA,NA,NA,NA,NA,NA,NA,NA,NA,NA,NA,0,0,500,NA,NA,NA,"none","no conditional effect modification",0,"none",0,"none",TRUE
1,"calendar_quadratic","rd_k",4,-0.0864583200996555,NA,NA,NA,NA,NA,NA,NA,NA,NA,NA,NA,NA,NA,NA,NA,NA,0,0,500,NA,NA,NA,"none","no conditional effect modification",0,"none",0,"none",TRUE
1,"equal_flexible","rd_k",0,-0.097484,NA,NA,NA,NA,NA,NA,NA,NA,NA,NA,NA,NA,NA,NA,NA,NA,0,0,500,NA,NA,NA,"none","no conditional effect modification",0,"none",0,"none",TRUE
1,"calendar_omitted","rd_k",22,-0.0622880936908428,NA,NA,NA,NA,NA,NA,NA,NA,NA,NA,NA,NA,NA,NA,NA,NA,0,0,500,NA,NA,NA,"none","no conditional effect modification",0,"none",0,"none",TRUE
1,"equal_common","rd_k",18,-0.0665329750085986,NA,NA,NA,NA,NA,NA,NA,NA,NA,NA,NA,NA,NA,NA,NA,NA,0,0,500,NA,NA,NA,"none","no conditional effect modification",0,"none",0,"none",TRUE
1,"package_like","rd_k",14,-0.0707221845278482,NA,NA,NA,NA,NA,NA,NA,NA,NA,NA,NA,NA,NA,NA,NA,NA,0,0,500,NA,NA,NA,"none","no conditional effect modification",0,"none",0,"none",TRUE
1,"calendar_quadratic","rd_k",12,-0.0729675580697694,NA,NA,NA,NA,NA,NA,NA,NA,NA,NA,NA,NA,NA,NA,NA,NA,0,0,500,NA,NA,NA,"none","no conditional effect modification",0,"none",0,"none",TRUE
1,"equal_flexible","rd_k",8,-0.0785731237250395,NA,NA,NA,NA,NA,NA,NA,NA,NA,NA,NA,NA,NA,NA,NA,NA,0,0,500,NA,NA,NA,"none","no conditional effect modification",0,"none",0,"none",TRUE
1,"start_saturated","rd_k",4,-0.0864583200996555,NA,NA,NA,NA,NA,NA,NA,NA,NA,NA,NA,NA,NA,NA,NA,NA,0,0,500,NA,NA,NA,"none","no conditional effect modification",0,"none",0,"none",TRUE
1,"calendar_quadratic","rd_k",2,-0.0912893885674645,NA,NA,NA,NA,NA,NA,NA,NA,NA,NA,NA,NA,NA,NA,NA,NA,0,0,500,NA,NA,NA,"none","no conditional effect modification",0,"none",0,"none",TRUE
1,"package_like","rd_k",10,-0.0757144160978398,NA,NA,NA,NA,NA,NA,NA,NA,NA,NA,NA,NA,NA,NA,NA,NA,0,0,500,NA,NA,NA,"none","no conditional effect modification",0,"none",0,"none",TRUE
1,"calendar_omitted","rd_k",8,-0.0785731237250395,NA,NA,NA,NA,NA,NA,NA,NA,NA,NA,NA,NA,NA,NA,NA,NA,0,0,500,NA,NA,NA,"none","no conditional effect modification",0,"none",0,"none",TRUE
1,"equal_common","rd_k",4,-0.0864583200996555,NA,NA,NA,NA,NA,NA,NA,NA,NA,NA,NA,NA,NA,NA,NA,NA,0,0,500,NA,NA,NA,"none","no conditional effect modification",0,"none",0,"none",TRUE
1,"package_like","rd_k",0,-0.097484,NA,NA,NA,NA,NA,NA,NA,NA,NA,NA,NA,NA,NA,NA,NA,NA,0,0,500,NA,NA,NA,"none","no conditional effect modification",0,"none",0,"none",TRUE
1,"calendar_quadratic","rd_k",22,-0.0622880936908428,NA,NA,NA,NA,NA,NA,NA,NA,NA,NA,NA,NA,NA,NA,NA,NA,0,0,500,NA,NA,NA,"none","no conditional effect modification",0,"none",0,"none",TRUE
1,"equal_flexible","rd_k",18,-0.0665329750085986,NA,NA,NA,NA,NA,NA,NA,NA,NA,NA,NA,NA,NA,NA,NA,NA,0,0,500,NA,NA,NA,"none","no conditional effect modification",0,"none",0,"none",TRUE
1,"start_saturated","rd_k",14,-0.0707221845278482,NA,NA,NA,NA,NA,NA,NA,NA,NA,NA,NA,NA,NA,NA,NA,NA,0,0,500,NA,NA,NA,"none","no conditional effect modification",0,"none",0,"none",TRUE
1,"equal_common","rd_k",12,-0.0729675580697694,NA,NA,NA,NA,NA,NA,NA,NA,NA,NA,NA,NA,NA,NA,NA,NA,0,0,500,NA,NA,NA,"none","no conditional effect modification",0,"none",0,"none",TRUE
1,"package_like","rd_k",8,-0.0785731237250395,NA,NA,NA,NA,NA,NA,NA,NA,NA,NA,NA,NA,NA,NA,NA,NA,0,0,500,NA,NA,NA,"none","no conditional effect modification",0,"none",0,"none",TRUE
1,"calendar_omitted","rd_k",6,-0.0823064055679717,NA,NA,NA,NA,NA,NA,NA,NA,NA,NA,NA,NA,NA,NA,NA,NA,0,0,500,NA,NA,NA,"none","no conditional effect modification",0,"none",0,"none",TRUE
1,"equal_common","rd_k",2,-0.0912893885674645,NA,NA,NA,NA,NA,NA,NA,NA,NA,NA,NA,NA,NA,NA,NA,NA,0,0,500,NA,NA,NA,"none","no conditional effect modification",0,"none",0,"none",TRUE
1,"start_saturated","rd_k",10,-0.0757144160978398,NA,NA,NA,NA,NA,NA,NA,NA,NA,NA,NA,NA,NA,NA,NA,NA,0,0,500,NA,NA,NA,"none","no conditional effect modification",0,"none",0,"none",TRUE
2,"equal_common","rd_k",22,-0.0375021190630916,NA,NA,NA,NA,NA,NA,NA,NA,NA,NA,NA,NA,NA,NA,NA,NA,0,0,500,NA,NA,NA,"monotone","monotone conditional effect modification",0,"none",0,"none",FALSE
2,"package_like","rd_k",18,-0.0502801112283504,NA,NA,NA,NA,NA,NA,NA,NA,NA,NA,NA,NA,NA,NA,NA,NA,0,0,500,NA,NA,NA,"monotone","monotone conditional effect modification",0,"none",0,"none",FALSE
2,"calendar_omitted","rd_k",16,-0.0569563090602961,NA,NA,NA,NA,NA,NA,NA,NA,NA,NA,NA,NA,NA,NA,NA,NA,0,0,500,NA,NA,NA,"monotone","monotone conditional effect modification",0,"none",0,"none",FALSE
2,"start_saturated","rd_k",8,-0.0861365686737326,NA,NA,NA,NA,NA,NA,NA,NA,NA,NA,NA,NA,NA,NA,NA,NA,0,0,500,NA,NA,NA,"monotone","monotone conditional effect modification",0,"none",0,"none",FALSE
2,"calendar_quadratic","rd_k",6,-0.0953694433091814,NA,NA,NA,NA,NA,NA,NA,NA,NA,NA,NA,NA,NA,NA,NA,NA,0,0,500,NA,NA,NA,"monotone","monotone conditional effect modification",0,"none",0,"none",FALSE
2,"equal_flexible","rd_k",2,-0.11689810972154,NA,NA,NA,NA,NA,NA,NA,NA,NA,NA,NA,NA,NA,NA,NA,NA,0,0,500,NA,NA,NA,"monotone","monotone conditional effect modification",0,"none",0,"none",FALSE
2,"start_saturated","rd_k",22,-0.0375021190630916,NA,NA,NA,NA,NA,NA,NA,NA,NA,NA,NA,NA,NA,NA,NA,NA,0,0,500,NA,NA,NA,"monotone","monotone conditional effect modification",0,"none",0,"none",FALSE
2,"calendar_quadratic","rd_k",20,-0.0431981987769156,NA,NA,NA,NA,NA,NA,NA,NA,NA,NA,NA,NA,NA,NA,NA,NA,0,0,500,NA,NA,NA,"monotone","monotone conditional effect modification",0,"none",0,"none",FALSE
2,"equal_flexible","rd_k",22,-0.0375021190630916,NA,NA,NA,NA,NA,NA,NA,NA,NA,NA,NA,NA,NA,NA,NA,NA,0,0,500,NA,NA,NA,"monotone","monotone conditional effect modification",0,"none",0,"none",FALSE
2,"start_saturated","rd_k",18,-0.0502801112283504,NA,NA,NA,NA,NA,NA,NA,NA,NA,NA,NA,NA,NA,NA,NA,NA,0,0,500,NA,NA,NA,"monotone","monotone conditional effect modification",0,"none",0,"none",FALSE
2,"calendar_quadratic","rd_k",16,-0.0569563090602961,NA,NA,NA,NA,NA,NA,NA,NA,NA,NA,NA,NA,NA,NA,NA,NA,0,0,500,NA,NA,NA,"monotone","monotone conditional effect modification",0,"none",0,"none",FALSE
2,"calendar_omitted","rd_k",10,-0.0781988404098436,NA,NA,NA,NA,NA,NA,NA,NA,NA,NA,NA,NA,NA,NA,NA,NA,0,0,500,NA,NA,NA,"monotone","monotone conditional effect modification",0,"none",0,"none",FALSE
2,"equal_common","rd_k",6,-0.0953694433091814,NA,NA,NA,NA,NA,NA,NA,NA,NA,NA,NA,NA,NA,NA,NA,NA,0,0,500,NA,NA,NA,"monotone","monotone conditional effect modification",0,"none",0,"none",FALSE
2,"package_like","rd_k",2,-0.11689810972154,NA,NA,NA,NA,NA,NA,NA,NA,NA,NA,NA,NA,NA,NA,NA,NA,0,0,500,NA,NA,NA,"monotone","monotone conditional effect modification",0,"none",0,"none",FALSE
2,"calendar_quadratic","rd_k",12,-0.0706126253535613,NA,NA,NA,NA,NA,NA,NA,NA,NA,NA,NA,NA,NA,NA,NA,NA,0,0,500,NA,NA,NA,"monotone","monotone conditional effect modification",0,"none",0,"none",FALSE
2,"calendar_omitted","rd_k",12,-0.0706126253535613,NA,NA,NA,NA,NA,NA,NA,NA,NA,NA,NA,NA,NA,NA,NA,NA,0,0,500,NA,NA,NA,"monotone","monotone conditional effect modification",0,"none",0,"none",FALSE
2,"equal_common","rd_k",20,-0.0431981987769156,NA,NA,NA,NA,NA,NA,NA,NA,NA,NA,NA,NA,NA,NA,NA,NA,0,0,500,NA,NA,NA,"monotone","monotone conditional effect modification",0,"none",0,"none",FALSE
2,"package_like","rd_k",22,-0.0375021190630916,NA,NA,NA,NA,NA,NA,NA,NA,NA,NA,NA,NA,NA,NA,NA,NA,0,0,500,NA,NA,NA,"monotone","monotone conditional effect modification",0,"none",0,"none",FALSE
2,"calendar_omitted","rd_k",20,-0.0431981987769156,NA,NA,NA,NA,NA,NA,NA,NA,NA,NA,NA,NA,NA,NA,NA,NA,0,0,500,NA,NA,NA,"monotone","monotone conditional effect modification",0,"none",0,"none",FALSE
2,"equal_common","rd_k",16,-0.0569563090602961,NA,NA,NA,NA,NA,NA,NA,NA,NA,NA,NA,NA,NA,NA,NA,NA,0,0,500,NA,NA,NA,"monotone","monotone conditional effect modification",0,"none",0,"none",FALSE
2,"calendar_quadratic","rd_k",10,-0.0781988404098436,NA,NA,NA,NA,NA,NA,NA,NA,NA,NA,NA,NA,NA,NA,NA,NA,0,0,500,NA,NA,NA,"monotone","monotone conditional effect modification",0,"none",0,"none",FALSE
2,"equal_flexible","rd_k",6,-0.0953694433091814,NA,NA,NA,NA,NA,NA,NA,NA,NA,NA,NA,NA,NA,NA,NA,NA,0,0,500,NA,NA,NA,"monotone","monotone conditional effect modification",0,"none",0,"none",FALSE
2,"start_saturated","rd_k",2,-0.11689810972154,NA,NA,NA,NA,NA,NA,NA,NA,NA,NA,NA,NA,NA,NA,NA,NA,0,0,500,NA,NA,NA,"monotone","monotone conditional effect modification",0,"none",0,"none",FALSE
2,"equal_common","rd_k",12,-0.0706126253535613,NA,NA,NA,NA,NA,NA,NA,NA,NA,NA,NA,NA,NA,NA,NA,NA,0,0,500,NA,NA,NA,"monotone","monotone conditional effect modification",0,"none",0,"none",FALSE
2,"package_like","rd_k",20,-0.0431981987769156,NA,NA,NA,NA,NA,NA,NA,NA,NA,NA,NA,NA,NA,NA,NA,NA,0,0,500,NA,NA,NA,"monotone","monotone conditional effect modification",0,"none",0,"none",FALSE
2,"equal_flexible","rd_k",20,-0.0431981987769156,NA,NA,NA,NA,NA,NA,NA,NA,NA,NA,NA,NA,NA,NA,NA,NA,0,0,500,NA,NA,NA,"monotone","monotone conditional effect modification",0,"none",0,"none",FALSE
2,"start_saturated","rd_k",10,-0.0781988404098436,NA,NA,NA,NA,NA,NA,NA,NA,NA,NA,NA,NA,NA,NA,NA,NA,0,0,500,NA,NA,NA,"monotone","monotone conditional effect modification",0,"none",0,"none",FALSE
2,"calendar_quadratic","rd_k",8,-0.0861365686737326,NA,NA,NA,NA,NA,NA,NA,NA,NA,NA,NA,NA,NA,NA,NA,NA,0,0,500,NA,NA,NA,"monotone","monotone conditional effect modification",0,"none",0,"none",FALSE
2,"equal_flexible","rd_k",16,-0.0569563090602961,NA,NA,NA,NA,NA,NA,NA,NA,NA,NA,NA,NA,NA,NA,NA,NA,0,0,500,NA,NA,NA,"monotone","monotone conditional effect modification",0,"none",0,"none",FALSE
2,"start_saturated","rd_k",12,-0.0706126253535613,NA,NA,NA,NA,NA,NA,NA,NA,NA,NA,NA,NA,NA,NA,NA,NA,0,0,500,NA,NA,NA,"monotone","monotone conditional effect modification",0,"none",0,"none",FALSE
2,"equal_common","rd_k",10,-0.0781988404098436,NA,NA,NA,NA,NA,NA,NA,NA,NA,NA,NA,NA,NA,NA,NA,NA,0,0,500,NA,NA,NA,"monotone","monotone conditional effect modification",0,"none",0,"none",FALSE
2,"package_like","rd_k",6,-0.0953694433091814,NA,NA,NA,NA,NA,NA,NA,NA,NA,NA,NA,NA,NA,NA,NA,NA,0,0,500,NA,NA,NA,"monotone","monotone conditional effect modification",0,"none",0,"none",FALSE
2,"calendar_omitted","rd_k",4,-0.105124993898578,NA,NA,NA,NA,NA,NA,NA,NA,NA,NA,NA,NA,NA,NA,NA,NA,0,0,500,NA,NA,NA,"monotone","monotone conditional effect modification",0,"none",0,"none",FALSE
2,"equal_flexible","rd_k",12,-0.0706126253535613,NA,NA,NA,NA,NA,NA,NA,NA,NA,NA,NA,NA,NA,NA,NA,NA,0,0,500,NA,NA,NA,"monotone","monotone conditional effect modification",0,"none",0,"none",FALSE
2,"calendar_omitted","rd_k",22,-0.0375021190630916,NA,NA,NA,NA,NA,NA,NA,NA,NA,NA,NA,NA,NA,NA,NA,NA,0,0,500,NA,NA,NA,"monotone","monotone conditional effect modification",0,"none",0,"none",FALSE
2,"start_saturated","rd_k",20,-0.0431981987769156,NA,NA,NA,NA,NA,NA,NA,NA,NA,NA,NA,NA,NA,NA,NA,NA,0,0,500,NA,NA,NA,"monotone","monotone conditional effect modification",0,"none",0,"none",FALSE
2,"calendar_quadratic","rd_k",18,-0.0502801112283504,NA,NA,NA,NA,NA,NA,NA,NA,NA,NA,NA,NA,NA,NA,NA,NA,0,0,500,NA,NA,NA,"monotone","monotone conditional effect modification",0,"none",0,"none",FALSE
2,"equal_flexible","rd_k",8,-0.0861365686737326,NA,NA,NA,NA,NA,NA,NA,NA,NA,NA,NA,NA,NA,NA,NA,NA,0,0,500,NA,NA,NA,"monotone","monotone conditional effect modification",0,"none",0,"none",FALSE
2,"equal_common","rd_k",8,-0.0861365686737326,NA,NA,NA,NA,NA,NA,NA,NA,NA,NA,NA,NA,NA,NA,NA,NA,0,0,500,NA,NA,NA,"monotone","monotone conditional effect modification",0,"none",0,"none",FALSE
2,"package_like","rd_k",16,-0.0569563090602961,NA,NA,NA,NA,NA,NA,NA,NA,NA,NA,NA,NA,NA,NA,NA,NA,0,0,500,NA,NA,NA,"monotone","monotone conditional effect modification",0,"none",0,"none",FALSE
2,"calendar_omitted","rd_k",14,-0.0636288969039032,NA,NA,NA,NA,NA,NA,NA,NA,NA,NA,NA,NA,NA,NA,NA,NA,0,0,500,NA,NA,NA,"monotone","monotone conditional effect modification",0,"none",0,"none",FALSE
2,"equal_flexible","rd_k",10,-0.0781988404098436,NA,NA,NA,NA,NA,NA,NA,NA,NA,NA,NA,NA,NA,NA,NA,NA,0,0,500,NA,NA,NA,"monotone","monotone conditional effect modification",0,"none",0,"none",FALSE
2,"start_saturated","rd_k",6,-0.0953694433091814,NA,NA,NA,NA,NA,NA,NA,NA,NA,NA,NA,NA,NA,NA,NA,NA,0,0,500,NA,NA,NA,"monotone","monotone conditional effect modification",0,"none",0,"none",FALSE
2,"calendar_quadratic","rd_k",4,-0.105124993898578,NA,NA,NA,NA,NA,NA,NA,NA,NA,NA,NA,NA,NA,NA,NA,NA,0,0,500,NA,NA,NA,"monotone","monotone conditional effect modification",0,"none",0,"none",FALSE
2,"package_like","rd_k",12,-0.0706126253535613,NA,NA,NA,NA,NA,NA,NA,NA,NA,NA,NA,NA,NA,NA,NA,NA,0,0,500,NA,NA,NA,"monotone","monotone conditional effect modification",0,"none",0,"none",FALSE
2,"calendar_quadratic","rd_k",22,-0.0375021190630916,NA,NA,NA,NA,NA,NA,NA,NA,NA,NA,NA,NA,NA,NA,NA,NA,0,0,500,NA,NA,NA,"monotone","monotone conditional effect modification",0,"none",0,"none",FALSE
2,"equal_flexible","rd_k",18,-0.0502801112283504,NA,NA,NA,NA,NA,NA,NA,NA,NA,NA,NA,NA,NA,NA,NA,NA,0,0,500,NA,NA,NA,"monotone","monotone conditional effect modification",0,"none",0,"none",FALSE
2,"equal_common","rd_k",18,-0.0502801112283504,NA,NA,NA,NA,NA,NA,NA,NA,NA,NA,NA,NA,NA,NA,NA,NA,0,0,500,NA,NA,NA,"monotone","monotone conditional effect modification",0,"none",0,"none",FALSE
2,"calendar_omitted","rd_k",0,-0.1303395,NA,NA,NA,NA,NA,NA,NA,NA,NA,NA,NA,NA,NA,NA,NA,NA,0,0,500,NA,NA,NA,"monotone","monotone conditional effect modification",0,"none",0,"none",FALSE
2,"package_like","rd_k",8,-0.0861365686737326,NA,NA,NA,NA,NA,NA,NA,NA,NA,NA,NA,NA,NA,NA,NA,NA,0,0,500,NA,NA,NA,"monotone","monotone conditional effect modification",0,"none",0,"none",FALSE
2,"calendar_omitted","rd_k",18,-0.0502801112283504,NA,NA,NA,NA,NA,NA,NA,NA,NA,NA,NA,NA,NA,NA,NA,NA,0,0,500,NA,NA,NA,"monotone","monotone conditional effect modification",0,"none",0,"none",FALSE
2,"start_saturated","rd_k",16,-0.0569563090602961,NA,NA,NA,NA,NA,NA,NA,NA,NA,NA,NA,NA,NA,NA,NA,NA,0,0,500,NA,NA,NA,"monotone","monotone conditional effect modification",0,"none",0,"none",FALSE
2,"calendar_quadratic","rd_k",14,-0.0636288969039032,NA,NA,NA,NA,NA,NA,NA,NA,NA,NA,NA,NA,NA,NA,NA,NA,0,0,500,NA,NA,NA,"monotone","monotone conditional effect modification",0,"none",0,"none",FALSE
2,"package_like","rd_k",10,-0.0781988404098436,NA,NA,NA,NA,NA,NA,NA,NA,NA,NA,NA,NA,NA,NA,NA,NA,0,0,500,NA,NA,NA,"monotone","monotone conditional effect modification",0,"none",0,"none",FALSE
2,"calendar_omitted","rd_k",8,-0.0861365686737326,NA,NA,NA,NA,NA,NA,NA,NA,NA,NA,NA,NA,NA,NA,NA,NA,0,0,500,NA,NA,NA,"monotone","monotone conditional effect modification",0,"none",0,"none",FALSE
2,"equal_common","rd_k",4,-0.105124993898578,NA,NA,NA,NA,NA,NA,NA,NA,NA,NA,NA,NA,NA,NA,NA,NA,0,0,500,NA,NA,NA,"monotone","monotone conditional effect modification",0,"none",0,"none",FALSE
2,"package_like","rd_k",0,-0.1303395,NA,NA,NA,NA,NA,NA,NA,NA,NA,NA,NA,NA,NA,NA,NA,NA,0,0,500,NA,NA,NA,"monotone","monotone conditional effect modification",0,"none",0,"none",FALSE
2,"equal_flexible","rd_k",0,-0.1303395,NA,NA,NA,NA,NA,NA,NA,NA,NA,NA,NA,NA,NA,NA,NA,NA,0,0,500,NA,NA,NA,"monotone","monotone conditional effect modification",0,"none",0,"none",FALSE
2,"equal_common","rd_k",0,-0.1303395,NA,NA,NA,NA,NA,NA,NA,NA,NA,NA,NA,NA,NA,NA,NA,NA,0,0,500,NA,NA,NA,"monotone","monotone conditional effect modification",0,"none",0,"none",FALSE
2,"calendar_quadratic","rd_k",0,-0.1303395,NA,NA,NA,NA,NA,NA,NA,NA,NA,NA,NA,NA,NA,NA,NA,NA,0,0,500,NA,NA,NA,"monotone","monotone conditional effect modification",0,"none",0,"none",FALSE
2,"start_saturated","rd_k",14,-0.0636288969039032,NA,NA,NA,NA,NA,NA,NA,NA,NA,NA,NA,NA,NA,NA,NA,NA,0,0,500,NA,NA,NA,"monotone","monotone conditional effect modification",0,"none",0,"none",FALSE
2,"package_like","rd_k",14,-0.0636288969039032,NA,NA,NA,NA,NA,NA,NA,NA,NA,NA,NA,NA,NA,NA,NA,NA,0,0,500,NA,NA,NA,"monotone","monotone conditional effect modification",0,"none",0,"none",FALSE
2,"equal_flexible","rd_k",14,-0.0636288969039032,NA,NA,NA,NA,NA,NA,NA,NA,NA,NA,NA,NA,NA,NA,NA,NA,0,0,500,NA,NA,NA,"monotone","monotone conditional effect modification",0,"none",0,"none",FALSE
2,"equal_common","rd_k",14,-0.0636288969039032,NA,NA,NA,NA,NA,NA,NA,NA,NA,NA,NA,NA,NA,NA,NA,NA,0,0,500,NA,NA,NA,"monotone","monotone conditional effect modification",0,"none",0,"none",FALSE
2,"start_saturated","rd_k",4,-0.105124993898578,NA,NA,NA,NA,NA,NA,NA,NA,NA,NA,NA,NA,NA,NA,NA,NA,0,0,500,NA,NA,NA,"monotone","monotone conditional effect modification",0,"none",0,"none",FALSE
2,"package_like","rd_k",4,-0.105124993898578,NA,NA,NA,NA,NA,NA,NA,NA,NA,NA,NA,NA,NA,NA,NA,NA,0,0,500,NA,NA,NA,"monotone","monotone conditional effect modification",0,"none",0,"none",FALSE
2,"equal_flexible","rd_k",4,-0.105124993898578,NA,NA,NA,NA,NA,NA,NA,NA,NA,NA,NA,NA,NA,NA,NA,NA,0,0,500,NA,NA,NA,"monotone","monotone conditional effect modification",0,"none",0,"none",FALSE
2,"start_saturated","rd_k",0,-0.1303395,NA,NA,NA,NA,NA,NA,NA,NA,NA,NA,NA,NA,NA,NA,NA,NA,0,0,500,NA,NA,NA,"monotone","monotone conditional effect modification",0,"none",0,"none",FALSE
2,"calendar_omitted","rd_k",6,-0.0953694433091814,NA,NA,NA,NA,NA,NA,NA,NA,NA,NA,NA,NA,NA,NA,NA,NA,0,0,500,NA,NA,NA,"monotone","monotone conditional effect modification",0,"none",0,"none",FALSE
2,"equal_common","rd_k",2,-0.11689810972154,NA,NA,NA,NA,NA,NA,NA,NA,NA,NA,NA,NA,NA,NA,NA,NA,0,0,500,NA,NA,NA,"monotone","monotone conditional effect modification",0,"none",0,"none",FALSE
2,"calendar_quadratic","rd_k",2,-0.11689810972154,NA,NA,NA,NA,NA,NA,NA,NA,NA,NA,NA,NA,NA,NA,NA,NA,0,0,500,NA,NA,NA,"monotone","monotone conditional effect modification",0,"none",0,"none",FALSE
2,"calendar_omitted","rd_k",2,-0.11689810972154,NA,NA,NA,NA,NA,NA,NA,NA,NA,NA,NA,NA,NA,NA,NA,NA,0,0,500,NA,NA,NA,"monotone","monotone conditional effect modification",0,"none",0,"none",FALSE
3,"equal_common","rd_k",0,-0.1303395,NA,NA,NA,NA,NA,NA,NA,NA,NA,NA,NA,NA,NA,NA,NA,NA,0,0,500,NA,NA,NA,"cosine","transient loss of benefit",0,"none",0,"none",FALSE
3,"calendar_omitted","rd_k",14,-0.0529395659988811,NA,NA,NA,NA,NA,NA,NA,NA,NA,NA,NA,NA,NA,NA,NA,NA,0,0,500,NA,NA,NA,"cosine","transient loss of benefit",0,"none",0,"none",FALSE
3,"start_saturated","rd_k",12,-0.0448240764549584,NA,NA,NA,NA,NA,NA,NA,NA,NA,NA,NA,NA,NA,NA,NA,NA,0,0,500,NA,NA,NA,"cosine","transient loss of benefit",0,"none",0,"none",FALSE
3,"equal_common","rd_k",22,-0.0813031531658802,NA,NA,NA,NA,NA,NA,NA,NA,NA,NA,NA,NA,NA,NA,NA,NA,0,0,500,NA,NA,NA,"cosine","transient loss of benefit",0,"none",0,"none",FALSE
3,"equal_flexible","rd_k",0,-0.1303395,NA,NA,NA,NA,NA,NA,NA,NA,NA,NA,NA,NA,NA,NA,NA,NA,0,0,500,NA,NA,NA,"cosine","transient loss of benefit",0,"none",0,"none",FALSE
3,"package_like","rd_k",12,-0.0448240764549584,NA,NA,NA,NA,NA,NA,NA,NA,NA,NA,NA,NA,NA,NA,NA,NA,0,0,500,NA,NA,NA,"cosine","transient loss of benefit",0,"none",0,"none",FALSE
3,"equal_flexible","rd_k",12,-0.0448240764549584,NA,NA,NA,NA,NA,NA,NA,NA,NA,NA,NA,NA,NA,NA,NA,NA,0,0,500,NA,NA,NA,"cosine","transient loss of benefit",0,"none",0,"none",FALSE
3,"start_saturated","rd_k",8,-0.0585404470383219,NA,NA,NA,NA,NA,NA,NA,NA,NA,NA,NA,NA,NA,NA,NA,NA,0,0,500,NA,NA,NA,"cosine","transient loss of benefit",0,"none",0,"none",FALSE
3,"calendar_omitted","rd_k",0,-0.1303395,NA,NA,NA,NA,NA,NA,NA,NA,NA,NA,NA,NA,NA,NA,NA,NA,0,0,500,NA,NA,NA,"cosine","transient loss of benefit",0,"none",0,"none",FALSE
3,"equal_common","rd_k",14,-0.0529395659988811,NA,NA,NA,NA,NA,NA,NA,NA,NA,NA,NA,NA,NA,NA,NA,NA,0,0,500,NA,NA,NA,"cosine","transient loss of benefit",0,"none",0,"none",FALSE
3,"calendar_quadratic","rd_k",14,-0.0529395659988811,NA,NA,NA,NA,NA,NA,NA,NA,NA,NA,NA,NA,NA,NA,NA,NA,0,0,500,NA,NA,NA,"cosine","transient loss of benefit",0,"none",0,"none",FALSE
3,"package_like","rd_k",22,-0.0813031531658802,NA,NA,NA,NA,NA,NA,NA,NA,NA,NA,NA,NA,NA,NA,NA,NA,0,0,500,NA,NA,NA,"cosine","transient loss of benefit",0,"none",0,"none",FALSE
3,"equal_flexible","rd_k",22,-0.0813031531658802,NA,NA,NA,NA,NA,NA,NA,NA,NA,NA,NA,NA,NA,NA,NA,NA,0,0,500,NA,NA,NA,"cosine","transient loss of benefit",0,"none",0,"none",FALSE
3,"package_like","rd_k",0,-0.1303395,NA,NA,NA,NA,NA,NA,NA,NA,NA,NA,NA,NA,NA,NA,NA,NA,0,0,500,NA,NA,NA,"cosine","transient loss of benefit",0,"none",0,"none",FALSE
3,"calendar_quadratic","rd_k",10,-0.046495049885434,NA,NA,NA,NA,NA,NA,NA,NA,NA,NA,NA,NA,NA,NA,NA,NA,0,0,500,NA,NA,NA,"cosine","transient loss of benefit",0,"none",0,"none",FALSE
3,"calendar_omitted","rd_k",10,-0.046495049885434,NA,NA,NA,NA,NA,NA,NA,NA,NA,NA,NA,NA,NA,NA,NA,NA,0,0,500,NA,NA,NA,"cosine","transient loss of benefit",0,"none",0,"none",FALSE
3,"calendar_quadratic","rd_k",0,-0.1303395,NA,NA,NA,NA,NA,NA,NA,NA,NA,NA,NA,NA,NA,NA,NA,NA,0,0,500,NA,NA,NA,"cosine","transient loss of benefit",0,"none",0,"none",FALSE
3,"start_saturated","rd_k",14,-0.0529395659988811,NA,NA,NA,NA,NA,NA,NA,NA,NA,NA,NA,NA,NA,NA,NA,NA,0,0,500,NA,NA,NA,"cosine","transient loss of benefit",0,"none",0,"none",FALSE
3,"package_like","rd_k",14,-0.0529395659988811,NA,NA,NA,NA,NA,NA,NA,NA,NA,NA,NA,NA,NA,NA,NA,NA,0,0,500,NA,NA,NA,"cosine","transient loss of benefit",0,"none",0,"none",FALSE
3,"equal_flexible","rd_k",14,-0.0529395659988811,NA,NA,NA,NA,NA,NA,NA,NA,NA,NA,NA,NA,NA,NA,NA,NA,0,0,500,NA,NA,NA,"cosine","transient loss of benefit",0,"none",0,"none",FALSE
3,"calendar_omitted","rd_k",12,-0.0448240764549584,NA,NA,NA,NA,NA,NA,NA,NA,NA,NA,NA,NA,NA,NA,NA,NA,0,0,500,NA,NA,NA,"cosine","transient loss of benefit",0,"none",0,"none",FALSE
3,"start_saturated","rd_k",22,-0.0813031531658802,NA,NA,NA,NA,NA,NA,NA,NA,NA,NA,NA,NA,NA,NA,NA,NA,0,0,500,NA,NA,NA,"cosine","transient loss of benefit",0,"none",0,"none",FALSE
3,"calendar_quadratic","rd_k",20,-0.0809731358240403,NA,NA,NA,NA,NA,NA,NA,NA,NA,NA,NA,NA,NA,NA,NA,NA,0,0,500,NA,NA,NA,"cosine","transient loss of benefit",0,"none",0,"none",FALSE
3,"start_saturated","rd_k",0,-0.1303395,NA,NA,NA,NA,NA,NA,NA,NA,NA,NA,NA,NA,NA,NA,NA,NA,0,0,500,NA,NA,NA,"cosine","transient loss of benefit",0,"none",0,"none",FALSE
3,"equal_flexible","rd_k",10,-0.046495049885434,NA,NA,NA,NA,NA,NA,NA,NA,NA,NA,NA,NA,NA,NA,NA,NA,0,0,500,NA,NA,NA,"cosine","transient loss of benefit",0,"none",0,"none",FALSE
3,"equal_common","rd_k",10,-0.046495049885434,NA,NA,NA,NA,NA,NA,NA,NA,NA,NA,NA,NA,NA,NA,NA,NA,0,0,500,NA,NA,NA,"cosine","transient loss of benefit",0,"none",0,"none",FALSE
3,"package_like","rd_k",18,-0.075657722150648,NA,NA,NA,NA,NA,NA,NA,NA,NA,NA,NA,NA,NA,NA,NA,NA,0,0,500,NA,NA,NA,"cosine","transient loss of benefit",0,"none",0,"none",FALSE
3,"calendar_omitted","rd_k",16,-0.0653076508258388,NA,NA,NA,NA,NA,NA,NA,NA,NA,NA,NA,NA,NA,NA,NA,NA,0,0,500,NA,NA,NA,"cosine","transient loss of benefit",0,"none",0,"none",FALSE
3,"equal_flexible","rd_k",6,-0.077937626197787,NA,NA,NA,NA,NA,NA,NA,NA,NA,NA,NA,NA,NA,NA,NA,NA,0,0,500,NA,NA,NA,"cosine","transient loss of benefit",0,"none",0,"none",FALSE
3,"equal_common","rd_k",6,-0.077937626197787,NA,NA,NA,NA,NA,NA,NA,NA,NA,NA,NA,NA,NA,NA,NA,NA,0,0,500,NA,NA,NA,"cosine","transient loss of benefit",0,"none",0,"none",FALSE
3,"calendar_quadratic","rd_k",6,-0.077937626197787,NA,NA,NA,NA,NA,NA,NA,NA,NA,NA,NA,NA,NA,NA,NA,NA,0,0,500,NA,NA,NA,"cosine","transient loss of benefit",0,"none",0,"none",FALSE
3,"equal_flexible","rd_k",2,-0.117549889709972,NA,NA,NA,NA,NA,NA,NA,NA,NA,NA,NA,NA,NA,NA,NA,NA,0,0,500,NA,NA,NA,"cosine","transient loss of benefit",0,"none",0,"none",FALSE
3,"calendar_quadratic","rd_k",12,-0.0448240764549584,NA,NA,NA,NA,NA,NA,NA,NA,NA,NA,NA,NA,NA,NA,NA,NA,0,0,500,NA,NA,NA,"cosine","transient loss of benefit",0,"none",0,"none",FALSE
3,"equal_flexible","rd_k",20,-0.0809731358240403,NA,NA,NA,NA,NA,NA,NA,NA,NA,NA,NA,NA,NA,NA,NA,NA,0,0,500,NA,NA,NA,"cosine","transient loss of benefit",0,"none",0,"none",FALSE
3,"equal_common","rd_k",20,-0.0809731358240403,NA,NA,NA,NA,NA,NA,NA,NA,NA,NA,NA,NA,NA,NA,NA,NA,0,0,500,NA,NA,NA,"cosine","transient loss of benefit",0,"none",0,"none",FALSE
3,"calendar_omitted","rd_k",2,-0.117549889709972,NA,NA,NA,NA,NA,NA,NA,NA,NA,NA,NA,NA,NA,NA,NA,NA,0,0,500,NA,NA,NA,"cosine","transient loss of benefit",0,"none",0,"none",FALSE
3,"package_like","rd_k",10,-0.046495049885434,NA,NA,NA,NA,NA,NA,NA,NA,NA,NA,NA,NA,NA,NA,NA,NA,0,0,500,NA,NA,NA,"cosine","transient loss of benefit",0,"none",0,"none",FALSE
3,"calendar_omitted","rd_k",20,-0.0809731358240403,NA,NA,NA,NA,NA,NA,NA,NA,NA,NA,NA,NA,NA,NA,NA,NA,0,0,500,NA,NA,NA,"cosine","transient loss of benefit",0,"none",0,"none",FALSE
3,"start_saturated","rd_k",18,-0.075657722150648,NA,NA,NA,NA,NA,NA,NA,NA,NA,NA,NA,NA,NA,NA,NA,NA,0,0,500,NA,NA,NA,"cosine","transient loss of benefit",0,"none",0,"none",FALSE
3,"calendar_quadratic","rd_k",16,-0.0653076508258388,NA,NA,NA,NA,NA,NA,NA,NA,NA,NA,NA,NA,NA,NA,NA,NA,0,0,500,NA,NA,NA,"cosine","transient loss of benefit",0,"none",0,"none",FALSE
3,"package_like","rd_k",6,-0.077937626197787,NA,NA,NA,NA,NA,NA,NA,NA,NA,NA,NA,NA,NA,NA,NA,NA,0,0,500,NA,NA,NA,"cosine","transient loss of benefit",0,"none",0,"none",FALSE
3,"calendar_omitted","rd_k",4,-0.0989119075017736,NA,NA,NA,NA,NA,NA,NA,NA,NA,NA,NA,NA,NA,NA,NA,NA,0,0,500,NA,NA,NA,"cosine","transient loss of benefit",0,"none",0,"none",FALSE
3,"start_saturated","rd_k",2,-0.117549889709972,NA,NA,NA,NA,NA,NA,NA,NA,NA,NA,NA,NA,NA,NA,NA,NA,0,0,500,NA,NA,NA,"cosine","transient loss of benefit",0,"none",0,"none",FALSE
3,"package_like","rd_k",2,-0.117549889709972,NA,NA,NA,NA,NA,NA,NA,NA,NA,NA,NA,NA,NA,NA,NA,NA,0,0,500,NA,NA,NA,"cosine","transient loss of benefit",0,"none",0,"none",FALSE
3,"equal_common","rd_k",12,-0.0448240764549584,NA,NA,NA,NA,NA,NA,NA,NA,NA,NA,NA,NA,NA,NA,NA,NA,0,0,500,NA,NA,NA,"cosine","transient loss of benefit",0,"none",0,"none",FALSE
3,"package_like","rd_k",20,-0.0809731358240403,NA,NA,NA,NA,NA,NA,NA,NA,NA,NA,NA,NA,NA,NA,NA,NA,0,0,500,NA,NA,NA,"cosine","transient loss of benefit",0,"none",0,"none",FALSE
3,"equal_common","rd_k",2,-0.117549889709972,NA,NA,NA,NA,NA,NA,NA,NA,NA,NA,NA,NA,NA,NA,NA,NA,0,0,500,NA,NA,NA,"cosine","transient loss of benefit",0,"none",0,"none",FALSE
3,"calendar_quadratic","rd_k",2,-0.117549889709972,NA,NA,NA,NA,NA,NA,NA,NA,NA,NA,NA,NA,NA,NA,NA,NA,0,0,500,NA,NA,NA,"cosine","transient loss of benefit",0,"none",0,"none",FALSE
3,"start_saturated","rd_k",10,-0.046495049885434,NA,NA,NA,NA,NA,NA,NA,NA,NA,NA,NA,NA,NA,NA,NA,NA,0,0,500,NA,NA,NA,"cosine","transient loss of benefit",0,"none",0,"none",FALSE
3,"calendar_quadratic","rd_k",8,-0.0585404470383219,NA,NA,NA,NA,NA,NA,NA,NA,NA,NA,NA,NA,NA,NA,NA,NA,0,0,500,NA,NA,NA,"cosine","transient loss of benefit",0,"none",0,"none",FALSE
3,"equal_flexible","rd_k",16,-0.0653076508258388,NA,NA,NA,NA,NA,NA,NA,NA,NA,NA,NA,NA,NA,NA,NA,NA,0,0,500,NA,NA,NA,"cosine","transient loss of benefit",0,"none",0,"none",FALSE
3,"equal_common","rd_k",16,-0.0653076508258388,NA,NA,NA,NA,NA,NA,NA,NA,NA,NA,NA,NA,NA,NA,NA,NA,0,0,500,NA,NA,NA,"cosine","transient loss of benefit",0,"none",0,"none",FALSE
3,"start_saturated","rd_k",6,-0.077937626197787,NA,NA,NA,NA,NA,NA,NA,NA,NA,NA,NA,NA,NA,NA,NA,NA,0,0,500,NA,NA,NA,"cosine","transient loss of benefit",0,"none",0,"none",FALSE
3,"calendar_quadratic","rd_k",4,-0.0989119075017736,NA,NA,NA,NA,NA,NA,NA,NA,NA,NA,NA,NA,NA,NA,NA,NA,0,0,500,NA,NA,NA,"cosine","transient loss of benefit",0,"none",0,"none",FALSE
3,"calendar_quadratic","rd_k",18,-0.075657722150648,NA,NA,NA,NA,NA,NA,NA,NA,NA,NA,NA,NA,NA,NA,NA,NA,0,0,500,NA,NA,NA,"cosine","transient loss of benefit",0,"none",0,"none",FALSE
3,"calendar_quadratic","rd_k",22,-0.0813031531658802,NA,NA,NA,NA,NA,NA,NA,NA,NA,NA,NA,NA,NA,NA,NA,NA,0,0,500,NA,NA,NA,"cosine","transient loss of benefit",0,"none",0,"none",FALSE
3,"calendar_omitted","rd_k",22,-0.0813031531658802,NA,NA,NA,NA,NA,NA,NA,NA,NA,NA,NA,NA,NA,NA,NA,NA,0,0,500,NA,NA,NA,"cosine","transient loss of benefit",0,"none",0,"none",FALSE
3,"start_saturated","rd_k",20,-0.0809731358240403,NA,NA,NA,NA,NA,NA,NA,NA,NA,NA,NA,NA,NA,NA,NA,NA,0,0,500,NA,NA,NA,"cosine","transient loss of benefit",0,"none",0,"none",FALSE
3,"package_like","rd_k",16,-0.0653076508258388,NA,NA,NA,NA,NA,NA,NA,NA,NA,NA,NA,NA,NA,NA,NA,NA,0,0,500,NA,NA,NA,"cosine","transient loss of benefit",0,"none",0,"none",FALSE
3,"package_like","rd_k",8,-0.0585404470383219,NA,NA,NA,NA,NA,NA,NA,NA,NA,NA,NA,NA,NA,NA,NA,NA,0,0,500,NA,NA,NA,"cosine","transient loss of benefit",0,"none",0,"none",FALSE
3,"equal_flexible","rd_k",8,-0.0585404470383219,NA,NA,NA,NA,NA,NA,NA,NA,NA,NA,NA,NA,NA,NA,NA,NA,0,0,500,NA,NA,NA,"cosine","transient loss of benefit",0,"none",0,"none",FALSE
3,"equal_common","rd_k",8,-0.0585404470383219,NA,NA,NA,NA,NA,NA,NA,NA,NA,NA,NA,NA,NA,NA,NA,NA,0,0,500,NA,NA,NA,"cosine","transient loss of benefit",0,"none",0,"none",FALSE
3,"equal_common","rd_k",18,-0.075657722150648,NA,NA,NA,NA,NA,NA,NA,NA,NA,NA,NA,NA,NA,NA,NA,NA,0,0,500,NA,NA,NA,"cosine","transient loss of benefit",0,"none",0,"none",FALSE
3,"package_like","rd_k",4,-0.0989119075017736,NA,NA,NA,NA,NA,NA,NA,NA,NA,NA,NA,NA,NA,NA,NA,NA,0,0,500,NA,NA,NA,"cosine","transient loss of benefit",0,"none",0,"none",FALSE
3,"calendar_omitted","rd_k",8,-0.0585404470383219,NA,NA,NA,NA,NA,NA,NA,NA,NA,NA,NA,NA,NA,NA,NA,NA,0,0,500,NA,NA,NA,"cosine","transient loss of benefit",0,"none",0,"none",FALSE
3,"equal_common","rd_k",4,-0.0989119075017736,NA,NA,NA,NA,NA,NA,NA,NA,NA,NA,NA,NA,NA,NA,NA,NA,0,0,500,NA,NA,NA,"cosine","transient loss of benefit",0,"none",0,"none",FALSE
3,"start_saturated","rd_k",16,-0.0653076508258388,NA,NA,NA,NA,NA,NA,NA,NA,NA,NA,NA,NA,NA,NA,NA,NA,0,0,500,NA,NA,NA,"cosine","transient loss of benefit",0,"none",0,"none",FALSE
3,"start_saturated","rd_k",4,-0.0989119075017736,NA,NA,NA,NA,NA,NA,NA,NA,NA,NA,NA,NA,NA,NA,NA,NA,0,0,500,NA,NA,NA,"cosine","transient loss of benefit",0,"none",0,"none",FALSE
3,"equal_flexible","rd_k",18,-0.075657722150648,NA,NA,NA,NA,NA,NA,NA,NA,NA,NA,NA,NA,NA,NA,NA,NA,0,0,500,NA,NA,NA,"cosine","transient loss of benefit",0,"none",0,"none",FALSE
3,"calendar_omitted","rd_k",6,-0.077937626197787,NA,NA,NA,NA,NA,NA,NA,NA,NA,NA,NA,NA,NA,NA,NA,NA,0,0,500,NA,NA,NA,"cosine","transient loss of benefit",0,"none",0,"none",FALSE
3,"calendar_omitted","rd_k",18,-0.075657722150648,NA,NA,NA,NA,NA,NA,NA,NA,NA,NA,NA,NA,NA,NA,NA,NA,0,0,500,NA,NA,NA,"cosine","transient loss of benefit",0,"none",0,"none",FALSE
3,"equal_flexible","rd_k",4,-0.0989119075017736,NA,NA,NA,NA,NA,NA,NA,NA,NA,NA,NA,NA,NA,NA,NA,NA,0,0,500,NA,NA,NA,"cosine","transient loss of benefit",0,"none",0,"none",FALSE
4,"calendar_omitted","rd_k",16,-0.0708736284593554,NA,NA,NA,NA,NA,NA,NA,NA,NA,NA,NA,NA,NA,NA,NA,NA,0,0,500,NA,NA,NA,"none","no conditional effect modification",0.8,"strong",0,"none",FALSE
4,"calendar_quadratic","rd_k",16,-0.0708736284593554,NA,NA,NA,NA,NA,NA,NA,NA,NA,NA,NA,NA,NA,NA,NA,NA,0,0,500,NA,NA,NA,"none","no conditional effect modification",0.8,"strong",0,"none",FALSE
4,"equal_flexible","rd_k",0,-0.097484,NA,NA,NA,NA,NA,NA,NA,NA,NA,NA,NA,NA,NA,NA,NA,NA,0,0,500,NA,NA,NA,"none","no conditional effect modification",0.8,"strong",0,"none",FALSE
4,"equal_common","rd_k",0,-0.097484,NA,NA,NA,NA,NA,NA,NA,NA,NA,NA,NA,NA,NA,NA,NA,NA,0,0,500,NA,NA,NA,"none","no conditional effect modification",0.8,"strong",0,"none",FALSE
4,"equal_common","rd_k",16,-0.0708736284593554,NA,NA,NA,NA,NA,NA,NA,NA,NA,NA,NA,NA,NA,NA,NA,NA,0,0,500,NA,NA,NA,"none","no conditional effect modification",0.8,"strong",0,"none",FALSE
4,"calendar_omitted","rd_k",0,-0.097484,NA,NA,NA,NA,NA,NA,NA,NA,NA,NA,NA,NA,NA,NA,NA,NA,0,0,500,NA,NA,NA,"none","no conditional effect modification",0.8,"strong",0,"none",FALSE
4,"calendar_omitted","rd_k",2,-0.0932177784406165,NA,NA,NA,NA,NA,NA,NA,NA,NA,NA,NA,NA,NA,NA,NA,NA,0,0,500,NA,NA,NA,"none","no conditional effect modification",0.8,"strong",0,"none",FALSE
4,"start_saturated","rd_k",0,-0.097484,NA,NA,NA,NA,NA,NA,NA,NA,NA,NA,NA,NA,NA,NA,NA,NA,0,0,500,NA,NA,NA,"none","no conditional effect modification",0.8,"strong",0,"none",FALSE
4,"equal_flexible","rd_k",16,-0.0708736284593554,NA,NA,NA,NA,NA,NA,NA,NA,NA,NA,NA,NA,NA,NA,NA,NA,0,0,500,NA,NA,NA,"none","no conditional effect modification",0.8,"strong",0,"none",FALSE
4,"package_like","rd_k",0,-0.097484,NA,NA,NA,NA,NA,NA,NA,NA,NA,NA,NA,NA,NA,NA,NA,NA,0,0,500,NA,NA,NA,"none","no conditional effect modification",0.8,"strong",0,"none",FALSE
4,"start_saturated","rd_k",12,-0.0766490156246034,NA,NA,NA,NA,NA,NA,NA,NA,NA,NA,NA,NA,NA,NA,NA,NA,0,0,500,NA,NA,NA,"none","no conditional effect modification",0.8,"strong",0,"none",FALSE
4,"equal_common","rd_k",22,-0.0609185399867787,NA,NA,NA,NA,NA,NA,NA,NA,NA,NA,NA,NA,NA,NA,NA,NA,0,0,500,NA,NA,NA,"none","no conditional effect modification",0.8,"strong",0,"none",FALSE
4,"calendar_omitted","rd_k",4,-0.0898234302879332,NA,NA,NA,NA,NA,NA,NA,NA,NA,NA,NA,NA,NA,NA,NA,NA,0,0,500,NA,NA,NA,"none","no conditional effect modification",0.8,"strong",0,"none",FALSE
4,"calendar_quadratic","rd_k",0,-0.097484,NA,NA,NA,NA,NA,NA,NA,NA,NA,NA,NA,NA,NA,NA,NA,NA,0,0,500,NA,NA,NA,"none","no conditional effect modification",0.8,"strong",0,"none",FALSE
4,"equal_flexible","rd_k",18,-0.0675601758103326,NA,NA,NA,NA,NA,NA,NA,NA,NA,NA,NA,NA,NA,NA,NA,NA,0,0,500,NA,NA,NA,"none","no conditional effect modification",0.8,"strong",0,"none",FALSE
4,"equal_common","rd_k",18,-0.0675601758103326,NA,NA,NA,NA,NA,NA,NA,NA,NA,NA,NA,NA,NA,NA,NA,NA,0,0,500,NA,NA,NA,"none","no conditional effect modification",0.8,"strong",0,"none",FALSE
4,"calendar_quadratic","rd_k",18,-0.0675601758103326,NA,NA,NA,NA,NA,NA,NA,NA,NA,NA,NA,NA,NA,NA,NA,NA,0,0,500,NA,NA,NA,"none","no conditional effect modification",0.8,"strong",0,"none",FALSE
4,"calendar_quadratic","rd_k",2,-0.0932177784406165,NA,NA,NA,NA,NA,NA,NA,NA,NA,NA,NA,NA,NA,NA,NA,NA,0,0,500,NA,NA,NA,"none","no conditional effect modification",0.8,"strong",0,"none",FALSE
4,"start_saturated","rd_k",16,-0.0708736284593554,NA,NA,NA,NA,NA,NA,NA,NA,NA,NA,NA,NA,NA,NA,NA,NA,0,0,500,NA,NA,NA,"none","no conditional effect modification",0.8,"strong",0,"none",FALSE
4,"package_like","rd_k",16,-0.0708736284593554,NA,NA,NA,NA,NA,NA,NA,NA,NA,NA,NA,NA,NA,NA,NA,NA,0,0,500,NA,NA,NA,"none","no conditional effect modification",0.8,"strong",0,"none",FALSE
4,"equal_flexible","rd_k",4,-0.0898234302879332,NA,NA,NA,NA,NA,NA,NA,NA,NA,NA,NA,NA,NA,NA,NA,NA,0,0,500,NA,NA,NA,"none","no conditional effect modification",0.8,"strong",0,"none",FALSE
4,"calendar_omitted","rd_k",14,-0.0739332210594189,NA,NA,NA,NA,NA,NA,NA,NA,NA,NA,NA,NA,NA,NA,NA,NA,0,0,500,NA,NA,NA,"none","no conditional effect modification",0.8,"strong",0,"none",FALSE
4,"equal_flexible","rd_k",22,-0.0609185399867787,NA,NA,NA,NA,NA,NA,NA,NA,NA,NA,NA,NA,NA,NA,NA,NA,0,0,500,NA,NA,NA,"none","no conditional effect modification",0.8,"strong",0,"none",FALSE
4,"calendar_quadratic","rd_k",4,-0.0898234302879332,NA,NA,NA,NA,NA,NA,NA,NA,NA,NA,NA,NA,NA,NA,NA,NA,0,0,500,NA,NA,NA,"none","no conditional effect modification",0.8,"strong",0,"none",FALSE
4,"package_like","rd_k",12,-0.0766490156246034,NA,NA,NA,NA,NA,NA,NA,NA,NA,NA,NA,NA,NA,NA,NA,NA,0,0,500,NA,NA,NA,"none","no conditional effect modification",0.8,"strong",0,"none",FALSE
4,"equal_flexible","rd_k",12,-0.0766490156246034,NA,NA,NA,NA,NA,NA,NA,NA,NA,NA,NA,NA,NA,NA,NA,NA,0,0,500,NA,NA,NA,"none","no conditional effect modification",0.8,"strong",0,"none",FALSE
4,"start_saturated","rd_k",8,-0.0829183646641251,NA,NA,NA,NA,NA,NA,NA,NA,NA,NA,NA,NA,NA,NA,NA,NA,0,0,500,NA,NA,NA,"none","no conditional effect modification",0.8,"strong",0,"none",FALSE
4,"equal_flexible","rd_k",2,-0.0932177784406165,NA,NA,NA,NA,NA,NA,NA,NA,NA,NA,NA,NA,NA,NA,NA,NA,0,0,500,NA,NA,NA,"none","no conditional effect modification",0.8,"strong",0,"none",FALSE
4,"equal_common","rd_k",2,-0.0932177784406165,NA,NA,NA,NA,NA,NA,NA,NA,NA,NA,NA,NA,NA,NA,NA,NA,0,0,500,NA,NA,NA,"none","no conditional effect modification",0.8,"strong",0,"none",FALSE
4,"calendar_omitted","rd_k",18,-0.0675601758103326,NA,NA,NA,NA,NA,NA,NA,NA,NA,NA,NA,NA,NA,NA,NA,NA,0,0,500,NA,NA,NA,"none","no conditional effect modification",0.8,"strong",0,"none",FALSE
4,"equal_common","rd_k",14,-0.0739332210594189,NA,NA,NA,NA,NA,NA,NA,NA,NA,NA,NA,NA,NA,NA,NA,NA,0,0,500,NA,NA,NA,"none","no conditional effect modification",0.8,"strong",0,"none",FALSE
4,"package_like","rd_k",4,-0.0898234302879332,NA,NA,NA,NA,NA,NA,NA,NA,NA,NA,NA,NA,NA,NA,NA,NA,0,0,500,NA,NA,NA,"none","no conditional effect modification",0.8,"strong",0,"none",FALSE
4,"calendar_quadratic","rd_k",14,-0.0739332210594189,NA,NA,NA,NA,NA,NA,NA,NA,NA,NA,NA,NA,NA,NA,NA,NA,0,0,500,NA,NA,NA,"none","no conditional effect modification",0.8,"strong",0,"none",FALSE
4,"package_like","rd_k",22,-0.0609185399867787,NA,NA,NA,NA,NA,NA,NA,NA,NA,NA,NA,NA,NA,NA,NA,NA,0,0,500,NA,NA,NA,"none","no conditional effect modification",0.8,"strong",0,"none",FALSE
4,"equal_common","rd_k",4,-0.0898234302879332,NA,NA,NA,NA,NA,NA,NA,NA,NA,NA,NA,NA,NA,NA,NA,NA,0,0,500,NA,NA,NA,"none","no conditional effect modification",0.8,"strong",0,"none",FALSE
4,"equal_flexible","rd_k",10,-0.0798045151992032,NA,NA,NA,NA,NA,NA,NA,NA,NA,NA,NA,NA,NA,NA,NA,NA,0,0,500,NA,NA,NA,"none","no conditional effect modification",0.8,"strong",0,"none",FALSE
4,"equal_common","rd_k",10,-0.0798045151992032,NA,NA,NA,NA,NA,NA,NA,NA,NA,NA,NA,NA,NA,NA,NA,NA,0,0,500,NA,NA,NA,"none","no conditional effect modification",0.8,"strong",0,"none",FALSE
4,"calendar_quadratic","rd_k",10,-0.0798045151992032,NA,NA,NA,NA,NA,NA,NA,NA,NA,NA,NA,NA,NA,NA,NA,NA,0,0,500,NA,NA,NA,"none","no conditional effect modification",0.8,"strong",0,"none",FALSE
4,"calendar_omitted","rd_k",10,-0.0798045151992032,NA,NA,NA,NA,NA,NA,NA,NA,NA,NA,NA,NA,NA,NA,NA,NA,0,0,500,NA,NA,NA,"none","no conditional effect modification",0.8,"strong",0,"none",FALSE
4,"package_like","rd_k",2,-0.0932177784406165,NA,NA,NA,NA,NA,NA,NA,NA,NA,NA,NA,NA,NA,NA,NA,NA,0,0,500,NA,NA,NA,"none","no conditional effect modification",0.8,"strong",0,"none",FALSE
4,"start_saturated","rd_k",14,-0.0739332210594189,NA,NA,NA,NA,NA,NA,NA,NA,NA,NA,NA,NA,NA,NA,NA,NA,0,0,500,NA,NA,NA,"none","no conditional effect modification",0.8,"strong",0,"none",FALSE
4,"package_like","rd_k",14,-0.0739332210594189,NA,NA,NA,NA,NA,NA,NA,NA,NA,NA,NA,NA,NA,NA,NA,NA,0,0,500,NA,NA,NA,"none","no conditional effect modification",0.8,"strong",0,"none",FALSE
4,"equal_flexible","rd_k",14,-0.0739332210594189,NA,NA,NA,NA,NA,NA,NA,NA,NA,NA,NA,NA,NA,NA,NA,NA,0,0,500,NA,NA,NA,"none","no conditional effect modification",0.8,"strong",0,"none",FALSE
4,"start_saturated","rd_k",4,-0.0898234302879332,NA,NA,NA,NA,NA,NA,NA,NA,NA,NA,NA,NA,NA,NA,NA,NA,0,0,500,NA,NA,NA,"none","no conditional effect modification",0.8,"strong",0,"none",FALSE
4,"calendar_omitted","rd_k",12,-0.0766490156246034,NA,NA,NA,NA,NA,NA,NA,NA,NA,NA,NA,NA,NA,NA,NA,NA,0,0,500,NA,NA,NA,"none","no conditional effect modification",0.8,"strong",0,"none",FALSE
4,"start_saturated","rd_k",22,-0.0609185399867787,NA,NA,NA,NA,NA,NA,NA,NA,NA,NA,NA,NA,NA,NA,NA,NA,0,0,500,NA,NA,NA,"none","no conditional effect modification",0.8,"strong",0,"none",FALSE
4,"calendar_quadratic","rd_k",20,-0.0638155152339838,NA,NA,NA,NA,NA,NA,NA,NA,NA,NA,NA,NA,NA,NA,NA,NA,0,0,500,NA,NA,NA,"none","no conditional effect modification",0.8,"strong",0,"none",FALSE
4,"package_like","rd_k",10,-0.0798045151992032,NA,NA,NA,NA,NA,NA,NA,NA,NA,NA,NA,NA,NA,NA,NA,NA,0,0,500,NA,NA,NA,"none","no conditional effect modification",0.8,"strong",0,"none",FALSE
4,"calendar_omitted","rd_k",20,-0.0638155152339838,NA,NA,NA,NA,NA,NA,NA,NA,NA,NA,NA,NA,NA,NA,NA,NA,0,0,500,NA,NA,NA,"none","no conditional effect modification",0.8,"strong",0,"none",FALSE
4,"start_saturated","rd_k",18,-0.0675601758103326,NA,NA,NA,NA,NA,NA,NA,NA,NA,NA,NA,NA,NA,NA,NA,NA,0,0,500,NA,NA,NA,"none","no conditional effect modification",0.8,"strong",0,"none",FALSE
4,"package_like","rd_k",18,-0.0675601758103326,NA,NA,NA,NA,NA,NA,NA,NA,NA,NA,NA,NA,NA,NA,NA,NA,0,0,500,NA,NA,NA,"none","no conditional effect modification",0.8,"strong",0,"none",FALSE
4,"start_saturated","rd_k",2,-0.0932177784406165,NA,NA,NA,NA,NA,NA,NA,NA,NA,NA,NA,NA,NA,NA,NA,NA,0,0,500,NA,NA,NA,"none","no conditional effect modification",0.8,"strong",0,"none",FALSE
4,"equal_flexible","rd_k",6,-0.0863368256509558,NA,NA,NA,NA,NA,NA,NA,NA,NA,NA,NA,NA,NA,NA,NA,NA,0,0,500,NA,NA,NA,"none","no conditional effect modification",0.8,"strong",0,"none",FALSE
4,"equal_common","rd_k",6,-0.0863368256509558,NA,NA,NA,NA,NA,NA,NA,NA,NA,NA,NA,NA,NA,NA,NA,NA,0,0,500,NA,NA,NA,"none","no conditional effect modification",0.8,"strong",0,"none",FALSE
4,"calendar_quadratic","rd_k",6,-0.0863368256509558,NA,NA,NA,NA,NA,NA,NA,NA,NA,NA,NA,NA,NA,NA,NA,NA,0,0,500,NA,NA,NA,"none","no conditional effect modification",0.8,"strong",0,"none",FALSE
4,"calendar_omitted","rd_k",6,-0.0863368256509558,NA,NA,NA,NA,NA,NA,NA,NA,NA,NA,NA,NA,NA,NA,NA,NA,0,0,500,NA,NA,NA,"none","no conditional effect modification",0.8,"strong",0,"none",FALSE
4,"calendar_quadratic","rd_k",12,-0.0766490156246034,NA,NA,NA,NA,NA,NA,NA,NA,NA,NA,NA,NA,NA,NA,NA,NA,0,0,500,NA,NA,NA,"none","no conditional effect modification",0.8,"strong",0,"none",FALSE
4,"equal_flexible","rd_k",20,-0.0638155152339838,NA,NA,NA,NA,NA,NA,NA,NA,NA,NA,NA,NA,NA,NA,NA,NA,0,0,500,NA,NA,NA,"none","no conditional effect modification",0.8,"strong",0,"none",FALSE
4,"equal_common","rd_k",20,-0.0638155152339838,NA,NA,NA,NA,NA,NA,NA,NA,NA,NA,NA,NA,NA,NA,NA,NA,0,0,500,NA,NA,NA,"none","no conditional effect modification",0.8,"strong",0,"none",FALSE
4,"start_saturated","rd_k",10,-0.0798045151992032,NA,NA,NA,NA,NA,NA,NA,NA,NA,NA,NA,NA,NA,NA,NA,NA,0,0,500,NA,NA,NA,"none","no conditional effect modification",0.8,"strong",0,"none",FALSE
4,"calendar_quadratic","rd_k",8,-0.0829183646641251,NA,NA,NA,NA,NA,NA,NA,NA,NA,NA,NA,NA,NA,NA,NA,NA,0,0,500,NA,NA,NA,"none","no conditional effect modification",0.8,"strong",0,"none",FALSE
4,"package_like","rd_k",20,-0.0638155152339838,NA,NA,NA,NA,NA,NA,NA,NA,NA,NA,NA,NA,NA,NA,NA,NA,0,0,500,NA,NA,NA,"none","no conditional effect modification",0.8,"strong",0,"none",FALSE
4,"calendar_omitted","rd_k",8,-0.0829183646641251,NA,NA,NA,NA,NA,NA,NA,NA,NA,NA,NA,NA,NA,NA,NA,NA,0,0,500,NA,NA,NA,"none","no conditional effect modification",0.8,"strong",0,"none",FALSE
4,"start_saturated","rd_k",6,-0.0863368256509558,NA,NA,NA,NA,NA,NA,NA,NA,NA,NA,NA,NA,NA,NA,NA,NA,0,0,500,NA,NA,NA,"none","no conditional effect modification",0.8,"strong",0,"none",FALSE
4,"package_like","rd_k",6,-0.0863368256509558,NA,NA,NA,NA,NA,NA,NA,NA,NA,NA,NA,NA,NA,NA,NA,NA,0,0,500,NA,NA,NA,"none","no conditional effect modification",0.8,"strong",0,"none",FALSE
4,"start_saturated","rd_k",20,-0.0638155152339838,NA,NA,NA,NA,NA,NA,NA,NA,NA,NA,NA,NA,NA,NA,NA,NA,0,0,500,NA,NA,NA,"none","no conditional effect modification",0.8,"strong",0,"none",FALSE
4,"calendar_quadratic","rd_k",22,-0.0609185399867787,NA,NA,NA,NA,NA,NA,NA,NA,NA,NA,NA,NA,NA,NA,NA,NA,0,0,500,NA,NA,NA,"none","no conditional effect modification",0.8,"strong",0,"none",FALSE
4,"calendar_omitted","rd_k",22,-0.0609185399867787,NA,NA,NA,NA,NA,NA,NA,NA,NA,NA,NA,NA,NA,NA,NA,NA,0,0,500,NA,NA,NA,"none","no conditional effect modification",0.8,"strong",0,"none",FALSE
4,"equal_common","rd_k",12,-0.0766490156246034,NA,NA,NA,NA,NA,NA,NA,NA,NA,NA,NA,NA,NA,NA,NA,NA,0,0,500,NA,NA,NA,"none","no conditional effect modification",0.8,"strong",0,"none",FALSE
4,"package_like","rd_k",8,-0.0829183646641251,NA,NA,NA,NA,NA,NA,NA,NA,NA,NA,NA,NA,NA,NA,NA,NA,0,0,500,NA,NA,NA,"none","no conditional effect modification",0.8,"strong",0,"none",FALSE
4,"equal_flexible","rd_k",8,-0.0829183646641251,NA,NA,NA,NA,NA,NA,NA,NA,NA,NA,NA,NA,NA,NA,NA,NA,0,0,500,NA,NA,NA,"none","no conditional effect modification",0.8,"strong",0,"none",FALSE
4,"equal_common","rd_k",8,-0.0829183646641251,NA,NA,NA,NA,NA,NA,NA,NA,NA,NA,NA,NA,NA,NA,NA,NA,0,0,500,NA,NA,NA,"none","no conditional effect modification",0.8,"strong",0,"none",FALSE
5,"calendar_quadratic","rd_k",0,-0.1303395,NA,NA,NA,NA,NA,NA,NA,NA,NA,NA,NA,NA,NA,NA,NA,NA,0,0,500,NA,NA,NA,"monotone","monotone conditional effect modification",0.8,"strong",0,"none",FALSE
5,"package_like","rd_k",0,-0.1303395,NA,NA,NA,NA,NA,NA,NA,NA,NA,NA,NA,NA,NA,NA,NA,NA,0,0,500,NA,NA,NA,"monotone","monotone conditional effect modification",0.8,"strong",0,"none",FALSE
5,"equal_common","rd_k",0,-0.1303395,NA,NA,NA,NA,NA,NA,NA,NA,NA,NA,NA,NA,NA,NA,NA,NA,0,0,500,NA,NA,NA,"monotone","monotone conditional effect modification",0.8,"strong",0,"none",FALSE
5,"package_like","rd_k",18,-0.0511076548216619,NA,NA,NA,NA,NA,NA,NA,NA,NA,NA,NA,NA,NA,NA,NA,NA,0,0,500,NA,NA,NA,"monotone","monotone conditional effect modification",0.8,"strong",0,"none",FALSE
5,"calendar_omitted","rd_k",0,-0.1303395,NA,NA,NA,NA,NA,NA,NA,NA,NA,NA,NA,NA,NA,NA,NA,NA,0,0,500,NA,NA,NA,"monotone","monotone conditional effect modification",0.8,"strong",0,"none",FALSE
5,"calendar_omitted","rd_k",4,-0.109333406598774,NA,NA,NA,NA,NA,NA,NA,NA,NA,NA,NA,NA,NA,NA,NA,NA,0,0,500,NA,NA,NA,"monotone","monotone conditional effect modification",0.8,"strong",0,"none",FALSE
5,"start_saturated","rd_k",0,-0.1303395,NA,NA,NA,NA,NA,NA,NA,NA,NA,NA,NA,NA,NA,NA,NA,NA,0,0,500,NA,NA,NA,"monotone","monotone conditional effect modification",0.8,"strong",0,"none",FALSE
5,"calendar_quadratic","rd_k",20,-0.0433023015876818,NA,NA,NA,NA,NA,NA,NA,NA,NA,NA,NA,NA,NA,NA,NA,NA,0,0,500,NA,NA,NA,"monotone","monotone conditional effect modification",0.8,"strong",0,"none",FALSE
5,"equal_flexible","rd_k",0,-0.1303395,NA,NA,NA,NA,NA,NA,NA,NA,NA,NA,NA,NA,NA,NA,NA,NA,0,0,500,NA,NA,NA,"monotone","monotone conditional effect modification",0.8,"strong",0,"none",FALSE
5,"calendar_quadratic","rd_k",4,-0.109333406598774,NA,NA,NA,NA,NA,NA,NA,NA,NA,NA,NA,NA,NA,NA,NA,NA,0,0,500,NA,NA,NA,"monotone","monotone conditional effect modification",0.8,"strong",0,"none",FALSE
5,"start_saturated","rd_k",18,-0.0511076548216619,NA,NA,NA,NA,NA,NA,NA,NA,NA,NA,NA,NA,NA,NA,NA,NA,0,0,500,NA,NA,NA,"monotone","monotone conditional effect modification",0.8,"strong",0,"none",FALSE
5,"calendar_quadratic","rd_k",16,-0.058781776661063,NA,NA,NA,NA,NA,NA,NA,NA,NA,NA,NA,NA,NA,NA,NA,NA,0,0,500,NA,NA,NA,"monotone","monotone conditional effect modification",0.8,"strong",0,"none",FALSE
5,"calendar_omitted","rd_k",16,-0.058781776661063,NA,NA,NA,NA,NA,NA,NA,NA,NA,NA,NA,NA,NA,NA,NA,NA,0,0,500,NA,NA,NA,"monotone","monotone conditional effect modification",0.8,"strong",0,"none",FALSE
5,"package_like","rd_k",2,-0.119514802018344,NA,NA,NA,NA,NA,NA,NA,NA,NA,NA,NA,NA,NA,NA,NA,NA,0,0,500,NA,NA,NA,"monotone","monotone conditional effect modification",0.8,"strong",0,"none",FALSE
5,"equal_flexible","rd_k",2,-0.119514802018344,NA,NA,NA,NA,NA,NA,NA,NA,NA,NA,NA,NA,NA,NA,NA,NA,0,0,500,NA,NA,NA,"monotone","monotone conditional effect modification",0.8,"strong",0,"none",FALSE
5,"calendar_quadratic","rd_k",2,-0.119514802018344,NA,NA,NA,NA,NA,NA,NA,NA,NA,NA,NA,NA,NA,NA,NA,NA,0,0,500,NA,NA,NA,"monotone","monotone conditional effect modification",0.8,"strong",0,"none",FALSE
5,"calendar_omitted","rd_k",2,-0.119514802018344,NA,NA,NA,NA,NA,NA,NA,NA,NA,NA,NA,NA,NA,NA,NA,NA,0,0,500,NA,NA,NA,"monotone","monotone conditional effect modification",0.8,"strong",0,"none",FALSE
5,"equal_common","rd_k",20,-0.0433023015876818,NA,NA,NA,NA,NA,NA,NA,NA,NA,NA,NA,NA,NA,NA,NA,NA,0,0,500,NA,NA,NA,"monotone","monotone conditional effect modification",0.8,"strong",0,"none",FALSE
5,"equal_flexible","rd_k",4,-0.109333406598774,NA,NA,NA,NA,NA,NA,NA,NA,NA,NA,NA,NA,NA,NA,NA,NA,0,0,500,NA,NA,NA,"monotone","monotone conditional effect modification",0.8,"strong",0,"none",FALSE
5,"equal_common","rd_k",4,-0.109333406598774,NA,NA,NA,NA,NA,NA,NA,NA,NA,NA,NA,NA,NA,NA,NA,NA,0,0,500,NA,NA,NA,"monotone","monotone conditional effect modification",0.8,"strong",0,"none",FALSE
5,"calendar_omitted","rd_k",20,-0.0433023015876818,NA,NA,NA,NA,NA,NA,NA,NA,NA,NA,NA,NA,NA,NA,NA,NA,0,0,500,NA,NA,NA,"monotone","monotone conditional effect modification",0.8,"strong",0,"none",FALSE
5,"equal_common","rd_k",16,-0.058781776661063,NA,NA,NA,NA,NA,NA,NA,NA,NA,NA,NA,NA,NA,NA,NA,NA,0,0,500,NA,NA,NA,"monotone","monotone conditional effect modification",0.8,"strong",0,"none",FALSE
5,"package_like","rd_k",6,-0.100097629839573,NA,NA,NA,NA,NA,NA,NA,NA,NA,NA,NA,NA,NA,NA,NA,NA,0,0,500,NA,NA,NA,"monotone","monotone conditional effect modification",0.8,"strong",0,"none",FALSE
5,"start_saturated","rd_k",2,-0.119514802018344,NA,NA,NA,NA,NA,NA,NA,NA,NA,NA,NA,NA,NA,NA,NA,NA,0,0,500,NA,NA,NA,"monotone","monotone conditional effect modification",0.8,"strong",0,"none",FALSE
5,"calendar_quadratic","rd_k",6,-0.100097629839573,NA,NA,NA,NA,NA,NA,NA,NA,NA,NA,NA,NA,NA,NA,NA,NA,0,0,500,NA,NA,NA,"monotone","monotone conditional effect modification",0.8,"strong",0,"none",FALSE
5,"equal_common","rd_k",2,-0.119514802018344,NA,NA,NA,NA,NA,NA,NA,NA,NA,NA,NA,NA,NA,NA,NA,NA,0,0,500,NA,NA,NA,"monotone","monotone conditional effect modification",0.8,"strong",0,"none",FALSE
5,"package_like","rd_k",20,-0.0433023015876818,NA,NA,NA,NA,NA,NA,NA,NA,NA,NA,NA,NA,NA,NA,NA,NA,0,0,500,NA,NA,NA,"monotone","monotone conditional effect modification",0.8,"strong",0,"none",FALSE
5,"equal_flexible","rd_k",20,-0.0433023015876818,NA,NA,NA,NA,NA,NA,NA,NA,NA,NA,NA,NA,NA,NA,NA,NA,0,0,500,NA,NA,NA,"monotone","monotone conditional effect modification",0.8,"strong",0,"none",FALSE
5,"package_like","rd_k",4,-0.109333406598774,NA,NA,NA,NA,NA,NA,NA,NA,NA,NA,NA,NA,NA,NA,NA,NA,0,0,500,NA,NA,NA,"monotone","monotone conditional effect modification",0.8,"strong",0,"none",FALSE
5,"start_saturated","rd_k",16,-0.058781776661063,NA,NA,NA,NA,NA,NA,NA,NA,NA,NA,NA,NA,NA,NA,NA,NA,0,0,500,NA,NA,NA,"monotone","monotone conditional effect modification",0.8,"strong",0,"none",FALSE
5,"package_like","rd_k",16,-0.058781776661063,NA,NA,NA,NA,NA,NA,NA,NA,NA,NA,NA,NA,NA,NA,NA,NA,0,0,500,NA,NA,NA,"monotone","monotone conditional effect modification",0.8,"strong",0,"none",FALSE
5,"equal_flexible","rd_k",16,-0.058781776661063,NA,NA,NA,NA,NA,NA,NA,NA,NA,NA,NA,NA,NA,NA,NA,NA,0,0,500,NA,NA,NA,"monotone","monotone conditional effect modification",0.8,"strong",0,"none",FALSE
5,"start_saturated","rd_k",6,-0.100097629839573,NA,NA,NA,NA,NA,NA,NA,NA,NA,NA,NA,NA,NA,NA,NA,NA,0,0,500,NA,NA,NA,"monotone","monotone conditional effect modification",0.8,"strong",0,"none",FALSE
5,"start_saturated","rd_k",12,-0.0741663384318617,NA,NA,NA,NA,NA,NA,NA,NA,NA,NA,NA,NA,NA,NA,NA,NA,0,0,500,NA,NA,NA,"monotone","monotone conditional effect modification",0.8,"strong",0,"none",FALSE
5,"equal_common","rd_k",22,-0.0366609275035387,NA,NA,NA,NA,NA,NA,NA,NA,NA,NA,NA,NA,NA,NA,NA,NA,0,0,500,NA,NA,NA,"monotone","monotone conditional effect modification",0.8,"strong",0,"none",FALSE
5,"equal_flexible","rd_k",6,-0.100097629839573,NA,NA,NA,NA,NA,NA,NA,NA,NA,NA,NA,NA,NA,NA,NA,NA,0,0,500,NA,NA,NA,"monotone","monotone conditional effect modification",0.8,"strong",0,"none",FALSE
5,"equal_common","rd_k",6,-0.100097629839573,NA,NA,NA,NA,NA,NA,NA,NA,NA,NA,NA,NA,NA,NA,NA,NA,0,0,500,NA,NA,NA,"monotone","monotone conditional effect modification",0.8,"strong",0,"none",FALSE
5,"calendar_omitted","rd_k",22,-0.0366609275035387,NA,NA,NA,NA,NA,NA,NA,NA,NA,NA,NA,NA,NA,NA,NA,NA,0,0,500,NA,NA,NA,"monotone","monotone conditional effect modification",0.8,"strong",0,"none",FALSE
5,"start_saturated","rd_k",20,-0.0433023015876818,NA,NA,NA,NA,NA,NA,NA,NA,NA,NA,NA,NA,NA,NA,NA,NA,0,0,500,NA,NA,NA,"monotone","monotone conditional effect modification",0.8,"strong",0,"none",FALSE
5,"calendar_quadratic","rd_k",18,-0.0511076548216619,NA,NA,NA,NA,NA,NA,NA,NA,NA,NA,NA,NA,NA,NA,NA,NA,0,0,500,NA,NA,NA,"monotone","monotone conditional effect modification",0.8,"strong",0,"none",FALSE
5,"start_saturated","rd_k",4,-0.109333406598774,NA,NA,NA,NA,NA,NA,NA,NA,NA,NA,NA,NA,NA,NA,NA,NA,0,0,500,NA,NA,NA,"monotone","monotone conditional effect modification",0.8,"strong",0,"none",FALSE
5,"calendar_omitted","rd_k",18,-0.0511076548216619,NA,NA,NA,NA,NA,NA,NA,NA,NA,NA,NA,NA,NA,NA,NA,NA,0,0,500,NA,NA,NA,"monotone","monotone conditional effect modification",0.8,"strong",0,"none",FALSE
5,"equal_common","rd_k",14,-0.0664724497630794,NA,NA,NA,NA,NA,NA,NA,NA,NA,NA,NA,NA,NA,NA,NA,NA,0,0,500,NA,NA,NA,"monotone","monotone conditional effect modification",0.8,"strong",0,"none",FALSE
5,"calendar_quadratic","rd_k",8,-0.0909185149016883,NA,NA,NA,NA,NA,NA,NA,NA,NA,NA,NA,NA,NA,NA,NA,NA,0,0,500,NA,NA,NA,"monotone","monotone conditional effect modification",0.8,"strong",0,"none",FALSE
5,"calendar_omitted","rd_k",8,-0.0909185149016883,NA,NA,NA,NA,NA,NA,NA,NA,NA,NA,NA,NA,NA,NA,NA,NA,0,0,500,NA,NA,NA,"monotone","monotone conditional effect modification",0.8,"strong",0,"none",FALSE
5,"calendar_omitted","rd_k",14,-0.0664724497630794,NA,NA,NA,NA,NA,NA,NA,NA,NA,NA,NA,NA,NA,NA,NA,NA,0,0,500,NA,NA,NA,"monotone","monotone conditional effect modification",0.8,"strong",0,"none",FALSE
5,"equal_flexible","rd_k",22,-0.0366609275035387,NA,NA,NA,NA,NA,NA,NA,NA,NA,NA,NA,NA,NA,NA,NA,NA,0,0,500,NA,NA,NA,"monotone","monotone conditional effect modification",0.8,"strong",0,"none",FALSE
5,"equal_flexible","rd_k",10,-0.0824346225079167,NA,NA,NA,NA,NA,NA,NA,NA,NA,NA,NA,NA,NA,NA,NA,NA,0,0,500,NA,NA,NA,"monotone","monotone conditional effect modification",0.8,"strong",0,"none",FALSE
5,"calendar_quadratic","rd_k",22,-0.0366609275035387,NA,NA,NA,NA,NA,NA,NA,NA,NA,NA,NA,NA,NA,NA,NA,NA,0,0,500,NA,NA,NA,"monotone","monotone conditional effect modification",0.8,"strong",0,"none",FALSE
5,"equal_flexible","rd_k",18,-0.0511076548216619,NA,NA,NA,NA,NA,NA,NA,NA,NA,NA,NA,NA,NA,NA,NA,NA,0,0,500,NA,NA,NA,"monotone","monotone conditional effect modification",0.8,"strong",0,"none",FALSE
5,"equal_common","rd_k",18,-0.0511076548216619,NA,NA,NA,NA,NA,NA,NA,NA,NA,NA,NA,NA,NA,NA,NA,NA,0,0,500,NA,NA,NA,"monotone","monotone conditional effect modification",0.8,"strong",0,"none",FALSE
5,"calendar_omitted","rd_k",6,-0.100097629839573,NA,NA,NA,NA,NA,NA,NA,NA,NA,NA,NA,NA,NA,NA,NA,NA,0,0,500,NA,NA,NA,"monotone","monotone conditional effect modification",0.8,"strong",0,"none",FALSE
5,"package_like","rd_k",14,-0.0664724497630794,NA,NA,NA,NA,NA,NA,NA,NA,NA,NA,NA,NA,NA,NA,NA,NA,0,0,500,NA,NA,NA,"monotone","monotone conditional effect modification",0.8,"strong",0,"none",FALSE
5,"equal_flexible","rd_k",14,-0.0664724497630794,NA,NA,NA,NA,NA,NA,NA,NA,NA,NA,NA,NA,NA,NA,NA,NA,0,0,500,NA,NA,NA,"monotone","monotone conditional effect modification",0.8,"strong",0,"none",FALSE
5,"equal_common","rd_k",8,-0.0909185149016883,NA,NA,NA,NA,NA,NA,NA,NA,NA,NA,NA,NA,NA,NA,NA,NA,0,0,500,NA,NA,NA,"monotone","monotone conditional effect modification",0.8,"strong",0,"none",FALSE
5,"calendar_omitted","rd_k",12,-0.0741663384318617,NA,NA,NA,NA,NA,NA,NA,NA,NA,NA,NA,NA,NA,NA,NA,NA,0,0,500,NA,NA,NA,"monotone","monotone conditional effect modification",0.8,"strong",0,"none",FALSE
5,"calendar_quadratic","rd_k",14,-0.0664724497630794,NA,NA,NA,NA,NA,NA,NA,NA,NA,NA,NA,NA,NA,NA,NA,NA,0,0,500,NA,NA,NA,"monotone","monotone conditional effect modification",0.8,"strong",0,"none",FALSE
5,"package_like","rd_k",22,-0.0366609275035387,NA,NA,NA,NA,NA,NA,NA,NA,NA,NA,NA,NA,NA,NA,NA,NA,0,0,500,NA,NA,NA,"monotone","monotone conditional effect modification",0.8,"strong",0,"none",FALSE
5,"package_like","rd_k",10,-0.0824346225079167,NA,NA,NA,NA,NA,NA,NA,NA,NA,NA,NA,NA,NA,NA,NA,NA,0,0,500,NA,NA,NA,"monotone","monotone conditional effect modification",0.8,"strong",0,"none",FALSE
5,"start_saturated","rd_k",8,-0.0909185149016883,NA,NA,NA,NA,NA,NA,NA,NA,NA,NA,NA,NA,NA,NA,NA,NA,0,0,500,NA,NA,NA,"monotone","monotone conditional effect modification",0.8,"strong",0,"none",FALSE
5,"equal_common","rd_k",10,-0.0824346225079167,NA,NA,NA,NA,NA,NA,NA,NA,NA,NA,NA,NA,NA,NA,NA,NA,0,0,500,NA,NA,NA,"monotone","monotone conditional effect modification",0.8,"strong",0,"none",FALSE
5,"package_like","rd_k",12,-0.0741663384318617,NA,NA,NA,NA,NA,NA,NA,NA,NA,NA,NA,NA,NA,NA,NA,NA,0,0,500,NA,NA,NA,"monotone","monotone conditional effect modification",0.8,"strong",0,"none",FALSE
5,"equal_flexible","rd_k",12,-0.0741663384318617,NA,NA,NA,NA,NA,NA,NA,NA,NA,NA,NA,NA,NA,NA,NA,NA,0,0,500,NA,NA,NA,"monotone","monotone conditional effect modification",0.8,"strong",0,"none",FALSE
5,"calendar_quadratic","rd_k",12,-0.0741663384318617,NA,NA,NA,NA,NA,NA,NA,NA,NA,NA,NA,NA,NA,NA,NA,NA,0,0,500,NA,NA,NA,"monotone","monotone conditional effect modification",0.8,"strong",0,"none",FALSE
5,"start_saturated","rd_k",14,-0.0664724497630794,NA,NA,NA,NA,NA,NA,NA,NA,NA,NA,NA,NA,NA,NA,NA,NA,0,0,500,NA,NA,NA,"monotone","monotone conditional effect modification",0.8,"strong",0,"none",FALSE
5,"package_like","rd_k",8,-0.0909185149016883,NA,NA,NA,NA,NA,NA,NA,NA,NA,NA,NA,NA,NA,NA,NA,NA,0,0,500,NA,NA,NA,"monotone","monotone conditional effect modification",0.8,"strong",0,"none",FALSE
5,"equal_flexible","rd_k",8,-0.0909185149016883,NA,NA,NA,NA,NA,NA,NA,NA,NA,NA,NA,NA,NA,NA,NA,NA,0,0,500,NA,NA,NA,"monotone","monotone conditional effect modification",0.8,"strong",0,"none",FALSE
5,"calendar_omitted","rd_k",10,-0.0824346225079167,NA,NA,NA,NA,NA,NA,NA,NA,NA,NA,NA,NA,NA,NA,NA,NA,0,0,500,NA,NA,NA,"monotone","monotone conditional effect modification",0.8,"strong",0,"none",FALSE
5,"start_saturated","rd_k",22,-0.0366609275035387,NA,NA,NA,NA,NA,NA,NA,NA,NA,NA,NA,NA,NA,NA,NA,NA,0,0,500,NA,NA,NA,"monotone","monotone conditional effect modification",0.8,"strong",0,"none",FALSE
5,"start_saturated","rd_k",10,-0.0824346225079167,NA,NA,NA,NA,NA,NA,NA,NA,NA,NA,NA,NA,NA,NA,NA,NA,0,0,500,NA,NA,NA,"monotone","monotone conditional effect modification",0.8,"strong",0,"none",FALSE
5,"equal_common","rd_k",12,-0.0741663384318617,NA,NA,NA,NA,NA,NA,NA,NA,NA,NA,NA,NA,NA,NA,NA,NA,0,0,500,NA,NA,NA,"monotone","monotone conditional effect modification",0.8,"strong",0,"none",FALSE
5,"calendar_quadratic","rd_k",10,-0.0824346225079167,NA,NA,NA,NA,NA,NA,NA,NA,NA,NA,NA,NA,NA,NA,NA,NA,0,0,500,NA,NA,NA,"monotone","monotone conditional effect modification",0.8,"strong",0,"none",FALSE
6,"start_saturated","rd_k",0,-0.1303395,NA,NA,NA,NA,NA,NA,NA,NA,NA,NA,NA,NA,NA,NA,NA,NA,0,0,500,NA,NA,NA,"cosine","transient loss of benefit",0.8,"strong",0,"none",FALSE
6,"equal_common","rd_k",0,-0.1303395,NA,NA,NA,NA,NA,NA,NA,NA,NA,NA,NA,NA,NA,NA,NA,NA,0,0,500,NA,NA,NA,"cosine","transient loss of benefit",0.8,"strong",0,"none",FALSE
6,"package_like","rd_k",2,-0.120183716813182,NA,NA,NA,NA,NA,NA,NA,NA,NA,NA,NA,NA,NA,NA,NA,NA,0,0,500,NA,NA,NA,"cosine","transient loss of benefit",0.8,"strong",0,"none",FALSE
6,"equal_flexible","rd_k",2,-0.120183716813182,NA,NA,NA,NA,NA,NA,NA,NA,NA,NA,NA,NA,NA,NA,NA,NA,0,0,500,NA,NA,NA,"cosine","transient loss of benefit",0.8,"strong",0,"none",FALSE
6,"equal_common","rd_k",2,-0.120183716813182,NA,NA,NA,NA,NA,NA,NA,NA,NA,NA,NA,NA,NA,NA,NA,NA,0,0,500,NA,NA,NA,"cosine","transient loss of benefit",0.8,"strong",0,"none",FALSE
6,"equal_flexible","rd_k",0,-0.1303395,NA,NA,NA,NA,NA,NA,NA,NA,NA,NA,NA,NA,NA,NA,NA,NA,0,0,500,NA,NA,NA,"cosine","transient loss of benefit",0.8,"strong",0,"none",FALSE
6,"calendar_omitted","rd_k",2,-0.120183716813182,NA,NA,NA,NA,NA,NA,NA,NA,NA,NA,NA,NA,NA,NA,NA,NA,0,0,500,NA,NA,NA,"cosine","transient loss of benefit",0.8,"strong",0,"none",FALSE
6,"package_like","rd_k",4,-0.1028530783696,NA,NA,NA,NA,NA,NA,NA,NA,NA,NA,NA,NA,NA,NA,NA,NA,0,0,500,NA,NA,NA,"cosine","transient loss of benefit",0.8,"strong",0,"none",FALSE
6,"equal_flexible","rd_k",4,-0.1028530783696,NA,NA,NA,NA,NA,NA,NA,NA,NA,NA,NA,NA,NA,NA,NA,NA,0,0,500,NA,NA,NA,"cosine","transient loss of benefit",0.8,"strong",0,"none",FALSE
6,"package_like","rd_k",0,-0.1303395,NA,NA,NA,NA,NA,NA,NA,NA,NA,NA,NA,NA,NA,NA,NA,NA,0,0,500,NA,NA,NA,"cosine","transient loss of benefit",0.8,"strong",0,"none",FALSE
6,"calendar_quadratic","rd_k",4,-0.1028530783696,NA,NA,NA,NA,NA,NA,NA,NA,NA,NA,NA,NA,NA,NA,NA,NA,0,0,500,NA,NA,NA,"cosine","transient loss of benefit",0.8,"strong",0,"none",FALSE
6,"calendar_omitted","rd_k",4,-0.1028530783696,NA,NA,NA,NA,NA,NA,NA,NA,NA,NA,NA,NA,NA,NA,NA,NA,0,0,500,NA,NA,NA,"cosine","transient loss of benefit",0.8,"strong",0,"none",FALSE
6,"equal_common","rd_k",22,-0.0794842969774156,NA,NA,NA,NA,NA,NA,NA,NA,NA,NA,NA,NA,NA,NA,NA,NA,0,0,500,NA,NA,NA,"cosine","transient loss of benefit",0.8,"strong",0,"none",FALSE
6,"start_saturated","rd_k",2,-0.120183716813182,NA,NA,NA,NA,NA,NA,NA,NA,NA,NA,NA,NA,NA,NA,NA,NA,0,0,500,NA,NA,NA,"cosine","transient loss of benefit",0.8,"strong",0,"none",FALSE
6,"calendar_quadratic","rd_k",0,-0.1303395,NA,NA,NA,NA,NA,NA,NA,NA,NA,NA,NA,NA,NA,NA,NA,NA,0,0,500,NA,NA,NA,"cosine","transient loss of benefit",0.8,"strong",0,"none",FALSE
6,"calendar_omitted","rd_k",0,-0.1303395,NA,NA,NA,NA,NA,NA,NA,NA,NA,NA,NA,NA,NA,NA,NA,NA,0,0,500,NA,NA,NA,"cosine","transient loss of benefit",0.8,"strong",0,"none",FALSE
6,"calendar_quadratic","rd_k",2,-0.120183716813182,NA,NA,NA,NA,NA,NA,NA,NA,NA,NA,NA,NA,NA,NA,NA,NA,0,0,500,NA,NA,NA,"cosine","transient loss of benefit",0.8,"strong",0,"none",FALSE
6,"start_saturated","rd_k",4,-0.1028530783696,NA,NA,NA,NA,NA,NA,NA,NA,NA,NA,NA,NA,NA,NA,NA,NA,0,0,500,NA,NA,NA,"cosine","transient loss of benefit",0.8,"strong",0,"none",FALSE
6,"equal_common","rd_k",4,-0.1028530783696,NA,NA,NA,NA,NA,NA,NA,NA,NA,NA,NA,NA,NA,NA,NA,NA,0,0,500,NA,NA,NA,"cosine","transient loss of benefit",0.8,"strong",0,"none",FALSE
6,"package_like","rd_k",22,-0.0794842969774156,NA,NA,NA,NA,NA,NA,NA,NA,NA,NA,NA,NA,NA,NA,NA,NA,0,0,500,NA,NA,NA,"cosine","transient loss of benefit",0.8,"strong",0,"none",FALSE
6,"equal_flexible","rd_k",22,-0.0794842969774156,NA,NA,NA,NA,NA,NA,NA,NA,NA,NA,NA,NA,NA,NA,NA,NA,0,0,500,NA,NA,NA,"cosine","transient loss of benefit",0.8,"strong",0,"none",FALSE
6,"package_like","rd_k",6,-0.0817095498750555,NA,NA,NA,NA,NA,NA,NA,NA,NA,NA,NA,NA,NA,NA,NA,NA,0,0,500,NA,NA,NA,"cosine","transient loss of benefit",0.8,"strong",0,"none",FALSE
6,"start_saturated","rd_k",18,-0.0768548625480343,NA,NA,NA,NA,NA,NA,NA,NA,NA,NA,NA,NA,NA,NA,NA,NA,0,0,500,NA,NA,NA,"cosine","transient loss of benefit",0.8,"strong",0,"none",FALSE
6,"package_like","rd_k",18,-0.0768548625480343,NA,NA,NA,NA,NA,NA,NA,NA,NA,NA,NA,NA,NA,NA,NA,NA,0,0,500,NA,NA,NA,"cosine","transient loss of benefit",0.8,"strong",0,"none",FALSE
6,"calendar_omitted","rd_k",16,-0.0673137988587818,NA,NA,NA,NA,NA,NA,NA,NA,NA,NA,NA,NA,NA,NA,NA,NA,0,0,500,NA,NA,NA,"cosine","transient loss of benefit",0.8,"strong",0,"none",FALSE
6,"calendar_quadratic","rd_k",6,-0.0817095498750555,NA,NA,NA,NA,NA,NA,NA,NA,NA,NA,NA,NA,NA,NA,NA,NA,0,0,500,NA,NA,NA,"cosine","transient loss of benefit",0.8,"strong",0,"none",FALSE
6,"calendar_omitted","rd_k",6,-0.0817095498750555,NA,NA,NA,NA,NA,NA,NA,NA,NA,NA,NA,NA,NA,NA,NA,NA,0,0,500,NA,NA,NA,"cosine","transient loss of benefit",0.8,"strong",0,"none",FALSE
6,"equal_common","rd_k",8,-0.0615733628800541,NA,NA,NA,NA,NA,NA,NA,NA,NA,NA,NA,NA,NA,NA,NA,NA,0,0,500,NA,NA,NA,"cosine","transient loss of benefit",0.8,"strong",0,"none",FALSE
6,"calendar_quadratic","rd_k",8,-0.0615733628800541,NA,NA,NA,NA,NA,NA,NA,NA,NA,NA,NA,NA,NA,NA,NA,NA,0,0,500,NA,NA,NA,"cosine","transient loss of benefit",0.8,"strong",0,"none",FALSE
6,"start_saturated","rd_k",22,-0.0794842969774156,NA,NA,NA,NA,NA,NA,NA,NA,NA,NA,NA,NA,NA,NA,NA,NA,0,0,500,NA,NA,NA,"cosine","transient loss of benefit",0.8,"strong",0,"none",FALSE
6,"calendar_quadratic","rd_k",20,-0.0811153540861127,NA,NA,NA,NA,NA,NA,NA,NA,NA,NA,NA,NA,NA,NA,NA,NA,0,0,500,NA,NA,NA,"cosine","transient loss of benefit",0.8,"strong",0,"none",FALSE
6,"start_saturated","rd_k",6,-0.0817095498750555,NA,NA,NA,NA,NA,NA,NA,NA,NA,NA,NA,NA,NA,NA,NA,NA,0,0,500,NA,NA,NA,"cosine","transient loss of benefit",0.8,"strong",0,"none",FALSE
6,"calendar_omitted","rd_k",20,-0.0811153540861127,NA,NA,NA,NA,NA,NA,NA,NA,NA,NA,NA,NA,NA,NA,NA,NA,0,0,500,NA,NA,NA,"cosine","transient loss of benefit",0.8,"strong",0,"none",FALSE
6,"equal_common","rd_k",16,-0.0673137988587818,NA,NA,NA,NA,NA,NA,NA,NA,NA,NA,NA,NA,NA,NA,NA,NA,0,0,500,NA,NA,NA,"cosine","transient loss of benefit",0.8,"strong",0,"none",FALSE
6,"calendar_quadratic","rd_k",16,-0.0673137988587818,NA,NA,NA,NA,NA,NA,NA,NA,NA,NA,NA,NA,NA,NA,NA,NA,0,0,500,NA,NA,NA,"cosine","transient loss of benefit",0.8,"strong",0,"none",FALSE
6,"equal_common","rd_k",6,-0.0817095498750555,NA,NA,NA,NA,NA,NA,NA,NA,NA,NA,NA,NA,NA,NA,NA,NA,0,0,500,NA,NA,NA,"cosine","transient loss of benefit",0.8,"strong",0,"none",FALSE
6,"equal_flexible","rd_k",8,-0.0615733628800541,NA,NA,NA,NA,NA,NA,NA,NA,NA,NA,NA,NA,NA,NA,NA,NA,0,0,500,NA,NA,NA,"cosine","transient loss of benefit",0.8,"strong",0,"none",FALSE
6,"package_like","rd_k",20,-0.0811153540861127,NA,NA,NA,NA,NA,NA,NA,NA,NA,NA,NA,NA,NA,NA,NA,NA,0,0,500,NA,NA,NA,"cosine","transient loss of benefit",0.8,"strong",0,"none",FALSE
6,"equal_flexible","rd_k",20,-0.0811153540861127,NA,NA,NA,NA,NA,NA,NA,NA,NA,NA,NA,NA,NA,NA,NA,NA,0,0,500,NA,NA,NA,"cosine","transient loss of benefit",0.8,"strong",0,"none",FALSE
6,"equal_common","rd_k",20,-0.0811153540861127,NA,NA,NA,NA,NA,NA,NA,NA,NA,NA,NA,NA,NA,NA,NA,NA,0,0,500,NA,NA,NA,"cosine","transient loss of benefit",0.8,"strong",0,"none",FALSE
6,"calendar_omitted","rd_k",8,-0.0615733628800541,NA,NA,NA,NA,NA,NA,NA,NA,NA,NA,NA,NA,NA,NA,NA,NA,0,0,500,NA,NA,NA,"cosine","transient loss of benefit",0.8,"strong",0,"none",FALSE
6,"package_like","rd_k",16,-0.0673137988587818,NA,NA,NA,NA,NA,NA,NA,NA,NA,NA,NA,NA,NA,NA,NA,NA,0,0,500,NA,NA,NA,"cosine","transient loss of benefit",0.8,"strong",0,"none",FALSE
6,"equal_flexible","rd_k",16,-0.0673137988587818,NA,NA,NA,NA,NA,NA,NA,NA,NA,NA,NA,NA,NA,NA,NA,NA,0,0,500,NA,NA,NA,"cosine","transient loss of benefit",0.8,"strong",0,"none",FALSE
6,"equal_common","rd_k",10,-0.0488058038427905,NA,NA,NA,NA,NA,NA,NA,NA,NA,NA,NA,NA,NA,NA,NA,NA,0,0,500,NA,NA,NA,"cosine","transient loss of benefit",0.8,"strong",0,"none",FALSE
6,"equal_flexible","rd_k",6,-0.0817095498750555,NA,NA,NA,NA,NA,NA,NA,NA,NA,NA,NA,NA,NA,NA,NA,NA,0,0,500,NA,NA,NA,"cosine","transient loss of benefit",0.8,"strong",0,"none",FALSE
6,"calendar_quadratic","rd_k",10,-0.0488058038427905,NA,NA,NA,NA,NA,NA,NA,NA,NA,NA,NA,NA,NA,NA,NA,NA,0,0,500,NA,NA,NA,"cosine","transient loss of benefit",0.8,"strong",0,"none",FALSE
6,"calendar_omitted","rd_k",10,-0.0488058038427905,NA,NA,NA,NA,NA,NA,NA,NA,NA,NA,NA,NA,NA,NA,NA,NA,0,0,500,NA,NA,NA,"cosine","transient loss of benefit",0.8,"strong",0,"none",FALSE
6,"start_saturated","rd_k",8,-0.0615733628800541,NA,NA,NA,NA,NA,NA,NA,NA,NA,NA,NA,NA,NA,NA,NA,NA,0,0,500,NA,NA,NA,"cosine","transient loss of benefit",0.8,"strong",0,"none",FALSE
6,"package_like","rd_k",8,-0.0615733628800541,NA,NA,NA,NA,NA,NA,NA,NA,NA,NA,NA,NA,NA,NA,NA,NA,0,0,500,NA,NA,NA,"cosine","transient loss of benefit",0.8,"strong",0,"none",FALSE
6,"start_saturated","rd_k",20,-0.0811153540861127,NA,NA,NA,NA,NA,NA,NA,NA,NA,NA,NA,NA,NA,NA,NA,NA,0,0,500,NA,NA,NA,"cosine","transient loss of benefit",0.8,"strong",0,"none",FALSE
6,"calendar_quadratic","rd_k",18,-0.0768548625480343,NA,NA,NA,NA,NA,NA,NA,NA,NA,NA,NA,NA,NA,NA,NA,NA,0,0,500,NA,NA,NA,"cosine","transient loss of benefit",0.8,"strong",0,"none",FALSE
6,"calendar_omitted","rd_k",12,-0.0468991916493305,NA,NA,NA,NA,NA,NA,NA,NA,NA,NA,NA,NA,NA,NA,NA,NA,0,0,500,NA,NA,NA,"cosine","transient loss of benefit",0.8,"strong",0,"none",FALSE
6,"start_saturated","rd_k",10,-0.0488058038427905,NA,NA,NA,NA,NA,NA,NA,NA,NA,NA,NA,NA,NA,NA,NA,NA,0,0,500,NA,NA,NA,"cosine","transient loss of benefit",0.8,"strong",0,"none",FALSE
6,"start_saturated","rd_k",16,-0.0673137988587818,NA,NA,NA,NA,NA,NA,NA,NA,NA,NA,NA,NA,NA,NA,NA,NA,0,0,500,NA,NA,NA,"cosine","transient loss of benefit",0.8,"strong",0,"none",FALSE
6,"package_like","rd_k",10,-0.0488058038427905,NA,NA,NA,NA,NA,NA,NA,NA,NA,NA,NA,NA,NA,NA,NA,NA,0,0,500,NA,NA,NA,"cosine","transient loss of benefit",0.8,"strong",0,"none",FALSE
6,"equal_flexible","rd_k",10,-0.0488058038427905,NA,NA,NA,NA,NA,NA,NA,NA,NA,NA,NA,NA,NA,NA,NA,NA,0,0,500,NA,NA,NA,"cosine","transient loss of benefit",0.8,"strong",0,"none",FALSE
6,"calendar_omitted","rd_k",14,-0.0552277364645595,NA,NA,NA,NA,NA,NA,NA,NA,NA,NA,NA,NA,NA,NA,NA,NA,0,0,500,NA,NA,NA,"cosine","transient loss of benefit",0.8,"strong",0,"none",FALSE
6,"start_saturated","rd_k",12,-0.0468991916493305,NA,NA,NA,NA,NA,NA,NA,NA,NA,NA,NA,NA,NA,NA,NA,NA,0,0,500,NA,NA,NA,"cosine","transient loss of benefit",0.8,"strong",0,"none",FALSE
6,"equal_common","rd_k",18,-0.0768548625480343,NA,NA,NA,NA,NA,NA,NA,NA,NA,NA,NA,NA,NA,NA,NA,NA,0,0,500,NA,NA,NA,"cosine","transient loss of benefit",0.8,"strong",0,"none",FALSE
6,"calendar_quadratic","rd_k",22,-0.0794842969774156,NA,NA,NA,NA,NA,NA,NA,NA,NA,NA,NA,NA,NA,NA,NA,NA,0,0,500,NA,NA,NA,"cosine","transient loss of benefit",0.8,"strong",0,"none",FALSE
6,"calendar_omitted","rd_k",22,-0.0794842969774156,NA,NA,NA,NA,NA,NA,NA,NA,NA,NA,NA,NA,NA,NA,NA,NA,0,0,500,NA,NA,NA,"cosine","transient loss of benefit",0.8,"strong",0,"none",FALSE
6,"equal_common","rd_k",14,-0.0552277364645595,NA,NA,NA,NA,NA,NA,NA,NA,NA,NA,NA,NA,NA,NA,NA,NA,0,0,500,NA,NA,NA,"cosine","transient loss of benefit",0.8,"strong",0,"none",FALSE
6,"calendar_quadratic","rd_k",12,-0.0468991916493305,NA,NA,NA,NA,NA,NA,NA,NA,NA,NA,NA,NA,NA,NA,NA,NA,0,0,500,NA,NA,NA,"cosine","transient loss of benefit",0.8,"strong",0,"none",FALSE
6,"package_like","rd_k",14,-0.0552277364645595,NA,NA,NA,NA,NA,NA,NA,NA,NA,NA,NA,NA,NA,NA,NA,NA,0,0,500,NA,NA,NA,"cosine","transient loss of benefit",0.8,"strong",0,"none",FALSE
6,"calendar_omitted","rd_k",18,-0.0768548625480343,NA,NA,NA,NA,NA,NA,NA,NA,NA,NA,NA,NA,NA,NA,NA,NA,0,0,500,NA,NA,NA,"cosine","transient loss of benefit",0.8,"strong",0,"none",FALSE
6,"equal_flexible","rd_k",18,-0.0768548625480343,NA,NA,NA,NA,NA,NA,NA,NA,NA,NA,NA,NA,NA,NA,NA,NA,0,0,500,NA,NA,NA,"cosine","transient loss of benefit",0.8,"strong",0,"none",FALSE
6,"equal_common","rd_k",12,-0.0468991916493305,NA,NA,NA,NA,NA,NA,NA,NA,NA,NA,NA,NA,NA,NA,NA,NA,0,0,500,NA,NA,NA,"cosine","transient loss of benefit",0.8,"strong",0,"none",FALSE
6,"calendar_quadratic","rd_k",14,-0.0552277364645595,NA,NA,NA,NA,NA,NA,NA,NA,NA,NA,NA,NA,NA,NA,NA,NA,0,0,500,NA,NA,NA,"cosine","transient loss of benefit",0.8,"strong",0,"none",FALSE
6,"package_like","rd_k",12,-0.0468991916493305,NA,NA,NA,NA,NA,NA,NA,NA,NA,NA,NA,NA,NA,NA,NA,NA,0,0,500,NA,NA,NA,"cosine","transient loss of benefit",0.8,"strong",0,"none",FALSE
6,"equal_flexible","rd_k",14,-0.0552277364645595,NA,NA,NA,NA,NA,NA,NA,NA,NA,NA,NA,NA,NA,NA,NA,NA,0,0,500,NA,NA,NA,"cosine","transient loss of benefit",0.8,"strong",0,"none",FALSE
6,"equal_flexible","rd_k",12,-0.0468991916493305,NA,NA,NA,NA,NA,NA,NA,NA,NA,NA,NA,NA,NA,NA,NA,NA,0,0,500,NA,NA,NA,"cosine","transient loss of benefit",0.8,"strong",0,"none",FALSE
6,"start_saturated","rd_k",14,-0.0552277364645595,NA,NA,NA,NA,NA,NA,NA,NA,NA,NA,NA,NA,NA,NA,NA,NA,0,0,500,NA,NA,NA,"cosine","transient loss of benefit",0.8,"strong",0,"none",FALSE
7,"calendar_omitted","rd_k",4,-0.0861808913524918,NA,NA,NA,NA,NA,NA,NA,NA,NA,NA,NA,NA,NA,NA,NA,NA,0,0,500,NA,NA,NA,"none","no conditional effect modification",0,"none",0.35,"strong",FALSE
7,"equal_flexible","rd_k",6,-0.0860437223161019,NA,NA,NA,NA,NA,NA,NA,NA,NA,NA,NA,NA,NA,NA,NA,NA,0,0,500,NA,NA,NA,"none","no conditional effect modification",0,"none",0.35,"strong",FALSE
7,"equal_common","rd_k",4,-0.0861808913524918,NA,NA,NA,NA,NA,NA,NA,NA,NA,NA,NA,NA,NA,NA,NA,NA,0,0,500,NA,NA,NA,"none","no conditional effect modification",0,"none",0.35,"strong",FALSE
7,"equal_common","rd_k",6,-0.0860437223161019,NA,NA,NA,NA,NA,NA,NA,NA,NA,NA,NA,NA,NA,NA,NA,NA,0,0,500,NA,NA,NA,"none","no conditional effect modification",0,"none",0.35,"strong",FALSE
7,"package_like","rd_k",4,-0.0861808913524918,NA,NA,NA,NA,NA,NA,NA,NA,NA,NA,NA,NA,NA,NA,NA,NA,0,0,500,NA,NA,NA,"none","no conditional effect modification",0,"none",0.35,"strong",FALSE
7,"package_like","rd_k",6,-0.0860437223161019,NA,NA,NA,NA,NA,NA,NA,NA,NA,NA,NA,NA,NA,NA,NA,NA,0,0,500,NA,NA,NA,"none","no conditional effect modification",0,"none",0.35,"strong",FALSE
7,"equal_common","rd_k",0,-0.0892025,NA,NA,NA,NA,NA,NA,NA,NA,NA,NA,NA,NA,NA,NA,NA,NA,0,0,500,NA,NA,NA,"none","no conditional effect modification",0,"none",0.35,"strong",FALSE
7,"start_saturated","rd_k",0,-0.0892025,NA,NA,NA,NA,NA,NA,NA,NA,NA,NA,NA,NA,NA,NA,NA,NA,0,0,500,NA,NA,NA,"none","no conditional effect modification",0,"none",0.35,"strong",FALSE
7,"calendar_quadratic","rd_k",4,-0.0861808913524918,NA,NA,NA,NA,NA,NA,NA,NA,NA,NA,NA,NA,NA,NA,NA,NA,0,0,500,NA,NA,NA,"none","no conditional effect modification",0,"none",0.35,"strong",FALSE
7,"start_saturated","rd_k",6,-0.0860437223161019,NA,NA,NA,NA,NA,NA,NA,NA,NA,NA,NA,NA,NA,NA,NA,NA,0,0,500,NA,NA,NA,"none","no conditional effect modification",0,"none",0.35,"strong",FALSE
7,"equal_flexible","rd_k",4,-0.0861808913524918,NA,NA,NA,NA,NA,NA,NA,NA,NA,NA,NA,NA,NA,NA,NA,NA,0,0,500,NA,NA,NA,"none","no conditional effect modification",0,"none",0.35,"strong",FALSE
7,"calendar_quadratic","rd_k",6,-0.0860437223161019,NA,NA,NA,NA,NA,NA,NA,NA,NA,NA,NA,NA,NA,NA,NA,NA,0,0,500,NA,NA,NA,"none","no conditional effect modification",0,"none",0.35,"strong",FALSE
7,"equal_flexible","rd_k",0,-0.0892025,NA,NA,NA,NA,NA,NA,NA,NA,NA,NA,NA,NA,NA,NA,NA,NA,0,0,500,NA,NA,NA,"none","no conditional effect modification",0,"none",0.35,"strong",FALSE
7,"calendar_omitted","rd_k",6,-0.0860437223161019,NA,NA,NA,NA,NA,NA,NA,NA,NA,NA,NA,NA,NA,NA,NA,NA,0,0,500,NA,NA,NA,"none","no conditional effect modification",0,"none",0.35,"strong",FALSE
7,"start_saturated","rd_k",4,-0.0861808913524918,NA,NA,NA,NA,NA,NA,NA,NA,NA,NA,NA,NA,NA,NA,NA,NA,0,0,500,NA,NA,NA,"none","no conditional effect modification",0,"none",0.35,"strong",FALSE
7,"equal_flexible","rd_k",8,-0.0860423551066547,NA,NA,NA,NA,NA,NA,NA,NA,NA,NA,NA,NA,NA,NA,NA,NA,0,0,500,NA,NA,NA,"none","no conditional effect modification",0,"none",0.35,"strong",FALSE
7,"equal_common","rd_k",8,-0.0860423551066547,NA,NA,NA,NA,NA,NA,NA,NA,NA,NA,NA,NA,NA,NA,NA,NA,0,0,500,NA,NA,NA,"none","no conditional effect modification",0,"none",0.35,"strong",FALSE
7,"calendar_omitted","rd_k",2,-0.0874029008488283,NA,NA,NA,NA,NA,NA,NA,NA,NA,NA,NA,NA,NA,NA,NA,NA,0,0,500,NA,NA,NA,"none","no conditional effect modification",0,"none",0.35,"strong",FALSE
7,"calendar_quadratic","rd_k",8,-0.0860423551066547,NA,NA,NA,NA,NA,NA,NA,NA,NA,NA,NA,NA,NA,NA,NA,NA,0,0,500,NA,NA,NA,"none","no conditional effect modification",0,"none",0.35,"strong",FALSE
7,"calendar_omitted","rd_k",8,-0.0860423551066547,NA,NA,NA,NA,NA,NA,NA,NA,NA,NA,NA,NA,NA,NA,NA,NA,0,0,500,NA,NA,NA,"none","no conditional effect modification",0,"none",0.35,"strong",FALSE
7,"package_like","rd_k",0,-0.0892025,NA,NA,NA,NA,NA,NA,NA,NA,NA,NA,NA,NA,NA,NA,NA,NA,0,0,500,NA,NA,NA,"none","no conditional effect modification",0,"none",0.35,"strong",FALSE
7,"equal_common","rd_k",10,-0.0866969433620214,NA,NA,NA,NA,NA,NA,NA,NA,NA,NA,NA,NA,NA,NA,NA,NA,0,0,500,NA,NA,NA,"none","no conditional effect modification",0,"none",0.35,"strong",FALSE
7,"calendar_quadratic","rd_k",10,-0.0866969433620214,NA,NA,NA,NA,NA,NA,NA,NA,NA,NA,NA,NA,NA,NA,NA,NA,0,0,500,NA,NA,NA,"none","no conditional effect modification",0,"none",0.35,"strong",FALSE
7,"calendar_omitted","rd_k",10,-0.0866969433620214,NA,NA,NA,NA,NA,NA,NA,NA,NA,NA,NA,NA,NA,NA,NA,NA,0,0,500,NA,NA,NA,"none","no conditional effect modification",0,"none",0.35,"strong",FALSE
7,"start_saturated","rd_k",8,-0.0860423551066547,NA,NA,NA,NA,NA,NA,NA,NA,NA,NA,NA,NA,NA,NA,NA,NA,0,0,500,NA,NA,NA,"none","no conditional effect modification",0,"none",0.35,"strong",FALSE
7,"equal_flexible","rd_k",12,-0.0871631684577788,NA,NA,NA,NA,NA,NA,NA,NA,NA,NA,NA,NA,NA,NA,NA,NA,0,0,500,NA,NA,NA,"none","no conditional effect modification",0,"none",0.35,"strong",FALSE
7,"package_like","rd_k",8,-0.0860423551066547,NA,NA,NA,NA,NA,NA,NA,NA,NA,NA,NA,NA,NA,NA,NA,NA,0,0,500,NA,NA,NA,"none","no conditional effect modification",0,"none",0.35,"strong",FALSE
7,"equal_common","rd_k",2,-0.0874029008488283,NA,NA,NA,NA,NA,NA,NA,NA,NA,NA,NA,NA,NA,NA,NA,NA,0,0,500,NA,NA,NA,"none","no conditional effect modification",0,"none",0.35,"strong",FALSE
7,"calendar_quadratic","rd_k",2,-0.0874029008488283,NA,NA,NA,NA,NA,NA,NA,NA,NA,NA,NA,NA,NA,NA,NA,NA,0,0,500,NA,NA,NA,"none","no conditional effect modification",0,"none",0.35,"strong",FALSE
7,"calendar_omitted","rd_k",12,-0.0871631684577788,NA,NA,NA,NA,NA,NA,NA,NA,NA,NA,NA,NA,NA,NA,NA,NA,0,0,500,NA,NA,NA,"none","no conditional effect modification",0,"none",0.35,"strong",FALSE
7,"equal_flexible","rd_k",10,-0.0866969433620214,NA,NA,NA,NA,NA,NA,NA,NA,NA,NA,NA,NA,NA,NA,NA,NA,0,0,500,NA,NA,NA,"none","no conditional effect modification",0,"none",0.35,"strong",FALSE
7,"package_like","rd_k",22,-0.0815603150956464,NA,NA,NA,NA,NA,NA,NA,NA,NA,NA,NA,NA,NA,NA,NA,NA,0,0,500,NA,NA,NA,"none","no conditional effect modification",0,"none",0.35,"strong",FALSE
7,"equal_flexible","rd_k",22,-0.0815603150956464,NA,NA,NA,NA,NA,NA,NA,NA,NA,NA,NA,NA,NA,NA,NA,NA,0,0,500,NA,NA,NA,"none","no conditional effect modification",0,"none",0.35,"strong",FALSE
7,"equal_common","rd_k",22,-0.0815603150956464,NA,NA,NA,NA,NA,NA,NA,NA,NA,NA,NA,NA,NA,NA,NA,NA,0,0,500,NA,NA,NA,"none","no conditional effect modification",0,"none",0.35,"strong",FALSE
7,"package_like","rd_k",12,-0.0871631684577788,NA,NA,NA,NA,NA,NA,NA,NA,NA,NA,NA,NA,NA,NA,NA,NA,0,0,500,NA,NA,NA,"none","no conditional effect modification",0,"none",0.35,"strong",FALSE
7,"package_like","rd_k",2,-0.0874029008488283,NA,NA,NA,NA,NA,NA,NA,NA,NA,NA,NA,NA,NA,NA,NA,NA,0,0,500,NA,NA,NA,"none","no conditional effect modification",0,"none",0.35,"strong",FALSE
7,"equal_flexible","rd_k",2,-0.0874029008488283,NA,NA,NA,NA,NA,NA,NA,NA,NA,NA,NA,NA,NA,NA,NA,NA,0,0,500,NA,NA,NA,"none","no conditional effect modification",0,"none",0.35,"strong",FALSE
7,"calendar_quadratic","rd_k",12,-0.0871631684577788,NA,NA,NA,NA,NA,NA,NA,NA,NA,NA,NA,NA,NA,NA,NA,NA,0,0,500,NA,NA,NA,"none","no conditional effect modification",0,"none",0.35,"strong",FALSE
7,"start_saturated","rd_k",10,-0.0866969433620214,NA,NA,NA,NA,NA,NA,NA,NA,NA,NA,NA,NA,NA,NA,NA,NA,0,0,500,NA,NA,NA,"none","no conditional effect modification",0,"none",0.35,"strong",FALSE
7,"package_like","rd_k",10,-0.0866969433620214,NA,NA,NA,NA,NA,NA,NA,NA,NA,NA,NA,NA,NA,NA,NA,NA,0,0,500,NA,NA,NA,"none","no conditional effect modification",0,"none",0.35,"strong",FALSE
7,"start_saturated","rd_k",22,-0.0815603150956464,NA,NA,NA,NA,NA,NA,NA,NA,NA,NA,NA,NA,NA,NA,NA,NA,0,0,500,NA,NA,NA,"none","no conditional effect modification",0,"none",0.35,"strong",FALSE
7,"calendar_quadratic","rd_k",20,-0.0831786894932686,NA,NA,NA,NA,NA,NA,NA,NA,NA,NA,NA,NA,NA,NA,NA,NA,0,0,500,NA,NA,NA,"none","no conditional effect modification",0,"none",0.35,"strong",FALSE
7,"start_saturated","rd_k",12,-0.0871631684577788,NA,NA,NA,NA,NA,NA,NA,NA,NA,NA,NA,NA,NA,NA,NA,NA,0,0,500,NA,NA,NA,"none","no conditional effect modification",0,"none",0.35,"strong",FALSE
7,"start_saturated","rd_k",2,-0.0874029008488283,NA,NA,NA,NA,NA,NA,NA,NA,NA,NA,NA,NA,NA,NA,NA,NA,0,0,500,NA,NA,NA,"none","no conditional effect modification",0,"none",0.35,"strong",FALSE
7,"calendar_quadratic","rd_k",0,-0.0892025,NA,NA,NA,NA,NA,NA,NA,NA,NA,NA,NA,NA,NA,NA,NA,NA,0,0,500,NA,NA,NA,"none","no conditional effect modification",0,"none",0.35,"strong",FALSE
7,"calendar_omitted","rd_k",0,-0.0892025,NA,NA,NA,NA,NA,NA,NA,NA,NA,NA,NA,NA,NA,NA,NA,NA,0,0,500,NA,NA,NA,"none","no conditional effect modification",0,"none",0.35,"strong",FALSE
7,"equal_common","rd_k",12,-0.0871631684577788,NA,NA,NA,NA,NA,NA,NA,NA,NA,NA,NA,NA,NA,NA,NA,NA,0,0,500,NA,NA,NA,"none","no conditional effect modification",0,"none",0.35,"strong",FALSE
7,"equal_flexible","rd_k",14,-0.0873761003129546,NA,NA,NA,NA,NA,NA,NA,NA,NA,NA,NA,NA,NA,NA,NA,NA,0,0,500,NA,NA,NA,"none","no conditional effect modification",0,"none",0.35,"strong",FALSE
7,"package_like","rd_k",20,-0.0831786894932686,NA,NA,NA,NA,NA,NA,NA,NA,NA,NA,NA,NA,NA,NA,NA,NA,0,0,500,NA,NA,NA,"none","no conditional effect modification",0,"none",0.35,"strong",FALSE
7,"equal_flexible","rd_k",20,-0.0831786894932686,NA,NA,NA,NA,NA,NA,NA,NA,NA,NA,NA,NA,NA,NA,NA,NA,0,0,500,NA,NA,NA,"none","no conditional effect modification",0,"none",0.35,"strong",FALSE
7,"equal_common","rd_k",20,-0.0831786894932686,NA,NA,NA,NA,NA,NA,NA,NA,NA,NA,NA,NA,NA,NA,NA,NA,0,0,500,NA,NA,NA,"none","no conditional effect modification",0,"none",0.35,"strong",FALSE
7,"calendar_omitted","rd_k",14,-0.0873761003129546,NA,NA,NA,NA,NA,NA,NA,NA,NA,NA,NA,NA,NA,NA,NA,NA,0,0,500,NA,NA,NA,"none","no conditional effect modification",0,"none",0.35,"strong",FALSE
7,"package_like","rd_k",16,-0.0864122599731341,NA,NA,NA,NA,NA,NA,NA,NA,NA,NA,NA,NA,NA,NA,NA,NA,0,0,500,NA,NA,NA,"none","no conditional effect modification",0,"none",0.35,"strong",FALSE
7,"calendar_omitted","rd_k",20,-0.0831786894932686,NA,NA,NA,NA,NA,NA,NA,NA,NA,NA,NA,NA,NA,NA,NA,NA,0,0,500,NA,NA,NA,"none","no conditional effect modification",0,"none",0.35,"strong",FALSE
7,"start_saturated","rd_k",18,-0.0853633796007867,NA,NA,NA,NA,NA,NA,NA,NA,NA,NA,NA,NA,NA,NA,NA,NA,0,0,500,NA,NA,NA,"none","no conditional effect modification",0,"none",0.35,"strong",FALSE
7,"package_like","rd_k",18,-0.0853633796007867,NA,NA,NA,NA,NA,NA,NA,NA,NA,NA,NA,NA,NA,NA,NA,NA,0,0,500,NA,NA,NA,"none","no conditional effect modification",0,"none",0.35,"strong",FALSE
7,"calendar_omitted","rd_k",16,-0.0864122599731341,NA,NA,NA,NA,NA,NA,NA,NA,NA,NA,NA,NA,NA,NA,NA,NA,0,0,500,NA,NA,NA,"none","no conditional effect modification",0,"none",0.35,"strong",FALSE
7,"start_saturated","rd_k",14,-0.0873761003129546,NA,NA,NA,NA,NA,NA,NA,NA,NA,NA,NA,NA,NA,NA,NA,NA,0,0,500,NA,NA,NA,"none","no conditional effect modification",0,"none",0.35,"strong",FALSE
7,"package_like","rd_k",14,-0.0873761003129546,NA,NA,NA,NA,NA,NA,NA,NA,NA,NA,NA,NA,NA,NA,NA,NA,0,0,500,NA,NA,NA,"none","no conditional effect modification",0,"none",0.35,"strong",FALSE
7,"start_saturated","rd_k",20,-0.0831786894932686,NA,NA,NA,NA,NA,NA,NA,NA,NA,NA,NA,NA,NA,NA,NA,NA,0,0,500,NA,NA,NA,"none","no conditional effect modification",0,"none",0.35,"strong",FALSE
7,"calendar_quadratic","rd_k",18,-0.0853633796007867,NA,NA,NA,NA,NA,NA,NA,NA,NA,NA,NA,NA,NA,NA,NA,NA,0,0,500,NA,NA,NA,"none","no conditional effect modification",0,"none",0.35,"strong",FALSE
7,"equal_common","rd_k",14,-0.0873761003129546,NA,NA,NA,NA,NA,NA,NA,NA,NA,NA,NA,NA,NA,NA,NA,NA,0,0,500,NA,NA,NA,"none","no conditional effect modification",0,"none",0.35,"strong",FALSE
7,"calendar_quadratic","rd_k",14,-0.0873761003129546,NA,NA,NA,NA,NA,NA,NA,NA,NA,NA,NA,NA,NA,NA,NA,NA,0,0,500,NA,NA,NA,"none","no conditional effect modification",0,"none",0.35,"strong",FALSE
7,"start_saturated","rd_k",16,-0.0864122599731341,NA,NA,NA,NA,NA,NA,NA,NA,NA,NA,NA,NA,NA,NA,NA,NA,0,0,500,NA,NA,NA,"none","no conditional effect modification",0,"none",0.35,"strong",FALSE
7,"equal_common","rd_k",18,-0.0853633796007867,NA,NA,NA,NA,NA,NA,NA,NA,NA,NA,NA,NA,NA,NA,NA,NA,0,0,500,NA,NA,NA,"none","no conditional effect modification",0,"none",0.35,"strong",FALSE
7,"equal_flexible","rd_k",16,-0.0864122599731341,NA,NA,NA,NA,NA,NA,NA,NA,NA,NA,NA,NA,NA,NA,NA,NA,0,0,500,NA,NA,NA,"none","no conditional effect modification",0,"none",0.35,"strong",FALSE
7,"equal_common","rd_k",16,-0.0864122599731341,NA,NA,NA,NA,NA,NA,NA,NA,NA,NA,NA,NA,NA,NA,NA,NA,0,0,500,NA,NA,NA,"none","no conditional effect modification",0,"none",0.35,"strong",FALSE
7,"calendar_quadratic","rd_k",16,-0.0864122599731341,NA,NA,NA,NA,NA,NA,NA,NA,NA,NA,NA,NA,NA,NA,NA,NA,0,0,500,NA,NA,NA,"none","no conditional effect modification",0,"none",0.35,"strong",FALSE
7,"equal_flexible","rd_k",18,-0.0853633796007867,NA,NA,NA,NA,NA,NA,NA,NA,NA,NA,NA,NA,NA,NA,NA,NA,0,0,500,NA,NA,NA,"none","no conditional effect modification",0,"none",0.35,"strong",FALSE
7,"calendar_quadratic","rd_k",22,-0.0815603150956464,NA,NA,NA,NA,NA,NA,NA,NA,NA,NA,NA,NA,NA,NA,NA,NA,0,0,500,NA,NA,NA,"none","no conditional effect modification",0,"none",0.35,"strong",FALSE
7,"calendar_omitted","rd_k",22,-0.0815603150956464,NA,NA,NA,NA,NA,NA,NA,NA,NA,NA,NA,NA,NA,NA,NA,NA,0,0,500,NA,NA,NA,"none","no conditional effect modification",0,"none",0.35,"strong",FALSE
7,"calendar_omitted","rd_k",18,-0.0853633796007867,NA,NA,NA,NA,NA,NA,NA,NA,NA,NA,NA,NA,NA,NA,NA,NA,0,0,500,NA,NA,NA,"none","no conditional effect modification",0,"none",0.35,"strong",FALSE
8,"start_saturated","rd_k",8,-0.0941435778761091,NA,NA,NA,NA,NA,NA,NA,NA,NA,NA,NA,NA,NA,NA,NA,NA,0,0,500,NA,NA,NA,"monotone","monotone conditional effect modification",0,"none",0.35,"strong",FALSE
8,"package_like","rd_k",6,-0.0994305238336184,NA,NA,NA,NA,NA,NA,NA,NA,NA,NA,NA,NA,NA,NA,NA,NA,0,0,500,NA,NA,NA,"monotone","monotone conditional effect modification",0,"none",0.35,"strong",FALSE
8,"calendar_quadratic","rd_k",8,-0.0941435778761091,NA,NA,NA,NA,NA,NA,NA,NA,NA,NA,NA,NA,NA,NA,NA,NA,0,0,500,NA,NA,NA,"monotone","monotone conditional effect modification",0,"none",0.35,"strong",FALSE
8,"calendar_omitted","rd_k",10,-0.0895031444777737,NA,NA,NA,NA,NA,NA,NA,NA,NA,NA,NA,NA,NA,NA,NA,NA,0,0,500,NA,NA,NA,"monotone","monotone conditional effect modification",0,"none",0.35,"strong",FALSE
8,"equal_flexible","rd_k",10,-0.0895031444777737,NA,NA,NA,NA,NA,NA,NA,NA,NA,NA,NA,NA,NA,NA,NA,NA,0,0,500,NA,NA,NA,"monotone","monotone conditional effect modification",0,"none",0.35,"strong",FALSE
8,"equal_common","rd_k",10,-0.0895031444777737,NA,NA,NA,NA,NA,NA,NA,NA,NA,NA,NA,NA,NA,NA,NA,NA,0,0,500,NA,NA,NA,"monotone","monotone conditional effect modification",0,"none",0.35,"strong",FALSE
8,"calendar_omitted","rd_k",4,-0.104532112015306,NA,NA,NA,NA,NA,NA,NA,NA,NA,NA,NA,NA,NA,NA,NA,NA,0,0,500,NA,NA,NA,"monotone","monotone conditional effect modification",0,"none",0.35,"strong",FALSE
8,"start_saturated","rd_k",6,-0.0994305238336184,NA,NA,NA,NA,NA,NA,NA,NA,NA,NA,NA,NA,NA,NA,NA,NA,0,0,500,NA,NA,NA,"monotone","monotone conditional effect modification",0,"none",0.35,"strong",FALSE
8,"equal_flexible","rd_k",6,-0.0994305238336184,NA,NA,NA,NA,NA,NA,NA,NA,NA,NA,NA,NA,NA,NA,NA,NA,0,0,500,NA,NA,NA,"monotone","monotone conditional effect modification",0,"none",0.35,"strong",FALSE
8,"equal_common","rd_k",6,-0.0994305238336184,NA,NA,NA,NA,NA,NA,NA,NA,NA,NA,NA,NA,NA,NA,NA,NA,0,0,500,NA,NA,NA,"monotone","monotone conditional effect modification",0,"none",0.35,"strong",FALSE
8,"package_like","rd_k",8,-0.0941435778761091,NA,NA,NA,NA,NA,NA,NA,NA,NA,NA,NA,NA,NA,NA,NA,NA,0,0,500,NA,NA,NA,"monotone","monotone conditional effect modification",0,"none",0.35,"strong",FALSE
8,"calendar_quadratic","rd_k",10,-0.0895031444777737,NA,NA,NA,NA,NA,NA,NA,NA,NA,NA,NA,NA,NA,NA,NA,NA,0,0,500,NA,NA,NA,"monotone","monotone conditional effect modification",0,"none",0.35,"strong",FALSE
8,"equal_common","rd_k",8,-0.0941435778761091,NA,NA,NA,NA,NA,NA,NA,NA,NA,NA,NA,NA,NA,NA,NA,NA,0,0,500,NA,NA,NA,"monotone","monotone conditional effect modification",0,"none",0.35,"strong",FALSE
8,"package_like","rd_k",4,-0.104532112015306,NA,NA,NA,NA,NA,NA,NA,NA,NA,NA,NA,NA,NA,NA,NA,NA,0,0,500,NA,NA,NA,"monotone","monotone conditional effect modification",0,"none",0.35,"strong",FALSE
8,"calendar_omitted","rd_k",8,-0.0941435778761091,NA,NA,NA,NA,NA,NA,NA,NA,NA,NA,NA,NA,NA,NA,NA,NA,0,0,500,NA,NA,NA,"monotone","monotone conditional effect modification",0,"none",0.35,"strong",FALSE
8,"package_like","rd_k",10,-0.0895031444777737,NA,NA,NA,NA,NA,NA,NA,NA,NA,NA,NA,NA,NA,NA,NA,NA,0,0,500,NA,NA,NA,"monotone","monotone conditional effect modification",0,"none",0.35,"strong",FALSE
8,"equal_common","rd_k",4,-0.104532112015306,NA,NA,NA,NA,NA,NA,NA,NA,NA,NA,NA,NA,NA,NA,NA,NA,0,0,500,NA,NA,NA,"monotone","monotone conditional effect modification",0,"none",0.35,"strong",FALSE
8,"calendar_quadratic","rd_k",4,-0.104532112015306,NA,NA,NA,NA,NA,NA,NA,NA,NA,NA,NA,NA,NA,NA,NA,NA,0,0,500,NA,NA,NA,"monotone","monotone conditional effect modification",0,"none",0.35,"strong",FALSE
8,"start_saturated","rd_k",12,-0.0843431713174354,NA,NA,NA,NA,NA,NA,NA,NA,NA,NA,NA,NA,NA,NA,NA,NA,0,0,500,NA,NA,NA,"monotone","monotone conditional effect modification",0,"none",0.35,"strong",FALSE
8,"equal_flexible","rd_k",0,-0.1178265,NA,NA,NA,NA,NA,NA,NA,NA,NA,NA,NA,NA,NA,NA,NA,NA,0,0,500,NA,NA,NA,"monotone","monotone conditional effect modification",0,"none",0.35,"strong",FALSE
8,"equal_common","rd_k",0,-0.1178265,NA,NA,NA,NA,NA,NA,NA,NA,NA,NA,NA,NA,NA,NA,NA,NA,0,0,500,NA,NA,NA,"monotone","monotone conditional effect modification",0,"none",0.35,"strong",FALSE
8,"calendar_quadratic","rd_k",6,-0.0994305238336184,NA,NA,NA,NA,NA,NA,NA,NA,NA,NA,NA,NA,NA,NA,NA,NA,0,0,500,NA,NA,NA,"monotone","monotone conditional effect modification",0,"none",0.35,"strong",FALSE
8,"equal_flexible","rd_k",8,-0.0941435778761091,NA,NA,NA,NA,NA,NA,NA,NA,NA,NA,NA,NA,NA,NA,NA,NA,0,0,500,NA,NA,NA,"monotone","monotone conditional effect modification",0,"none",0.35,"strong",FALSE
8,"start_saturated","rd_k",4,-0.104532112015306,NA,NA,NA,NA,NA,NA,NA,NA,NA,NA,NA,NA,NA,NA,NA,NA,0,0,500,NA,NA,NA,"monotone","monotone conditional effect modification",0,"none",0.35,"strong",FALSE
8,"calendar_omitted","rd_k",12,-0.0843431713174354,NA,NA,NA,NA,NA,NA,NA,NA,NA,NA,NA,NA,NA,NA,NA,NA,0,0,500,NA,NA,NA,"monotone","monotone conditional effect modification",0,"none",0.35,"strong",FALSE
8,"start_saturated","rd_k",10,-0.0895031444777737,NA,NA,NA,NA,NA,NA,NA,NA,NA,NA,NA,NA,NA,NA,NA,NA,0,0,500,NA,NA,NA,"monotone","monotone conditional effect modification",0,"none",0.35,"strong",FALSE
8,"equal_flexible","rd_k",4,-0.104532112015306,NA,NA,NA,NA,NA,NA,NA,NA,NA,NA,NA,NA,NA,NA,NA,NA,0,0,500,NA,NA,NA,"monotone","monotone conditional effect modification",0,"none",0.35,"strong",FALSE
8,"start_saturated","rd_k",0,-0.1178265,NA,NA,NA,NA,NA,NA,NA,NA,NA,NA,NA,NA,NA,NA,NA,NA,0,0,500,NA,NA,NA,"monotone","monotone conditional effect modification",0,"none",0.35,"strong",FALSE
8,"calendar_omitted","rd_k",14,-0.0787585085635137,NA,NA,NA,NA,NA,NA,NA,NA,NA,NA,NA,NA,NA,NA,NA,NA,0,0,500,NA,NA,NA,"monotone","monotone conditional effect modification",0,"none",0.35,"strong",FALSE
8,"package_like","rd_k",0,-0.1178265,NA,NA,NA,NA,NA,NA,NA,NA,NA,NA,NA,NA,NA,NA,NA,NA,0,0,500,NA,NA,NA,"monotone","monotone conditional effect modification",0,"none",0.35,"strong",FALSE
8,"package_like","rd_k",12,-0.0843431713174354,NA,NA,NA,NA,NA,NA,NA,NA,NA,NA,NA,NA,NA,NA,NA,NA,0,0,500,NA,NA,NA,"monotone","monotone conditional effect modification",0,"none",0.35,"strong",FALSE
8,"equal_flexible","rd_k",12,-0.0843431713174354,NA,NA,NA,NA,NA,NA,NA,NA,NA,NA,NA,NA,NA,NA,NA,NA,0,0,500,NA,NA,NA,"monotone","monotone conditional effect modification",0,"none",0.35,"strong",FALSE
8,"calendar_omitted","rd_k",6,-0.0994305238336184,NA,NA,NA,NA,NA,NA,NA,NA,NA,NA,NA,NA,NA,NA,NA,NA,0,0,500,NA,NA,NA,"monotone","monotone conditional effect modification",0,"none",0.35,"strong",FALSE
8,"calendar_quadratic","rd_k",12,-0.0843431713174354,NA,NA,NA,NA,NA,NA,NA,NA,NA,NA,NA,NA,NA,NA,NA,NA,0,0,500,NA,NA,NA,"monotone","monotone conditional effect modification",0,"none",0.35,"strong",FALSE
8,"equal_common","rd_k",2,-0.111096791046021,NA,NA,NA,NA,NA,NA,NA,NA,NA,NA,NA,NA,NA,NA,NA,NA,0,0,500,NA,NA,NA,"monotone","monotone conditional effect modification",0,"none",0.35,"strong",FALSE
8,"calendar_quadratic","rd_k",2,-0.111096791046021,NA,NA,NA,NA,NA,NA,NA,NA,NA,NA,NA,NA,NA,NA,NA,NA,0,0,500,NA,NA,NA,"monotone","monotone conditional effect modification",0,"none",0.35,"strong",FALSE
8,"calendar_omitted","rd_k",2,-0.111096791046021,NA,NA,NA,NA,NA,NA,NA,NA,NA,NA,NA,NA,NA,NA,NA,NA,0,0,500,NA,NA,NA,"monotone","monotone conditional effect modification",0,"none",0.35,"strong",FALSE
8,"calendar_quadratic","rd_k",14,-0.0787585085635137,NA,NA,NA,NA,NA,NA,NA,NA,NA,NA,NA,NA,NA,NA,NA,NA,0,0,500,NA,NA,NA,"monotone","monotone conditional effect modification",0,"none",0.35,"strong",FALSE
8,"equal_flexible","rd_k",16,-0.0716023532274053,NA,NA,NA,NA,NA,NA,NA,NA,NA,NA,NA,NA,NA,NA,NA,NA,0,0,500,NA,NA,NA,"monotone","monotone conditional effect modification",0,"none",0.35,"strong",FALSE
8,"equal_flexible","rd_k",22,-0.0483643829258831,NA,NA,NA,NA,NA,NA,NA,NA,NA,NA,NA,NA,NA,NA,NA,NA,0,0,500,NA,NA,NA,"monotone","monotone conditional effect modification",0,"none",0.35,"strong",FALSE
8,"equal_common","rd_k",22,-0.0483643829258831,NA,NA,NA,NA,NA,NA,NA,NA,NA,NA,NA,NA,NA,NA,NA,NA,0,0,500,NA,NA,NA,"monotone","monotone conditional effect modification",0,"none",0.35,"strong",FALSE
8,"calendar_omitted","rd_k",16,-0.0716023532274053,NA,NA,NA,NA,NA,NA,NA,NA,NA,NA,NA,NA,NA,NA,NA,NA,0,0,500,NA,NA,NA,"monotone","monotone conditional effect modification",0,"none",0.35,"strong",FALSE
8,"equal_common","rd_k",12,-0.0843431713174354,NA,NA,NA,NA,NA,NA,NA,NA,NA,NA,NA,NA,NA,NA,NA,NA,0,0,500,NA,NA,NA,"monotone","monotone conditional effect modification",0,"none",0.35,"strong",FALSE
8,"equal_flexible","rd_k",2,-0.111096791046021,NA,NA,NA,NA,NA,NA,NA,NA,NA,NA,NA,NA,NA,NA,NA,NA,0,0,500,NA,NA,NA,"monotone","monotone conditional effect modification",0,"none",0.35,"strong",FALSE
8,"equal_flexible","rd_k",14,-0.0787585085635137,NA,NA,NA,NA,NA,NA,NA,NA,NA,NA,NA,NA,NA,NA,NA,NA,0,0,500,NA,NA,NA,"monotone","monotone conditional effect modification",0,"none",0.35,"strong",FALSE
8,"equal_common","rd_k",14,-0.0787585085635137,NA,NA,NA,NA,NA,NA,NA,NA,NA,NA,NA,NA,NA,NA,NA,NA,0,0,500,NA,NA,NA,"monotone","monotone conditional effect modification",0,"none",0.35,"strong",FALSE
8,"start_saturated","rd_k",16,-0.0716023532274053,NA,NA,NA,NA,NA,NA,NA,NA,NA,NA,NA,NA,NA,NA,NA,NA,0,0,500,NA,NA,NA,"monotone","monotone conditional effect modification",0,"none",0.35,"strong",FALSE
8,"package_like","rd_k",16,-0.0716023532274053,NA,NA,NA,NA,NA,NA,NA,NA,NA,NA,NA,NA,NA,NA,NA,NA,0,0,500,NA,NA,NA,"monotone","monotone conditional effect modification",0,"none",0.35,"strong",FALSE
8,"start_saturated","rd_k",22,-0.0483643829258831,NA,NA,NA,NA,NA,NA,NA,NA,NA,NA,NA,NA,NA,NA,NA,NA,0,0,500,NA,NA,NA,"monotone","monotone conditional effect modification",0,"none",0.35,"strong",FALSE
8,"package_like","rd_k",22,-0.0483643829258831,NA,NA,NA,NA,NA,NA,NA,NA,NA,NA,NA,NA,NA,NA,NA,NA,0,0,500,NA,NA,NA,"monotone","monotone conditional effect modification",0,"none",0.35,"strong",FALSE
8,"equal_common","rd_k",16,-0.0716023532274053,NA,NA,NA,NA,NA,NA,NA,NA,NA,NA,NA,NA,NA,NA,NA,NA,0,0,500,NA,NA,NA,"monotone","monotone conditional effect modification",0,"none",0.35,"strong",FALSE
8,"calendar_quadratic","rd_k",16,-0.0716023532274053,NA,NA,NA,NA,NA,NA,NA,NA,NA,NA,NA,NA,NA,NA,NA,NA,0,0,500,NA,NA,NA,"monotone","monotone conditional effect modification",0,"none",0.35,"strong",FALSE
8,"start_saturated","rd_k",2,-0.111096791046021,NA,NA,NA,NA,NA,NA,NA,NA,NA,NA,NA,NA,NA,NA,NA,NA,0,0,500,NA,NA,NA,"monotone","monotone conditional effect modification",0,"none",0.35,"strong",FALSE
8,"package_like","rd_k",2,-0.111096791046021,NA,NA,NA,NA,NA,NA,NA,NA,NA,NA,NA,NA,NA,NA,NA,NA,0,0,500,NA,NA,NA,"monotone","monotone conditional effect modification",0,"none",0.35,"strong",FALSE
8,"calendar_omitted","rd_k",0,-0.1178265,NA,NA,NA,NA,NA,NA,NA,NA,NA,NA,NA,NA,NA,NA,NA,NA,0,0,500,NA,NA,NA,"monotone","monotone conditional effect modification",0,"none",0.35,"strong",FALSE
8,"package_like","rd_k",14,-0.0787585085635137,NA,NA,NA,NA,NA,NA,NA,NA,NA,NA,NA,NA,NA,NA,NA,NA,0,0,500,NA,NA,NA,"monotone","monotone conditional effect modification",0,"none",0.35,"strong",FALSE
8,"equal_common","rd_k",18,-0.0644487832671719,NA,NA,NA,NA,NA,NA,NA,NA,NA,NA,NA,NA,NA,NA,NA,NA,0,0,500,NA,NA,NA,"monotone","monotone conditional effect modification",0,"none",0.35,"strong",FALSE
8,"calendar_omitted","rd_k",18,-0.0644487832671719,NA,NA,NA,NA,NA,NA,NA,NA,NA,NA,NA,NA,NA,NA,NA,NA,0,0,500,NA,NA,NA,"monotone","monotone conditional effect modification",0,"none",0.35,"strong",FALSE
8,"package_like","rd_k",20,-0.0564064072057109,NA,NA,NA,NA,NA,NA,NA,NA,NA,NA,NA,NA,NA,NA,NA,NA,0,0,500,NA,NA,NA,"monotone","monotone conditional effect modification",0,"none",0.35,"strong",FALSE
8,"equal_flexible","rd_k",20,-0.0564064072057109,NA,NA,NA,NA,NA,NA,NA,NA,NA,NA,NA,NA,NA,NA,NA,NA,0,0,500,NA,NA,NA,"monotone","monotone conditional effect modification",0,"none",0.35,"strong",FALSE
8,"equal_common","rd_k",20,-0.0564064072057109,NA,NA,NA,NA,NA,NA,NA,NA,NA,NA,NA,NA,NA,NA,NA,NA,0,0,500,NA,NA,NA,"monotone","monotone conditional effect modification",0,"none",0.35,"strong",FALSE
8,"calendar_quadratic","rd_k",20,-0.0564064072057109,NA,NA,NA,NA,NA,NA,NA,NA,NA,NA,NA,NA,NA,NA,NA,NA,0,0,500,NA,NA,NA,"monotone","monotone conditional effect modification",0,"none",0.35,"strong",FALSE
8,"start_saturated","rd_k",14,-0.0787585085635137,NA,NA,NA,NA,NA,NA,NA,NA,NA,NA,NA,NA,NA,NA,NA,NA,0,0,500,NA,NA,NA,"monotone","monotone conditional effect modification",0,"none",0.35,"strong",FALSE
8,"calendar_omitted","rd_k",20,-0.0564064072057109,NA,NA,NA,NA,NA,NA,NA,NA,NA,NA,NA,NA,NA,NA,NA,NA,0,0,500,NA,NA,NA,"monotone","monotone conditional effect modification",0,"none",0.35,"strong",FALSE
8,"start_saturated","rd_k",18,-0.0644487832671719,NA,NA,NA,NA,NA,NA,NA,NA,NA,NA,NA,NA,NA,NA,NA,NA,0,0,500,NA,NA,NA,"monotone","monotone conditional effect modification",0,"none",0.35,"strong",FALSE
8,"calendar_quadratic","rd_k",0,-0.1178265,NA,NA,NA,NA,NA,NA,NA,NA,NA,NA,NA,NA,NA,NA,NA,NA,0,0,500,NA,NA,NA,"monotone","monotone conditional effect modification",0,"none",0.35,"strong",FALSE
8,"start_saturated","rd_k",20,-0.0564064072057109,NA,NA,NA,NA,NA,NA,NA,NA,NA,NA,NA,NA,NA,NA,NA,NA,0,0,500,NA,NA,NA,"monotone","monotone conditional effect modification",0,"none",0.35,"strong",FALSE
8,"equal_flexible","rd_k",18,-0.0644487832671719,NA,NA,NA,NA,NA,NA,NA,NA,NA,NA,NA,NA,NA,NA,NA,NA,0,0,500,NA,NA,NA,"monotone","monotone conditional effect modification",0,"none",0.35,"strong",FALSE
8,"calendar_quadratic","rd_k",22,-0.0483643829258831,NA,NA,NA,NA,NA,NA,NA,NA,NA,NA,NA,NA,NA,NA,NA,NA,0,0,500,NA,NA,NA,"monotone","monotone conditional effect modification",0,"none",0.35,"strong",FALSE
8,"calendar_quadratic","rd_k",18,-0.0644487832671719,NA,NA,NA,NA,NA,NA,NA,NA,NA,NA,NA,NA,NA,NA,NA,NA,0,0,500,NA,NA,NA,"monotone","monotone conditional effect modification",0,"none",0.35,"strong",FALSE
8,"package_like","rd_k",18,-0.0644487832671719,NA,NA,NA,NA,NA,NA,NA,NA,NA,NA,NA,NA,NA,NA,NA,NA,0,0,500,NA,NA,NA,"monotone","monotone conditional effect modification",0,"none",0.35,"strong",FALSE
8,"calendar_omitted","rd_k",22,-0.0483643829258831,NA,NA,NA,NA,NA,NA,NA,NA,NA,NA,NA,NA,NA,NA,NA,NA,0,0,500,NA,NA,NA,"monotone","monotone conditional effect modification",0,"none",0.35,"strong",FALSE
9,"package_like","rd_k",10,-0.0538000056067954,NA,NA,NA,NA,NA,NA,NA,NA,NA,NA,NA,NA,NA,NA,NA,NA,0,0,500,NA,NA,NA,"cosine","transient loss of benefit",0,"none",0.35,"strong",FALSE
9,"equal_flexible","rd_k",10,-0.0538000056067954,NA,NA,NA,NA,NA,NA,NA,NA,NA,NA,NA,NA,NA,NA,NA,NA,0,0,500,NA,NA,NA,"cosine","transient loss of benefit",0,"none",0.35,"strong",FALSE
9,"equal_common","rd_k",10,-0.0538000056067954,NA,NA,NA,NA,NA,NA,NA,NA,NA,NA,NA,NA,NA,NA,NA,NA,0,0,500,NA,NA,NA,"cosine","transient loss of benefit",0,"none",0.35,"strong",FALSE
9,"package_like","rd_k",6,-0.081512804879404,NA,NA,NA,NA,NA,NA,NA,NA,NA,NA,NA,NA,NA,NA,NA,NA,0,0,500,NA,NA,NA,"cosine","transient loss of benefit",0,"none",0.35,"strong",FALSE
9,"equal_common","rd_k",12,-0.053941055589011,NA,NA,NA,NA,NA,NA,NA,NA,NA,NA,NA,NA,NA,NA,NA,NA,0,0,500,NA,NA,NA,"cosine","transient loss of benefit",0,"none",0.35,"strong",FALSE
9,"calendar_quadratic","rd_k",12,-0.053941055589011,NA,NA,NA,NA,NA,NA,NA,NA,NA,NA,NA,NA,NA,NA,NA,NA,0,0,500,NA,NA,NA,"cosine","transient loss of benefit",0,"none",0.35,"strong",FALSE
9,"calendar_omitted","rd_k",12,-0.053941055589011,NA,NA,NA,NA,NA,NA,NA,NA,NA,NA,NA,NA,NA,NA,NA,NA,0,0,500,NA,NA,NA,"cosine","transient loss of benefit",0,"none",0.35,"strong",FALSE
9,"start_saturated","rd_k",10,-0.0538000056067954,NA,NA,NA,NA,NA,NA,NA,NA,NA,NA,NA,NA,NA,NA,NA,NA,0,0,500,NA,NA,NA,"cosine","transient loss of benefit",0,"none",0.35,"strong",FALSE
9,"calendar_quadratic","rd_k",8,-0.0642245734311905,NA,NA,NA,NA,NA,NA,NA,NA,NA,NA,NA,NA,NA,NA,NA,NA,0,0,500,NA,NA,NA,"cosine","transient loss of benefit",0,"none",0.35,"strong",FALSE
9,"start_saturated","rd_k",6,-0.081512804879404,NA,NA,NA,NA,NA,NA,NA,NA,NA,NA,NA,NA,NA,NA,NA,NA,0,0,500,NA,NA,NA,"cosine","transient loss of benefit",0,"none",0.35,"strong",FALSE
9,"start_saturated","rd_k",12,-0.053941055589011,NA,NA,NA,NA,NA,NA,NA,NA,NA,NA,NA,NA,NA,NA,NA,NA,0,0,500,NA,NA,NA,"cosine","transient loss of benefit",0,"none",0.35,"strong",FALSE
9,"package_like","rd_k",12,-0.053941055589011,NA,NA,NA,NA,NA,NA,NA,NA,NA,NA,NA,NA,NA,NA,NA,NA,0,0,500,NA,NA,NA,"cosine","transient loss of benefit",0,"none",0.35,"strong",FALSE
9,"equal_flexible","rd_k",12,-0.053941055589011,NA,NA,NA,NA,NA,NA,NA,NA,NA,NA,NA,NA,NA,NA,NA,NA,0,0,500,NA,NA,NA,"cosine","transient loss of benefit",0,"none",0.35,"strong",FALSE
9,"calendar_omitted","rd_k",16,-0.0819967232887207,NA,NA,NA,NA,NA,NA,NA,NA,NA,NA,NA,NA,NA,NA,NA,NA,0,0,500,NA,NA,NA,"cosine","transient loss of benefit",0,"none",0.35,"strong",FALSE
9,"calendar_quadratic","rd_k",0,-0.1178265,NA,NA,NA,NA,NA,NA,NA,NA,NA,NA,NA,NA,NA,NA,NA,NA,0,0,500,NA,NA,NA,"cosine","transient loss of benefit",0,"none",0.35,"strong",FALSE
9,"calendar_omitted","rd_k",0,-0.1178265,NA,NA,NA,NA,NA,NA,NA,NA,NA,NA,NA,NA,NA,NA,NA,NA,0,0,500,NA,NA,NA,"cosine","transient loss of benefit",0,"none",0.35,"strong",FALSE
9,"equal_common","rd_k",8,-0.0642245734311905,NA,NA,NA,NA,NA,NA,NA,NA,NA,NA,NA,NA,NA,NA,NA,NA,0,0,500,NA,NA,NA,"cosine","transient loss of benefit",0,"none",0.35,"strong",FALSE
9,"calendar_omitted","rd_k",8,-0.0642245734311905,NA,NA,NA,NA,NA,NA,NA,NA,NA,NA,NA,NA,NA,NA,NA,NA,0,0,500,NA,NA,NA,"cosine","transient loss of benefit",0,"none",0.35,"strong",FALSE
9,"calendar_omitted","rd_k",14,-0.0654332229676846,NA,NA,NA,NA,NA,NA,NA,NA,NA,NA,NA,NA,NA,NA,NA,NA,0,0,500,NA,NA,NA,"cosine","transient loss of benefit",0,"none",0.35,"strong",FALSE
9,"equal_common","rd_k",4,-0.0984464887106708,NA,NA,NA,NA,NA,NA,NA,NA,NA,NA,NA,NA,NA,NA,NA,NA,0,0,500,NA,NA,NA,"cosine","transient loss of benefit",0,"none",0.35,"strong",FALSE
9,"calendar_quadratic","rd_k",4,-0.0984464887106708,NA,NA,NA,NA,NA,NA,NA,NA,NA,NA,NA,NA,NA,NA,NA,NA,0,0,500,NA,NA,NA,"cosine","transient loss of benefit",0,"none",0.35,"strong",FALSE
9,"calendar_omitted","rd_k",4,-0.0984464887106708,NA,NA,NA,NA,NA,NA,NA,NA,NA,NA,NA,NA,NA,NA,NA,NA,0,0,500,NA,NA,NA,"cosine","transient loss of benefit",0,"none",0.35,"strong",FALSE
9,"calendar_quadratic","rd_k",16,-0.0819967232887207,NA,NA,NA,NA,NA,NA,NA,NA,NA,NA,NA,NA,NA,NA,NA,NA,0,0,500,NA,NA,NA,"cosine","transient loss of benefit",0,"none",0.35,"strong",FALSE
9,"calendar_omitted","rd_k",10,-0.0538000056067954,NA,NA,NA,NA,NA,NA,NA,NA,NA,NA,NA,NA,NA,NA,NA,NA,0,0,500,NA,NA,NA,"cosine","transient loss of benefit",0,"none",0.35,"strong",FALSE
9,"start_saturated","rd_k",8,-0.0642245734311905,NA,NA,NA,NA,NA,NA,NA,NA,NA,NA,NA,NA,NA,NA,NA,NA,0,0,500,NA,NA,NA,"cosine","transient loss of benefit",0,"none",0.35,"strong",FALSE
9,"package_like","rd_k",8,-0.0642245734311905,NA,NA,NA,NA,NA,NA,NA,NA,NA,NA,NA,NA,NA,NA,NA,NA,0,0,500,NA,NA,NA,"cosine","transient loss of benefit",0,"none",0.35,"strong",FALSE
9,"equal_flexible","rd_k",8,-0.0642245734311905,NA,NA,NA,NA,NA,NA,NA,NA,NA,NA,NA,NA,NA,NA,NA,NA,0,0,500,NA,NA,NA,"cosine","transient loss of benefit",0,"none",0.35,"strong",FALSE
9,"equal_flexible","rd_k",14,-0.0654332229676846,NA,NA,NA,NA,NA,NA,NA,NA,NA,NA,NA,NA,NA,NA,NA,NA,0,0,500,NA,NA,NA,"cosine","transient loss of benefit",0,"none",0.35,"strong",FALSE
9,"package_like","rd_k",4,-0.0984464887106708,NA,NA,NA,NA,NA,NA,NA,NA,NA,NA,NA,NA,NA,NA,NA,NA,0,0,500,NA,NA,NA,"cosine","transient loss of benefit",0,"none",0.35,"strong",FALSE
9,"calendar_quadratic","rd_k",14,-0.0654332229676846,NA,NA,NA,NA,NA,NA,NA,NA,NA,NA,NA,NA,NA,NA,NA,NA,0,0,500,NA,NA,NA,"cosine","transient loss of benefit",0,"none",0.35,"strong",FALSE
9,"equal_flexible","rd_k",4,-0.0984464887106708,NA,NA,NA,NA,NA,NA,NA,NA,NA,NA,NA,NA,NA,NA,NA,NA,0,0,500,NA,NA,NA,"cosine","transient loss of benefit",0,"none",0.35,"strong",FALSE
9,"start_saturated","rd_k",0,-0.1178265,NA,NA,NA,NA,NA,NA,NA,NA,NA,NA,NA,NA,NA,NA,NA,NA,0,0,500,NA,NA,NA,"cosine","transient loss of benefit",0,"none",0.35,"strong",FALSE
9,"equal_flexible","rd_k",16,-0.0819967232887207,NA,NA,NA,NA,NA,NA,NA,NA,NA,NA,NA,NA,NA,NA,NA,NA,0,0,500,NA,NA,NA,"cosine","transient loss of benefit",0,"none",0.35,"strong",FALSE
9,"equal_common","rd_k",16,-0.0819967232887207,NA,NA,NA,NA,NA,NA,NA,NA,NA,NA,NA,NA,NA,NA,NA,NA,0,0,500,NA,NA,NA,"cosine","transient loss of benefit",0,"none",0.35,"strong",FALSE
9,"calendar_quadratic","rd_k",10,-0.0538000056067954,NA,NA,NA,NA,NA,NA,NA,NA,NA,NA,NA,NA,NA,NA,NA,NA,0,0,500,NA,NA,NA,"cosine","transient loss of benefit",0,"none",0.35,"strong",FALSE
9,"equal_flexible","rd_k",6,-0.081512804879404,NA,NA,NA,NA,NA,NA,NA,NA,NA,NA,NA,NA,NA,NA,NA,NA,0,0,500,NA,NA,NA,"cosine","transient loss of benefit",0,"none",0.35,"strong",FALSE
9,"equal_common","rd_k",6,-0.081512804879404,NA,NA,NA,NA,NA,NA,NA,NA,NA,NA,NA,NA,NA,NA,NA,NA,0,0,500,NA,NA,NA,"cosine","transient loss of benefit",0,"none",0.35,"strong",FALSE
9,"calendar_quadratic","rd_k",6,-0.081512804879404,NA,NA,NA,NA,NA,NA,NA,NA,NA,NA,NA,NA,NA,NA,NA,NA,0,0,500,NA,NA,NA,"cosine","transient loss of benefit",0,"none",0.35,"strong",FALSE
9,"package_like","rd_k",14,-0.0654332229676846,NA,NA,NA,NA,NA,NA,NA,NA,NA,NA,NA,NA,NA,NA,NA,NA,0,0,500,NA,NA,NA,"cosine","transient loss of benefit",0,"none",0.35,"strong",FALSE
9,"start_saturated","rd_k",4,-0.0984464887106708,NA,NA,NA,NA,NA,NA,NA,NA,NA,NA,NA,NA,NA,NA,NA,NA,0,0,500,NA,NA,NA,"cosine","transient loss of benefit",0,"none",0.35,"strong",FALSE
9,"equal_common","rd_k",14,-0.0654332229676846,NA,NA,NA,NA,NA,NA,NA,NA,NA,NA,NA,NA,NA,NA,NA,NA,0,0,500,NA,NA,NA,"cosine","transient loss of benefit",0,"none",0.35,"strong",FALSE
9,"calendar_quadratic","rd_k",2,-0.111709549188369,NA,NA,NA,NA,NA,NA,NA,NA,NA,NA,NA,NA,NA,NA,NA,NA,0,0,500,NA,NA,NA,"cosine","transient loss of benefit",0,"none",0.35,"strong",FALSE
9,"calendar_omitted","rd_k",2,-0.111709549188369,NA,NA,NA,NA,NA,NA,NA,NA,NA,NA,NA,NA,NA,NA,NA,NA,0,0,500,NA,NA,NA,"cosine","transient loss of benefit",0,"none",0.35,"strong",FALSE
9,"package_like","rd_k",16,-0.0819967232887207,NA,NA,NA,NA,NA,NA,NA,NA,NA,NA,NA,NA,NA,NA,NA,NA,0,0,500,NA,NA,NA,"cosine","transient loss of benefit",0,"none",0.35,"strong",FALSE
9,"equal_common","rd_k",20,-0.105990385997413,NA,NA,NA,NA,NA,NA,NA,NA,NA,NA,NA,NA,NA,NA,NA,NA,0,0,500,NA,NA,NA,"cosine","transient loss of benefit",0,"none",0.35,"strong",FALSE
9,"package_like","rd_k",0,-0.1178265,NA,NA,NA,NA,NA,NA,NA,NA,NA,NA,NA,NA,NA,NA,NA,NA,0,0,500,NA,NA,NA,"cosine","transient loss of benefit",0,"none",0.35,"strong",FALSE
9,"equal_flexible","rd_k",0,-0.1178265,NA,NA,NA,NA,NA,NA,NA,NA,NA,NA,NA,NA,NA,NA,NA,NA,0,0,500,NA,NA,NA,"cosine","transient loss of benefit",0,"none",0.35,"strong",FALSE
9,"equal_common","rd_k",0,-0.1178265,NA,NA,NA,NA,NA,NA,NA,NA,NA,NA,NA,NA,NA,NA,NA,NA,0,0,500,NA,NA,NA,"cosine","transient loss of benefit",0,"none",0.35,"strong",FALSE
9,"package_like","rd_k",18,-0.0976796251026953,NA,NA,NA,NA,NA,NA,NA,NA,NA,NA,NA,NA,NA,NA,NA,NA,0,0,500,NA,NA,NA,"cosine","transient loss of benefit",0,"none",0.35,"strong",FALSE
9,"start_saturated","rd_k",14,-0.0654332229676846,NA,NA,NA,NA,NA,NA,NA,NA,NA,NA,NA,NA,NA,NA,NA,NA,0,0,500,NA,NA,NA,"cosine","transient loss of benefit",0,"none",0.35,"strong",FALSE
9,"calendar_omitted","rd_k",6,-0.081512804879404,NA,NA,NA,NA,NA,NA,NA,NA,NA,NA,NA,NA,NA,NA,NA,NA,0,0,500,NA,NA,NA,"cosine","transient loss of benefit",0,"none",0.35,"strong",FALSE
9,"calendar_quadratic","rd_k",18,-0.0976796251026953,NA,NA,NA,NA,NA,NA,NA,NA,NA,NA,NA,NA,NA,NA,NA,NA,0,0,500,NA,NA,NA,"cosine","transient loss of benefit",0,"none",0.35,"strong",FALSE
9,"equal_common","rd_k",2,-0.111709549188369,NA,NA,NA,NA,NA,NA,NA,NA,NA,NA,NA,NA,NA,NA,NA,NA,0,0,500,NA,NA,NA,"cosine","transient loss of benefit",0,"none",0.35,"strong",FALSE
9,"calendar_omitted","rd_k",18,-0.0976796251026953,NA,NA,NA,NA,NA,NA,NA,NA,NA,NA,NA,NA,NA,NA,NA,NA,0,0,500,NA,NA,NA,"cosine","transient loss of benefit",0,"none",0.35,"strong",FALSE
9,"start_saturated","rd_k",16,-0.0819967232887207,NA,NA,NA,NA,NA,NA,NA,NA,NA,NA,NA,NA,NA,NA,NA,NA,0,0,500,NA,NA,NA,"cosine","transient loss of benefit",0,"none",0.35,"strong",FALSE
9,"equal_flexible","rd_k",20,-0.105990385997413,NA,NA,NA,NA,NA,NA,NA,NA,NA,NA,NA,NA,NA,NA,NA,NA,0,0,500,NA,NA,NA,"cosine","transient loss of benefit",0,"none",0.35,"strong",FALSE
9,"equal_flexible","rd_k",22,-0.107477587431602,NA,NA,NA,NA,NA,NA,NA,NA,NA,NA,NA,NA,NA,NA,NA,NA,0,0,500,NA,NA,NA,"cosine","transient loss of benefit",0,"none",0.35,"strong",FALSE
9,"calendar_quadratic","rd_k",20,-0.105990385997413,NA,NA,NA,NA,NA,NA,NA,NA,NA,NA,NA,NA,NA,NA,NA,NA,0,0,500,NA,NA,NA,"cosine","transient loss of benefit",0,"none",0.35,"strong",FALSE
9,"calendar_omitted","rd_k",20,-0.105990385997413,NA,NA,NA,NA,NA,NA,NA,NA,NA,NA,NA,NA,NA,NA,NA,NA,0,0,500,NA,NA,NA,"cosine","transient loss of benefit",0,"none",0.35,"strong",FALSE
9,"start_saturated","rd_k",18,-0.0976796251026953,NA,NA,NA,NA,NA,NA,NA,NA,NA,NA,NA,NA,NA,NA,NA,NA,0,0,500,NA,NA,NA,"cosine","transient loss of benefit",0,"none",0.35,"strong",FALSE
9,"equal_flexible","rd_k",2,-0.111709549188369,NA,NA,NA,NA,NA,NA,NA,NA,NA,NA,NA,NA,NA,NA,NA,NA,0,0,500,NA,NA,NA,"cosine","transient loss of benefit",0,"none",0.35,"strong",FALSE
9,"equal_common","rd_k",22,-0.107477587431602,NA,NA,NA,NA,NA,NA,NA,NA,NA,NA,NA,NA,NA,NA,NA,NA,0,0,500,NA,NA,NA,"cosine","transient loss of benefit",0,"none",0.35,"strong",FALSE
9,"equal_flexible","rd_k",18,-0.0976796251026953,NA,NA,NA,NA,NA,NA,NA,NA,NA,NA,NA,NA,NA,NA,NA,NA,0,0,500,NA,NA,NA,"cosine","transient loss of benefit",0,"none",0.35,"strong",FALSE
9,"equal_common","rd_k",18,-0.0976796251026953,NA,NA,NA,NA,NA,NA,NA,NA,NA,NA,NA,NA,NA,NA,NA,NA,0,0,500,NA,NA,NA,"cosine","transient loss of benefit",0,"none",0.35,"strong",FALSE
9,"package_like","rd_k",22,-0.107477587431602,NA,NA,NA,NA,NA,NA,NA,NA,NA,NA,NA,NA,NA,NA,NA,NA,0,0,500,NA,NA,NA,"cosine","transient loss of benefit",0,"none",0.35,"strong",FALSE
9,"start_saturated","rd_k",20,-0.105990385997413,NA,NA,NA,NA,NA,NA,NA,NA,NA,NA,NA,NA,NA,NA,NA,NA,0,0,500,NA,NA,NA,"cosine","transient loss of benefit",0,"none",0.35,"strong",FALSE
9,"package_like","rd_k",20,-0.105990385997413,NA,NA,NA,NA,NA,NA,NA,NA,NA,NA,NA,NA,NA,NA,NA,NA,0,0,500,NA,NA,NA,"cosine","transient loss of benefit",0,"none",0.35,"strong",FALSE
9,"package_like","rd_k",2,-0.111709549188369,NA,NA,NA,NA,NA,NA,NA,NA,NA,NA,NA,NA,NA,NA,NA,NA,0,0,500,NA,NA,NA,"cosine","transient loss of benefit",0,"none",0.35,"strong",FALSE
9,"calendar_omitted","rd_k",22,-0.107477587431602,NA,NA,NA,NA,NA,NA,NA,NA,NA,NA,NA,NA,NA,NA,NA,NA,0,0,500,NA,NA,NA,"cosine","transient loss of benefit",0,"none",0.35,"strong",FALSE
9,"start_saturated","rd_k",22,-0.107477587431602,NA,NA,NA,NA,NA,NA,NA,NA,NA,NA,NA,NA,NA,NA,NA,NA,0,0,500,NA,NA,NA,"cosine","transient loss of benefit",0,"none",0.35,"strong",FALSE
9,"calendar_quadratic","rd_k",22,-0.107477587431602,NA,NA,NA,NA,NA,NA,NA,NA,NA,NA,NA,NA,NA,NA,NA,NA,0,0,500,NA,NA,NA,"cosine","transient loss of benefit",0,"none",0.35,"strong",FALSE
9,"start_saturated","rd_k",2,-0.111709549188369,NA,NA,NA,NA,NA,NA,NA,NA,NA,NA,NA,NA,NA,NA,NA,NA,0,0,500,NA,NA,NA,"cosine","transient loss of benefit",0,"none",0.35,"strong",FALSE
10,"equal_common","rd_k",14,-0.0909250764130598,NA,NA,NA,NA,NA,NA,NA,NA,NA,NA,NA,NA,NA,NA,NA,NA,0,0,500,NA,NA,NA,"none","no conditional effect modification",0.8,"strong",0.35,"strong",TRUE
10,"start_saturated","rd_k",0,-0.0892025,NA,NA,NA,NA,NA,NA,NA,NA,NA,NA,NA,NA,NA,NA,NA,NA,0,0,500,NA,NA,NA,"none","no conditional effect modification",0.8,"strong",0.35,"strong",TRUE
10,"start_saturated","rd_k",12,-0.0911052739772961,NA,NA,NA,NA,NA,NA,NA,NA,NA,NA,NA,NA,NA,NA,NA,NA,0,0,500,NA,NA,NA,"none","no conditional effect modification",0.8,"strong",0.35,"strong",TRUE
10,"equal_common","rd_k",0,-0.0892025,NA,NA,NA,NA,NA,NA,NA,NA,NA,NA,NA,NA,NA,NA,NA,NA,0,0,500,NA,NA,NA,"none","no conditional effect modification",0.8,"strong",0.35,"strong",TRUE
10,"calendar_omitted","rd_k",14,-0.0909250764130598,NA,NA,NA,NA,NA,NA,NA,NA,NA,NA,NA,NA,NA,NA,NA,NA,0,0,500,NA,NA,NA,"none","no conditional effect modification",0.8,"strong",0.35,"strong",TRUE
10,"calendar_omitted","rd_k",2,-0.0893684176659172,NA,NA,NA,NA,NA,NA,NA,NA,NA,NA,NA,NA,NA,NA,NA,NA,0,0,500,NA,NA,NA,"none","no conditional effect modification",0.8,"strong",0.35,"strong",TRUE
10,"equal_flexible","rd_k",14,-0.0909250764130598,NA,NA,NA,NA,NA,NA,NA,NA,NA,NA,NA,NA,NA,NA,NA,NA,0,0,500,NA,NA,NA,"none","no conditional effect modification",0.8,"strong",0.35,"strong",TRUE
10,"calendar_omitted","rd_k",12,-0.0911052739772961,NA,NA,NA,NA,NA,NA,NA,NA,NA,NA,NA,NA,NA,NA,NA,NA,0,0,500,NA,NA,NA,"none","no conditional effect modification",0.8,"strong",0.35,"strong",TRUE
10,"calendar_quadratic","rd_k",14,-0.0909250764130598,NA,NA,NA,NA,NA,NA,NA,NA,NA,NA,NA,NA,NA,NA,NA,NA,0,0,500,NA,NA,NA,"none","no conditional effect modification",0.8,"strong",0.35,"strong",TRUE
10,"equal_flexible","rd_k",0,-0.0892025,NA,NA,NA,NA,NA,NA,NA,NA,NA,NA,NA,NA,NA,NA,NA,NA,0,0,500,NA,NA,NA,"none","no conditional effect modification",0.8,"strong",0.35,"strong",TRUE
10,"package_like","rd_k",10,-0.0911152411821402,NA,NA,NA,NA,NA,NA,NA,NA,NA,NA,NA,NA,NA,NA,NA,NA,0,0,500,NA,NA,NA,"none","no conditional effect modification",0.8,"strong",0.35,"strong",TRUE
10,"equal_flexible","rd_k",10,-0.0911152411821402,NA,NA,NA,NA,NA,NA,NA,NA,NA,NA,NA,NA,NA,NA,NA,NA,0,0,500,NA,NA,NA,"none","no conditional effect modification",0.8,"strong",0.35,"strong",TRUE
10,"equal_common","rd_k",10,-0.0911152411821402,NA,NA,NA,NA,NA,NA,NA,NA,NA,NA,NA,NA,NA,NA,NA,NA,0,0,500,NA,NA,NA,"none","no conditional effect modification",0.8,"strong",0.35,"strong",TRUE
10,"calendar_quadratic","rd_k",2,-0.0893684176659172,NA,NA,NA,NA,NA,NA,NA,NA,NA,NA,NA,NA,NA,NA,NA,NA,0,0,500,NA,NA,NA,"none","no conditional effect modification",0.8,"strong",0.35,"strong",TRUE
10,"package_like","rd_k",0,-0.0892025,NA,NA,NA,NA,NA,NA,NA,NA,NA,NA,NA,NA,NA,NA,NA,NA,0,0,500,NA,NA,NA,"none","no conditional effect modification",0.8,"strong",0.35,"strong",TRUE
10,"package_like","rd_k",14,-0.0909250764130598,NA,NA,NA,NA,NA,NA,NA,NA,NA,NA,NA,NA,NA,NA,NA,NA,0,0,500,NA,NA,NA,"none","no conditional effect modification",0.8,"strong",0.35,"strong",TRUE
10,"calendar_quadratic","rd_k",12,-0.0911052739772961,NA,NA,NA,NA,NA,NA,NA,NA,NA,NA,NA,NA,NA,NA,NA,NA,0,0,500,NA,NA,NA,"none","no conditional effect modification",0.8,"strong",0.35,"strong",TRUE
10,"equal_flexible","rd_k",2,-0.0893684176659172,NA,NA,NA,NA,NA,NA,NA,NA,NA,NA,NA,NA,NA,NA,NA,NA,0,0,500,NA,NA,NA,"none","no conditional effect modification",0.8,"strong",0.35,"strong",TRUE
10,"equal_common","rd_k",2,-0.0893684176659172,NA,NA,NA,NA,NA,NA,NA,NA,NA,NA,NA,NA,NA,NA,NA,NA,0,0,500,NA,NA,NA,"none","no conditional effect modification",0.8,"strong",0.35,"strong",TRUE
10,"start_saturated","rd_k",10,-0.0911152411821402,NA,NA,NA,NA,NA,NA,NA,NA,NA,NA,NA,NA,NA,NA,NA,NA,0,0,500,NA,NA,NA,"none","no conditional effect modification",0.8,"strong",0.35,"strong",TRUE
10,"calendar_quadratic","rd_k",8,-0.0907857053825312,NA,NA,NA,NA,NA,NA,NA,NA,NA,NA,NA,NA,NA,NA,NA,NA,0,0,500,NA,NA,NA,"none","no conditional effect modification",0.8,"strong",0.35,"strong",TRUE
10,"package_like","rd_k",16,-0.0889405865492087,NA,NA,NA,NA,NA,NA,NA,NA,NA,NA,NA,NA,NA,NA,NA,NA,0,0,500,NA,NA,NA,"none","no conditional effect modification",0.8,"strong",0.35,"strong",TRUE
10,"equal_flexible","rd_k",16,-0.0889405865492087,NA,NA,NA,NA,NA,NA,NA,NA,NA,NA,NA,NA,NA,NA,NA,NA,0,0,500,NA,NA,NA,"none","no conditional effect modification",0.8,"strong",0.35,"strong",TRUE
10,"package_like","rd_k",6,-0.0902781112616083,NA,NA,NA,NA,NA,NA,NA,NA,NA,NA,NA,NA,NA,NA,NA,NA,0,0,500,NA,NA,NA,"none","no conditional effect modification",0.8,"strong",0.35,"strong",TRUE
10,"calendar_quadratic","rd_k",16,-0.0889405865492087,NA,NA,NA,NA,NA,NA,NA,NA,NA,NA,NA,NA,NA,NA,NA,NA,0,0,500,NA,NA,NA,"none","no conditional effect modification",0.8,"strong",0.35,"strong",TRUE
10,"calendar_omitted","rd_k",16,-0.0889405865492087,NA,NA,NA,NA,NA,NA,NA,NA,NA,NA,NA,NA,NA,NA,NA,NA,0,0,500,NA,NA,NA,"none","no conditional effect modification",0.8,"strong",0.35,"strong",TRUE
10,"start_saturated","rd_k",14,-0.0909250764130598,NA,NA,NA,NA,NA,NA,NA,NA,NA,NA,NA,NA,NA,NA,NA,NA,0,0,500,NA,NA,NA,"none","no conditional effect modification",0.8,"strong",0.35,"strong",TRUE
10,"equal_common","rd_k",12,-0.0911052739772961,NA,NA,NA,NA,NA,NA,NA,NA,NA,NA,NA,NA,NA,NA,NA,NA,0,0,500,NA,NA,NA,"none","no conditional effect modification",0.8,"strong",0.35,"strong",TRUE
10,"package_like","rd_k",2,-0.0893684176659172,NA,NA,NA,NA,NA,NA,NA,NA,NA,NA,NA,NA,NA,NA,NA,NA,0,0,500,NA,NA,NA,"none","no conditional effect modification",0.8,"strong",0.35,"strong",TRUE
10,"calendar_omitted","rd_k",0,-0.0892025,NA,NA,NA,NA,NA,NA,NA,NA,NA,NA,NA,NA,NA,NA,NA,NA,0,0,500,NA,NA,NA,"none","no conditional effect modification",0.8,"strong",0.35,"strong",TRUE
10,"equal_common","rd_k",8,-0.0907857053825312,NA,NA,NA,NA,NA,NA,NA,NA,NA,NA,NA,NA,NA,NA,NA,NA,0,0,500,NA,NA,NA,"none","no conditional effect modification",0.8,"strong",0.35,"strong",TRUE
10,"start_saturated","rd_k",16,-0.0889405865492087,NA,NA,NA,NA,NA,NA,NA,NA,NA,NA,NA,NA,NA,NA,NA,NA,0,0,500,NA,NA,NA,"none","no conditional effect modification",0.8,"strong",0.35,"strong",TRUE
10,"start_saturated","rd_k",6,-0.0902781112616083,NA,NA,NA,NA,NA,NA,NA,NA,NA,NA,NA,NA,NA,NA,NA,NA,0,0,500,NA,NA,NA,"none","no conditional effect modification",0.8,"strong",0.35,"strong",TRUE
10,"equal_common","rd_k",16,-0.0889405865492087,NA,NA,NA,NA,NA,NA,NA,NA,NA,NA,NA,NA,NA,NA,NA,NA,0,0,500,NA,NA,NA,"none","no conditional effect modification",0.8,"strong",0.35,"strong",TRUE
10,"package_like","rd_k",12,-0.0911052739772961,NA,NA,NA,NA,NA,NA,NA,NA,NA,NA,NA,NA,NA,NA,NA,NA,0,0,500,NA,NA,NA,"none","no conditional effect modification",0.8,"strong",0.35,"strong",TRUE
10,"equal_flexible","rd_k",12,-0.0911052739772961,NA,NA,NA,NA,NA,NA,NA,NA,NA,NA,NA,NA,NA,NA,NA,NA,0,0,500,NA,NA,NA,"none","no conditional effect modification",0.8,"strong",0.35,"strong",TRUE
10,"start_saturated","rd_k",2,-0.0893684176659172,NA,NA,NA,NA,NA,NA,NA,NA,NA,NA,NA,NA,NA,NA,NA,NA,0,0,500,NA,NA,NA,"none","no conditional effect modification",0.8,"strong",0.35,"strong",TRUE
10,"calendar_quadratic","rd_k",0,-0.0892025,NA,NA,NA,NA,NA,NA,NA,NA,NA,NA,NA,NA,NA,NA,NA,NA,0,0,500,NA,NA,NA,"none","no conditional effect modification",0.8,"strong",0.35,"strong",TRUE
10,"package_like","rd_k",8,-0.0907857053825312,NA,NA,NA,NA,NA,NA,NA,NA,NA,NA,NA,NA,NA,NA,NA,NA,0,0,500,NA,NA,NA,"none","no conditional effect modification",0.8,"strong",0.35,"strong",TRUE
10,"equal_flexible","rd_k",8,-0.0907857053825312,NA,NA,NA,NA,NA,NA,NA,NA,NA,NA,NA,NA,NA,NA,NA,NA,0,0,500,NA,NA,NA,"none","no conditional effect modification",0.8,"strong",0.35,"strong",TRUE
10,"calendar_omitted","rd_k",18,-0.0866957001778814,NA,NA,NA,NA,NA,NA,NA,NA,NA,NA,NA,NA,NA,NA,NA,NA,0,0,500,NA,NA,NA,"none","no conditional effect modification",0.8,"strong",0.35,"strong",TRUE
10,"calendar_omitted","rd_k",8,-0.0907857053825312,NA,NA,NA,NA,NA,NA,NA,NA,NA,NA,NA,NA,NA,NA,NA,NA,0,0,500,NA,NA,NA,"none","no conditional effect modification",0.8,"strong",0.35,"strong",TRUE
10,"calendar_quadratic","rd_k",20,-0.0831433416104101,NA,NA,NA,NA,NA,NA,NA,NA,NA,NA,NA,NA,NA,NA,NA,NA,0,0,500,NA,NA,NA,"none","no conditional effect modification",0.8,"strong",0.35,"strong",TRUE
10,"equal_common","rd_k",4,-0.0896818365651085,NA,NA,NA,NA,NA,NA,NA,NA,NA,NA,NA,NA,NA,NA,NA,NA,0,0,500,NA,NA,NA,"none","no conditional effect modification",0.8,"strong",0.35,"strong",TRUE
10,"calendar_quadratic","rd_k",4,-0.0896818365651085,NA,NA,NA,NA,NA,NA,NA,NA,NA,NA,NA,NA,NA,NA,NA,NA,0,0,500,NA,NA,NA,"none","no conditional effect modification",0.8,"strong",0.35,"strong",TRUE
10,"calendar_omitted","rd_k",4,-0.0896818365651085,NA,NA,NA,NA,NA,NA,NA,NA,NA,NA,NA,NA,NA,NA,NA,NA,0,0,500,NA,NA,NA,"none","no conditional effect modification",0.8,"strong",0.35,"strong",TRUE
10,"package_like","rd_k",18,-0.0866957001778814,NA,NA,NA,NA,NA,NA,NA,NA,NA,NA,NA,NA,NA,NA,NA,NA,0,0,500,NA,NA,NA,"none","no conditional effect modification",0.8,"strong",0.35,"strong",TRUE
10,"calendar_omitted","rd_k",10,-0.0911152411821402,NA,NA,NA,NA,NA,NA,NA,NA,NA,NA,NA,NA,NA,NA,NA,NA,0,0,500,NA,NA,NA,"none","no conditional effect modification",0.8,"strong",0.35,"strong",TRUE
10,"start_saturated","rd_k",8,-0.0907857053825312,NA,NA,NA,NA,NA,NA,NA,NA,NA,NA,NA,NA,NA,NA,NA,NA,0,0,500,NA,NA,NA,"none","no conditional effect modification",0.8,"strong",0.35,"strong",TRUE
10,"calendar_quadratic","rd_k",6,-0.0902781112616083,NA,NA,NA,NA,NA,NA,NA,NA,NA,NA,NA,NA,NA,NA,NA,NA,0,0,500,NA,NA,NA,"none","no conditional effect modification",0.8,"strong",0.35,"strong",TRUE
10,"calendar_quadratic","rd_k",18,-0.0866957001778814,NA,NA,NA,NA,NA,NA,NA,NA,NA,NA,NA,NA,NA,NA,NA,NA,0,0,500,NA,NA,NA,"none","no conditional effect modification",0.8,"strong",0.35,"strong",TRUE
10,"package_like","rd_k",4,-0.0896818365651085,NA,NA,NA,NA,NA,NA,NA,NA,NA,NA,NA,NA,NA,NA,NA,NA,0,0,500,NA,NA,NA,"none","no conditional effect modification",0.8,"strong",0.35,"strong",TRUE
10,"equal_common","rd_k",20,-0.0831433416104101,NA,NA,NA,NA,NA,NA,NA,NA,NA,NA,NA,NA,NA,NA,NA,NA,0,0,500,NA,NA,NA,"none","no conditional effect modification",0.8,"strong",0.35,"strong",TRUE
10,"equal_flexible","rd_k",4,-0.0896818365651085,NA,NA,NA,NA,NA,NA,NA,NA,NA,NA,NA,NA,NA,NA,NA,NA,0,0,500,NA,NA,NA,"none","no conditional effect modification",0.8,"strong",0.35,"strong",TRUE
10,"start_saturated","rd_k",22,-0.0799744656793646,NA,NA,NA,NA,NA,NA,NA,NA,NA,NA,NA,NA,NA,NA,NA,NA,0,0,500,NA,NA,NA,"none","no conditional effect modification",0.8,"strong",0.35,"strong",TRUE
10,"calendar_omitted","rd_k",20,-0.0831433416104101,NA,NA,NA,NA,NA,NA,NA,NA,NA,NA,NA,NA,NA,NA,NA,NA,0,0,500,NA,NA,NA,"none","no conditional effect modification",0.8,"strong",0.35,"strong",TRUE
10,"start_saturated","rd_k",18,-0.0866957001778814,NA,NA,NA,NA,NA,NA,NA,NA,NA,NA,NA,NA,NA,NA,NA,NA,0,0,500,NA,NA,NA,"none","no conditional effect modification",0.8,"strong",0.35,"strong",TRUE
10,"calendar_quadratic","rd_k",10,-0.0911152411821402,NA,NA,NA,NA,NA,NA,NA,NA,NA,NA,NA,NA,NA,NA,NA,NA,0,0,500,NA,NA,NA,"none","no conditional effect modification",0.8,"strong",0.35,"strong",TRUE
10,"equal_flexible","rd_k",6,-0.0902781112616083,NA,NA,NA,NA,NA,NA,NA,NA,NA,NA,NA,NA,NA,NA,NA,NA,0,0,500,NA,NA,NA,"none","no conditional effect modification",0.8,"strong",0.35,"strong",TRUE
10,"equal_common","rd_k",6,-0.0902781112616083,NA,NA,NA,NA,NA,NA,NA,NA,NA,NA,NA,NA,NA,NA,NA,NA,0,0,500,NA,NA,NA,"none","no conditional effect modification",0.8,"strong",0.35,"strong",TRUE
10,"equal_common","rd_k",18,-0.0866957001778814,NA,NA,NA,NA,NA,NA,NA,NA,NA,NA,NA,NA,NA,NA,NA,NA,0,0,500,NA,NA,NA,"none","no conditional effect modification",0.8,"strong",0.35,"strong",TRUE
10,"calendar_omitted","rd_k",6,-0.0902781112616083,NA,NA,NA,NA,NA,NA,NA,NA,NA,NA,NA,NA,NA,NA,NA,NA,0,0,500,NA,NA,NA,"none","no conditional effect modification",0.8,"strong",0.35,"strong",TRUE
10,"start_saturated","rd_k",4,-0.0896818365651085,NA,NA,NA,NA,NA,NA,NA,NA,NA,NA,NA,NA,NA,NA,NA,NA,0,0,500,NA,NA,NA,"none","no conditional effect modification",0.8,"strong",0.35,"strong",TRUE
10,"equal_flexible","rd_k",20,-0.0831433416104101,NA,NA,NA,NA,NA,NA,NA,NA,NA,NA,NA,NA,NA,NA,NA,NA,0,0,500,NA,NA,NA,"none","no conditional effect modification",0.8,"strong",0.35,"strong",TRUE
10,"package_like","rd_k",22,-0.0799744656793646,NA,NA,NA,NA,NA,NA,NA,NA,NA,NA,NA,NA,NA,NA,NA,NA,0,0,500,NA,NA,NA,"none","no conditional effect modification",0.8,"strong",0.35,"strong",TRUE
10,"equal_flexible","rd_k",22,-0.0799744656793646,NA,NA,NA,NA,NA,NA,NA,NA,NA,NA,NA,NA,NA,NA,NA,NA,0,0,500,NA,NA,NA,"none","no conditional effect modification",0.8,"strong",0.35,"strong",TRUE
10,"equal_common","rd_k",22,-0.0799744656793646,NA,NA,NA,NA,NA,NA,NA,NA,NA,NA,NA,NA,NA,NA,NA,NA,0,0,500,NA,NA,NA,"none","no conditional effect modification",0.8,"strong",0.35,"strong",TRUE
10,"equal_flexible","rd_k",18,-0.0866957001778814,NA,NA,NA,NA,NA,NA,NA,NA,NA,NA,NA,NA,NA,NA,NA,NA,0,0,500,NA,NA,NA,"none","no conditional effect modification",0.8,"strong",0.35,"strong",TRUE
10,"calendar_quadratic","rd_k",22,-0.0799744656793646,NA,NA,NA,NA,NA,NA,NA,NA,NA,NA,NA,NA,NA,NA,NA,NA,0,0,500,NA,NA,NA,"none","no conditional effect modification",0.8,"strong",0.35,"strong",TRUE
10,"calendar_omitted","rd_k",22,-0.0799744656793646,NA,NA,NA,NA,NA,NA,NA,NA,NA,NA,NA,NA,NA,NA,NA,NA,0,0,500,NA,NA,NA,"none","no conditional effect modification",0.8,"strong",0.35,"strong",TRUE
10,"start_saturated","rd_k",20,-0.0831433416104101,NA,NA,NA,NA,NA,NA,NA,NA,NA,NA,NA,NA,NA,NA,NA,NA,0,0,500,NA,NA,NA,"none","no conditional effect modification",0.8,"strong",0.35,"strong",TRUE
10,"package_like","rd_k",20,-0.0831433416104101,NA,NA,NA,NA,NA,NA,NA,NA,NA,NA,NA,NA,NA,NA,NA,NA,0,0,500,NA,NA,NA,"none","no conditional effect modification",0.8,"strong",0.35,"strong",TRUE
11,"start_saturated","rd_k",16,-0.0736116657647801,NA,NA,NA,NA,NA,NA,NA,NA,NA,NA,NA,NA,NA,NA,NA,NA,0,0,500,NA,NA,NA,"monotone","monotone conditional effect modification",0.8,"strong",0.35,"strong",TRUE
11,"package_like","rd_k",16,-0.0736116657647801,NA,NA,NA,NA,NA,NA,NA,NA,NA,NA,NA,NA,NA,NA,NA,NA,0,0,500,NA,NA,NA,"monotone","monotone conditional effect modification",0.8,"strong",0.35,"strong",TRUE
11,"equal_flexible","rd_k",16,-0.0736116657647801,NA,NA,NA,NA,NA,NA,NA,NA,NA,NA,NA,NA,NA,NA,NA,NA,0,0,500,NA,NA,NA,"monotone","monotone conditional effect modification",0.8,"strong",0.35,"strong",TRUE
11,"start_saturated","rd_k",12,-0.0881322948310911,NA,NA,NA,NA,NA,NA,NA,NA,NA,NA,NA,NA,NA,NA,NA,NA,0,0,500,NA,NA,NA,"monotone","monotone conditional effect modification",0.8,"strong",0.35,"strong",TRUE
11,"calendar_omitted","rd_k",18,-0.0654126370742945,NA,NA,NA,NA,NA,NA,NA,NA,NA,NA,NA,NA,NA,NA,NA,NA,0,0,500,NA,NA,NA,"monotone","monotone conditional effect modification",0.8,"strong",0.35,"strong",TRUE
11,"equal_common","rd_k",14,-0.0818775632638074,NA,NA,NA,NA,NA,NA,NA,NA,NA,NA,NA,NA,NA,NA,NA,NA,0,0,500,NA,NA,NA,"monotone","monotone conditional effect modification",0.8,"strong",0.35,"strong",TRUE
11,"calendar_quadratic","rd_k",14,-0.0818775632638074,NA,NA,NA,NA,NA,NA,NA,NA,NA,NA,NA,NA,NA,NA,NA,NA,0,0,500,NA,NA,NA,"monotone","monotone conditional effect modification",0.8,"strong",0.35,"strong",TRUE
11,"calendar_omitted","rd_k",14,-0.0818775632638074,NA,NA,NA,NA,NA,NA,NA,NA,NA,NA,NA,NA,NA,NA,NA,NA,0,0,500,NA,NA,NA,"monotone","monotone conditional effect modification",0.8,"strong",0.35,"strong",TRUE
11,"equal_flexible","rd_k",4,-0.108892076291361,NA,NA,NA,NA,NA,NA,NA,NA,NA,NA,NA,NA,NA,NA,NA,NA,0,0,500,NA,NA,NA,"monotone","monotone conditional effect modification",0.8,"strong",0.35,"strong",TRUE
11,"equal_common","rd_k",4,-0.108892076291361,NA,NA,NA,NA,NA,NA,NA,NA,NA,NA,NA,NA,NA,NA,NA,NA,0,0,500,NA,NA,NA,"monotone","monotone conditional effect modification",0.8,"strong",0.35,"strong",TRUE
11,"calendar_quadratic","rd_k",4,-0.108892076291361,NA,NA,NA,NA,NA,NA,NA,NA,NA,NA,NA,NA,NA,NA,NA,NA,0,0,500,NA,NA,NA,"monotone","monotone conditional effect modification",0.8,"strong",0.35,"strong",TRUE
11,"calendar_omitted","rd_k",4,-0.108892076291361,NA,NA,NA,NA,NA,NA,NA,NA,NA,NA,NA,NA,NA,NA,NA,NA,0,0,500,NA,NA,NA,"monotone","monotone conditional effect modification",0.8,"strong",0.35,"strong",TRUE
11,"package_like","rd_k",18,-0.0654126370742945,NA,NA,NA,NA,NA,NA,NA,NA,NA,NA,NA,NA,NA,NA,NA,NA,0,0,500,NA,NA,NA,"monotone","monotone conditional effect modification",0.8,"strong",0.35,"strong",TRUE
11,"equal_flexible","rd_k",18,-0.0654126370742945,NA,NA,NA,NA,NA,NA,NA,NA,NA,NA,NA,NA,NA,NA,NA,NA,0,0,500,NA,NA,NA,"monotone","monotone conditional effect modification",0.8,"strong",0.35,"strong",TRUE
11,"equal_common","rd_k",18,-0.0654126370742945,NA,NA,NA,NA,NA,NA,NA,NA,NA,NA,NA,NA,NA,NA,NA,NA,0,0,500,NA,NA,NA,"monotone","monotone conditional effect modification",0.8,"strong",0.35,"strong",TRUE
11,"calendar_quadratic","rd_k",18,-0.0654126370742945,NA,NA,NA,NA,NA,NA,NA,NA,NA,NA,NA,NA,NA,NA,NA,NA,0,0,500,NA,NA,NA,"monotone","monotone conditional effect modification",0.8,"strong",0.35,"strong",TRUE
11,"calendar_quadratic","rd_k",6,-0.104421480291051,NA,NA,NA,NA,NA,NA,NA,NA,NA,NA,NA,NA,NA,NA,NA,NA,0,0,500,NA,NA,NA,"monotone","monotone conditional effect modification",0.8,"strong",0.35,"strong",TRUE
11,"equal_flexible","rd_k",14,-0.0818775632638074,NA,NA,NA,NA,NA,NA,NA,NA,NA,NA,NA,NA,NA,NA,NA,NA,0,0,500,NA,NA,NA,"monotone","monotone conditional effect modification",0.8,"strong",0.35,"strong",TRUE
11,"calendar_omitted","rd_k",12,-0.0881322948310911,NA,NA,NA,NA,NA,NA,NA,NA,NA,NA,NA,NA,NA,NA,NA,NA,0,0,500,NA,NA,NA,"monotone","monotone conditional effect modification",0.8,"strong",0.35,"strong",TRUE
11,"equal_common","rd_k",8,-0.0993927404382678,NA,NA,NA,NA,NA,NA,NA,NA,NA,NA,NA,NA,NA,NA,NA,NA,0,0,500,NA,NA,NA,"monotone","monotone conditional effect modification",0.8,"strong",0.35,"strong",TRUE
11,"package_like","rd_k",4,-0.108892076291361,NA,NA,NA,NA,NA,NA,NA,NA,NA,NA,NA,NA,NA,NA,NA,NA,0,0,500,NA,NA,NA,"monotone","monotone conditional effect modification",0.8,"strong",0.35,"strong",TRUE
11,"calendar_omitted","rd_k",2,-0.113761055649199,NA,NA,NA,NA,NA,NA,NA,NA,NA,NA,NA,NA,NA,NA,NA,NA,0,0,500,NA,NA,NA,"monotone","monotone conditional effect modification",0.8,"strong",0.35,"strong",TRUE
11,"start_saturated","rd_k",0,-0.1178265,NA,NA,NA,NA,NA,NA,NA,NA,NA,NA,NA,NA,NA,NA,NA,NA,0,0,500,NA,NA,NA,"monotone","monotone conditional effect modification",0.8,"strong",0.35,"strong",TRUE
11,"equal_common","rd_k",10,-0.0941124798184576,NA,NA,NA,NA,NA,NA,NA,NA,NA,NA,NA,NA,NA,NA,NA,NA,0,0,500,NA,NA,NA,"monotone","monotone conditional effect modification",0.8,"strong",0.35,"strong",TRUE
11,"start_saturated","rd_k",18,-0.0654126370742945,NA,NA,NA,NA,NA,NA,NA,NA,NA,NA,NA,NA,NA,NA,NA,NA,0,0,500,NA,NA,NA,"monotone","monotone conditional effect modification",0.8,"strong",0.35,"strong",TRUE
11,"equal_flexible","rd_k",0,-0.1178265,NA,NA,NA,NA,NA,NA,NA,NA,NA,NA,NA,NA,NA,NA,NA,NA,0,0,500,NA,NA,NA,"monotone","monotone conditional effect modification",0.8,"strong",0.35,"strong",TRUE
11,"equal_common","rd_k",0,-0.1178265,NA,NA,NA,NA,NA,NA,NA,NA,NA,NA,NA,NA,NA,NA,NA,NA,0,0,500,NA,NA,NA,"monotone","monotone conditional effect modification",0.8,"strong",0.35,"strong",TRUE
11,"equal_common","rd_k",6,-0.104421480291051,NA,NA,NA,NA,NA,NA,NA,NA,NA,NA,NA,NA,NA,NA,NA,NA,0,0,500,NA,NA,NA,"monotone","monotone conditional effect modification",0.8,"strong",0.35,"strong",TRUE
11,"package_like","rd_k",14,-0.0818775632638074,NA,NA,NA,NA,NA,NA,NA,NA,NA,NA,NA,NA,NA,NA,NA,NA,0,0,500,NA,NA,NA,"monotone","monotone conditional effect modification",0.8,"strong",0.35,"strong",TRUE
11,"calendar_quadratic","rd_k",12,-0.0881322948310911,NA,NA,NA,NA,NA,NA,NA,NA,NA,NA,NA,NA,NA,NA,NA,NA,0,0,500,NA,NA,NA,"monotone","monotone conditional effect modification",0.8,"strong",0.35,"strong",TRUE
11,"equal_flexible","rd_k",8,-0.0993927404382678,NA,NA,NA,NA,NA,NA,NA,NA,NA,NA,NA,NA,NA,NA,NA,NA,0,0,500,NA,NA,NA,"monotone","monotone conditional effect modification",0.8,"strong",0.35,"strong",TRUE
11,"start_saturated","rd_k",4,-0.108892076291361,NA,NA,NA,NA,NA,NA,NA,NA,NA,NA,NA,NA,NA,NA,NA,NA,0,0,500,NA,NA,NA,"monotone","monotone conditional effect modification",0.8,"strong",0.35,"strong",TRUE
11,"calendar_quadratic","rd_k",2,-0.113761055649199,NA,NA,NA,NA,NA,NA,NA,NA,NA,NA,NA,NA,NA,NA,NA,NA,0,0,500,NA,NA,NA,"monotone","monotone conditional effect modification",0.8,"strong",0.35,"strong",TRUE
11,"package_like","rd_k",10,-0.0941124798184576,NA,NA,NA,NA,NA,NA,NA,NA,NA,NA,NA,NA,NA,NA,NA,NA,0,0,500,NA,NA,NA,"monotone","monotone conditional effect modification",0.8,"strong",0.35,"strong",TRUE
11,"equal_flexible","rd_k",10,-0.0941124798184576,NA,NA,NA,NA,NA,NA,NA,NA,NA,NA,NA,NA,NA,NA,NA,NA,0,0,500,NA,NA,NA,"monotone","monotone conditional effect modification",0.8,"strong",0.35,"strong",TRUE
11,"calendar_omitted","rd_k",20,-0.056530740554924,NA,NA,NA,NA,NA,NA,NA,NA,NA,NA,NA,NA,NA,NA,NA,NA,0,0,500,NA,NA,NA,"monotone","monotone conditional effect modification",0.8,"strong",0.35,"strong",TRUE
11,"package_like","rd_k",0,-0.1178265,NA,NA,NA,NA,NA,NA,NA,NA,NA,NA,NA,NA,NA,NA,NA,NA,0,0,500,NA,NA,NA,"monotone","monotone conditional effect modification",0.8,"strong",0.35,"strong",TRUE
11,"equal_flexible","rd_k",6,-0.104421480291051,NA,NA,NA,NA,NA,NA,NA,NA,NA,NA,NA,NA,NA,NA,NA,NA,0,0,500,NA,NA,NA,"monotone","monotone conditional effect modification",0.8,"strong",0.35,"strong",TRUE
11,"start_saturated","rd_k",14,-0.0818775632638074,NA,NA,NA,NA,NA,NA,NA,NA,NA,NA,NA,NA,NA,NA,NA,NA,0,0,500,NA,NA,NA,"monotone","monotone conditional effect modification",0.8,"strong",0.35,"strong",TRUE
11,"equal_common","rd_k",12,-0.0881322948310911,NA,NA,NA,NA,NA,NA,NA,NA,NA,NA,NA,NA,NA,NA,NA,NA,0,0,500,NA,NA,NA,"monotone","monotone conditional effect modification",0.8,"strong",0.35,"strong",TRUE
11,"package_like","rd_k",8,-0.0993927404382678,NA,NA,NA,NA,NA,NA,NA,NA,NA,NA,NA,NA,NA,NA,NA,NA,0,0,500,NA,NA,NA,"monotone","monotone conditional effect modification",0.8,"strong",0.35,"strong",TRUE
11,"calendar_omitted","rd_k",6,-0.104421480291051,NA,NA,NA,NA,NA,NA,NA,NA,NA,NA,NA,NA,NA,NA,NA,NA,0,0,500,NA,NA,NA,"monotone","monotone conditional effect modification",0.8,"strong",0.35,"strong",TRUE
11,"equal_common","rd_k",2,-0.113761055649199,NA,NA,NA,NA,NA,NA,NA,NA,NA,NA,NA,NA,NA,NA,NA,NA,0,0,500,NA,NA,NA,"monotone","monotone conditional effect modification",0.8,"strong",0.35,"strong",TRUE
11,"start_saturated","rd_k",10,-0.0941124798184576,NA,NA,NA,NA,NA,NA,NA,NA,NA,NA,NA,NA,NA,NA,NA,NA,0,0,500,NA,NA,NA,"monotone","monotone conditional effect modification",0.8,"strong",0.35,"strong",TRUE
11,"calendar_quadratic","rd_k",8,-0.0993927404382678,NA,NA,NA,NA,NA,NA,NA,NA,NA,NA,NA,NA,NA,NA,NA,NA,0,0,500,NA,NA,NA,"monotone","monotone conditional effect modification",0.8,"strong",0.35,"strong",TRUE
11,"calendar_quadratic","rd_k",20,-0.056530740554924,NA,NA,NA,NA,NA,NA,NA,NA,NA,NA,NA,NA,NA,NA,NA,NA,0,0,500,NA,NA,NA,"monotone","monotone conditional effect modification",0.8,"strong",0.35,"strong",TRUE
11,"package_like","rd_k",6,-0.104421480291051,NA,NA,NA,NA,NA,NA,NA,NA,NA,NA,NA,NA,NA,NA,NA,NA,0,0,500,NA,NA,NA,"monotone","monotone conditional effect modification",0.8,"strong",0.35,"strong",TRUE
11,"equal_common","rd_k",22,-0.0475810724040263,NA,NA,NA,NA,NA,NA,NA,NA,NA,NA,NA,NA,NA,NA,NA,NA,0,0,500,NA,NA,NA,"monotone","monotone conditional effect modification",0.8,"strong",0.35,"strong",TRUE
11,"calendar_omitted","rd_k",16,-0.0736116657647801,NA,NA,NA,NA,NA,NA,NA,NA,NA,NA,NA,NA,NA,NA,NA,NA,0,0,500,NA,NA,NA,"monotone","monotone conditional effect modification",0.8,"strong",0.35,"strong",TRUE
11,"equal_flexible","rd_k",12,-0.0881322948310911,NA,NA,NA,NA,NA,NA,NA,NA,NA,NA,NA,NA,NA,NA,NA,NA,0,0,500,NA,NA,NA,"monotone","monotone conditional effect modification",0.8,"strong",0.35,"strong",TRUE
11,"start_saturated","rd_k",8,-0.0993927404382678,NA,NA,NA,NA,NA,NA,NA,NA,NA,NA,NA,NA,NA,NA,NA,NA,0,0,500,NA,NA,NA,"monotone","monotone conditional effect modification",0.8,"strong",0.35,"strong",TRUE
11,"start_saturated","rd_k",20,-0.056530740554924,NA,NA,NA,NA,NA,NA,NA,NA,NA,NA,NA,NA,NA,NA,NA,NA,0,0,500,NA,NA,NA,"monotone","monotone conditional effect modification",0.8,"strong",0.35,"strong",TRUE
11,"equal_flexible","rd_k",2,-0.113761055649199,NA,NA,NA,NA,NA,NA,NA,NA,NA,NA,NA,NA,NA,NA,NA,NA,0,0,500,NA,NA,NA,"monotone","monotone conditional effect modification",0.8,"strong",0.35,"strong",TRUE
11,"equal_common","rd_k",20,-0.056530740554924,NA,NA,NA,NA,NA,NA,NA,NA,NA,NA,NA,NA,NA,NA,NA,NA,0,0,500,NA,NA,NA,"monotone","monotone conditional effect modification",0.8,"strong",0.35,"strong",TRUE
11,"calendar_omitted","rd_k",8,-0.0993927404382678,NA,NA,NA,NA,NA,NA,NA,NA,NA,NA,NA,NA,NA,NA,NA,NA,0,0,500,NA,NA,NA,"monotone","monotone conditional effect modification",0.8,"strong",0.35,"strong",TRUE
11,"start_saturated","rd_k",6,-0.104421480291051,NA,NA,NA,NA,NA,NA,NA,NA,NA,NA,NA,NA,NA,NA,NA,NA,0,0,500,NA,NA,NA,"monotone","monotone conditional effect modification",0.8,"strong",0.35,"strong",TRUE
11,"equal_flexible","rd_k",22,-0.0475810724040263,NA,NA,NA,NA,NA,NA,NA,NA,NA,NA,NA,NA,NA,NA,NA,NA,0,0,500,NA,NA,NA,"monotone","monotone conditional effect modification",0.8,"strong",0.35,"strong",TRUE
11,"calendar_quadratic","rd_k",16,-0.0736116657647801,NA,NA,NA,NA,NA,NA,NA,NA,NA,NA,NA,NA,NA,NA,NA,NA,0,0,500,NA,NA,NA,"monotone","monotone conditional effect modification",0.8,"strong",0.35,"strong",TRUE
11,"package_like","rd_k",12,-0.0881322948310911,NA,NA,NA,NA,NA,NA,NA,NA,NA,NA,NA,NA,NA,NA,NA,NA,0,0,500,NA,NA,NA,"monotone","monotone conditional effect modification",0.8,"strong",0.35,"strong",TRUE
11,"calendar_omitted","rd_k",10,-0.0941124798184576,NA,NA,NA,NA,NA,NA,NA,NA,NA,NA,NA,NA,NA,NA,NA,NA,0,0,500,NA,NA,NA,"monotone","monotone conditional effect modification",0.8,"strong",0.35,"strong",TRUE
11,"calendar_omitted","rd_k",22,-0.0475810724040263,NA,NA,NA,NA,NA,NA,NA,NA,NA,NA,NA,NA,NA,NA,NA,NA,0,0,500,NA,NA,NA,"monotone","monotone conditional effect modification",0.8,"strong",0.35,"strong",TRUE
11,"package_like","rd_k",2,-0.113761055649199,NA,NA,NA,NA,NA,NA,NA,NA,NA,NA,NA,NA,NA,NA,NA,NA,0,0,500,NA,NA,NA,"monotone","monotone conditional effect modification",0.8,"strong",0.35,"strong",TRUE
11,"calendar_omitted","rd_k",0,-0.1178265,NA,NA,NA,NA,NA,NA,NA,NA,NA,NA,NA,NA,NA,NA,NA,NA,0,0,500,NA,NA,NA,"monotone","monotone conditional effect modification",0.8,"strong",0.35,"strong",TRUE
11,"equal_flexible","rd_k",20,-0.056530740554924,NA,NA,NA,NA,NA,NA,NA,NA,NA,NA,NA,NA,NA,NA,NA,NA,0,0,500,NA,NA,NA,"monotone","monotone conditional effect modification",0.8,"strong",0.35,"strong",TRUE
11,"start_saturated","rd_k",22,-0.0475810724040263,NA,NA,NA,NA,NA,NA,NA,NA,NA,NA,NA,NA,NA,NA,NA,NA,0,0,500,NA,NA,NA,"monotone","monotone conditional effect modification",0.8,"strong",0.35,"strong",TRUE
11,"package_like","rd_k",22,-0.0475810724040263,NA,NA,NA,NA,NA,NA,NA,NA,NA,NA,NA,NA,NA,NA,NA,NA,0,0,500,NA,NA,NA,"monotone","monotone conditional effect modification",0.8,"strong",0.35,"strong",TRUE
11,"equal_common","rd_k",16,-0.0736116657647801,NA,NA,NA,NA,NA,NA,NA,NA,NA,NA,NA,NA,NA,NA,NA,NA,0,0,500,NA,NA,NA,"monotone","monotone conditional effect modification",0.8,"strong",0.35,"strong",TRUE
11,"calendar_quadratic","rd_k",10,-0.0941124798184576,NA,NA,NA,NA,NA,NA,NA,NA,NA,NA,NA,NA,NA,NA,NA,NA,0,0,500,NA,NA,NA,"monotone","monotone conditional effect modification",0.8,"strong",0.35,"strong",TRUE
11,"calendar_quadratic","rd_k",22,-0.0475810724040263,NA,NA,NA,NA,NA,NA,NA,NA,NA,NA,NA,NA,NA,NA,NA,NA,0,0,500,NA,NA,NA,"monotone","monotone conditional effect modification",0.8,"strong",0.35,"strong",TRUE
11,"start_saturated","rd_k",2,-0.113761055649199,NA,NA,NA,NA,NA,NA,NA,NA,NA,NA,NA,NA,NA,NA,NA,NA,0,0,500,NA,NA,NA,"monotone","monotone conditional effect modification",0.8,"strong",0.35,"strong",TRUE
11,"calendar_quadratic","rd_k",0,-0.1178265,NA,NA,NA,NA,NA,NA,NA,NA,NA,NA,NA,NA,NA,NA,NA,NA,0,0,500,NA,NA,NA,"monotone","monotone conditional effect modification",0.8,"strong",0.35,"strong",TRUE
11,"package_like","rd_k",20,-0.056530740554924,NA,NA,NA,NA,NA,NA,NA,NA,NA,NA,NA,NA,NA,NA,NA,NA,0,0,500,NA,NA,NA,"monotone","monotone conditional effect modification",0.8,"strong",0.35,"strong",TRUE
12,"package_like","rd_k",20,-0.106078888373777,NA,NA,NA,NA,NA,NA,NA,NA,NA,NA,NA,NA,NA,NA,NA,NA,0,0,500,NA,NA,NA,"cosine","transient loss of benefit",0.8,"strong",0.35,"strong",TRUE
12,"equal_flexible","rd_k",20,-0.106078888373777,NA,NA,NA,NA,NA,NA,NA,NA,NA,NA,NA,NA,NA,NA,NA,NA,0,0,500,NA,NA,NA,"cosine","transient loss of benefit",0.8,"strong",0.35,"strong",TRUE
12,"equal_common","rd_k",20,-0.106078888373777,NA,NA,NA,NA,NA,NA,NA,NA,NA,NA,NA,NA,NA,NA,NA,NA,0,0,500,NA,NA,NA,"cosine","transient loss of benefit",0.8,"strong",0.35,"strong",TRUE
12,"calendar_quadratic","rd_k",20,-0.106078888373777,NA,NA,NA,NA,NA,NA,NA,NA,NA,NA,NA,NA,NA,NA,NA,NA,0,0,500,NA,NA,NA,"cosine","transient loss of benefit",0.8,"strong",0.35,"strong",TRUE
12,"calendar_quadratic","rd_k",8,-0.0676025456647382,NA,NA,NA,NA,NA,NA,NA,NA,NA,NA,NA,NA,NA,NA,NA,NA,0,0,500,NA,NA,NA,"cosine","transient loss of benefit",0.8,"strong",0.35,"strong",TRUE
12,"equal_flexible","rd_k",16,-0.0843468726591318,NA,NA,NA,NA,NA,NA,NA,NA,NA,NA,NA,NA,NA,NA,NA,NA,0,0,500,NA,NA,NA,"cosine","transient loss of benefit",0.8,"strong",0.35,"strong",TRUE
12,"start_saturated","rd_k",12,-0.056174139466892,NA,NA,NA,NA,NA,NA,NA,NA,NA,NA,NA,NA,NA,NA,NA,NA,0,0,500,NA,NA,NA,"cosine","transient loss of benefit",0.8,"strong",0.35,"strong",TRUE
12,"equal_common","rd_k",10,-0.0563611001533187,NA,NA,NA,NA,NA,NA,NA,NA,NA,NA,NA,NA,NA,NA,NA,NA,0,0,500,NA,NA,NA,"cosine","transient loss of benefit",0.8,"strong",0.35,"strong",TRUE
12,"package_like","rd_k",6,-0.0855180452943038,NA,NA,NA,NA,NA,NA,NA,NA,NA,NA,NA,NA,NA,NA,NA,NA,0,0,500,NA,NA,NA,"cosine","transient loss of benefit",0.8,"strong",0.35,"strong",TRUE
12,"calendar_omitted","rd_k",4,-0.102506584720819,NA,NA,NA,NA,NA,NA,NA,NA,NA,NA,NA,NA,NA,NA,NA,NA,0,0,500,NA,NA,NA,"cosine","transient loss of benefit",0.8,"strong",0.35,"strong",TRUE
12,"equal_common","rd_k",0,-0.1178265,NA,NA,NA,NA,NA,NA,NA,NA,NA,NA,NA,NA,NA,NA,NA,NA,0,0,500,NA,NA,NA,"cosine","transient loss of benefit",0.8,"strong",0.35,"strong",TRUE
12,"start_saturated","rd_k",20,-0.106078888373777,NA,NA,NA,NA,NA,NA,NA,NA,NA,NA,NA,NA,NA,NA,NA,NA,0,0,500,NA,NA,NA,"cosine","transient loss of benefit",0.8,"strong",0.35,"strong",TRUE
12,"calendar_quadratic","rd_k",18,-0.0992237284208087,NA,NA,NA,NA,NA,NA,NA,NA,NA,NA,NA,NA,NA,NA,NA,NA,0,0,500,NA,NA,NA,"cosine","transient loss of benefit",0.8,"strong",0.35,"strong",TRUE
12,"equal_flexible","rd_k",14,-0.0679437517131524,NA,NA,NA,NA,NA,NA,NA,NA,NA,NA,NA,NA,NA,NA,NA,NA,0,0,500,NA,NA,NA,"cosine","transient loss of benefit",0.8,"strong",0.35,"strong",TRUE
12,"calendar_omitted","rd_k",12,-0.056174139466892,NA,NA,NA,NA,NA,NA,NA,NA,NA,NA,NA,NA,NA,NA,NA,NA,0,0,500,NA,NA,NA,"cosine","transient loss of benefit",0.8,"strong",0.35,"strong",TRUE
12,"equal_common","rd_k",8,-0.0676025456647382,NA,NA,NA,NA,NA,NA,NA,NA,NA,NA,NA,NA,NA,NA,NA,NA,0,0,500,NA,NA,NA,"cosine","transient loss of benefit",0.8,"strong",0.35,"strong",TRUE
12,"package_like","rd_k",16,-0.0843468726591318,NA,NA,NA,NA,NA,NA,NA,NA,NA,NA,NA,NA,NA,NA,NA,NA,0,0,500,NA,NA,NA,"cosine","transient loss of benefit",0.8,"strong",0.35,"strong",TRUE
12,"calendar_omitted","rd_k",14,-0.0679437517131524,NA,NA,NA,NA,NA,NA,NA,NA,NA,NA,NA,NA,NA,NA,NA,NA,0,0,500,NA,NA,NA,"cosine","transient loss of benefit",0.8,"strong",0.35,"strong",TRUE
12,"equal_flexible","rd_k",10,-0.0563611001533187,NA,NA,NA,NA,NA,NA,NA,NA,NA,NA,NA,NA,NA,NA,NA,NA,0,0,500,NA,NA,NA,"cosine","transient loss of benefit",0.8,"strong",0.35,"strong",TRUE
12,"start_saturated","rd_k",6,-0.0855180452943038,NA,NA,NA,NA,NA,NA,NA,NA,NA,NA,NA,NA,NA,NA,NA,NA,0,0,500,NA,NA,NA,"cosine","transient loss of benefit",0.8,"strong",0.35,"strong",TRUE
12,"calendar_quadratic","rd_k",4,-0.102506584720819,NA,NA,NA,NA,NA,NA,NA,NA,NA,NA,NA,NA,NA,NA,NA,NA,0,0,500,NA,NA,NA,"cosine","transient loss of benefit",0.8,"strong",0.35,"strong",TRUE
12,"equal_flexible","rd_k",0,-0.1178265,NA,NA,NA,NA,NA,NA,NA,NA,NA,NA,NA,NA,NA,NA,NA,NA,0,0,500,NA,NA,NA,"cosine","transient loss of benefit",0.8,"strong",0.35,"strong",TRUE
12,"calendar_omitted","rd_k",22,-0.105248575862579,NA,NA,NA,NA,NA,NA,NA,NA,NA,NA,NA,NA,NA,NA,NA,NA,0,0,500,NA,NA,NA,"cosine","transient loss of benefit",0.8,"strong",0.35,"strong",TRUE
12,"equal_common","rd_k",18,-0.0992237284208087,NA,NA,NA,NA,NA,NA,NA,NA,NA,NA,NA,NA,NA,NA,NA,NA,0,0,500,NA,NA,NA,"cosine","transient loss of benefit",0.8,"strong",0.35,"strong",TRUE
12,"package_like","rd_k",14,-0.0679437517131524,NA,NA,NA,NA,NA,NA,NA,NA,NA,NA,NA,NA,NA,NA,NA,NA,0,0,500,NA,NA,NA,"cosine","transient loss of benefit",0.8,"strong",0.35,"strong",TRUE
12,"calendar_quadratic","rd_k",12,-0.056174139466892,NA,NA,NA,NA,NA,NA,NA,NA,NA,NA,NA,NA,NA,NA,NA,NA,0,0,500,NA,NA,NA,"cosine","transient loss of benefit",0.8,"strong",0.35,"strong",TRUE
12,"equal_flexible","rd_k",8,-0.0676025456647382,NA,NA,NA,NA,NA,NA,NA,NA,NA,NA,NA,NA,NA,NA,NA,NA,0,0,500,NA,NA,NA,"cosine","transient loss of benefit",0.8,"strong",0.35,"strong",TRUE
12,"start_saturated","rd_k",16,-0.0843468726591318,NA,NA,NA,NA,NA,NA,NA,NA,NA,NA,NA,NA,NA,NA,NA,NA,0,0,500,NA,NA,NA,"cosine","transient loss of benefit",0.8,"strong",0.35,"strong",TRUE
12,"calendar_quadratic","rd_k",14,-0.0679437517131524,NA,NA,NA,NA,NA,NA,NA,NA,NA,NA,NA,NA,NA,NA,NA,NA,0,0,500,NA,NA,NA,"cosine","transient loss of benefit",0.8,"strong",0.35,"strong",TRUE
12,"package_like","rd_k",10,-0.0563611001533187,NA,NA,NA,NA,NA,NA,NA,NA,NA,NA,NA,NA,NA,NA,NA,NA,0,0,500,NA,NA,NA,"cosine","transient loss of benefit",0.8,"strong",0.35,"strong",TRUE
12,"calendar_omitted","rd_k",8,-0.0676025456647382,NA,NA,NA,NA,NA,NA,NA,NA,NA,NA,NA,NA,NA,NA,NA,NA,0,0,500,NA,NA,NA,"cosine","transient loss of benefit",0.8,"strong",0.35,"strong",TRUE
12,"equal_common","rd_k",4,-0.102506584720819,NA,NA,NA,NA,NA,NA,NA,NA,NA,NA,NA,NA,NA,NA,NA,NA,0,0,500,NA,NA,NA,"cosine","transient loss of benefit",0.8,"strong",0.35,"strong",TRUE
12,"package_like","rd_k",0,-0.1178265,NA,NA,NA,NA,NA,NA,NA,NA,NA,NA,NA,NA,NA,NA,NA,NA,0,0,500,NA,NA,NA,"cosine","transient loss of benefit",0.8,"strong",0.35,"strong",TRUE
12,"calendar_quadratic","rd_k",22,-0.105248575862579,NA,NA,NA,NA,NA,NA,NA,NA,NA,NA,NA,NA,NA,NA,NA,NA,0,0,500,NA,NA,NA,"cosine","transient loss of benefit",0.8,"strong",0.35,"strong",TRUE
12,"equal_flexible","rd_k",18,-0.0992237284208087,NA,NA,NA,NA,NA,NA,NA,NA,NA,NA,NA,NA,NA,NA,NA,NA,0,0,500,NA,NA,NA,"cosine","transient loss of benefit",0.8,"strong",0.35,"strong",TRUE
12,"start_saturated","rd_k",14,-0.0679437517131524,NA,NA,NA,NA,NA,NA,NA,NA,NA,NA,NA,NA,NA,NA,NA,NA,0,0,500,NA,NA,NA,"cosine","transient loss of benefit",0.8,"strong",0.35,"strong",TRUE
12,"equal_common","rd_k",12,-0.056174139466892,NA,NA,NA,NA,NA,NA,NA,NA,NA,NA,NA,NA,NA,NA,NA,NA,0,0,500,NA,NA,NA,"cosine","transient loss of benefit",0.8,"strong",0.35,"strong",TRUE
12,"package_like","rd_k",8,-0.0676025456647382,NA,NA,NA,NA,NA,NA,NA,NA,NA,NA,NA,NA,NA,NA,NA,NA,0,0,500,NA,NA,NA,"cosine","transient loss of benefit",0.8,"strong",0.35,"strong",TRUE
12,"calendar_omitted","rd_k",18,-0.0992237284208087,NA,NA,NA,NA,NA,NA,NA,NA,NA,NA,NA,NA,NA,NA,NA,NA,0,0,500,NA,NA,NA,"cosine","transient loss of benefit",0.8,"strong",0.35,"strong",TRUE
12,"equal_common","rd_k",14,-0.0679437517131524,NA,NA,NA,NA,NA,NA,NA,NA,NA,NA,NA,NA,NA,NA,NA,NA,0,0,500,NA,NA,NA,"cosine","transient loss of benefit",0.8,"strong",0.35,"strong",TRUE
12,"start_saturated","rd_k",10,-0.0563611001533187,NA,NA,NA,NA,NA,NA,NA,NA,NA,NA,NA,NA,NA,NA,NA,NA,0,0,500,NA,NA,NA,"cosine","transient loss of benefit",0.8,"strong",0.35,"strong",TRUE
12,"equal_flexible","rd_k",4,-0.102506584720819,NA,NA,NA,NA,NA,NA,NA,NA,NA,NA,NA,NA,NA,NA,NA,NA,0,0,500,NA,NA,NA,"cosine","transient loss of benefit",0.8,"strong",0.35,"strong",TRUE
12,"start_saturated","rd_k",0,-0.1178265,NA,NA,NA,NA,NA,NA,NA,NA,NA,NA,NA,NA,NA,NA,NA,NA,0,0,500,NA,NA,NA,"cosine","transient loss of benefit",0.8,"strong",0.35,"strong",TRUE
12,"equal_common","rd_k",22,-0.105248575862579,NA,NA,NA,NA,NA,NA,NA,NA,NA,NA,NA,NA,NA,NA,NA,NA,0,0,500,NA,NA,NA,"cosine","transient loss of benefit",0.8,"strong",0.35,"strong",TRUE
12,"package_like","rd_k",18,-0.0992237284208087,NA,NA,NA,NA,NA,NA,NA,NA,NA,NA,NA,NA,NA,NA,NA,NA,0,0,500,NA,NA,NA,"cosine","transient loss of benefit",0.8,"strong",0.35,"strong",TRUE
12,"calendar_omitted","rd_k",16,-0.0843468726591318,NA,NA,NA,NA,NA,NA,NA,NA,NA,NA,NA,NA,NA,NA,NA,NA,0,0,500,NA,NA,NA,"cosine","transient loss of benefit",0.8,"strong",0.35,"strong",TRUE
12,"equal_flexible","rd_k",12,-0.056174139466892,NA,NA,NA,NA,NA,NA,NA,NA,NA,NA,NA,NA,NA,NA,NA,NA,0,0,500,NA,NA,NA,"cosine","transient loss of benefit",0.8,"strong",0.35,"strong",TRUE
12,"start_saturated","rd_k",8,-0.0676025456647382,NA,NA,NA,NA,NA,NA,NA,NA,NA,NA,NA,NA,NA,NA,NA,NA,0,0,500,NA,NA,NA,"cosine","transient loss of benefit",0.8,"strong",0.35,"strong",TRUE
12,"calendar_quadratic","rd_k",6,-0.0855180452943038,NA,NA,NA,NA,NA,NA,NA,NA,NA,NA,NA,NA,NA,NA,NA,NA,0,0,500,NA,NA,NA,"cosine","transient loss of benefit",0.8,"strong",0.35,"strong",TRUE
12,"equal_flexible","rd_k",2,-0.114389262462298,NA,NA,NA,NA,NA,NA,NA,NA,NA,NA,NA,NA,NA,NA,NA,NA,0,0,500,NA,NA,NA,"cosine","transient loss of benefit",0.8,"strong",0.35,"strong",TRUE
12,"package_like","rd_k",4,-0.102506584720819,NA,NA,NA,NA,NA,NA,NA,NA,NA,NA,NA,NA,NA,NA,NA,NA,0,0,500,NA,NA,NA,"cosine","transient loss of benefit",0.8,"strong",0.35,"strong",TRUE
12,"calendar_omitted","rd_k",2,-0.114389262462298,NA,NA,NA,NA,NA,NA,NA,NA,NA,NA,NA,NA,NA,NA,NA,NA,0,0,500,NA,NA,NA,"cosine","transient loss of benefit",0.8,"strong",0.35,"strong",TRUE
12,"equal_flexible","rd_k",22,-0.105248575862579,NA,NA,NA,NA,NA,NA,NA,NA,NA,NA,NA,NA,NA,NA,NA,NA,0,0,500,NA,NA,NA,"cosine","transient loss of benefit",0.8,"strong",0.35,"strong",TRUE
12,"start_saturated","rd_k",18,-0.0992237284208087,NA,NA,NA,NA,NA,NA,NA,NA,NA,NA,NA,NA,NA,NA,NA,NA,0,0,500,NA,NA,NA,"cosine","transient loss of benefit",0.8,"strong",0.35,"strong",TRUE
12,"calendar_quadratic","rd_k",16,-0.0843468726591318,NA,NA,NA,NA,NA,NA,NA,NA,NA,NA,NA,NA,NA,NA,NA,NA,0,0,500,NA,NA,NA,"cosine","transient loss of benefit",0.8,"strong",0.35,"strong",TRUE
12,"package_like","rd_k",12,-0.056174139466892,NA,NA,NA,NA,NA,NA,NA,NA,NA,NA,NA,NA,NA,NA,NA,NA,0,0,500,NA,NA,NA,"cosine","transient loss of benefit",0.8,"strong",0.35,"strong",TRUE
12,"calendar_omitted","rd_k",10,-0.0563611001533187,NA,NA,NA,NA,NA,NA,NA,NA,NA,NA,NA,NA,NA,NA,NA,NA,0,0,500,NA,NA,NA,"cosine","transient loss of benefit",0.8,"strong",0.35,"strong",TRUE
12,"equal_common","rd_k",6,-0.0855180452943038,NA,NA,NA,NA,NA,NA,NA,NA,NA,NA,NA,NA,NA,NA,NA,NA,0,0,500,NA,NA,NA,"cosine","transient loss of benefit",0.8,"strong",0.35,"strong",TRUE
12,"package_like","rd_k",2,-0.114389262462298,NA,NA,NA,NA,NA,NA,NA,NA,NA,NA,NA,NA,NA,NA,NA,NA,0,0,500,NA,NA,NA,"cosine","transient loss of benefit",0.8,"strong",0.35,"strong",TRUE
12,"calendar_omitted","rd_k",0,-0.1178265,NA,NA,NA,NA,NA,NA,NA,NA,NA,NA,NA,NA,NA,NA,NA,NA,0,0,500,NA,NA,NA,"cosine","transient loss of benefit",0.8,"strong",0.35,"strong",TRUE
12,"start_saturated","rd_k",4,-0.102506584720819,NA,NA,NA,NA,NA,NA,NA,NA,NA,NA,NA,NA,NA,NA,NA,NA,0,0,500,NA,NA,NA,"cosine","transient loss of benefit",0.8,"strong",0.35,"strong",TRUE
12,"calendar_quadratic","rd_k",2,-0.114389262462298,NA,NA,NA,NA,NA,NA,NA,NA,NA,NA,NA,NA,NA,NA,NA,NA,0,0,500,NA,NA,NA,"cosine","transient loss of benefit",0.8,"strong",0.35,"strong",TRUE
12,"package_like","rd_k",22,-0.105248575862579,NA,NA,NA,NA,NA,NA,NA,NA,NA,NA,NA,NA,NA,NA,NA,NA,0,0,500,NA,NA,NA,"cosine","transient loss of benefit",0.8,"strong",0.35,"strong",TRUE
12,"calendar_omitted","rd_k",20,-0.106078888373777,NA,NA,NA,NA,NA,NA,NA,NA,NA,NA,NA,NA,NA,NA,NA,NA,0,0,500,NA,NA,NA,"cosine","transient loss of benefit",0.8,"strong",0.35,"strong",TRUE
12,"equal_common","rd_k",16,-0.0843468726591318,NA,NA,NA,NA,NA,NA,NA,NA,NA,NA,NA,NA,NA,NA,NA,NA,0,0,500,NA,NA,NA,"cosine","transient loss of benefit",0.8,"strong",0.35,"strong",TRUE
12,"calendar_quadratic","rd_k",10,-0.0563611001533187,NA,NA,NA,NA,NA,NA,NA,NA,NA,NA,NA,NA,NA,NA,NA,NA,0,0,500,NA,NA,NA,"cosine","transient loss of benefit",0.8,"strong",0.35,"strong",TRUE
12,"equal_flexible","rd_k",6,-0.0855180452943038,NA,NA,NA,NA,NA,NA,NA,NA,NA,NA,NA,NA,NA,NA,NA,NA,0,0,500,NA,NA,NA,"cosine","transient loss of benefit",0.8,"strong",0.35,"strong",TRUE
12,"start_saturated","rd_k",2,-0.114389262462298,NA,NA,NA,NA,NA,NA,NA,NA,NA,NA,NA,NA,NA,NA,NA,NA,0,0,500,NA,NA,NA,"cosine","transient loss of benefit",0.8,"strong",0.35,"strong",TRUE
12,"calendar_quadratic","rd_k",0,-0.1178265,NA,NA,NA,NA,NA,NA,NA,NA,NA,NA,NA,NA,NA,NA,NA,NA,0,0,500,NA,NA,NA,"cosine","transient loss of benefit",0.8,"strong",0.35,"strong",TRUE
12,"calendar_omitted","rd_k",6,-0.0855180452943038,NA,NA,NA,NA,NA,NA,NA,NA,NA,NA,NA,NA,NA,NA,NA,NA,0,0,500,NA,NA,NA,"cosine","transient loss of benefit",0.8,"strong",0.35,"strong",TRUE
12,"equal_common","rd_k",2,-0.114389262462298,NA,NA,NA,NA,NA,NA,NA,NA,NA,NA,NA,NA,NA,NA,NA,NA,0,0,500,NA,NA,NA,"cosine","transient loss of benefit",0.8,"strong",0.35,"strong",TRUE
12,"start_saturated","rd_k",22,-0.105248575862579,NA,NA,NA,NA,NA,NA,NA,NA,NA,NA,NA,NA,NA,NA,NA,NA,0,0,500,NA,NA,NA,"cosine","transient loss of benefit",0.8,"strong",0.35,"strong",TRUE
