"scenario","separation_key","s","gamma_z_key","gamma_z","shape","I_G","I_C","I_Q","label","n","columns","rank","zero_variance","duplicate","ok"
1,"good",0.65,"absent",0,"all-main",0,0,0,"G0_t0",20000,4,4,FALSE,FALSE,TRUE
1,"good",0.65,"absent",0,"all-main",0,0,0,"G0_t1",18400,5,5,FALSE,FALSE,TRUE
1,"good",0.65,"absent",0,"all-main",0,0,0,"G0_t2",16658,5,5,FALSE,FALSE,TRUE
1,"good",0.65,"absent",0,"all-main",0,0,0,"G1_t0",20000,5,5,FALSE,FALSE,TRUE
1,"good",0.65,"absent",0,"all-main",0,0,0,"G1_t1",18400,6,6,FALSE,FALSE,TRUE
1,"good",0.65,"absent",0,"all-main",0,0,0,"G1_t2",16658,6,6,FALSE,FALSE,TRUE
1,"good",0.65,"absent",0,"all-main",0,0,0,"G2_t0",20000,7,7,FALSE,FALSE,TRUE
1,"good",0.65,"absent",0,"all-main",0,0,0,"G2_t1",18400,8,8,FALSE,FALSE,TRUE
1,"good",0.65,"absent",0,"all-main",0,0,0,"G2_t2",16658,8,8,FALSE,FALSE,TRUE
1,"good",0.65,"absent",0,"all-main",0,0,0,"G3_t0",20000,6,6,FALSE,FALSE,TRUE
1,"good",0.65,"absent",0,"all-main",0,0,0,"G3_t1",18400,7,7,FALSE,FALSE,TRUE
1,"good",0.65,"absent",0,"all-main",0,0,0,"G3_t2",16658,7,7,FALSE,FALSE,TRUE
1,"good",0.65,"absent",0,"all-main",0,0,0,"G4_t0",20000,11,11,FALSE,FALSE,TRUE
1,"good",0.65,"absent",0,"all-main",0,0,0,"G4_t1",18400,12,12,FALSE,FALSE,TRUE
1,"good",0.65,"absent",0,"all-main",0,0,0,"G4_t2",16658,12,12,FALSE,FALSE,TRUE
1,"good",0.65,"absent",0,"all-main",0,0,0,"C0_t0",20000,5,5,FALSE,FALSE,TRUE
1,"good",0.65,"absent",0,"all-main",0,0,0,"C0_t1",18400,5,5,FALSE,FALSE,TRUE
1,"good",0.65,"absent",0,"all-main",0,0,0,"C0_t2",16658,5,5,FALSE,FALSE,TRUE
1,"good",0.65,"absent",0,"all-main",0,0,0,"C1_t0",20000,6,6,FALSE,FALSE,TRUE
1,"good",0.65,"absent",0,"all-main",0,0,0,"C1_t1",18400,6,6,FALSE,FALSE,TRUE
1,"good",0.65,"absent",0,"all-main",0,0,0,"C1_t2",16658,6,6,FALSE,FALSE,TRUE
1,"good",0.65,"absent",0,"all-main",0,0,0,"C2_t0",20000,10,10,FALSE,FALSE,TRUE
1,"good",0.65,"absent",0,"all-main",0,0,0,"C2_t1",18400,10,10,FALSE,FALSE,TRUE
1,"good",0.65,"absent",0,"all-main",0,0,0,"C2_t2",16658,10,10,FALSE,FALSE,TRUE
1,"good",0.65,"absent",0,"all-main",0,0,0,"QL0_a0_t0",8735,4,4,FALSE,FALSE,TRUE
1,"good",0.65,"absent",0,"all-main",0,0,0,"QL0_a0_t1",7704,6,6,FALSE,FALSE,TRUE
1,"good",0.65,"absent",0,"all-main",0,0,0,"QL0_a0_t2",6212,8,8,FALSE,FALSE,TRUE
1,"good",0.65,"absent",0,"all-main",0,0,0,"QL0_a1_t0",9665,4,4,FALSE,FALSE,TRUE
1,"good",0.65,"absent",0,"all-main",0,0,0,"QL0_a1_t1",8954,6,6,FALSE,FALSE,TRUE
1,"good",0.65,"absent",0,"all-main",0,0,0,"QL0_a1_t2",8470,8,8,FALSE,FALSE,TRUE
1,"good",0.65,"absent",0,"all-main",0,0,0,"QL1_a0_t0",8735,5,5,FALSE,FALSE,TRUE
1,"good",0.65,"absent",0,"all-main",0,0,0,"QL1_a0_t1",7704,8,8,FALSE,FALSE,TRUE
1,"good",0.65,"absent",0,"all-main",0,0,0,"QL1_a0_t2",6212,11,11,FALSE,FALSE,TRUE
1,"good",0.65,"absent",0,"all-main",0,0,0,"QL1_a1_t0",9665,5,5,FALSE,FALSE,TRUE
1,"good",0.65,"absent",0,"all-main",0,0,0,"QL1_a1_t1",8954,8,8,FALSE,FALSE,TRUE
1,"good",0.65,"absent",0,"all-main",0,0,0,"QL1_a1_t2",8470,11,11,FALSE,FALSE,TRUE
1,"good",0.65,"absent",0,"all-main",0,0,0,"QL2_a0_t0",8735,8,8,FALSE,FALSE,TRUE
1,"good",0.65,"absent",0,"all-main",0,0,0,"QL2_a0_t1",7704,17,17,FALSE,FALSE,TRUE
1,"good",0.65,"absent",0,"all-main",0,0,0,"QL2_a0_t2",6212,29,29,FALSE,FALSE,TRUE
1,"good",0.65,"absent",0,"all-main",0,0,0,"QL2_a1_t0",9665,8,8,FALSE,FALSE,TRUE
1,"good",0.65,"absent",0,"all-main",0,0,0,"QL2_a1_t1",8954,17,17,FALSE,FALSE,TRUE
1,"good",0.65,"absent",0,"all-main",0,0,0,"QL2_a1_t2",8470,29,29,FALSE,FALSE,TRUE
1,"good",0.65,"absent",0,"all-main",0,0,0,"QL3_a0_t0",8735,10,10,FALSE,FALSE,TRUE
1,"good",0.65,"absent",0,"all-main",0,0,0,"QL3_a0_t1",7704,13,13,FALSE,FALSE,TRUE
1,"good",0.65,"absent",0,"all-main",0,0,0,"QL3_a0_t2",6212,13,13,FALSE,FALSE,TRUE
1,"good",0.65,"absent",0,"all-main",0,0,0,"QL3_a1_t0",9665,10,10,FALSE,FALSE,TRUE
1,"good",0.65,"absent",0,"all-main",0,0,0,"QL3_a1_t1",8954,13,13,FALSE,FALSE,TRUE
1,"good",0.65,"absent",0,"all-main",0,0,0,"QL3_a1_t2",8470,13,13,FALSE,FALSE,TRUE
2,"poor",1.25,"absent",0,"all-main",0,0,0,"G0_t0",20000,4,4,FALSE,FALSE,TRUE
2,"poor",1.25,"absent",0,"all-main",0,0,0,"G0_t1",18439,5,5,FALSE,FALSE,TRUE
2,"poor",1.25,"absent",0,"all-main",0,0,0,"G0_t2",16755,5,5,FALSE,FALSE,TRUE
2,"poor",1.25,"absent",0,"all-main",0,0,0,"G1_t0",20000,5,5,FALSE,FALSE,TRUE
2,"poor",1.25,"absent",0,"all-main",0,0,0,"G1_t1",18439,6,6,FALSE,FALSE,TRUE
2,"poor",1.25,"absent",0,"all-main",0,0,0,"G1_t2",16755,6,6,FALSE,FALSE,TRUE
2,"poor",1.25,"absent",0,"all-main",0,0,0,"G2_t0",20000,7,7,FALSE,FALSE,TRUE
2,"poor",1.25,"absent",0,"all-main",0,0,0,"G2_t1",18439,8,8,FALSE,FALSE,TRUE
2,"poor",1.25,"absent",0,"all-main",0,0,0,"G2_t2",16755,8,8,FALSE,FALSE,TRUE
2,"poor",1.25,"absent",0,"all-main",0,0,0,"G3_t0",20000,6,6,FALSE,FALSE,TRUE
2,"poor",1.25,"absent",0,"all-main",0,0,0,"G3_t1",18439,7,7,FALSE,FALSE,TRUE
2,"poor",1.25,"absent",0,"all-main",0,0,0,"G3_t2",16755,7,7,FALSE,FALSE,TRUE
2,"poor",1.25,"absent",0,"all-main",0,0,0,"G4_t0",20000,11,11,FALSE,FALSE,TRUE
2,"poor",1.25,"absent",0,"all-main",0,0,0,"G4_t1",18439,12,12,FALSE,FALSE,TRUE
2,"poor",1.25,"absent",0,"all-main",0,0,0,"G4_t2",16755,12,12,FALSE,FALSE,TRUE
2,"poor",1.25,"absent",0,"all-main",0,0,0,"C0_t0",20000,5,5,FALSE,FALSE,TRUE
2,"poor",1.25,"absent",0,"all-main",0,0,0,"C0_t1",18439,5,5,FALSE,FALSE,TRUE
2,"poor",1.25,"absent",0,"all-main",0,0,0,"C0_t2",16755,5,5,FALSE,FALSE,TRUE
2,"poor",1.25,"absent",0,"all-main",0,0,0,"C1_t0",20000,6,6,FALSE,FALSE,TRUE
2,"poor",1.25,"absent",0,"all-main",0,0,0,"C1_t1",18439,6,6,FALSE,FALSE,TRUE
2,"poor",1.25,"absent",0,"all-main",0,0,0,"C1_t2",16755,6,6,FALSE,FALSE,TRUE
2,"poor",1.25,"absent",0,"all-main",0,0,0,"C2_t0",20000,10,10,FALSE,FALSE,TRUE
2,"poor",1.25,"absent",0,"all-main",0,0,0,"C2_t1",18439,10,10,FALSE,FALSE,TRUE
2,"poor",1.25,"absent",0,"all-main",0,0,0,"C2_t2",16755,10,10,FALSE,FALSE,TRUE
2,"poor",1.25,"absent",0,"all-main",0,0,0,"QL0_a0_t0",7924,4,4,FALSE,FALSE,TRUE
2,"poor",1.25,"absent",0,"all-main",0,0,0,"QL0_a0_t1",7315,6,6,FALSE,FALSE,TRUE
2,"poor",1.25,"absent",0,"all-main",0,0,0,"QL0_a0_t2",6012,8,8,FALSE,FALSE,TRUE
2,"poor",1.25,"absent",0,"all-main",0,0,0,"QL0_a1_t0",10515,4,4,FALSE,FALSE,TRUE
2,"poor",1.25,"absent",0,"all-main",0,0,0,"QL0_a1_t1",9440,6,6,FALSE,FALSE,TRUE
2,"poor",1.25,"absent",0,"all-main",0,0,0,"QL0_a1_t2",8855,8,8,FALSE,FALSE,TRUE
2,"poor",1.25,"absent",0,"all-main",0,0,0,"QL1_a0_t0",7924,5,5,FALSE,FALSE,TRUE
2,"poor",1.25,"absent",0,"all-main",0,0,0,"QL1_a0_t1",7315,8,8,FALSE,FALSE,TRUE
2,"poor",1.25,"absent",0,"all-main",0,0,0,"QL1_a0_t2",6012,11,11,FALSE,FALSE,TRUE
2,"poor",1.25,"absent",0,"all-main",0,0,0,"QL1_a1_t0",10515,5,5,FALSE,FALSE,TRUE
2,"poor",1.25,"absent",0,"all-main",0,0,0,"QL1_a1_t1",9440,8,8,FALSE,FALSE,TRUE
2,"poor",1.25,"absent",0,"all-main",0,0,0,"QL1_a1_t2",8855,11,11,FALSE,FALSE,TRUE
2,"poor",1.25,"absent",0,"all-main",0,0,0,"QL2_a0_t0",7924,8,8,FALSE,FALSE,TRUE
2,"poor",1.25,"absent",0,"all-main",0,0,0,"QL2_a0_t1",7315,17,17,FALSE,FALSE,TRUE
2,"poor",1.25,"absent",0,"all-main",0,0,0,"QL2_a0_t2",6012,29,29,FALSE,FALSE,TRUE
2,"poor",1.25,"absent",0,"all-main",0,0,0,"QL2_a1_t0",10515,8,8,FALSE,FALSE,TRUE
2,"poor",1.25,"absent",0,"all-main",0,0,0,"QL2_a1_t1",9440,17,17,FALSE,FALSE,TRUE
2,"poor",1.25,"absent",0,"all-main",0,0,0,"QL2_a1_t2",8855,29,29,FALSE,FALSE,TRUE
2,"poor",1.25,"absent",0,"all-main",0,0,0,"QL3_a0_t0",7924,10,10,FALSE,FALSE,TRUE
2,"poor",1.25,"absent",0,"all-main",0,0,0,"QL3_a0_t1",7315,13,13,FALSE,FALSE,TRUE
2,"poor",1.25,"absent",0,"all-main",0,0,0,"QL3_a0_t2",6012,13,13,FALSE,FALSE,TRUE
2,"poor",1.25,"absent",0,"all-main",0,0,0,"QL3_a1_t0",10515,10,10,FALSE,FALSE,TRUE
2,"poor",1.25,"absent",0,"all-main",0,0,0,"QL3_a1_t1",9440,13,13,FALSE,FALSE,TRUE
2,"poor",1.25,"absent",0,"all-main",0,0,0,"QL3_a1_t2",8855,13,13,FALSE,FALSE,TRUE
3,"good",0.65,"moderate",0.751416088683921,"all-main",0,0,0,"G0_t0",20000,4,4,FALSE,FALSE,TRUE
3,"good",0.65,"moderate",0.751416088683921,"all-main",0,0,0,"G0_t1",18360,5,5,FALSE,FALSE,TRUE
3,"good",0.65,"moderate",0.751416088683921,"all-main",0,0,0,"G0_t2",16618,5,5,FALSE,FALSE,TRUE
3,"good",0.65,"moderate",0.751416088683921,"all-main",0,0,0,"G1_t0",20000,5,5,FALSE,FALSE,TRUE
3,"good",0.65,"moderate",0.751416088683921,"all-main",0,0,0,"G1_t1",18360,6,6,FALSE,FALSE,TRUE
3,"good",0.65,"moderate",0.751416088683921,"all-main",0,0,0,"G1_t2",16618,6,6,FALSE,FALSE,TRUE
3,"good",0.65,"moderate",0.751416088683921,"all-main",0,0,0,"G2_t0",20000,7,7,FALSE,FALSE,TRUE
3,"good",0.65,"moderate",0.751416088683921,"all-main",0,0,0,"G2_t1",18360,8,8,FALSE,FALSE,TRUE
3,"good",0.65,"moderate",0.751416088683921,"all-main",0,0,0,"G2_t2",16618,8,8,FALSE,FALSE,TRUE
3,"good",0.65,"moderate",0.751416088683921,"all-main",0,0,0,"G3_t0",20000,6,6,FALSE,FALSE,TRUE
3,"good",0.65,"moderate",0.751416088683921,"all-main",0,0,0,"G3_t1",18360,7,7,FALSE,FALSE,TRUE
3,"good",0.65,"moderate",0.751416088683921,"all-main",0,0,0,"G3_t2",16618,7,7,FALSE,FALSE,TRUE
3,"good",0.65,"moderate",0.751416088683921,"all-main",0,0,0,"G4_t0",20000,11,11,FALSE,FALSE,TRUE
3,"good",0.65,"moderate",0.751416088683921,"all-main",0,0,0,"G4_t1",18360,12,12,FALSE,FALSE,TRUE
3,"good",0.65,"moderate",0.751416088683921,"all-main",0,0,0,"G4_t2",16618,12,12,FALSE,FALSE,TRUE
3,"good",0.65,"moderate",0.751416088683921,"all-main",0,0,0,"C0_t0",20000,5,5,FALSE,FALSE,TRUE
3,"good",0.65,"moderate",0.751416088683921,"all-main",0,0,0,"C0_t1",18360,5,5,FALSE,FALSE,TRUE
3,"good",0.65,"moderate",0.751416088683921,"all-main",0,0,0,"C0_t2",16618,5,5,FALSE,FALSE,TRUE
3,"good",0.65,"moderate",0.751416088683921,"all-main",0,0,0,"C1_t0",20000,6,6,FALSE,FALSE,TRUE
3,"good",0.65,"moderate",0.751416088683921,"all-main",0,0,0,"C1_t1",18360,6,6,FALSE,FALSE,TRUE
3,"good",0.65,"moderate",0.751416088683921,"all-main",0,0,0,"C1_t2",16618,6,6,FALSE,FALSE,TRUE
3,"good",0.65,"moderate",0.751416088683921,"all-main",0,0,0,"C2_t0",20000,10,10,FALSE,FALSE,TRUE
3,"good",0.65,"moderate",0.751416088683921,"all-main",0,0,0,"C2_t1",18360,10,10,FALSE,FALSE,TRUE
3,"good",0.65,"moderate",0.751416088683921,"all-main",0,0,0,"C2_t2",16618,10,10,FALSE,FALSE,TRUE
3,"good",0.65,"moderate",0.751416088683921,"all-main",0,0,0,"QL0_a0_t0",8675,4,4,FALSE,FALSE,TRUE
3,"good",0.65,"moderate",0.751416088683921,"all-main",0,0,0,"QL0_a0_t1",7834,6,6,FALSE,FALSE,TRUE
3,"good",0.65,"moderate",0.751416088683921,"all-main",0,0,0,"QL0_a0_t2",6366,8,8,FALSE,FALSE,TRUE
3,"good",0.65,"moderate",0.751416088683921,"all-main",0,0,0,"QL0_a1_t0",9685,4,4,FALSE,FALSE,TRUE
3,"good",0.65,"moderate",0.751416088683921,"all-main",0,0,0,"QL0_a1_t1",8784,6,6,FALSE,FALSE,TRUE
3,"good",0.65,"moderate",0.751416088683921,"all-main",0,0,0,"QL0_a1_t2",8298,8,8,FALSE,FALSE,TRUE
3,"good",0.65,"moderate",0.751416088683921,"all-main",0,0,0,"QL1_a0_t0",8675,5,5,FALSE,FALSE,TRUE
3,"good",0.65,"moderate",0.751416088683921,"all-main",0,0,0,"QL1_a0_t1",7834,8,8,FALSE,FALSE,TRUE
3,"good",0.65,"moderate",0.751416088683921,"all-main",0,0,0,"QL1_a0_t2",6366,11,11,FALSE,FALSE,TRUE
3,"good",0.65,"moderate",0.751416088683921,"all-main",0,0,0,"QL1_a1_t0",9685,5,5,FALSE,FALSE,TRUE
3,"good",0.65,"moderate",0.751416088683921,"all-main",0,0,0,"QL1_a1_t1",8784,8,8,FALSE,FALSE,TRUE
3,"good",0.65,"moderate",0.751416088683921,"all-main",0,0,0,"QL1_a1_t2",8298,11,11,FALSE,FALSE,TRUE
3,"good",0.65,"moderate",0.751416088683921,"all-main",0,0,0,"QL2_a0_t0",8675,8,8,FALSE,FALSE,TRUE
3,"good",0.65,"moderate",0.751416088683921,"all-main",0,0,0,"QL2_a0_t1",7834,17,17,FALSE,FALSE,TRUE
3,"good",0.65,"moderate",0.751416088683921,"all-main",0,0,0,"QL2_a0_t2",6366,29,29,FALSE,FALSE,TRUE
3,"good",0.65,"moderate",0.751416088683921,"all-main",0,0,0,"QL2_a1_t0",9685,8,8,FALSE,FALSE,TRUE
3,"good",0.65,"moderate",0.751416088683921,"all-main",0,0,0,"QL2_a1_t1",8784,17,17,FALSE,FALSE,TRUE
3,"good",0.65,"moderate",0.751416088683921,"all-main",0,0,0,"QL2_a1_t2",8298,29,29,FALSE,FALSE,TRUE
3,"good",0.65,"moderate",0.751416088683921,"all-main",0,0,0,"QL3_a0_t0",8675,10,10,FALSE,FALSE,TRUE
3,"good",0.65,"moderate",0.751416088683921,"all-main",0,0,0,"QL3_a0_t1",7834,13,13,FALSE,FALSE,TRUE
3,"good",0.65,"moderate",0.751416088683921,"all-main",0,0,0,"QL3_a0_t2",6366,13,13,FALSE,FALSE,TRUE
3,"good",0.65,"moderate",0.751416088683921,"all-main",0,0,0,"QL3_a1_t0",9685,10,10,FALSE,FALSE,TRUE
3,"good",0.65,"moderate",0.751416088683921,"all-main",0,0,0,"QL3_a1_t1",8784,13,13,FALSE,FALSE,TRUE
3,"good",0.65,"moderate",0.751416088683921,"all-main",0,0,0,"QL3_a1_t2",8298,13,13,FALSE,FALSE,TRUE
4,"poor",1.25,"moderate",0.751416088683921,"all-main",0,0,0,"G0_t0",20000,4,4,FALSE,FALSE,TRUE
4,"poor",1.25,"moderate",0.751416088683921,"all-main",0,0,0,"G0_t1",18398,5,5,FALSE,FALSE,TRUE
4,"poor",1.25,"moderate",0.751416088683921,"all-main",0,0,0,"G0_t2",16763,5,5,FALSE,FALSE,TRUE
4,"poor",1.25,"moderate",0.751416088683921,"all-main",0,0,0,"G1_t0",20000,5,5,FALSE,FALSE,TRUE
4,"poor",1.25,"moderate",0.751416088683921,"all-main",0,0,0,"G1_t1",18398,6,6,FALSE,FALSE,TRUE
4,"poor",1.25,"moderate",0.751416088683921,"all-main",0,0,0,"G1_t2",16763,6,6,FALSE,FALSE,TRUE
4,"poor",1.25,"moderate",0.751416088683921,"all-main",0,0,0,"G2_t0",20000,7,7,FALSE,FALSE,TRUE
4,"poor",1.25,"moderate",0.751416088683921,"all-main",0,0,0,"G2_t1",18398,8,8,FALSE,FALSE,TRUE
4,"poor",1.25,"moderate",0.751416088683921,"all-main",0,0,0,"G2_t2",16763,8,8,FALSE,FALSE,TRUE
4,"poor",1.25,"moderate",0.751416088683921,"all-main",0,0,0,"G3_t0",20000,6,6,FALSE,FALSE,TRUE
4,"poor",1.25,"moderate",0.751416088683921,"all-main",0,0,0,"G3_t1",18398,7,7,FALSE,FALSE,TRUE
4,"poor",1.25,"moderate",0.751416088683921,"all-main",0,0,0,"G3_t2",16763,7,7,FALSE,FALSE,TRUE
4,"poor",1.25,"moderate",0.751416088683921,"all-main",0,0,0,"G4_t0",20000,11,11,FALSE,FALSE,TRUE
4,"poor",1.25,"moderate",0.751416088683921,"all-main",0,0,0,"G4_t1",18398,12,12,FALSE,FALSE,TRUE
4,"poor",1.25,"moderate",0.751416088683921,"all-main",0,0,0,"G4_t2",16763,12,12,FALSE,FALSE,TRUE
4,"poor",1.25,"moderate",0.751416088683921,"all-main",0,0,0,"C0_t0",20000,5,5,FALSE,FALSE,TRUE
4,"poor",1.25,"moderate",0.751416088683921,"all-main",0,0,0,"C0_t1",18398,5,5,FALSE,FALSE,TRUE
4,"poor",1.25,"moderate",0.751416088683921,"all-main",0,0,0,"C0_t2",16763,5,5,FALSE,FALSE,TRUE
4,"poor",1.25,"moderate",0.751416088683921,"all-main",0,0,0,"C1_t0",20000,6,6,FALSE,FALSE,TRUE
4,"poor",1.25,"moderate",0.751416088683921,"all-main",0,0,0,"C1_t1",18398,6,6,FALSE,FALSE,TRUE
4,"poor",1.25,"moderate",0.751416088683921,"all-main",0,0,0,"C1_t2",16763,6,6,FALSE,FALSE,TRUE
4,"poor",1.25,"moderate",0.751416088683921,"all-main",0,0,0,"C2_t0",20000,10,10,FALSE,FALSE,TRUE
4,"poor",1.25,"moderate",0.751416088683921,"all-main",0,0,0,"C2_t1",18398,10,10,FALSE,FALSE,TRUE
4,"poor",1.25,"moderate",0.751416088683921,"all-main",0,0,0,"C2_t2",16763,10,10,FALSE,FALSE,TRUE
4,"poor",1.25,"moderate",0.751416088683921,"all-main",0,0,0,"QL0_a0_t0",7808,4,4,FALSE,FALSE,TRUE
4,"poor",1.25,"moderate",0.751416088683921,"all-main",0,0,0,"QL0_a0_t1",7527,6,6,FALSE,FALSE,TRUE
4,"poor",1.25,"moderate",0.751416088683921,"all-main",0,0,0,"QL0_a0_t2",6080,8,8,FALSE,FALSE,TRUE
4,"poor",1.25,"moderate",0.751416088683921,"all-main",0,0,0,"QL0_a1_t0",10590,4,4,FALSE,FALSE,TRUE
4,"poor",1.25,"moderate",0.751416088683921,"all-main",0,0,0,"QL0_a1_t1",9236,6,6,FALSE,FALSE,TRUE
4,"poor",1.25,"moderate",0.751416088683921,"all-main",0,0,0,"QL0_a1_t2",8765,8,8,FALSE,FALSE,TRUE
4,"poor",1.25,"moderate",0.751416088683921,"all-main",0,0,0,"QL1_a0_t0",7808,5,5,FALSE,FALSE,TRUE
4,"poor",1.25,"moderate",0.751416088683921,"all-main",0,0,0,"QL1_a0_t1",7527,8,8,FALSE,FALSE,TRUE
4,"poor",1.25,"moderate",0.751416088683921,"all-main",0,0,0,"QL1_a0_t2",6080,11,11,FALSE,FALSE,TRUE
4,"poor",1.25,"moderate",0.751416088683921,"all-main",0,0,0,"QL1_a1_t0",10590,5,5,FALSE,FALSE,TRUE
4,"poor",1.25,"moderate",0.751416088683921,"all-main",0,0,0,"QL1_a1_t1",9236,8,8,FALSE,FALSE,TRUE
4,"poor",1.25,"moderate",0.751416088683921,"all-main",0,0,0,"QL1_a1_t2",8765,11,11,FALSE,FALSE,TRUE
4,"poor",1.25,"moderate",0.751416088683921,"all-main",0,0,0,"QL2_a0_t0",7808,8,8,FALSE,FALSE,TRUE
4,"poor",1.25,"moderate",0.751416088683921,"all-main",0,0,0,"QL2_a0_t1",7527,17,17,FALSE,FALSE,TRUE
4,"poor",1.25,"moderate",0.751416088683921,"all-main",0,0,0,"QL2_a0_t2",6080,29,29,FALSE,FALSE,TRUE
4,"poor",1.25,"moderate",0.751416088683921,"all-main",0,0,0,"QL2_a1_t0",10590,8,8,FALSE,FALSE,TRUE
4,"poor",1.25,"moderate",0.751416088683921,"all-main",0,0,0,"QL2_a1_t1",9236,17,17,FALSE,FALSE,TRUE
4,"poor",1.25,"moderate",0.751416088683921,"all-main",0,0,0,"QL2_a1_t2",8765,29,29,FALSE,FALSE,TRUE
4,"poor",1.25,"moderate",0.751416088683921,"all-main",0,0,0,"QL3_a0_t0",7808,10,10,FALSE,FALSE,TRUE
4,"poor",1.25,"moderate",0.751416088683921,"all-main",0,0,0,"QL3_a0_t1",7527,13,13,FALSE,FALSE,TRUE
4,"poor",1.25,"moderate",0.751416088683921,"all-main",0,0,0,"QL3_a0_t2",6080,13,13,FALSE,FALSE,TRUE
4,"poor",1.25,"moderate",0.751416088683921,"all-main",0,0,0,"QL3_a1_t0",10590,10,10,FALSE,FALSE,TRUE
4,"poor",1.25,"moderate",0.751416088683921,"all-main",0,0,0,"QL3_a1_t1",9236,13,13,FALSE,FALSE,TRUE
4,"poor",1.25,"moderate",0.751416088683921,"all-main",0,0,0,"QL3_a1_t2",8765,13,13,FALSE,FALSE,TRUE
5,"good",0.65,"strong",1.49962304642689,"all-main",0,0,0,"G0_t0",20000,4,4,FALSE,FALSE,TRUE
5,"good",0.65,"strong",1.49962304642689,"all-main",0,0,0,"G0_t1",18409,5,5,FALSE,FALSE,TRUE
5,"good",0.65,"strong",1.49962304642689,"all-main",0,0,0,"G0_t2",16632,5,5,FALSE,FALSE,TRUE
5,"good",0.65,"strong",1.49962304642689,"all-main",0,0,0,"G1_t0",20000,5,5,FALSE,FALSE,TRUE
5,"good",0.65,"strong",1.49962304642689,"all-main",0,0,0,"G1_t1",18409,6,6,FALSE,FALSE,TRUE
5,"good",0.65,"strong",1.49962304642689,"all-main",0,0,0,"G1_t2",16632,6,6,FALSE,FALSE,TRUE
5,"good",0.65,"strong",1.49962304642689,"all-main",0,0,0,"G2_t0",20000,7,7,FALSE,FALSE,TRUE
5,"good",0.65,"strong",1.49962304642689,"all-main",0,0,0,"G2_t1",18409,8,8,FALSE,FALSE,TRUE
5,"good",0.65,"strong",1.49962304642689,"all-main",0,0,0,"G2_t2",16632,8,8,FALSE,FALSE,TRUE
5,"good",0.65,"strong",1.49962304642689,"all-main",0,0,0,"G3_t0",20000,6,6,FALSE,FALSE,TRUE
5,"good",0.65,"strong",1.49962304642689,"all-main",0,0,0,"G3_t1",18409,7,7,FALSE,FALSE,TRUE
5,"good",0.65,"strong",1.49962304642689,"all-main",0,0,0,"G3_t2",16632,7,7,FALSE,FALSE,TRUE
5,"good",0.65,"strong",1.49962304642689,"all-main",0,0,0,"G4_t0",20000,11,11,FALSE,FALSE,TRUE
5,"good",0.65,"strong",1.49962304642689,"all-main",0,0,0,"G4_t1",18409,12,12,FALSE,FALSE,TRUE
5,"good",0.65,"strong",1.49962304642689,"all-main",0,0,0,"G4_t2",16632,12,12,FALSE,FALSE,TRUE
5,"good",0.65,"strong",1.49962304642689,"all-main",0,0,0,"C0_t0",20000,5,5,FALSE,FALSE,TRUE
5,"good",0.65,"strong",1.49962304642689,"all-main",0,0,0,"C0_t1",18409,5,5,FALSE,FALSE,TRUE
5,"good",0.65,"strong",1.49962304642689,"all-main",0,0,0,"C0_t2",16632,5,5,FALSE,FALSE,TRUE
5,"good",0.65,"strong",1.49962304642689,"all-main",0,0,0,"C1_t0",20000,6,6,FALSE,FALSE,TRUE
5,"good",0.65,"strong",1.49962304642689,"all-main",0,0,0,"C1_t1",18409,6,6,FALSE,FALSE,TRUE
5,"good",0.65,"strong",1.49962304642689,"all-main",0,0,0,"C1_t2",16632,6,6,FALSE,FALSE,TRUE
5,"good",0.65,"strong",1.49962304642689,"all-main",0,0,0,"C2_t0",20000,10,10,FALSE,FALSE,TRUE
5,"good",0.65,"strong",1.49962304642689,"all-main",0,0,0,"C2_t1",18409,10,10,FALSE,FALSE,TRUE
5,"good",0.65,"strong",1.49962304642689,"all-main",0,0,0,"C2_t2",16632,10,10,FALSE,FALSE,TRUE
5,"good",0.65,"strong",1.49962304642689,"all-main",0,0,0,"QL0_a0_t0",8892,4,4,FALSE,FALSE,TRUE
5,"good",0.65,"strong",1.49962304642689,"all-main",0,0,0,"QL0_a0_t1",7852,6,6,FALSE,FALSE,TRUE
5,"good",0.65,"strong",1.49962304642689,"all-main",0,0,0,"QL0_a0_t2",6549,8,8,FALSE,FALSE,TRUE
5,"good",0.65,"strong",1.49962304642689,"all-main",0,0,0,"QL0_a1_t0",9517,4,4,FALSE,FALSE,TRUE
5,"good",0.65,"strong",1.49962304642689,"all-main",0,0,0,"QL0_a1_t1",8780,6,6,FALSE,FALSE,TRUE
5,"good",0.65,"strong",1.49962304642689,"all-main",0,0,0,"QL0_a1_t2",8229,8,8,FALSE,FALSE,TRUE
5,"good",0.65,"strong",1.49962304642689,"all-main",0,0,0,"QL1_a0_t0",8892,5,5,FALSE,FALSE,TRUE
5,"good",0.65,"strong",1.49962304642689,"all-main",0,0,0,"QL1_a0_t1",7852,8,8,FALSE,FALSE,TRUE
5,"good",0.65,"strong",1.49962304642689,"all-main",0,0,0,"QL1_a0_t2",6549,11,11,FALSE,FALSE,TRUE
5,"good",0.65,"strong",1.49962304642689,"all-main",0,0,0,"QL1_a1_t0",9517,5,5,FALSE,FALSE,TRUE
5,"good",0.65,"strong",1.49962304642689,"all-main",0,0,0,"QL1_a1_t1",8780,8,8,FALSE,FALSE,TRUE
5,"good",0.65,"strong",1.49962304642689,"all-main",0,0,0,"QL1_a1_t2",8229,11,11,FALSE,FALSE,TRUE
5,"good",0.65,"strong",1.49962304642689,"all-main",0,0,0,"QL2_a0_t0",8892,8,8,FALSE,FALSE,TRUE
5,"good",0.65,"strong",1.49962304642689,"all-main",0,0,0,"QL2_a0_t1",7852,17,17,FALSE,FALSE,TRUE
5,"good",0.65,"strong",1.49962304642689,"all-main",0,0,0,"QL2_a0_t2",6549,29,29,FALSE,FALSE,TRUE
5,"good",0.65,"strong",1.49962304642689,"all-main",0,0,0,"QL2_a1_t0",9517,8,8,FALSE,FALSE,TRUE
5,"good",0.65,"strong",1.49962304642689,"all-main",0,0,0,"QL2_a1_t1",8780,17,17,FALSE,FALSE,TRUE
5,"good",0.65,"strong",1.49962304642689,"all-main",0,0,0,"QL2_a1_t2",8229,29,29,FALSE,FALSE,TRUE
5,"good",0.65,"strong",1.49962304642689,"all-main",0,0,0,"QL3_a0_t0",8892,10,10,FALSE,FALSE,TRUE
5,"good",0.65,"strong",1.49962304642689,"all-main",0,0,0,"QL3_a0_t1",7852,13,13,FALSE,FALSE,TRUE
5,"good",0.65,"strong",1.49962304642689,"all-main",0,0,0,"QL3_a0_t2",6549,13,13,FALSE,FALSE,TRUE
5,"good",0.65,"strong",1.49962304642689,"all-main",0,0,0,"QL3_a1_t0",9517,10,10,FALSE,FALSE,TRUE
5,"good",0.65,"strong",1.49962304642689,"all-main",0,0,0,"QL3_a1_t1",8780,13,13,FALSE,FALSE,TRUE
5,"good",0.65,"strong",1.49962304642689,"all-main",0,0,0,"QL3_a1_t2",8229,13,13,FALSE,FALSE,TRUE
6,"poor",1.25,"strong",1.49962304642689,"all-main",0,0,0,"G0_t0",20000,4,4,FALSE,FALSE,TRUE
6,"poor",1.25,"strong",1.49962304642689,"all-main",0,0,0,"G0_t1",18383,5,5,FALSE,FALSE,TRUE
6,"poor",1.25,"strong",1.49962304642689,"all-main",0,0,0,"G0_t2",16607,5,5,FALSE,FALSE,TRUE
6,"poor",1.25,"strong",1.49962304642689,"all-main",0,0,0,"G1_t0",20000,5,5,FALSE,FALSE,TRUE
6,"poor",1.25,"strong",1.49962304642689,"all-main",0,0,0,"G1_t1",18383,6,6,FALSE,FALSE,TRUE
6,"poor",1.25,"strong",1.49962304642689,"all-main",0,0,0,"G1_t2",16607,6,6,FALSE,FALSE,TRUE
6,"poor",1.25,"strong",1.49962304642689,"all-main",0,0,0,"G2_t0",20000,7,7,FALSE,FALSE,TRUE
6,"poor",1.25,"strong",1.49962304642689,"all-main",0,0,0,"G2_t1",18383,8,8,FALSE,FALSE,TRUE
6,"poor",1.25,"strong",1.49962304642689,"all-main",0,0,0,"G2_t2",16607,8,8,FALSE,FALSE,TRUE
6,"poor",1.25,"strong",1.49962304642689,"all-main",0,0,0,"G3_t0",20000,6,6,FALSE,FALSE,TRUE
6,"poor",1.25,"strong",1.49962304642689,"all-main",0,0,0,"G3_t1",18383,7,7,FALSE,FALSE,TRUE
6,"poor",1.25,"strong",1.49962304642689,"all-main",0,0,0,"G3_t2",16607,7,7,FALSE,FALSE,TRUE
6,"poor",1.25,"strong",1.49962304642689,"all-main",0,0,0,"G4_t0",20000,11,11,FALSE,FALSE,TRUE
6,"poor",1.25,"strong",1.49962304642689,"all-main",0,0,0,"G4_t1",18383,12,12,FALSE,FALSE,TRUE
6,"poor",1.25,"strong",1.49962304642689,"all-main",0,0,0,"G4_t2",16607,12,12,FALSE,FALSE,TRUE
6,"poor",1.25,"strong",1.49962304642689,"all-main",0,0,0,"C0_t0",20000,5,5,FALSE,FALSE,TRUE
6,"poor",1.25,"strong",1.49962304642689,"all-main",0,0,0,"C0_t1",18383,5,5,FALSE,FALSE,TRUE
6,"poor",1.25,"strong",1.49962304642689,"all-main",0,0,0,"C0_t2",16607,5,5,FALSE,FALSE,TRUE
6,"poor",1.25,"strong",1.49962304642689,"all-main",0,0,0,"C1_t0",20000,6,6,FALSE,FALSE,TRUE
6,"poor",1.25,"strong",1.49962304642689,"all-main",0,0,0,"C1_t1",18383,6,6,FALSE,FALSE,TRUE
6,"poor",1.25,"strong",1.49962304642689,"all-main",0,0,0,"C1_t2",16607,6,6,FALSE,FALSE,TRUE
6,"poor",1.25,"strong",1.49962304642689,"all-main",0,0,0,"C2_t0",20000,10,10,FALSE,FALSE,TRUE
6,"poor",1.25,"strong",1.49962304642689,"all-main",0,0,0,"C2_t1",18383,10,10,FALSE,FALSE,TRUE
6,"poor",1.25,"strong",1.49962304642689,"all-main",0,0,0,"C2_t2",16607,10,10,FALSE,FALSE,TRUE
6,"poor",1.25,"strong",1.49962304642689,"all-main",0,0,0,"QL0_a0_t0",8092,4,4,FALSE,FALSE,TRUE
6,"poor",1.25,"strong",1.49962304642689,"all-main",0,0,0,"QL0_a0_t1",7538,6,6,FALSE,FALSE,TRUE
6,"poor",1.25,"strong",1.49962304642689,"all-main",0,0,0,"QL0_a0_t2",6224,8,8,FALSE,FALSE,TRUE
6,"poor",1.25,"strong",1.49962304642689,"all-main",0,0,0,"QL0_a1_t0",10291,4,4,FALSE,FALSE,TRUE
6,"poor",1.25,"strong",1.49962304642689,"all-main",0,0,0,"QL0_a1_t1",9069,6,6,FALSE,FALSE,TRUE
6,"poor",1.25,"strong",1.49962304642689,"all-main",0,0,0,"QL0_a1_t2",8507,8,8,FALSE,FALSE,TRUE
6,"poor",1.25,"strong",1.49962304642689,"all-main",0,0,0,"QL1_a0_t0",8092,5,5,FALSE,FALSE,TRUE
6,"poor",1.25,"strong",1.49962304642689,"all-main",0,0,0,"QL1_a0_t1",7538,8,8,FALSE,FALSE,TRUE
6,"poor",1.25,"strong",1.49962304642689,"all-main",0,0,0,"QL1_a0_t2",6224,11,11,FALSE,FALSE,TRUE
6,"poor",1.25,"strong",1.49962304642689,"all-main",0,0,0,"QL1_a1_t0",10291,5,5,FALSE,FALSE,TRUE
6,"poor",1.25,"strong",1.49962304642689,"all-main",0,0,0,"QL1_a1_t1",9069,8,8,FALSE,FALSE,TRUE
6,"poor",1.25,"strong",1.49962304642689,"all-main",0,0,0,"QL1_a1_t2",8507,11,11,FALSE,FALSE,TRUE
6,"poor",1.25,"strong",1.49962304642689,"all-main",0,0,0,"QL2_a0_t0",8092,8,8,FALSE,FALSE,TRUE
6,"poor",1.25,"strong",1.49962304642689,"all-main",0,0,0,"QL2_a0_t1",7538,17,17,FALSE,FALSE,TRUE
6,"poor",1.25,"strong",1.49962304642689,"all-main",0,0,0,"QL2_a0_t2",6224,29,29,FALSE,FALSE,TRUE
6,"poor",1.25,"strong",1.49962304642689,"all-main",0,0,0,"QL2_a1_t0",10291,8,8,FALSE,FALSE,TRUE
6,"poor",1.25,"strong",1.49962304642689,"all-main",0,0,0,"QL2_a1_t1",9069,17,17,FALSE,FALSE,TRUE
6,"poor",1.25,"strong",1.49962304642689,"all-main",0,0,0,"QL2_a1_t2",8507,29,29,FALSE,FALSE,TRUE
6,"poor",1.25,"strong",1.49962304642689,"all-main",0,0,0,"QL3_a0_t0",8092,10,10,FALSE,FALSE,TRUE
6,"poor",1.25,"strong",1.49962304642689,"all-main",0,0,0,"QL3_a0_t1",7538,13,13,FALSE,FALSE,TRUE
6,"poor",1.25,"strong",1.49962304642689,"all-main",0,0,0,"QL3_a0_t2",6224,13,13,FALSE,FALSE,TRUE
6,"poor",1.25,"strong",1.49962304642689,"all-main",0,0,0,"QL3_a1_t0",10291,10,10,FALSE,FALSE,TRUE
6,"poor",1.25,"strong",1.49962304642689,"all-main",0,0,0,"QL3_a1_t1",9069,13,13,FALSE,FALSE,TRUE
6,"poor",1.25,"strong",1.49962304642689,"all-main",0,0,0,"QL3_a1_t2",8507,13,13,FALSE,FALSE,TRUE
7,"good",0.65,"absent",0,"nonlinear-treatment",1,0,0,"G0_t0",20000,4,4,FALSE,FALSE,TRUE
7,"good",0.65,"absent",0,"nonlinear-treatment",1,0,0,"G0_t1",18453,5,5,FALSE,FALSE,TRUE
7,"good",0.65,"absent",0,"nonlinear-treatment",1,0,0,"G0_t2",16800,5,5,FALSE,FALSE,TRUE
7,"good",0.65,"absent",0,"nonlinear-treatment",1,0,0,"G1_t0",20000,5,5,FALSE,FALSE,TRUE
7,"good",0.65,"absent",0,"nonlinear-treatment",1,0,0,"G1_t1",18453,6,6,FALSE,FALSE,TRUE
7,"good",0.65,"absent",0,"nonlinear-treatment",1,0,0,"G1_t2",16800,6,6,FALSE,FALSE,TRUE
7,"good",0.65,"absent",0,"nonlinear-treatment",1,0,0,"G2_t0",20000,7,7,FALSE,FALSE,TRUE
7,"good",0.65,"absent",0,"nonlinear-treatment",1,0,0,"G2_t1",18453,8,8,FALSE,FALSE,TRUE
7,"good",0.65,"absent",0,"nonlinear-treatment",1,0,0,"G2_t2",16800,8,8,FALSE,FALSE,TRUE
7,"good",0.65,"absent",0,"nonlinear-treatment",1,0,0,"G3_t0",20000,6,6,FALSE,FALSE,TRUE
7,"good",0.65,"absent",0,"nonlinear-treatment",1,0,0,"G3_t1",18453,7,7,FALSE,FALSE,TRUE
7,"good",0.65,"absent",0,"nonlinear-treatment",1,0,0,"G3_t2",16800,7,7,FALSE,FALSE,TRUE
7,"good",0.65,"absent",0,"nonlinear-treatment",1,0,0,"G4_t0",20000,11,11,FALSE,FALSE,TRUE
7,"good",0.65,"absent",0,"nonlinear-treatment",1,0,0,"G4_t1",18453,12,12,FALSE,FALSE,TRUE
7,"good",0.65,"absent",0,"nonlinear-treatment",1,0,0,"G4_t2",16800,12,12,FALSE,FALSE,TRUE
7,"good",0.65,"absent",0,"nonlinear-treatment",1,0,0,"C0_t0",20000,5,5,FALSE,FALSE,TRUE
7,"good",0.65,"absent",0,"nonlinear-treatment",1,0,0,"C0_t1",18453,5,5,FALSE,FALSE,TRUE
7,"good",0.65,"absent",0,"nonlinear-treatment",1,0,0,"C0_t2",16800,5,5,FALSE,FALSE,TRUE
7,"good",0.65,"absent",0,"nonlinear-treatment",1,0,0,"C1_t0",20000,6,6,FALSE,FALSE,TRUE
7,"good",0.65,"absent",0,"nonlinear-treatment",1,0,0,"C1_t1",18453,6,6,FALSE,FALSE,TRUE
7,"good",0.65,"absent",0,"nonlinear-treatment",1,0,0,"C1_t2",16800,6,6,FALSE,FALSE,TRUE
7,"good",0.65,"absent",0,"nonlinear-treatment",1,0,0,"C2_t0",20000,10,10,FALSE,FALSE,TRUE
7,"good",0.65,"absent",0,"nonlinear-treatment",1,0,0,"C2_t1",18453,10,10,FALSE,FALSE,TRUE
7,"good",0.65,"absent",0,"nonlinear-treatment",1,0,0,"C2_t2",16800,10,10,FALSE,FALSE,TRUE
7,"good",0.65,"absent",0,"nonlinear-treatment",1,0,0,"QL0_a0_t0",8680,4,4,FALSE,FALSE,TRUE
7,"good",0.65,"absent",0,"nonlinear-treatment",1,0,0,"QL0_a0_t1",7645,6,6,FALSE,FALSE,TRUE
7,"good",0.65,"absent",0,"nonlinear-treatment",1,0,0,"QL0_a0_t2",6263,8,8,FALSE,FALSE,TRUE
7,"good",0.65,"absent",0,"nonlinear-treatment",1,0,0,"QL0_a1_t0",9773,4,4,FALSE,FALSE,TRUE
7,"good",0.65,"absent",0,"nonlinear-treatment",1,0,0,"QL0_a1_t1",9155,6,6,FALSE,FALSE,TRUE
7,"good",0.65,"absent",0,"nonlinear-treatment",1,0,0,"QL0_a1_t2",8592,8,8,FALSE,FALSE,TRUE
7,"good",0.65,"absent",0,"nonlinear-treatment",1,0,0,"QL1_a0_t0",8680,5,5,FALSE,FALSE,TRUE
7,"good",0.65,"absent",0,"nonlinear-treatment",1,0,0,"QL1_a0_t1",7645,8,8,FALSE,FALSE,TRUE
7,"good",0.65,"absent",0,"nonlinear-treatment",1,0,0,"QL1_a0_t2",6263,11,11,FALSE,FALSE,TRUE
7,"good",0.65,"absent",0,"nonlinear-treatment",1,0,0,"QL1_a1_t0",9773,5,5,FALSE,FALSE,TRUE
7,"good",0.65,"absent",0,"nonlinear-treatment",1,0,0,"QL1_a1_t1",9155,8,8,FALSE,FALSE,TRUE
7,"good",0.65,"absent",0,"nonlinear-treatment",1,0,0,"QL1_a1_t2",8592,11,11,FALSE,FALSE,TRUE
7,"good",0.65,"absent",0,"nonlinear-treatment",1,0,0,"QL2_a0_t0",8680,8,8,FALSE,FALSE,TRUE
7,"good",0.65,"absent",0,"nonlinear-treatment",1,0,0,"QL2_a0_t1",7645,17,17,FALSE,FALSE,TRUE
7,"good",0.65,"absent",0,"nonlinear-treatment",1,0,0,"QL2_a0_t2",6263,29,29,FALSE,FALSE,TRUE
7,"good",0.65,"absent",0,"nonlinear-treatment",1,0,0,"QL2_a1_t0",9773,8,8,FALSE,FALSE,TRUE
7,"good",0.65,"absent",0,"nonlinear-treatment",1,0,0,"QL2_a1_t1",9155,17,17,FALSE,FALSE,TRUE
7,"good",0.65,"absent",0,"nonlinear-treatment",1,0,0,"QL2_a1_t2",8592,29,29,FALSE,FALSE,TRUE
7,"good",0.65,"absent",0,"nonlinear-treatment",1,0,0,"QL3_a0_t0",8680,10,10,FALSE,FALSE,TRUE
7,"good",0.65,"absent",0,"nonlinear-treatment",1,0,0,"QL3_a0_t1",7645,13,13,FALSE,FALSE,TRUE
7,"good",0.65,"absent",0,"nonlinear-treatment",1,0,0,"QL3_a0_t2",6263,13,13,FALSE,FALSE,TRUE
7,"good",0.65,"absent",0,"nonlinear-treatment",1,0,0,"QL3_a1_t0",9773,10,10,FALSE,FALSE,TRUE
7,"good",0.65,"absent",0,"nonlinear-treatment",1,0,0,"QL3_a1_t1",9155,13,13,FALSE,FALSE,TRUE
7,"good",0.65,"absent",0,"nonlinear-treatment",1,0,0,"QL3_a1_t2",8592,13,13,FALSE,FALSE,TRUE
8,"poor",1.25,"absent",0,"nonlinear-treatment",1,0,0,"G0_t0",20000,4,4,FALSE,FALSE,TRUE
8,"poor",1.25,"absent",0,"nonlinear-treatment",1,0,0,"G0_t1",18368,5,5,FALSE,FALSE,TRUE
8,"poor",1.25,"absent",0,"nonlinear-treatment",1,0,0,"G0_t2",16676,5,5,FALSE,FALSE,TRUE
8,"poor",1.25,"absent",0,"nonlinear-treatment",1,0,0,"G1_t0",20000,5,5,FALSE,FALSE,TRUE
8,"poor",1.25,"absent",0,"nonlinear-treatment",1,0,0,"G1_t1",18368,6,6,FALSE,FALSE,TRUE
8,"poor",1.25,"absent",0,"nonlinear-treatment",1,0,0,"G1_t2",16676,6,6,FALSE,FALSE,TRUE
8,"poor",1.25,"absent",0,"nonlinear-treatment",1,0,0,"G2_t0",20000,7,7,FALSE,FALSE,TRUE
8,"poor",1.25,"absent",0,"nonlinear-treatment",1,0,0,"G2_t1",18368,8,8,FALSE,FALSE,TRUE
8,"poor",1.25,"absent",0,"nonlinear-treatment",1,0,0,"G2_t2",16676,8,8,FALSE,FALSE,TRUE
8,"poor",1.25,"absent",0,"nonlinear-treatment",1,0,0,"G3_t0",20000,6,6,FALSE,FALSE,TRUE
8,"poor",1.25,"absent",0,"nonlinear-treatment",1,0,0,"G3_t1",18368,7,7,FALSE,FALSE,TRUE
8,"poor",1.25,"absent",0,"nonlinear-treatment",1,0,0,"G3_t2",16676,7,7,FALSE,FALSE,TRUE
8,"poor",1.25,"absent",0,"nonlinear-treatment",1,0,0,"G4_t0",20000,11,11,FALSE,FALSE,TRUE
8,"poor",1.25,"absent",0,"nonlinear-treatment",1,0,0,"G4_t1",18368,12,12,FALSE,FALSE,TRUE
8,"poor",1.25,"absent",0,"nonlinear-treatment",1,0,0,"G4_t2",16676,12,12,FALSE,FALSE,TRUE
8,"poor",1.25,"absent",0,"nonlinear-treatment",1,0,0,"C0_t0",20000,5,5,FALSE,FALSE,TRUE
8,"poor",1.25,"absent",0,"nonlinear-treatment",1,0,0,"C0_t1",18368,5,5,FALSE,FALSE,TRUE
8,"poor",1.25,"absent",0,"nonlinear-treatment",1,0,0,"C0_t2",16676,5,5,FALSE,FALSE,TRUE
8,"poor",1.25,"absent",0,"nonlinear-treatment",1,0,0,"C1_t0",20000,6,6,FALSE,FALSE,TRUE
8,"poor",1.25,"absent",0,"nonlinear-treatment",1,0,0,"C1_t1",18368,6,6,FALSE,FALSE,TRUE
8,"poor",1.25,"absent",0,"nonlinear-treatment",1,0,0,"C1_t2",16676,6,6,FALSE,FALSE,TRUE
8,"poor",1.25,"absent",0,"nonlinear-treatment",1,0,0,"C2_t0",20000,10,10,FALSE,FALSE,TRUE
8,"poor",1.25,"absent",0,"nonlinear-treatment",1,0,0,"C2_t1",18368,10,10,FALSE,FALSE,TRUE
8,"poor",1.25,"absent",0,"nonlinear-treatment",1,0,0,"C2_t2",16676,10,10,FALSE,FALSE,TRUE
8,"poor",1.25,"absent",0,"nonlinear-treatment",1,0,0,"QL0_a0_t0",8208,4,4,FALSE,FALSE,TRUE
8,"poor",1.25,"absent",0,"nonlinear-treatment",1,0,0,"QL0_a0_t1",7585,6,6,FALSE,FALSE,TRUE
8,"poor",1.25,"absent",0,"nonlinear-treatment",1,0,0,"QL0_a0_t2",6231,8,8,FALSE,FALSE,TRUE
8,"poor",1.25,"absent",0,"nonlinear-treatment",1,0,0,"QL0_a1_t0",10160,4,4,FALSE,FALSE,TRUE
8,"poor",1.25,"absent",0,"nonlinear-treatment",1,0,0,"QL0_a1_t1",9091,6,6,FALSE,FALSE,TRUE
8,"poor",1.25,"absent",0,"nonlinear-treatment",1,0,0,"QL0_a1_t2",8591,8,8,FALSE,FALSE,TRUE
8,"poor",1.25,"absent",0,"nonlinear-treatment",1,0,0,"QL1_a0_t0",8208,5,5,FALSE,FALSE,TRUE
8,"poor",1.25,"absent",0,"nonlinear-treatment",1,0,0,"QL1_a0_t1",7585,8,8,FALSE,FALSE,TRUE
8,"poor",1.25,"absent",0,"nonlinear-treatment",1,0,0,"QL1_a0_t2",6231,11,11,FALSE,FALSE,TRUE
8,"poor",1.25,"absent",0,"nonlinear-treatment",1,0,0,"QL1_a1_t0",10160,5,5,FALSE,FALSE,TRUE
8,"poor",1.25,"absent",0,"nonlinear-treatment",1,0,0,"QL1_a1_t1",9091,8,8,FALSE,FALSE,TRUE
8,"poor",1.25,"absent",0,"nonlinear-treatment",1,0,0,"QL1_a1_t2",8591,11,11,FALSE,FALSE,TRUE
8,"poor",1.25,"absent",0,"nonlinear-treatment",1,0,0,"QL2_a0_t0",8208,8,8,FALSE,FALSE,TRUE
8,"poor",1.25,"absent",0,"nonlinear-treatment",1,0,0,"QL2_a0_t1",7585,17,17,FALSE,FALSE,TRUE
8,"poor",1.25,"absent",0,"nonlinear-treatment",1,0,0,"QL2_a0_t2",6231,29,29,FALSE,FALSE,TRUE
8,"poor",1.25,"absent",0,"nonlinear-treatment",1,0,0,"QL2_a1_t0",10160,8,8,FALSE,FALSE,TRUE
8,"poor",1.25,"absent",0,"nonlinear-treatment",1,0,0,"QL2_a1_t1",9091,17,17,FALSE,FALSE,TRUE
8,"poor",1.25,"absent",0,"nonlinear-treatment",1,0,0,"QL2_a1_t2",8591,29,29,FALSE,FALSE,TRUE
8,"poor",1.25,"absent",0,"nonlinear-treatment",1,0,0,"QL3_a0_t0",8208,10,10,FALSE,FALSE,TRUE
8,"poor",1.25,"absent",0,"nonlinear-treatment",1,0,0,"QL3_a0_t1",7585,13,13,FALSE,FALSE,TRUE
8,"poor",1.25,"absent",0,"nonlinear-treatment",1,0,0,"QL3_a0_t2",6231,13,13,FALSE,FALSE,TRUE
8,"poor",1.25,"absent",0,"nonlinear-treatment",1,0,0,"QL3_a1_t0",10160,10,10,FALSE,FALSE,TRUE
8,"poor",1.25,"absent",0,"nonlinear-treatment",1,0,0,"QL3_a1_t1",9091,13,13,FALSE,FALSE,TRUE
8,"poor",1.25,"absent",0,"nonlinear-treatment",1,0,0,"QL3_a1_t2",8591,13,13,FALSE,FALSE,TRUE
9,"good",0.65,"moderate",0.751416088683921,"nonlinear-treatment",1,0,0,"G0_t0",20000,4,4,FALSE,FALSE,TRUE
9,"good",0.65,"moderate",0.751416088683921,"nonlinear-treatment",1,0,0,"G0_t1",18415,5,5,FALSE,FALSE,TRUE
9,"good",0.65,"moderate",0.751416088683921,"nonlinear-treatment",1,0,0,"G0_t2",16715,5,5,FALSE,FALSE,TRUE
9,"good",0.65,"moderate",0.751416088683921,"nonlinear-treatment",1,0,0,"G1_t0",20000,5,5,FALSE,FALSE,TRUE
9,"good",0.65,"moderate",0.751416088683921,"nonlinear-treatment",1,0,0,"G1_t1",18415,6,6,FALSE,FALSE,TRUE
9,"good",0.65,"moderate",0.751416088683921,"nonlinear-treatment",1,0,0,"G1_t2",16715,6,6,FALSE,FALSE,TRUE
9,"good",0.65,"moderate",0.751416088683921,"nonlinear-treatment",1,0,0,"G2_t0",20000,7,7,FALSE,FALSE,TRUE
9,"good",0.65,"moderate",0.751416088683921,"nonlinear-treatment",1,0,0,"G2_t1",18415,8,8,FALSE,FALSE,TRUE
9,"good",0.65,"moderate",0.751416088683921,"nonlinear-treatment",1,0,0,"G2_t2",16715,8,8,FALSE,FALSE,TRUE
9,"good",0.65,"moderate",0.751416088683921,"nonlinear-treatment",1,0,0,"G3_t0",20000,6,6,FALSE,FALSE,TRUE
9,"good",0.65,"moderate",0.751416088683921,"nonlinear-treatment",1,0,0,"G3_t1",18415,7,7,FALSE,FALSE,TRUE
9,"good",0.65,"moderate",0.751416088683921,"nonlinear-treatment",1,0,0,"G3_t2",16715,7,7,FALSE,FALSE,TRUE
9,"good",0.65,"moderate",0.751416088683921,"nonlinear-treatment",1,0,0,"G4_t0",20000,11,11,FALSE,FALSE,TRUE
9,"good",0.65,"moderate",0.751416088683921,"nonlinear-treatment",1,0,0,"G4_t1",18415,12,12,FALSE,FALSE,TRUE
9,"good",0.65,"moderate",0.751416088683921,"nonlinear-treatment",1,0,0,"G4_t2",16715,12,12,FALSE,FALSE,TRUE
9,"good",0.65,"moderate",0.751416088683921,"nonlinear-treatment",1,0,0,"C0_t0",20000,5,5,FALSE,FALSE,TRUE
9,"good",0.65,"moderate",0.751416088683921,"nonlinear-treatment",1,0,0,"C0_t1",18415,5,5,FALSE,FALSE,TRUE
9,"good",0.65,"moderate",0.751416088683921,"nonlinear-treatment",1,0,0,"C0_t2",16715,5,5,FALSE,FALSE,TRUE
9,"good",0.65,"moderate",0.751416088683921,"nonlinear-treatment",1,0,0,"C1_t0",20000,6,6,FALSE,FALSE,TRUE
9,"good",0.65,"moderate",0.751416088683921,"nonlinear-treatment",1,0,0,"C1_t1",18415,6,6,FALSE,FALSE,TRUE
9,"good",0.65,"moderate",0.751416088683921,"nonlinear-treatment",1,0,0,"C1_t2",16715,6,6,FALSE,FALSE,TRUE
9,"good",0.65,"moderate",0.751416088683921,"nonlinear-treatment",1,0,0,"C2_t0",20000,10,10,FALSE,FALSE,TRUE
9,"good",0.65,"moderate",0.751416088683921,"nonlinear-treatment",1,0,0,"C2_t1",18415,10,10,FALSE,FALSE,TRUE
9,"good",0.65,"moderate",0.751416088683921,"nonlinear-treatment",1,0,0,"C2_t2",16715,10,10,FALSE,FALSE,TRUE
9,"good",0.65,"moderate",0.751416088683921,"nonlinear-treatment",1,0,0,"QL0_a0_t0",8877,4,4,FALSE,FALSE,TRUE
9,"good",0.65,"moderate",0.751416088683921,"nonlinear-treatment",1,0,0,"QL0_a0_t1",7615,6,6,FALSE,FALSE,TRUE
9,"good",0.65,"moderate",0.751416088683921,"nonlinear-treatment",1,0,0,"QL0_a0_t2",6322,8,8,FALSE,FALSE,TRUE
9,"good",0.65,"moderate",0.751416088683921,"nonlinear-treatment",1,0,0,"QL0_a1_t0",9538,4,4,FALSE,FALSE,TRUE
9,"good",0.65,"moderate",0.751416088683921,"nonlinear-treatment",1,0,0,"QL0_a1_t1",9100,6,6,FALSE,FALSE,TRUE
9,"good",0.65,"moderate",0.751416088683921,"nonlinear-treatment",1,0,0,"QL0_a1_t2",8443,8,8,FALSE,FALSE,TRUE
9,"good",0.65,"moderate",0.751416088683921,"nonlinear-treatment",1,0,0,"QL1_a0_t0",8877,5,5,FALSE,FALSE,TRUE
9,"good",0.65,"moderate",0.751416088683921,"nonlinear-treatment",1,0,0,"QL1_a0_t1",7615,8,8,FALSE,FALSE,TRUE
9,"good",0.65,"moderate",0.751416088683921,"nonlinear-treatment",1,0,0,"QL1_a0_t2",6322,11,11,FALSE,FALSE,TRUE
9,"good",0.65,"moderate",0.751416088683921,"nonlinear-treatment",1,0,0,"QL1_a1_t0",9538,5,5,FALSE,FALSE,TRUE
9,"good",0.65,"moderate",0.751416088683921,"nonlinear-treatment",1,0,0,"QL1_a1_t1",9100,8,8,FALSE,FALSE,TRUE
9,"good",0.65,"moderate",0.751416088683921,"nonlinear-treatment",1,0,0,"QL1_a1_t2",8443,11,11,FALSE,FALSE,TRUE
9,"good",0.65,"moderate",0.751416088683921,"nonlinear-treatment",1,0,0,"QL2_a0_t0",8877,8,8,FALSE,FALSE,TRUE
9,"good",0.65,"moderate",0.751416088683921,"nonlinear-treatment",1,0,0,"QL2_a0_t1",7615,17,17,FALSE,FALSE,TRUE
9,"good",0.65,"moderate",0.751416088683921,"nonlinear-treatment",1,0,0,"QL2_a0_t2",6322,29,29,FALSE,FALSE,TRUE
9,"good",0.65,"moderate",0.751416088683921,"nonlinear-treatment",1,0,0,"QL2_a1_t0",9538,8,8,FALSE,FALSE,TRUE
9,"good",0.65,"moderate",0.751416088683921,"nonlinear-treatment",1,0,0,"QL2_a1_t1",9100,17,17,FALSE,FALSE,TRUE
9,"good",0.65,"moderate",0.751416088683921,"nonlinear-treatment",1,0,0,"QL2_a1_t2",8443,29,29,FALSE,FALSE,TRUE
9,"good",0.65,"moderate",0.751416088683921,"nonlinear-treatment",1,0,0,"QL3_a0_t0",8877,10,10,FALSE,FALSE,TRUE
9,"good",0.65,"moderate",0.751416088683921,"nonlinear-treatment",1,0,0,"QL3_a0_t1",7615,13,13,FALSE,FALSE,TRUE
9,"good",0.65,"moderate",0.751416088683921,"nonlinear-treatment",1,0,0,"QL3_a0_t2",6322,13,13,FALSE,FALSE,TRUE
9,"good",0.65,"moderate",0.751416088683921,"nonlinear-treatment",1,0,0,"QL3_a1_t0",9538,10,10,FALSE,FALSE,TRUE
9,"good",0.65,"moderate",0.751416088683921,"nonlinear-treatment",1,0,0,"QL3_a1_t1",9100,13,13,FALSE,FALSE,TRUE
9,"good",0.65,"moderate",0.751416088683921,"nonlinear-treatment",1,0,0,"QL3_a1_t2",8443,13,13,FALSE,FALSE,TRUE
10,"poor",1.25,"moderate",0.751416088683921,"nonlinear-treatment",1,0,0,"G0_t0",20000,4,4,FALSE,FALSE,TRUE
10,"poor",1.25,"moderate",0.751416088683921,"nonlinear-treatment",1,0,0,"G0_t1",18404,5,5,FALSE,FALSE,TRUE
10,"poor",1.25,"moderate",0.751416088683921,"nonlinear-treatment",1,0,0,"G0_t2",16712,5,5,FALSE,FALSE,TRUE
10,"poor",1.25,"moderate",0.751416088683921,"nonlinear-treatment",1,0,0,"G1_t0",20000,5,5,FALSE,FALSE,TRUE
10,"poor",1.25,"moderate",0.751416088683921,"nonlinear-treatment",1,0,0,"G1_t1",18404,6,6,FALSE,FALSE,TRUE
10,"poor",1.25,"moderate",0.751416088683921,"nonlinear-treatment",1,0,0,"G1_t2",16712,6,6,FALSE,FALSE,TRUE
10,"poor",1.25,"moderate",0.751416088683921,"nonlinear-treatment",1,0,0,"G2_t0",20000,7,7,FALSE,FALSE,TRUE
10,"poor",1.25,"moderate",0.751416088683921,"nonlinear-treatment",1,0,0,"G2_t1",18404,8,8,FALSE,FALSE,TRUE
10,"poor",1.25,"moderate",0.751416088683921,"nonlinear-treatment",1,0,0,"G2_t2",16712,8,8,FALSE,FALSE,TRUE
10,"poor",1.25,"moderate",0.751416088683921,"nonlinear-treatment",1,0,0,"G3_t0",20000,6,6,FALSE,FALSE,TRUE
10,"poor",1.25,"moderate",0.751416088683921,"nonlinear-treatment",1,0,0,"G3_t1",18404,7,7,FALSE,FALSE,TRUE
10,"poor",1.25,"moderate",0.751416088683921,"nonlinear-treatment",1,0,0,"G3_t2",16712,7,7,FALSE,FALSE,TRUE
10,"poor",1.25,"moderate",0.751416088683921,"nonlinear-treatment",1,0,0,"G4_t0",20000,11,11,FALSE,FALSE,TRUE
10,"poor",1.25,"moderate",0.751416088683921,"nonlinear-treatment",1,0,0,"G4_t1",18404,12,12,FALSE,FALSE,TRUE
10,"poor",1.25,"moderate",0.751416088683921,"nonlinear-treatment",1,0,0,"G4_t2",16712,12,12,FALSE,FALSE,TRUE
10,"poor",1.25,"moderate",0.751416088683921,"nonlinear-treatment",1,0,0,"C0_t0",20000,5,5,FALSE,FALSE,TRUE
10,"poor",1.25,"moderate",0.751416088683921,"nonlinear-treatment",1,0,0,"C0_t1",18404,5,5,FALSE,FALSE,TRUE
10,"poor",1.25,"moderate",0.751416088683921,"nonlinear-treatment",1,0,0,"C0_t2",16712,5,5,FALSE,FALSE,TRUE
10,"poor",1.25,"moderate",0.751416088683921,"nonlinear-treatment",1,0,0,"C1_t0",20000,6,6,FALSE,FALSE,TRUE
10,"poor",1.25,"moderate",0.751416088683921,"nonlinear-treatment",1,0,0,"C1_t1",18404,6,6,FALSE,FALSE,TRUE
10,"poor",1.25,"moderate",0.751416088683921,"nonlinear-treatment",1,0,0,"C1_t2",16712,6,6,FALSE,FALSE,TRUE
10,"poor",1.25,"moderate",0.751416088683921,"nonlinear-treatment",1,0,0,"C2_t0",20000,10,10,FALSE,FALSE,TRUE
10,"poor",1.25,"moderate",0.751416088683921,"nonlinear-treatment",1,0,0,"C2_t1",18404,10,10,FALSE,FALSE,TRUE
10,"poor",1.25,"moderate",0.751416088683921,"nonlinear-treatment",1,0,0,"C2_t2",16712,10,10,FALSE,FALSE,TRUE
10,"poor",1.25,"moderate",0.751416088683921,"nonlinear-treatment",1,0,0,"QL0_a0_t0",8259,4,4,FALSE,FALSE,TRUE
10,"poor",1.25,"moderate",0.751416088683921,"nonlinear-treatment",1,0,0,"QL0_a0_t1",7697,6,6,FALSE,FALSE,TRUE
10,"poor",1.25,"moderate",0.751416088683921,"nonlinear-treatment",1,0,0,"QL0_a0_t2",6200,8,8,FALSE,FALSE,TRUE
10,"poor",1.25,"moderate",0.751416088683921,"nonlinear-treatment",1,0,0,"QL0_a1_t0",10145,4,4,FALSE,FALSE,TRUE
10,"poor",1.25,"moderate",0.751416088683921,"nonlinear-treatment",1,0,0,"QL0_a1_t1",9015,6,6,FALSE,FALSE,TRUE
10,"poor",1.25,"moderate",0.751416088683921,"nonlinear-treatment",1,0,0,"QL0_a1_t2",8649,8,8,FALSE,FALSE,TRUE
10,"poor",1.25,"moderate",0.751416088683921,"nonlinear-treatment",1,0,0,"QL1_a0_t0",8259,5,5,FALSE,FALSE,TRUE
10,"poor",1.25,"moderate",0.751416088683921,"nonlinear-treatment",1,0,0,"QL1_a0_t1",7697,8,8,FALSE,FALSE,TRUE
10,"poor",1.25,"moderate",0.751416088683921,"nonlinear-treatment",1,0,0,"QL1_a0_t2",6200,11,11,FALSE,FALSE,TRUE
10,"poor",1.25,"moderate",0.751416088683921,"nonlinear-treatment",1,0,0,"QL1_a1_t0",10145,5,5,FALSE,FALSE,TRUE
10,"poor",1.25,"moderate",0.751416088683921,"nonlinear-treatment",1,0,0,"QL1_a1_t1",9015,8,8,FALSE,FALSE,TRUE
10,"poor",1.25,"moderate",0.751416088683921,"nonlinear-treatment",1,0,0,"QL1_a1_t2",8649,11,11,FALSE,FALSE,TRUE
10,"poor",1.25,"moderate",0.751416088683921,"nonlinear-treatment",1,0,0,"QL2_a0_t0",8259,8,8,FALSE,FALSE,TRUE
10,"poor",1.25,"moderate",0.751416088683921,"nonlinear-treatment",1,0,0,"QL2_a0_t1",7697,17,17,FALSE,FALSE,TRUE
10,"poor",1.25,"moderate",0.751416088683921,"nonlinear-treatment",1,0,0,"QL2_a0_t2",6200,29,29,FALSE,FALSE,TRUE
10,"poor",1.25,"moderate",0.751416088683921,"nonlinear-treatment",1,0,0,"QL2_a1_t0",10145,8,8,FALSE,FALSE,TRUE
10,"poor",1.25,"moderate",0.751416088683921,"nonlinear-treatment",1,0,0,"QL2_a1_t1",9015,17,17,FALSE,FALSE,TRUE
10,"poor",1.25,"moderate",0.751416088683921,"nonlinear-treatment",1,0,0,"QL2_a1_t2",8649,29,29,FALSE,FALSE,TRUE
10,"poor",1.25,"moderate",0.751416088683921,"nonlinear-treatment",1,0,0,"QL3_a0_t0",8259,10,10,FALSE,FALSE,TRUE
10,"poor",1.25,"moderate",0.751416088683921,"nonlinear-treatment",1,0,0,"QL3_a0_t1",7697,13,13,FALSE,FALSE,TRUE
10,"poor",1.25,"moderate",0.751416088683921,"nonlinear-treatment",1,0,0,"QL3_a0_t2",6200,13,13,FALSE,FALSE,TRUE
10,"poor",1.25,"moderate",0.751416088683921,"nonlinear-treatment",1,0,0,"QL3_a1_t0",10145,10,10,FALSE,FALSE,TRUE
10,"poor",1.25,"moderate",0.751416088683921,"nonlinear-treatment",1,0,0,"QL3_a1_t1",9015,13,13,FALSE,FALSE,TRUE
10,"poor",1.25,"moderate",0.751416088683921,"nonlinear-treatment",1,0,0,"QL3_a1_t2",8649,13,13,FALSE,FALSE,TRUE
11,"good",0.65,"strong",1.49962304642689,"nonlinear-treatment",1,0,0,"G0_t0",20000,4,4,FALSE,FALSE,TRUE
11,"good",0.65,"strong",1.49962304642689,"nonlinear-treatment",1,0,0,"G0_t1",18352,5,5,FALSE,FALSE,TRUE
11,"good",0.65,"strong",1.49962304642689,"nonlinear-treatment",1,0,0,"G0_t2",16582,5,5,FALSE,FALSE,TRUE
11,"good",0.65,"strong",1.49962304642689,"nonlinear-treatment",1,0,0,"G1_t0",20000,5,5,FALSE,FALSE,TRUE
11,"good",0.65,"strong",1.49962304642689,"nonlinear-treatment",1,0,0,"G1_t1",18352,6,6,FALSE,FALSE,TRUE
11,"good",0.65,"strong",1.49962304642689,"nonlinear-treatment",1,0,0,"G1_t2",16582,6,6,FALSE,FALSE,TRUE
11,"good",0.65,"strong",1.49962304642689,"nonlinear-treatment",1,0,0,"G2_t0",20000,7,7,FALSE,FALSE,TRUE
11,"good",0.65,"strong",1.49962304642689,"nonlinear-treatment",1,0,0,"G2_t1",18352,8,8,FALSE,FALSE,TRUE
11,"good",0.65,"strong",1.49962304642689,"nonlinear-treatment",1,0,0,"G2_t2",16582,8,8,FALSE,FALSE,TRUE
11,"good",0.65,"strong",1.49962304642689,"nonlinear-treatment",1,0,0,"G3_t0",20000,6,6,FALSE,FALSE,TRUE
11,"good",0.65,"strong",1.49962304642689,"nonlinear-treatment",1,0,0,"G3_t1",18352,7,7,FALSE,FALSE,TRUE
11,"good",0.65,"strong",1.49962304642689,"nonlinear-treatment",1,0,0,"G3_t2",16582,7,7,FALSE,FALSE,TRUE
11,"good",0.65,"strong",1.49962304642689,"nonlinear-treatment",1,0,0,"G4_t0",20000,11,11,FALSE,FALSE,TRUE
11,"good",0.65,"strong",1.49962304642689,"nonlinear-treatment",1,0,0,"G4_t1",18352,12,12,FALSE,FALSE,TRUE
11,"good",0.65,"strong",1.49962304642689,"nonlinear-treatment",1,0,0,"G4_t2",16582,12,12,FALSE,FALSE,TRUE
11,"good",0.65,"strong",1.49962304642689,"nonlinear-treatment",1,0,0,"C0_t0",20000,5,5,FALSE,FALSE,TRUE
11,"good",0.65,"strong",1.49962304642689,"nonlinear-treatment",1,0,0,"C0_t1",18352,5,5,FALSE,FALSE,TRUE
11,"good",0.65,"strong",1.49962304642689,"nonlinear-treatment",1,0,0,"C0_t2",16582,5,5,FALSE,FALSE,TRUE
11,"good",0.65,"strong",1.49962304642689,"nonlinear-treatment",1,0,0,"C1_t0",20000,6,6,FALSE,FALSE,TRUE
11,"good",0.65,"strong",1.49962304642689,"nonlinear-treatment",1,0,0,"C1_t1",18352,6,6,FALSE,FALSE,TRUE
11,"good",0.65,"strong",1.49962304642689,"nonlinear-treatment",1,0,0,"C1_t2",16582,6,6,FALSE,FALSE,TRUE
11,"good",0.65,"strong",1.49962304642689,"nonlinear-treatment",1,0,0,"C2_t0",20000,10,10,FALSE,FALSE,TRUE
11,"good",0.65,"strong",1.49962304642689,"nonlinear-treatment",1,0,0,"C2_t1",18352,10,10,FALSE,FALSE,TRUE
11,"good",0.65,"strong",1.49962304642689,"nonlinear-treatment",1,0,0,"C2_t2",16582,10,10,FALSE,FALSE,TRUE
11,"good",0.65,"strong",1.49962304642689,"nonlinear-treatment",1,0,0,"QL0_a0_t0",8773,4,4,FALSE,FALSE,TRUE
11,"good",0.65,"strong",1.49962304642689,"nonlinear-treatment",1,0,0,"QL0_a0_t1",7769,6,6,FALSE,FALSE,TRUE
11,"good",0.65,"strong",1.49962304642689,"nonlinear-treatment",1,0,0,"QL0_a0_t2",6467,8,8,FALSE,FALSE,TRUE
11,"good",0.65,"strong",1.49962304642689,"nonlinear-treatment",1,0,0,"QL0_a1_t0",9579,4,4,FALSE,FALSE,TRUE
11,"good",0.65,"strong",1.49962304642689,"nonlinear-treatment",1,0,0,"QL0_a1_t1",8813,6,6,FALSE,FALSE,TRUE
11,"good",0.65,"strong",1.49962304642689,"nonlinear-treatment",1,0,0,"QL0_a1_t2",8195,8,8,FALSE,FALSE,TRUE
11,"good",0.65,"strong",1.49962304642689,"nonlinear-treatment",1,0,0,"QL1_a0_t0",8773,5,5,FALSE,FALSE,TRUE
11,"good",0.65,"strong",1.49962304642689,"nonlinear-treatment",1,0,0,"QL1_a0_t1",7769,8,8,FALSE,FALSE,TRUE
11,"good",0.65,"strong",1.49962304642689,"nonlinear-treatment",1,0,0,"QL1_a0_t2",6467,11,11,FALSE,FALSE,TRUE
11,"good",0.65,"strong",1.49962304642689,"nonlinear-treatment",1,0,0,"QL1_a1_t0",9579,5,5,FALSE,FALSE,TRUE
11,"good",0.65,"strong",1.49962304642689,"nonlinear-treatment",1,0,0,"QL1_a1_t1",8813,8,8,FALSE,FALSE,TRUE
11,"good",0.65,"strong",1.49962304642689,"nonlinear-treatment",1,0,0,"QL1_a1_t2",8195,11,11,FALSE,FALSE,TRUE
11,"good",0.65,"strong",1.49962304642689,"nonlinear-treatment",1,0,0,"QL2_a0_t0",8773,8,8,FALSE,FALSE,TRUE
11,"good",0.65,"strong",1.49962304642689,"nonlinear-treatment",1,0,0,"QL2_a0_t1",7769,17,17,FALSE,FALSE,TRUE
11,"good",0.65,"strong",1.49962304642689,"nonlinear-treatment",1,0,0,"QL2_a0_t2",6467,29,29,FALSE,FALSE,TRUE
11,"good",0.65,"strong",1.49962304642689,"nonlinear-treatment",1,0,0,"QL2_a1_t0",9579,8,8,FALSE,FALSE,TRUE
11,"good",0.65,"strong",1.49962304642689,"nonlinear-treatment",1,0,0,"QL2_a1_t1",8813,17,17,FALSE,FALSE,TRUE
11,"good",0.65,"strong",1.49962304642689,"nonlinear-treatment",1,0,0,"QL2_a1_t2",8195,29,29,FALSE,FALSE,TRUE
11,"good",0.65,"strong",1.49962304642689,"nonlinear-treatment",1,0,0,"QL3_a0_t0",8773,10,10,FALSE,FALSE,TRUE
11,"good",0.65,"strong",1.49962304642689,"nonlinear-treatment",1,0,0,"QL3_a0_t1",7769,13,13,FALSE,FALSE,TRUE
11,"good",0.65,"strong",1.49962304642689,"nonlinear-treatment",1,0,0,"QL3_a0_t2",6467,13,13,FALSE,FALSE,TRUE
11,"good",0.65,"strong",1.49962304642689,"nonlinear-treatment",1,0,0,"QL3_a1_t0",9579,10,10,FALSE,FALSE,TRUE
11,"good",0.65,"strong",1.49962304642689,"nonlinear-treatment",1,0,0,"QL3_a1_t1",8813,13,13,FALSE,FALSE,TRUE
11,"good",0.65,"strong",1.49962304642689,"nonlinear-treatment",1,0,0,"QL3_a1_t2",8195,13,13,FALSE,FALSE,TRUE
12,"poor",1.25,"strong",1.49962304642689,"nonlinear-treatment",1,0,0,"G0_t0",20000,4,4,FALSE,FALSE,TRUE
12,"poor",1.25,"strong",1.49962304642689,"nonlinear-treatment",1,0,0,"G0_t1",18422,5,5,FALSE,FALSE,TRUE
12,"poor",1.25,"strong",1.49962304642689,"nonlinear-treatment",1,0,0,"G0_t2",16718,5,5,FALSE,FALSE,TRUE
12,"poor",1.25,"strong",1.49962304642689,"nonlinear-treatment",1,0,0,"G1_t0",20000,5,5,FALSE,FALSE,TRUE
12,"poor",1.25,"strong",1.49962304642689,"nonlinear-treatment",1,0,0,"G1_t1",18422,6,6,FALSE,FALSE,TRUE
12,"poor",1.25,"strong",1.49962304642689,"nonlinear-treatment",1,0,0,"G1_t2",16718,6,6,FALSE,FALSE,TRUE
12,"poor",1.25,"strong",1.49962304642689,"nonlinear-treatment",1,0,0,"G2_t0",20000,7,7,FALSE,FALSE,TRUE
12,"poor",1.25,"strong",1.49962304642689,"nonlinear-treatment",1,0,0,"G2_t1",18422,8,8,FALSE,FALSE,TRUE
12,"poor",1.25,"strong",1.49962304642689,"nonlinear-treatment",1,0,0,"G2_t2",16718,8,8,FALSE,FALSE,TRUE
12,"poor",1.25,"strong",1.49962304642689,"nonlinear-treatment",1,0,0,"G3_t0",20000,6,6,FALSE,FALSE,TRUE
12,"poor",1.25,"strong",1.49962304642689,"nonlinear-treatment",1,0,0,"G3_t1",18422,7,7,FALSE,FALSE,TRUE
12,"poor",1.25,"strong",1.49962304642689,"nonlinear-treatment",1,0,0,"G3_t2",16718,7,7,FALSE,FALSE,TRUE
12,"poor",1.25,"strong",1.49962304642689,"nonlinear-treatment",1,0,0,"G4_t0",20000,11,11,FALSE,FALSE,TRUE
12,"poor",1.25,"strong",1.49962304642689,"nonlinear-treatment",1,0,0,"G4_t1",18422,12,12,FALSE,FALSE,TRUE
12,"poor",1.25,"strong",1.49962304642689,"nonlinear-treatment",1,0,0,"G4_t2",16718,12,12,FALSE,FALSE,TRUE
12,"poor",1.25,"strong",1.49962304642689,"nonlinear-treatment",1,0,0,"C0_t0",20000,5,5,FALSE,FALSE,TRUE
12,"poor",1.25,"strong",1.49962304642689,"nonlinear-treatment",1,0,0,"C0_t1",18422,5,5,FALSE,FALSE,TRUE
12,"poor",1.25,"strong",1.49962304642689,"nonlinear-treatment",1,0,0,"C0_t2",16718,5,5,FALSE,FALSE,TRUE
12,"poor",1.25,"strong",1.49962304642689,"nonlinear-treatment",1,0,0,"C1_t0",20000,6,6,FALSE,FALSE,TRUE
12,"poor",1.25,"strong",1.49962304642689,"nonlinear-treatment",1,0,0,"C1_t1",18422,6,6,FALSE,FALSE,TRUE
12,"poor",1.25,"strong",1.49962304642689,"nonlinear-treatment",1,0,0,"C1_t2",16718,6,6,FALSE,FALSE,TRUE
12,"poor",1.25,"strong",1.49962304642689,"nonlinear-treatment",1,0,0,"C2_t0",20000,10,10,FALSE,FALSE,TRUE
12,"poor",1.25,"strong",1.49962304642689,"nonlinear-treatment",1,0,0,"C2_t1",18422,10,10,FALSE,FALSE,TRUE
12,"poor",1.25,"strong",1.49962304642689,"nonlinear-treatment",1,0,0,"C2_t2",16718,10,10,FALSE,FALSE,TRUE
12,"poor",1.25,"strong",1.49962304642689,"nonlinear-treatment",1,0,0,"QL0_a0_t0",8209,4,4,FALSE,FALSE,TRUE
12,"poor",1.25,"strong",1.49962304642689,"nonlinear-treatment",1,0,0,"QL0_a0_t1",7651,6,6,FALSE,FALSE,TRUE
12,"poor",1.25,"strong",1.49962304642689,"nonlinear-treatment",1,0,0,"QL0_a0_t2",6293,8,8,FALSE,FALSE,TRUE
12,"poor",1.25,"strong",1.49962304642689,"nonlinear-treatment",1,0,0,"QL0_a1_t0",10213,4,4,FALSE,FALSE,TRUE
12,"poor",1.25,"strong",1.49962304642689,"nonlinear-treatment",1,0,0,"QL0_a1_t1",9067,6,6,FALSE,FALSE,TRUE
12,"poor",1.25,"strong",1.49962304642689,"nonlinear-treatment",1,0,0,"QL0_a1_t2",8467,8,8,FALSE,FALSE,TRUE
12,"poor",1.25,"strong",1.49962304642689,"nonlinear-treatment",1,0,0,"QL1_a0_t0",8209,5,5,FALSE,FALSE,TRUE
12,"poor",1.25,"strong",1.49962304642689,"nonlinear-treatment",1,0,0,"QL1_a0_t1",7651,8,8,FALSE,FALSE,TRUE
12,"poor",1.25,"strong",1.49962304642689,"nonlinear-treatment",1,0,0,"QL1_a0_t2",6293,11,11,FALSE,FALSE,TRUE
12,"poor",1.25,"strong",1.49962304642689,"nonlinear-treatment",1,0,0,"QL1_a1_t0",10213,5,5,FALSE,FALSE,TRUE
12,"poor",1.25,"strong",1.49962304642689,"nonlinear-treatment",1,0,0,"QL1_a1_t1",9067,8,8,FALSE,FALSE,TRUE
12,"poor",1.25,"strong",1.49962304642689,"nonlinear-treatment",1,0,0,"QL1_a1_t2",8467,11,11,FALSE,FALSE,TRUE
12,"poor",1.25,"strong",1.49962304642689,"nonlinear-treatment",1,0,0,"QL2_a0_t0",8209,8,8,FALSE,FALSE,TRUE
12,"poor",1.25,"strong",1.49962304642689,"nonlinear-treatment",1,0,0,"QL2_a0_t1",7651,17,17,FALSE,FALSE,TRUE
12,"poor",1.25,"strong",1.49962304642689,"nonlinear-treatment",1,0,0,"QL2_a0_t2",6293,29,29,FALSE,FALSE,TRUE
12,"poor",1.25,"strong",1.49962304642689,"nonlinear-treatment",1,0,0,"QL2_a1_t0",10213,8,8,FALSE,FALSE,TRUE
12,"poor",1.25,"strong",1.49962304642689,"nonlinear-treatment",1,0,0,"QL2_a1_t1",9067,17,17,FALSE,FALSE,TRUE
12,"poor",1.25,"strong",1.49962304642689,"nonlinear-treatment",1,0,0,"QL2_a1_t2",8467,29,29,FALSE,FALSE,TRUE
12,"poor",1.25,"strong",1.49962304642689,"nonlinear-treatment",1,0,0,"QL3_a0_t0",8209,10,10,FALSE,FALSE,TRUE
12,"poor",1.25,"strong",1.49962304642689,"nonlinear-treatment",1,0,0,"QL3_a0_t1",7651,13,13,FALSE,FALSE,TRUE
12,"poor",1.25,"strong",1.49962304642689,"nonlinear-treatment",1,0,0,"QL3_a0_t2",6293,13,13,FALSE,FALSE,TRUE
12,"poor",1.25,"strong",1.49962304642689,"nonlinear-treatment",1,0,0,"QL3_a1_t0",10213,10,10,FALSE,FALSE,TRUE
12,"poor",1.25,"strong",1.49962304642689,"nonlinear-treatment",1,0,0,"QL3_a1_t1",9067,13,13,FALSE,FALSE,TRUE
12,"poor",1.25,"strong",1.49962304642689,"nonlinear-treatment",1,0,0,"QL3_a1_t2",8467,13,13,FALSE,FALSE,TRUE
13,"good",0.65,"absent",0,"nonlinear-censoring",0,1,0,"G0_t0",20000,4,4,FALSE,FALSE,TRUE
13,"good",0.65,"absent",0,"nonlinear-censoring",0,1,0,"G0_t1",18424,5,5,FALSE,FALSE,TRUE
13,"good",0.65,"absent",0,"nonlinear-censoring",0,1,0,"G0_t2",16616,5,5,FALSE,FALSE,TRUE
13,"good",0.65,"absent",0,"nonlinear-censoring",0,1,0,"G1_t0",20000,5,5,FALSE,FALSE,TRUE
13,"good",0.65,"absent",0,"nonlinear-censoring",0,1,0,"G1_t1",18424,6,6,FALSE,FALSE,TRUE
13,"good",0.65,"absent",0,"nonlinear-censoring",0,1,0,"G1_t2",16616,6,6,FALSE,FALSE,TRUE
13,"good",0.65,"absent",0,"nonlinear-censoring",0,1,0,"G2_t0",20000,7,7,FALSE,FALSE,TRUE
13,"good",0.65,"absent",0,"nonlinear-censoring",0,1,0,"G2_t1",18424,8,8,FALSE,FALSE,TRUE
13,"good",0.65,"absent",0,"nonlinear-censoring",0,1,0,"G2_t2",16616,8,8,FALSE,FALSE,TRUE
13,"good",0.65,"absent",0,"nonlinear-censoring",0,1,0,"G3_t0",20000,6,6,FALSE,FALSE,TRUE
13,"good",0.65,"absent",0,"nonlinear-censoring",0,1,0,"G3_t1",18424,7,7,FALSE,FALSE,TRUE
13,"good",0.65,"absent",0,"nonlinear-censoring",0,1,0,"G3_t2",16616,7,7,FALSE,FALSE,TRUE
13,"good",0.65,"absent",0,"nonlinear-censoring",0,1,0,"G4_t0",20000,11,11,FALSE,FALSE,TRUE
13,"good",0.65,"absent",0,"nonlinear-censoring",0,1,0,"G4_t1",18424,12,12,FALSE,FALSE,TRUE
13,"good",0.65,"absent",0,"nonlinear-censoring",0,1,0,"G4_t2",16616,12,12,FALSE,FALSE,TRUE
13,"good",0.65,"absent",0,"nonlinear-censoring",0,1,0,"C0_t0",20000,5,5,FALSE,FALSE,TRUE
13,"good",0.65,"absent",0,"nonlinear-censoring",0,1,0,"C0_t1",18424,5,5,FALSE,FALSE,TRUE
13,"good",0.65,"absent",0,"nonlinear-censoring",0,1,0,"C0_t2",16616,5,5,FALSE,FALSE,TRUE
13,"good",0.65,"absent",0,"nonlinear-censoring",0,1,0,"C1_t0",20000,6,6,FALSE,FALSE,TRUE
13,"good",0.65,"absent",0,"nonlinear-censoring",0,1,0,"C1_t1",18424,6,6,FALSE,FALSE,TRUE
13,"good",0.65,"absent",0,"nonlinear-censoring",0,1,0,"C1_t2",16616,6,6,FALSE,FALSE,TRUE
13,"good",0.65,"absent",0,"nonlinear-censoring",0,1,0,"C2_t0",20000,10,10,FALSE,FALSE,TRUE
13,"good",0.65,"absent",0,"nonlinear-censoring",0,1,0,"C2_t1",18424,10,10,FALSE,FALSE,TRUE
13,"good",0.65,"absent",0,"nonlinear-censoring",0,1,0,"C2_t2",16616,10,10,FALSE,FALSE,TRUE
13,"good",0.65,"absent",0,"nonlinear-censoring",0,1,0,"QL0_a0_t0",8872,4,4,FALSE,FALSE,TRUE
13,"good",0.65,"absent",0,"nonlinear-censoring",0,1,0,"QL0_a0_t1",7911,6,6,FALSE,FALSE,TRUE
13,"good",0.65,"absent",0,"nonlinear-censoring",0,1,0,"QL0_a0_t2",6295,8,8,FALSE,FALSE,TRUE
13,"good",0.65,"absent",0,"nonlinear-censoring",0,1,0,"QL0_a1_t0",9552,4,4,FALSE,FALSE,TRUE
13,"good",0.65,"absent",0,"nonlinear-censoring",0,1,0,"QL0_a1_t1",8705,6,6,FALSE,FALSE,TRUE
13,"good",0.65,"absent",0,"nonlinear-censoring",0,1,0,"QL0_a1_t2",8269,8,8,FALSE,FALSE,TRUE
13,"good",0.65,"absent",0,"nonlinear-censoring",0,1,0,"QL1_a0_t0",8872,5,5,FALSE,FALSE,TRUE
13,"good",0.65,"absent",0,"nonlinear-censoring",0,1,0,"QL1_a0_t1",7911,8,8,FALSE,FALSE,TRUE
13,"good",0.65,"absent",0,"nonlinear-censoring",0,1,0,"QL1_a0_t2",6295,11,11,FALSE,FALSE,TRUE
13,"good",0.65,"absent",0,"nonlinear-censoring",0,1,0,"QL1_a1_t0",9552,5,5,FALSE,FALSE,TRUE
13,"good",0.65,"absent",0,"nonlinear-censoring",0,1,0,"QL1_a1_t1",8705,8,8,FALSE,FALSE,TRUE
13,"good",0.65,"absent",0,"nonlinear-censoring",0,1,0,"QL1_a1_t2",8269,11,11,FALSE,FALSE,TRUE
13,"good",0.65,"absent",0,"nonlinear-censoring",0,1,0,"QL2_a0_t0",8872,8,8,FALSE,FALSE,TRUE
13,"good",0.65,"absent",0,"nonlinear-censoring",0,1,0,"QL2_a0_t1",7911,17,17,FALSE,FALSE,TRUE
13,"good",0.65,"absent",0,"nonlinear-censoring",0,1,0,"QL2_a0_t2",6295,29,29,FALSE,FALSE,TRUE
13,"good",0.65,"absent",0,"nonlinear-censoring",0,1,0,"QL2_a1_t0",9552,8,8,FALSE,FALSE,TRUE
13,"good",0.65,"absent",0,"nonlinear-censoring",0,1,0,"QL2_a1_t1",8705,17,17,FALSE,FALSE,TRUE
13,"good",0.65,"absent",0,"nonlinear-censoring",0,1,0,"QL2_a1_t2",8269,29,29,FALSE,FALSE,TRUE
13,"good",0.65,"absent",0,"nonlinear-censoring",0,1,0,"QL3_a0_t0",8872,10,10,FALSE,FALSE,TRUE
13,"good",0.65,"absent",0,"nonlinear-censoring",0,1,0,"QL3_a0_t1",7911,13,13,FALSE,FALSE,TRUE
13,"good",0.65,"absent",0,"nonlinear-censoring",0,1,0,"QL3_a0_t2",6295,13,13,FALSE,FALSE,TRUE
13,"good",0.65,"absent",0,"nonlinear-censoring",0,1,0,"QL3_a1_t0",9552,10,10,FALSE,FALSE,TRUE
13,"good",0.65,"absent",0,"nonlinear-censoring",0,1,0,"QL3_a1_t1",8705,13,13,FALSE,FALSE,TRUE
13,"good",0.65,"absent",0,"nonlinear-censoring",0,1,0,"QL3_a1_t2",8269,13,13,FALSE,FALSE,TRUE
14,"poor",1.25,"absent",0,"nonlinear-censoring",0,1,0,"G0_t0",20000,4,4,FALSE,FALSE,TRUE
14,"poor",1.25,"absent",0,"nonlinear-censoring",0,1,0,"G0_t1",18407,5,5,FALSE,FALSE,TRUE
14,"poor",1.25,"absent",0,"nonlinear-censoring",0,1,0,"G0_t2",16726,5,5,FALSE,FALSE,TRUE
14,"poor",1.25,"absent",0,"nonlinear-censoring",0,1,0,"G1_t0",20000,5,5,FALSE,FALSE,TRUE
14,"poor",1.25,"absent",0,"nonlinear-censoring",0,1,0,"G1_t1",18407,6,6,FALSE,FALSE,TRUE
14,"poor",1.25,"absent",0,"nonlinear-censoring",0,1,0,"G1_t2",16726,6,6,FALSE,FALSE,TRUE
14,"poor",1.25,"absent",0,"nonlinear-censoring",0,1,0,"G2_t0",20000,7,7,FALSE,FALSE,TRUE
14,"poor",1.25,"absent",0,"nonlinear-censoring",0,1,0,"G2_t1",18407,8,8,FALSE,FALSE,TRUE
14,"poor",1.25,"absent",0,"nonlinear-censoring",0,1,0,"G2_t2",16726,8,8,FALSE,FALSE,TRUE
14,"poor",1.25,"absent",0,"nonlinear-censoring",0,1,0,"G3_t0",20000,6,6,FALSE,FALSE,TRUE
14,"poor",1.25,"absent",0,"nonlinear-censoring",0,1,0,"G3_t1",18407,7,7,FALSE,FALSE,TRUE
14,"poor",1.25,"absent",0,"nonlinear-censoring",0,1,0,"G3_t2",16726,7,7,FALSE,FALSE,TRUE
14,"poor",1.25,"absent",0,"nonlinear-censoring",0,1,0,"G4_t0",20000,11,11,FALSE,FALSE,TRUE
14,"poor",1.25,"absent",0,"nonlinear-censoring",0,1,0,"G4_t1",18407,12,12,FALSE,FALSE,TRUE
14,"poor",1.25,"absent",0,"nonlinear-censoring",0,1,0,"G4_t2",16726,12,12,FALSE,FALSE,TRUE
14,"poor",1.25,"absent",0,"nonlinear-censoring",0,1,0,"C0_t0",20000,5,5,FALSE,FALSE,TRUE
14,"poor",1.25,"absent",0,"nonlinear-censoring",0,1,0,"C0_t1",18407,5,5,FALSE,FALSE,TRUE
14,"poor",1.25,"absent",0,"nonlinear-censoring",0,1,0,"C0_t2",16726,5,5,FALSE,FALSE,TRUE
14,"poor",1.25,"absent",0,"nonlinear-censoring",0,1,0,"C1_t0",20000,6,6,FALSE,FALSE,TRUE
14,"poor",1.25,"absent",0,"nonlinear-censoring",0,1,0,"C1_t1",18407,6,6,FALSE,FALSE,TRUE
14,"poor",1.25,"absent",0,"nonlinear-censoring",0,1,0,"C1_t2",16726,6,6,FALSE,FALSE,TRUE
14,"poor",1.25,"absent",0,"nonlinear-censoring",0,1,0,"C2_t0",20000,10,10,FALSE,FALSE,TRUE
14,"poor",1.25,"absent",0,"nonlinear-censoring",0,1,0,"C2_t1",18407,10,10,FALSE,FALSE,TRUE
14,"poor",1.25,"absent",0,"nonlinear-censoring",0,1,0,"C2_t2",16726,10,10,FALSE,FALSE,TRUE
14,"poor",1.25,"absent",0,"nonlinear-censoring",0,1,0,"QL0_a0_t0",8001,4,4,FALSE,FALSE,TRUE
14,"poor",1.25,"absent",0,"nonlinear-censoring",0,1,0,"QL0_a0_t1",7511,6,6,FALSE,FALSE,TRUE
14,"poor",1.25,"absent",0,"nonlinear-censoring",0,1,0,"QL0_a0_t2",6109,8,8,FALSE,FALSE,TRUE
14,"poor",1.25,"absent",0,"nonlinear-censoring",0,1,0,"QL0_a1_t0",10406,4,4,FALSE,FALSE,TRUE
14,"poor",1.25,"absent",0,"nonlinear-censoring",0,1,0,"QL0_a1_t1",9215,6,6,FALSE,FALSE,TRUE
14,"poor",1.25,"absent",0,"nonlinear-censoring",0,1,0,"QL0_a1_t2",8616,8,8,FALSE,FALSE,TRUE
14,"poor",1.25,"absent",0,"nonlinear-censoring",0,1,0,"QL1_a0_t0",8001,5,5,FALSE,FALSE,TRUE
14,"poor",1.25,"absent",0,"nonlinear-censoring",0,1,0,"QL1_a0_t1",7511,8,8,FALSE,FALSE,TRUE
14,"poor",1.25,"absent",0,"nonlinear-censoring",0,1,0,"QL1_a0_t2",6109,11,11,FALSE,FALSE,TRUE
14,"poor",1.25,"absent",0,"nonlinear-censoring",0,1,0,"QL1_a1_t0",10406,5,5,FALSE,FALSE,TRUE
14,"poor",1.25,"absent",0,"nonlinear-censoring",0,1,0,"QL1_a1_t1",9215,8,8,FALSE,FALSE,TRUE
14,"poor",1.25,"absent",0,"nonlinear-censoring",0,1,0,"QL1_a1_t2",8616,11,11,FALSE,FALSE,TRUE
14,"poor",1.25,"absent",0,"nonlinear-censoring",0,1,0,"QL2_a0_t0",8001,8,8,FALSE,FALSE,TRUE
14,"poor",1.25,"absent",0,"nonlinear-censoring",0,1,0,"QL2_a0_t1",7511,17,17,FALSE,FALSE,TRUE
14,"poor",1.25,"absent",0,"nonlinear-censoring",0,1,0,"QL2_a0_t2",6109,29,29,FALSE,FALSE,TRUE
14,"poor",1.25,"absent",0,"nonlinear-censoring",0,1,0,"QL2_a1_t0",10406,8,8,FALSE,FALSE,TRUE
14,"poor",1.25,"absent",0,"nonlinear-censoring",0,1,0,"QL2_a1_t1",9215,17,17,FALSE,FALSE,TRUE
14,"poor",1.25,"absent",0,"nonlinear-censoring",0,1,0,"QL2_a1_t2",8616,29,29,FALSE,FALSE,TRUE
14,"poor",1.25,"absent",0,"nonlinear-censoring",0,1,0,"QL3_a0_t0",8001,10,10,FALSE,FALSE,TRUE
14,"poor",1.25,"absent",0,"nonlinear-censoring",0,1,0,"QL3_a0_t1",7511,13,13,FALSE,FALSE,TRUE
14,"poor",1.25,"absent",0,"nonlinear-censoring",0,1,0,"QL3_a0_t2",6109,13,13,FALSE,FALSE,TRUE
14,"poor",1.25,"absent",0,"nonlinear-censoring",0,1,0,"QL3_a1_t0",10406,10,10,FALSE,FALSE,TRUE
14,"poor",1.25,"absent",0,"nonlinear-censoring",0,1,0,"QL3_a1_t1",9215,13,13,FALSE,FALSE,TRUE
14,"poor",1.25,"absent",0,"nonlinear-censoring",0,1,0,"QL3_a1_t2",8616,13,13,FALSE,FALSE,TRUE
15,"good",0.65,"moderate",0.751416088683921,"nonlinear-censoring",0,1,0,"G0_t0",20000,4,4,FALSE,FALSE,TRUE
15,"good",0.65,"moderate",0.751416088683921,"nonlinear-censoring",0,1,0,"G0_t1",18353,5,5,FALSE,FALSE,TRUE
15,"good",0.65,"moderate",0.751416088683921,"nonlinear-censoring",0,1,0,"G0_t2",16604,5,5,FALSE,FALSE,TRUE
15,"good",0.65,"moderate",0.751416088683921,"nonlinear-censoring",0,1,0,"G1_t0",20000,5,5,FALSE,FALSE,TRUE
15,"good",0.65,"moderate",0.751416088683921,"nonlinear-censoring",0,1,0,"G1_t1",18353,6,6,FALSE,FALSE,TRUE
15,"good",0.65,"moderate",0.751416088683921,"nonlinear-censoring",0,1,0,"G1_t2",16604,6,6,FALSE,FALSE,TRUE
15,"good",0.65,"moderate",0.751416088683921,"nonlinear-censoring",0,1,0,"G2_t0",20000,7,7,FALSE,FALSE,TRUE
15,"good",0.65,"moderate",0.751416088683921,"nonlinear-censoring",0,1,0,"G2_t1",18353,8,8,FALSE,FALSE,TRUE
15,"good",0.65,"moderate",0.751416088683921,"nonlinear-censoring",0,1,0,"G2_t2",16604,8,8,FALSE,FALSE,TRUE
15,"good",0.65,"moderate",0.751416088683921,"nonlinear-censoring",0,1,0,"G3_t0",20000,6,6,FALSE,FALSE,TRUE
15,"good",0.65,"moderate",0.751416088683921,"nonlinear-censoring",0,1,0,"G3_t1",18353,7,7,FALSE,FALSE,TRUE
15,"good",0.65,"moderate",0.751416088683921,"nonlinear-censoring",0,1,0,"G3_t2",16604,7,7,FALSE,FALSE,TRUE
15,"good",0.65,"moderate",0.751416088683921,"nonlinear-censoring",0,1,0,"G4_t0",20000,11,11,FALSE,FALSE,TRUE
15,"good",0.65,"moderate",0.751416088683921,"nonlinear-censoring",0,1,0,"G4_t1",18353,12,12,FALSE,FALSE,TRUE
15,"good",0.65,"moderate",0.751416088683921,"nonlinear-censoring",0,1,0,"G4_t2",16604,12,12,FALSE,FALSE,TRUE
15,"good",0.65,"moderate",0.751416088683921,"nonlinear-censoring",0,1,0,"C0_t0",20000,5,5,FALSE,FALSE,TRUE
15,"good",0.65,"moderate",0.751416088683921,"nonlinear-censoring",0,1,0,"C0_t1",18353,5,5,FALSE,FALSE,TRUE
15,"good",0.65,"moderate",0.751416088683921,"nonlinear-censoring",0,1,0,"C0_t2",16604,5,5,FALSE,FALSE,TRUE
15,"good",0.65,"moderate",0.751416088683921,"nonlinear-censoring",0,1,0,"C1_t0",20000,6,6,FALSE,FALSE,TRUE
15,"good",0.65,"moderate",0.751416088683921,"nonlinear-censoring",0,1,0,"C1_t1",18353,6,6,FALSE,FALSE,TRUE
15,"good",0.65,"moderate",0.751416088683921,"nonlinear-censoring",0,1,0,"C1_t2",16604,6,6,FALSE,FALSE,TRUE
15,"good",0.65,"moderate",0.751416088683921,"nonlinear-censoring",0,1,0,"C2_t0",20000,10,10,FALSE,FALSE,TRUE
15,"good",0.65,"moderate",0.751416088683921,"nonlinear-censoring",0,1,0,"C2_t1",18353,10,10,FALSE,FALSE,TRUE
15,"good",0.65,"moderate",0.751416088683921,"nonlinear-censoring",0,1,0,"C2_t2",16604,10,10,FALSE,FALSE,TRUE
15,"good",0.65,"moderate",0.751416088683921,"nonlinear-censoring",0,1,0,"QL0_a0_t0",8842,4,4,FALSE,FALSE,TRUE
15,"good",0.65,"moderate",0.751416088683921,"nonlinear-censoring",0,1,0,"QL0_a0_t1",7875,6,6,FALSE,FALSE,TRUE
15,"good",0.65,"moderate",0.751416088683921,"nonlinear-censoring",0,1,0,"QL0_a0_t2",6356,8,8,FALSE,FALSE,TRUE
15,"good",0.65,"moderate",0.751416088683921,"nonlinear-censoring",0,1,0,"QL0_a1_t0",9511,4,4,FALSE,FALSE,TRUE
15,"good",0.65,"moderate",0.751416088683921,"nonlinear-censoring",0,1,0,"QL0_a1_t1",8729,6,6,FALSE,FALSE,TRUE
15,"good",0.65,"moderate",0.751416088683921,"nonlinear-censoring",0,1,0,"QL0_a1_t2",8267,8,8,FALSE,FALSE,TRUE
15,"good",0.65,"moderate",0.751416088683921,"nonlinear-censoring",0,1,0,"QL1_a0_t0",8842,5,5,FALSE,FALSE,TRUE
15,"good",0.65,"moderate",0.751416088683921,"nonlinear-censoring",0,1,0,"QL1_a0_t1",7875,8,8,FALSE,FALSE,TRUE
15,"good",0.65,"moderate",0.751416088683921,"nonlinear-censoring",0,1,0,"QL1_a0_t2",6356,11,11,FALSE,FALSE,TRUE
15,"good",0.65,"moderate",0.751416088683921,"nonlinear-censoring",0,1,0,"QL1_a1_t0",9511,5,5,FALSE,FALSE,TRUE
15,"good",0.65,"moderate",0.751416088683921,"nonlinear-censoring",0,1,0,"QL1_a1_t1",8729,8,8,FALSE,FALSE,TRUE
15,"good",0.65,"moderate",0.751416088683921,"nonlinear-censoring",0,1,0,"QL1_a1_t2",8267,11,11,FALSE,FALSE,TRUE
15,"good",0.65,"moderate",0.751416088683921,"nonlinear-censoring",0,1,0,"QL2_a0_t0",8842,8,8,FALSE,FALSE,TRUE
15,"good",0.65,"moderate",0.751416088683921,"nonlinear-censoring",0,1,0,"QL2_a0_t1",7875,17,17,FALSE,FALSE,TRUE
15,"good",0.65,"moderate",0.751416088683921,"nonlinear-censoring",0,1,0,"QL2_a0_t2",6356,29,29,FALSE,FALSE,TRUE
15,"good",0.65,"moderate",0.751416088683921,"nonlinear-censoring",0,1,0,"QL2_a1_t0",9511,8,8,FALSE,FALSE,TRUE
15,"good",0.65,"moderate",0.751416088683921,"nonlinear-censoring",0,1,0,"QL2_a1_t1",8729,17,17,FALSE,FALSE,TRUE
15,"good",0.65,"moderate",0.751416088683921,"nonlinear-censoring",0,1,0,"QL2_a1_t2",8267,29,29,FALSE,FALSE,TRUE
15,"good",0.65,"moderate",0.751416088683921,"nonlinear-censoring",0,1,0,"QL3_a0_t0",8842,10,10,FALSE,FALSE,TRUE
15,"good",0.65,"moderate",0.751416088683921,"nonlinear-censoring",0,1,0,"QL3_a0_t1",7875,13,13,FALSE,FALSE,TRUE
15,"good",0.65,"moderate",0.751416088683921,"nonlinear-censoring",0,1,0,"QL3_a0_t2",6356,13,13,FALSE,FALSE,TRUE
15,"good",0.65,"moderate",0.751416088683921,"nonlinear-censoring",0,1,0,"QL3_a1_t0",9511,10,10,FALSE,FALSE,TRUE
15,"good",0.65,"moderate",0.751416088683921,"nonlinear-censoring",0,1,0,"QL3_a1_t1",8729,13,13,FALSE,FALSE,TRUE
15,"good",0.65,"moderate",0.751416088683921,"nonlinear-censoring",0,1,0,"QL3_a1_t2",8267,13,13,FALSE,FALSE,TRUE
16,"poor",1.25,"moderate",0.751416088683921,"nonlinear-censoring",0,1,0,"G0_t0",20000,4,4,FALSE,FALSE,TRUE
16,"poor",1.25,"moderate",0.751416088683921,"nonlinear-censoring",0,1,0,"G0_t1",18411,5,5,FALSE,FALSE,TRUE
16,"poor",1.25,"moderate",0.751416088683921,"nonlinear-censoring",0,1,0,"G0_t2",16725,5,5,FALSE,FALSE,TRUE
16,"poor",1.25,"moderate",0.751416088683921,"nonlinear-censoring",0,1,0,"G1_t0",20000,5,5,FALSE,FALSE,TRUE
16,"poor",1.25,"moderate",0.751416088683921,"nonlinear-censoring",0,1,0,"G1_t1",18411,6,6,FALSE,FALSE,TRUE
16,"poor",1.25,"moderate",0.751416088683921,"nonlinear-censoring",0,1,0,"G1_t2",16725,6,6,FALSE,FALSE,TRUE
16,"poor",1.25,"moderate",0.751416088683921,"nonlinear-censoring",0,1,0,"G2_t0",20000,7,7,FALSE,FALSE,TRUE
16,"poor",1.25,"moderate",0.751416088683921,"nonlinear-censoring",0,1,0,"G2_t1",18411,8,8,FALSE,FALSE,TRUE
16,"poor",1.25,"moderate",0.751416088683921,"nonlinear-censoring",0,1,0,"G2_t2",16725,8,8,FALSE,FALSE,TRUE
16,"poor",1.25,"moderate",0.751416088683921,"nonlinear-censoring",0,1,0,"G3_t0",20000,6,6,FALSE,FALSE,TRUE
16,"poor",1.25,"moderate",0.751416088683921,"nonlinear-censoring",0,1,0,"G3_t1",18411,7,7,FALSE,FALSE,TRUE
16,"poor",1.25,"moderate",0.751416088683921,"nonlinear-censoring",0,1,0,"G3_t2",16725,7,7,FALSE,FALSE,TRUE
16,"poor",1.25,"moderate",0.751416088683921,"nonlinear-censoring",0,1,0,"G4_t0",20000,11,11,FALSE,FALSE,TRUE
16,"poor",1.25,"moderate",0.751416088683921,"nonlinear-censoring",0,1,0,"G4_t1",18411,12,12,FALSE,FALSE,TRUE
16,"poor",1.25,"moderate",0.751416088683921,"nonlinear-censoring",0,1,0,"G4_t2",16725,12,12,FALSE,FALSE,TRUE
16,"poor",1.25,"moderate",0.751416088683921,"nonlinear-censoring",0,1,0,"C0_t0",20000,5,5,FALSE,FALSE,TRUE
16,"poor",1.25,"moderate",0.751416088683921,"nonlinear-censoring",0,1,0,"C0_t1",18411,5,5,FALSE,FALSE,TRUE
16,"poor",1.25,"moderate",0.751416088683921,"nonlinear-censoring",0,1,0,"C0_t2",16725,5,5,FALSE,FALSE,TRUE
16,"poor",1.25,"moderate",0.751416088683921,"nonlinear-censoring",0,1,0,"C1_t0",20000,6,6,FALSE,FALSE,TRUE
16,"poor",1.25,"moderate",0.751416088683921,"nonlinear-censoring",0,1,0,"C1_t1",18411,6,6,FALSE,FALSE,TRUE
16,"poor",1.25,"moderate",0.751416088683921,"nonlinear-censoring",0,1,0,"C1_t2",16725,6,6,FALSE,FALSE,TRUE
16,"poor",1.25,"moderate",0.751416088683921,"nonlinear-censoring",0,1,0,"C2_t0",20000,10,10,FALSE,FALSE,TRUE
16,"poor",1.25,"moderate",0.751416088683921,"nonlinear-censoring",0,1,0,"C2_t1",18411,10,10,FALSE,FALSE,TRUE
16,"poor",1.25,"moderate",0.751416088683921,"nonlinear-censoring",0,1,0,"C2_t2",16725,10,10,FALSE,FALSE,TRUE
16,"poor",1.25,"moderate",0.751416088683921,"nonlinear-censoring",0,1,0,"QL0_a0_t0",8066,4,4,FALSE,FALSE,TRUE
16,"poor",1.25,"moderate",0.751416088683921,"nonlinear-censoring",0,1,0,"QL0_a0_t1",7608,6,6,FALSE,FALSE,TRUE
16,"poor",1.25,"moderate",0.751416088683921,"nonlinear-censoring",0,1,0,"QL0_a0_t2",6186,8,8,FALSE,FALSE,TRUE
16,"poor",1.25,"moderate",0.751416088683921,"nonlinear-censoring",0,1,0,"QL0_a1_t0",10345,4,4,FALSE,FALSE,TRUE
16,"poor",1.25,"moderate",0.751416088683921,"nonlinear-censoring",0,1,0,"QL0_a1_t1",9117,6,6,FALSE,FALSE,TRUE
16,"poor",1.25,"moderate",0.751416088683921,"nonlinear-censoring",0,1,0,"QL0_a1_t2",8595,8,8,FALSE,FALSE,TRUE
16,"poor",1.25,"moderate",0.751416088683921,"nonlinear-censoring",0,1,0,"QL1_a0_t0",8066,5,5,FALSE,FALSE,TRUE
16,"poor",1.25,"moderate",0.751416088683921,"nonlinear-censoring",0,1,0,"QL1_a0_t1",7608,8,8,FALSE,FALSE,TRUE
16,"poor",1.25,"moderate",0.751416088683921,"nonlinear-censoring",0,1,0,"QL1_a0_t2",6186,11,11,FALSE,FALSE,TRUE
16,"poor",1.25,"moderate",0.751416088683921,"nonlinear-censoring",0,1,0,"QL1_a1_t0",10345,5,5,FALSE,FALSE,TRUE
16,"poor",1.25,"moderate",0.751416088683921,"nonlinear-censoring",0,1,0,"QL1_a1_t1",9117,8,8,FALSE,FALSE,TRUE
16,"poor",1.25,"moderate",0.751416088683921,"nonlinear-censoring",0,1,0,"QL1_a1_t2",8595,11,11,FALSE,FALSE,TRUE
16,"poor",1.25,"moderate",0.751416088683921,"nonlinear-censoring",0,1,0,"QL2_a0_t0",8066,8,8,FALSE,FALSE,TRUE
16,"poor",1.25,"moderate",0.751416088683921,"nonlinear-censoring",0,1,0,"QL2_a0_t1",7608,17,17,FALSE,FALSE,TRUE
16,"poor",1.25,"moderate",0.751416088683921,"nonlinear-censoring",0,1,0,"QL2_a0_t2",6186,29,29,FALSE,FALSE,TRUE
16,"poor",1.25,"moderate",0.751416088683921,"nonlinear-censoring",0,1,0,"QL2_a1_t0",10345,8,8,FALSE,FALSE,TRUE
16,"poor",1.25,"moderate",0.751416088683921,"nonlinear-censoring",0,1,0,"QL2_a1_t1",9117,17,17,FALSE,FALSE,TRUE
16,"poor",1.25,"moderate",0.751416088683921,"nonlinear-censoring",0,1,0,"QL2_a1_t2",8595,29,29,FALSE,FALSE,TRUE
16,"poor",1.25,"moderate",0.751416088683921,"nonlinear-censoring",0,1,0,"QL3_a0_t0",8066,10,10,FALSE,FALSE,TRUE
16,"poor",1.25,"moderate",0.751416088683921,"nonlinear-censoring",0,1,0,"QL3_a0_t1",7608,13,13,FALSE,FALSE,TRUE
16,"poor",1.25,"moderate",0.751416088683921,"nonlinear-censoring",0,1,0,"QL3_a0_t2",6186,13,13,FALSE,FALSE,TRUE
16,"poor",1.25,"moderate",0.751416088683921,"nonlinear-censoring",0,1,0,"QL3_a1_t0",10345,10,10,FALSE,FALSE,TRUE
16,"poor",1.25,"moderate",0.751416088683921,"nonlinear-censoring",0,1,0,"QL3_a1_t1",9117,13,13,FALSE,FALSE,TRUE
16,"poor",1.25,"moderate",0.751416088683921,"nonlinear-censoring",0,1,0,"QL3_a1_t2",8595,13,13,FALSE,FALSE,TRUE
17,"good",0.65,"strong",1.49962304642689,"nonlinear-censoring",0,1,0,"G0_t0",20000,4,4,FALSE,FALSE,TRUE
17,"good",0.65,"strong",1.49962304642689,"nonlinear-censoring",0,1,0,"G0_t1",18362,5,5,FALSE,FALSE,TRUE
17,"good",0.65,"strong",1.49962304642689,"nonlinear-censoring",0,1,0,"G0_t2",16552,5,5,FALSE,FALSE,TRUE
17,"good",0.65,"strong",1.49962304642689,"nonlinear-censoring",0,1,0,"G1_t0",20000,5,5,FALSE,FALSE,TRUE
17,"good",0.65,"strong",1.49962304642689,"nonlinear-censoring",0,1,0,"G1_t1",18362,6,6,FALSE,FALSE,TRUE
17,"good",0.65,"strong",1.49962304642689,"nonlinear-censoring",0,1,0,"G1_t2",16552,6,6,FALSE,FALSE,TRUE
17,"good",0.65,"strong",1.49962304642689,"nonlinear-censoring",0,1,0,"G2_t0",20000,7,7,FALSE,FALSE,TRUE
17,"good",0.65,"strong",1.49962304642689,"nonlinear-censoring",0,1,0,"G2_t1",18362,8,8,FALSE,FALSE,TRUE
17,"good",0.65,"strong",1.49962304642689,"nonlinear-censoring",0,1,0,"G2_t2",16552,8,8,FALSE,FALSE,TRUE
17,"good",0.65,"strong",1.49962304642689,"nonlinear-censoring",0,1,0,"G3_t0",20000,6,6,FALSE,FALSE,TRUE
17,"good",0.65,"strong",1.49962304642689,"nonlinear-censoring",0,1,0,"G3_t1",18362,7,7,FALSE,FALSE,TRUE
17,"good",0.65,"strong",1.49962304642689,"nonlinear-censoring",0,1,0,"G3_t2",16552,7,7,FALSE,FALSE,TRUE
17,"good",0.65,"strong",1.49962304642689,"nonlinear-censoring",0,1,0,"G4_t0",20000,11,11,FALSE,FALSE,TRUE
17,"good",0.65,"strong",1.49962304642689,"nonlinear-censoring",0,1,0,"G4_t1",18362,12,12,FALSE,FALSE,TRUE
17,"good",0.65,"strong",1.49962304642689,"nonlinear-censoring",0,1,0,"G4_t2",16552,12,12,FALSE,FALSE,TRUE
17,"good",0.65,"strong",1.49962304642689,"nonlinear-censoring",0,1,0,"C0_t0",20000,5,5,FALSE,FALSE,TRUE
17,"good",0.65,"strong",1.49962304642689,"nonlinear-censoring",0,1,0,"C0_t1",18362,5,5,FALSE,FALSE,TRUE
17,"good",0.65,"strong",1.49962304642689,"nonlinear-censoring",0,1,0,"C0_t2",16552,5,5,FALSE,FALSE,TRUE
17,"good",0.65,"strong",1.49962304642689,"nonlinear-censoring",0,1,0,"C1_t0",20000,6,6,FALSE,FALSE,TRUE
17,"good",0.65,"strong",1.49962304642689,"nonlinear-censoring",0,1,0,"C1_t1",18362,6,6,FALSE,FALSE,TRUE
17,"good",0.65,"strong",1.49962304642689,"nonlinear-censoring",0,1,0,"C1_t2",16552,6,6,FALSE,FALSE,TRUE
17,"good",0.65,"strong",1.49962304642689,"nonlinear-censoring",0,1,0,"C2_t0",20000,10,10,FALSE,FALSE,TRUE
17,"good",0.65,"strong",1.49962304642689,"nonlinear-censoring",0,1,0,"C2_t1",18362,10,10,FALSE,FALSE,TRUE
17,"good",0.65,"strong",1.49962304642689,"nonlinear-censoring",0,1,0,"C2_t2",16552,10,10,FALSE,FALSE,TRUE
17,"good",0.65,"strong",1.49962304642689,"nonlinear-censoring",0,1,0,"QL0_a0_t0",8769,4,4,FALSE,FALSE,TRUE
17,"good",0.65,"strong",1.49962304642689,"nonlinear-censoring",0,1,0,"QL0_a0_t1",7767,6,6,FALSE,FALSE,TRUE
17,"good",0.65,"strong",1.49962304642689,"nonlinear-censoring",0,1,0,"QL0_a0_t2",6544,8,8,FALSE,FALSE,TRUE
17,"good",0.65,"strong",1.49962304642689,"nonlinear-censoring",0,1,0,"QL0_a1_t0",9593,4,4,FALSE,FALSE,TRUE
17,"good",0.65,"strong",1.49962304642689,"nonlinear-censoring",0,1,0,"QL0_a1_t1",8785,6,6,FALSE,FALSE,TRUE
17,"good",0.65,"strong",1.49962304642689,"nonlinear-censoring",0,1,0,"QL0_a1_t2",7987,8,8,FALSE,FALSE,TRUE
17,"good",0.65,"strong",1.49962304642689,"nonlinear-censoring",0,1,0,"QL1_a0_t0",8769,5,5,FALSE,FALSE,TRUE
17,"good",0.65,"strong",1.49962304642689,"nonlinear-censoring",0,1,0,"QL1_a0_t1",7767,8,8,FALSE,FALSE,TRUE
17,"good",0.65,"strong",1.49962304642689,"nonlinear-censoring",0,1,0,"QL1_a0_t2",6544,11,11,FALSE,FALSE,TRUE
17,"good",0.65,"strong",1.49962304642689,"nonlinear-censoring",0,1,0,"QL1_a1_t0",9593,5,5,FALSE,FALSE,TRUE
17,"good",0.65,"strong",1.49962304642689,"nonlinear-censoring",0,1,0,"QL1_a1_t1",8785,8,8,FALSE,FALSE,TRUE
17,"good",0.65,"strong",1.49962304642689,"nonlinear-censoring",0,1,0,"QL1_a1_t2",7987,11,11,FALSE,FALSE,TRUE
17,"good",0.65,"strong",1.49962304642689,"nonlinear-censoring",0,1,0,"QL2_a0_t0",8769,8,8,FALSE,FALSE,TRUE
17,"good",0.65,"strong",1.49962304642689,"nonlinear-censoring",0,1,0,"QL2_a0_t1",7767,17,17,FALSE,FALSE,TRUE
17,"good",0.65,"strong",1.49962304642689,"nonlinear-censoring",0,1,0,"QL2_a0_t2",6544,29,29,FALSE,FALSE,TRUE
17,"good",0.65,"strong",1.49962304642689,"nonlinear-censoring",0,1,0,"QL2_a1_t0",9593,8,8,FALSE,FALSE,TRUE
17,"good",0.65,"strong",1.49962304642689,"nonlinear-censoring",0,1,0,"QL2_a1_t1",8785,17,17,FALSE,FALSE,TRUE
17,"good",0.65,"strong",1.49962304642689,"nonlinear-censoring",0,1,0,"QL2_a1_t2",7987,29,29,FALSE,FALSE,TRUE
17,"good",0.65,"strong",1.49962304642689,"nonlinear-censoring",0,1,0,"QL3_a0_t0",8769,10,10,FALSE,FALSE,TRUE
17,"good",0.65,"strong",1.49962304642689,"nonlinear-censoring",0,1,0,"QL3_a0_t1",7767,13,13,FALSE,FALSE,TRUE
17,"good",0.65,"strong",1.49962304642689,"nonlinear-censoring",0,1,0,"QL3_a0_t2",6544,13,13,FALSE,FALSE,TRUE
17,"good",0.65,"strong",1.49962304642689,"nonlinear-censoring",0,1,0,"QL3_a1_t0",9593,10,10,FALSE,FALSE,TRUE
17,"good",0.65,"strong",1.49962304642689,"nonlinear-censoring",0,1,0,"QL3_a1_t1",8785,13,13,FALSE,FALSE,TRUE
17,"good",0.65,"strong",1.49962304642689,"nonlinear-censoring",0,1,0,"QL3_a1_t2",7987,13,13,FALSE,FALSE,TRUE
18,"poor",1.25,"strong",1.49962304642689,"nonlinear-censoring",0,1,0,"G0_t0",20000,4,4,FALSE,FALSE,TRUE
18,"poor",1.25,"strong",1.49962304642689,"nonlinear-censoring",0,1,0,"G0_t1",18445,5,5,FALSE,FALSE,TRUE
18,"poor",1.25,"strong",1.49962304642689,"nonlinear-censoring",0,1,0,"G0_t2",16661,5,5,FALSE,FALSE,TRUE
18,"poor",1.25,"strong",1.49962304642689,"nonlinear-censoring",0,1,0,"G1_t0",20000,5,5,FALSE,FALSE,TRUE
18,"poor",1.25,"strong",1.49962304642689,"nonlinear-censoring",0,1,0,"G1_t1",18445,6,6,FALSE,FALSE,TRUE
18,"poor",1.25,"strong",1.49962304642689,"nonlinear-censoring",0,1,0,"G1_t2",16661,6,6,FALSE,FALSE,TRUE
18,"poor",1.25,"strong",1.49962304642689,"nonlinear-censoring",0,1,0,"G2_t0",20000,7,7,FALSE,FALSE,TRUE
18,"poor",1.25,"strong",1.49962304642689,"nonlinear-censoring",0,1,0,"G2_t1",18445,8,8,FALSE,FALSE,TRUE
18,"poor",1.25,"strong",1.49962304642689,"nonlinear-censoring",0,1,0,"G2_t2",16661,8,8,FALSE,FALSE,TRUE
18,"poor",1.25,"strong",1.49962304642689,"nonlinear-censoring",0,1,0,"G3_t0",20000,6,6,FALSE,FALSE,TRUE
18,"poor",1.25,"strong",1.49962304642689,"nonlinear-censoring",0,1,0,"G3_t1",18445,7,7,FALSE,FALSE,TRUE
18,"poor",1.25,"strong",1.49962304642689,"nonlinear-censoring",0,1,0,"G3_t2",16661,7,7,FALSE,FALSE,TRUE
18,"poor",1.25,"strong",1.49962304642689,"nonlinear-censoring",0,1,0,"G4_t0",20000,11,11,FALSE,FALSE,TRUE
18,"poor",1.25,"strong",1.49962304642689,"nonlinear-censoring",0,1,0,"G4_t1",18445,12,12,FALSE,FALSE,TRUE
18,"poor",1.25,"strong",1.49962304642689,"nonlinear-censoring",0,1,0,"G4_t2",16661,12,12,FALSE,FALSE,TRUE
18,"poor",1.25,"strong",1.49962304642689,"nonlinear-censoring",0,1,0,"C0_t0",20000,5,5,FALSE,FALSE,TRUE
18,"poor",1.25,"strong",1.49962304642689,"nonlinear-censoring",0,1,0,"C0_t1",18445,5,5,FALSE,FALSE,TRUE
18,"poor",1.25,"strong",1.49962304642689,"nonlinear-censoring",0,1,0,"C0_t2",16661,5,5,FALSE,FALSE,TRUE
18,"poor",1.25,"strong",1.49962304642689,"nonlinear-censoring",0,1,0,"C1_t0",20000,6,6,FALSE,FALSE,TRUE
18,"poor",1.25,"strong",1.49962304642689,"nonlinear-censoring",0,1,0,"C1_t1",18445,6,6,FALSE,FALSE,TRUE
18,"poor",1.25,"strong",1.49962304642689,"nonlinear-censoring",0,1,0,"C1_t2",16661,6,6,FALSE,FALSE,TRUE
18,"poor",1.25,"strong",1.49962304642689,"nonlinear-censoring",0,1,0,"C2_t0",20000,10,10,FALSE,FALSE,TRUE
18,"poor",1.25,"strong",1.49962304642689,"nonlinear-censoring",0,1,0,"C2_t1",18445,10,10,FALSE,FALSE,TRUE
18,"poor",1.25,"strong",1.49962304642689,"nonlinear-censoring",0,1,0,"C2_t2",16661,10,10,FALSE,FALSE,TRUE
18,"poor",1.25,"strong",1.49962304642689,"nonlinear-censoring",0,1,0,"QL0_a0_t0",8054,4,4,FALSE,FALSE,TRUE
18,"poor",1.25,"strong",1.49962304642689,"nonlinear-censoring",0,1,0,"QL0_a0_t1",7535,6,6,FALSE,FALSE,TRUE
18,"poor",1.25,"strong",1.49962304642689,"nonlinear-censoring",0,1,0,"QL0_a0_t2",6327,8,8,FALSE,FALSE,TRUE
18,"poor",1.25,"strong",1.49962304642689,"nonlinear-censoring",0,1,0,"QL0_a1_t0",10391,4,4,FALSE,FALSE,TRUE
18,"poor",1.25,"strong",1.49962304642689,"nonlinear-censoring",0,1,0,"QL0_a1_t1",9126,6,6,FALSE,FALSE,TRUE
18,"poor",1.25,"strong",1.49962304642689,"nonlinear-censoring",0,1,0,"QL0_a1_t2",8390,8,8,FALSE,FALSE,TRUE
18,"poor",1.25,"strong",1.49962304642689,"nonlinear-censoring",0,1,0,"QL1_a0_t0",8054,5,5,FALSE,FALSE,TRUE
18,"poor",1.25,"strong",1.49962304642689,"nonlinear-censoring",0,1,0,"QL1_a0_t1",7535,8,8,FALSE,FALSE,TRUE
18,"poor",1.25,"strong",1.49962304642689,"nonlinear-censoring",0,1,0,"QL1_a0_t2",6327,11,11,FALSE,FALSE,TRUE
18,"poor",1.25,"strong",1.49962304642689,"nonlinear-censoring",0,1,0,"QL1_a1_t0",10391,5,5,FALSE,FALSE,TRUE
18,"poor",1.25,"strong",1.49962304642689,"nonlinear-censoring",0,1,0,"QL1_a1_t1",9126,8,8,FALSE,FALSE,TRUE
18,"poor",1.25,"strong",1.49962304642689,"nonlinear-censoring",0,1,0,"QL1_a1_t2",8390,11,11,FALSE,FALSE,TRUE
18,"poor",1.25,"strong",1.49962304642689,"nonlinear-censoring",0,1,0,"QL2_a0_t0",8054,8,8,FALSE,FALSE,TRUE
18,"poor",1.25,"strong",1.49962304642689,"nonlinear-censoring",0,1,0,"QL2_a0_t1",7535,17,17,FALSE,FALSE,TRUE
18,"poor",1.25,"strong",1.49962304642689,"nonlinear-censoring",0,1,0,"QL2_a0_t2",6327,29,29,FALSE,FALSE,TRUE
18,"poor",1.25,"strong",1.49962304642689,"nonlinear-censoring",0,1,0,"QL2_a1_t0",10391,8,8,FALSE,FALSE,TRUE
18,"poor",1.25,"strong",1.49962304642689,"nonlinear-censoring",0,1,0,"QL2_a1_t1",9126,17,17,FALSE,FALSE,TRUE
18,"poor",1.25,"strong",1.49962304642689,"nonlinear-censoring",0,1,0,"QL2_a1_t2",8390,29,29,FALSE,FALSE,TRUE
18,"poor",1.25,"strong",1.49962304642689,"nonlinear-censoring",0,1,0,"QL3_a0_t0",8054,10,10,FALSE,FALSE,TRUE
18,"poor",1.25,"strong",1.49962304642689,"nonlinear-censoring",0,1,0,"QL3_a0_t1",7535,13,13,FALSE,FALSE,TRUE
18,"poor",1.25,"strong",1.49962304642689,"nonlinear-censoring",0,1,0,"QL3_a0_t2",6327,13,13,FALSE,FALSE,TRUE
18,"poor",1.25,"strong",1.49962304642689,"nonlinear-censoring",0,1,0,"QL3_a1_t0",10391,10,10,FALSE,FALSE,TRUE
18,"poor",1.25,"strong",1.49962304642689,"nonlinear-censoring",0,1,0,"QL3_a1_t1",9126,13,13,FALSE,FALSE,TRUE
18,"poor",1.25,"strong",1.49962304642689,"nonlinear-censoring",0,1,0,"QL3_a1_t2",8390,13,13,FALSE,FALSE,TRUE
19,"good",0.65,"absent",0,"nonlinear-outcome",0,0,1,"G0_t0",20000,4,4,FALSE,FALSE,TRUE
19,"good",0.65,"absent",0,"nonlinear-outcome",0,0,1,"G0_t1",18446,5,5,FALSE,FALSE,TRUE
19,"good",0.65,"absent",0,"nonlinear-outcome",0,0,1,"G0_t2",16765,5,5,FALSE,FALSE,TRUE
19,"good",0.65,"absent",0,"nonlinear-outcome",0,0,1,"G1_t0",20000,5,5,FALSE,FALSE,TRUE
19,"good",0.65,"absent",0,"nonlinear-outcome",0,0,1,"G1_t1",18446,6,6,FALSE,FALSE,TRUE
19,"good",0.65,"absent",0,"nonlinear-outcome",0,0,1,"G1_t2",16765,6,6,FALSE,FALSE,TRUE
19,"good",0.65,"absent",0,"nonlinear-outcome",0,0,1,"G2_t0",20000,7,7,FALSE,FALSE,TRUE
19,"good",0.65,"absent",0,"nonlinear-outcome",0,0,1,"G2_t1",18446,8,8,FALSE,FALSE,TRUE
19,"good",0.65,"absent",0,"nonlinear-outcome",0,0,1,"G2_t2",16765,8,8,FALSE,FALSE,TRUE
19,"good",0.65,"absent",0,"nonlinear-outcome",0,0,1,"G3_t0",20000,6,6,FALSE,FALSE,TRUE
19,"good",0.65,"absent",0,"nonlinear-outcome",0,0,1,"G3_t1",18446,7,7,FALSE,FALSE,TRUE
19,"good",0.65,"absent",0,"nonlinear-outcome",0,0,1,"G3_t2",16765,7,7,FALSE,FALSE,TRUE
19,"good",0.65,"absent",0,"nonlinear-outcome",0,0,1,"G4_t0",20000,11,11,FALSE,FALSE,TRUE
19,"good",0.65,"absent",0,"nonlinear-outcome",0,0,1,"G4_t1",18446,12,12,FALSE,FALSE,TRUE
19,"good",0.65,"absent",0,"nonlinear-outcome",0,0,1,"G4_t2",16765,12,12,FALSE,FALSE,TRUE
19,"good",0.65,"absent",0,"nonlinear-outcome",0,0,1,"C0_t0",20000,5,5,FALSE,FALSE,TRUE
19,"good",0.65,"absent",0,"nonlinear-outcome",0,0,1,"C0_t1",18446,5,5,FALSE,FALSE,TRUE
19,"good",0.65,"absent",0,"nonlinear-outcome",0,0,1,"C0_t2",16765,5,5,FALSE,FALSE,TRUE
19,"good",0.65,"absent",0,"nonlinear-outcome",0,0,1,"C1_t0",20000,6,6,FALSE,FALSE,TRUE
19,"good",0.65,"absent",0,"nonlinear-outcome",0,0,1,"C1_t1",18446,6,6,FALSE,FALSE,TRUE
19,"good",0.65,"absent",0,"nonlinear-outcome",0,0,1,"C1_t2",16765,6,6,FALSE,FALSE,TRUE
19,"good",0.65,"absent",0,"nonlinear-outcome",0,0,1,"C2_t0",20000,10,10,FALSE,FALSE,TRUE
19,"good",0.65,"absent",0,"nonlinear-outcome",0,0,1,"C2_t1",18446,10,10,FALSE,FALSE,TRUE
19,"good",0.65,"absent",0,"nonlinear-outcome",0,0,1,"C2_t2",16765,10,10,FALSE,FALSE,TRUE
19,"good",0.65,"absent",0,"nonlinear-outcome",0,0,1,"QL0_a0_t0",8836,4,4,FALSE,FALSE,TRUE
19,"good",0.65,"absent",0,"nonlinear-outcome",0,0,1,"QL0_a0_t1",7948,6,6,FALSE,FALSE,TRUE
19,"good",0.65,"absent",0,"nonlinear-outcome",0,0,1,"QL0_a0_t2",6407,8,8,FALSE,FALSE,TRUE
19,"good",0.65,"absent",0,"nonlinear-outcome",0,0,1,"QL0_a1_t0",9610,4,4,FALSE,FALSE,TRUE
19,"good",0.65,"absent",0,"nonlinear-outcome",0,0,1,"QL0_a1_t1",8817,6,6,FALSE,FALSE,TRUE
19,"good",0.65,"absent",0,"nonlinear-outcome",0,0,1,"QL0_a1_t2",8412,8,8,FALSE,FALSE,TRUE
19,"good",0.65,"absent",0,"nonlinear-outcome",0,0,1,"QL1_a0_t0",8836,5,5,FALSE,FALSE,TRUE
19,"good",0.65,"absent",0,"nonlinear-outcome",0,0,1,"QL1_a0_t1",7948,8,8,FALSE,FALSE,TRUE
19,"good",0.65,"absent",0,"nonlinear-outcome",0,0,1,"QL1_a0_t2",6407,11,11,FALSE,FALSE,TRUE
19,"good",0.65,"absent",0,"nonlinear-outcome",0,0,1,"QL1_a1_t0",9610,5,5,FALSE,FALSE,TRUE
19,"good",0.65,"absent",0,"nonlinear-outcome",0,0,1,"QL1_a1_t1",8817,8,8,FALSE,FALSE,TRUE
19,"good",0.65,"absent",0,"nonlinear-outcome",0,0,1,"QL1_a1_t2",8412,11,11,FALSE,FALSE,TRUE
19,"good",0.65,"absent",0,"nonlinear-outcome",0,0,1,"QL2_a0_t0",8836,8,8,FALSE,FALSE,TRUE
19,"good",0.65,"absent",0,"nonlinear-outcome",0,0,1,"QL2_a0_t1",7948,17,17,FALSE,FALSE,TRUE
19,"good",0.65,"absent",0,"nonlinear-outcome",0,0,1,"QL2_a0_t2",6407,29,29,FALSE,FALSE,TRUE
19,"good",0.65,"absent",0,"nonlinear-outcome",0,0,1,"QL2_a1_t0",9610,8,8,FALSE,FALSE,TRUE
19,"good",0.65,"absent",0,"nonlinear-outcome",0,0,1,"QL2_a1_t1",8817,17,17,FALSE,FALSE,TRUE
19,"good",0.65,"absent",0,"nonlinear-outcome",0,0,1,"QL2_a1_t2",8412,29,29,FALSE,FALSE,TRUE
19,"good",0.65,"absent",0,"nonlinear-outcome",0,0,1,"QL3_a0_t0",8836,10,10,FALSE,FALSE,TRUE
19,"good",0.65,"absent",0,"nonlinear-outcome",0,0,1,"QL3_a0_t1",7948,13,13,FALSE,FALSE,TRUE
19,"good",0.65,"absent",0,"nonlinear-outcome",0,0,1,"QL3_a0_t2",6407,13,13,FALSE,FALSE,TRUE
19,"good",0.65,"absent",0,"nonlinear-outcome",0,0,1,"QL3_a1_t0",9610,10,10,FALSE,FALSE,TRUE
19,"good",0.65,"absent",0,"nonlinear-outcome",0,0,1,"QL3_a1_t1",8817,13,13,FALSE,FALSE,TRUE
19,"good",0.65,"absent",0,"nonlinear-outcome",0,0,1,"QL3_a1_t2",8412,13,13,FALSE,FALSE,TRUE
20,"poor",1.25,"absent",0,"nonlinear-outcome",0,0,1,"G0_t0",20000,4,4,FALSE,FALSE,TRUE
20,"poor",1.25,"absent",0,"nonlinear-outcome",0,0,1,"G0_t1",18370,5,5,FALSE,FALSE,TRUE
20,"poor",1.25,"absent",0,"nonlinear-outcome",0,0,1,"G0_t2",16657,5,5,FALSE,FALSE,TRUE
20,"poor",1.25,"absent",0,"nonlinear-outcome",0,0,1,"G1_t0",20000,5,5,FALSE,FALSE,TRUE
20,"poor",1.25,"absent",0,"nonlinear-outcome",0,0,1,"G1_t1",18370,6,6,FALSE,FALSE,TRUE
20,"poor",1.25,"absent",0,"nonlinear-outcome",0,0,1,"G1_t2",16657,6,6,FALSE,FALSE,TRUE
20,"poor",1.25,"absent",0,"nonlinear-outcome",0,0,1,"G2_t0",20000,7,7,FALSE,FALSE,TRUE
20,"poor",1.25,"absent",0,"nonlinear-outcome",0,0,1,"G2_t1",18370,8,8,FALSE,FALSE,TRUE
20,"poor",1.25,"absent",0,"nonlinear-outcome",0,0,1,"G2_t2",16657,8,8,FALSE,FALSE,TRUE
20,"poor",1.25,"absent",0,"nonlinear-outcome",0,0,1,"G3_t0",20000,6,6,FALSE,FALSE,TRUE
20,"poor",1.25,"absent",0,"nonlinear-outcome",0,0,1,"G3_t1",18370,7,7,FALSE,FALSE,TRUE
20,"poor",1.25,"absent",0,"nonlinear-outcome",0,0,1,"G3_t2",16657,7,7,FALSE,FALSE,TRUE
20,"poor",1.25,"absent",0,"nonlinear-outcome",0,0,1,"G4_t0",20000,11,11,FALSE,FALSE,TRUE
20,"poor",1.25,"absent",0,"nonlinear-outcome",0,0,1,"G4_t1",18370,12,12,FALSE,FALSE,TRUE
20,"poor",1.25,"absent",0,"nonlinear-outcome",0,0,1,"G4_t2",16657,12,12,FALSE,FALSE,TRUE
20,"poor",1.25,"absent",0,"nonlinear-outcome",0,0,1,"C0_t0",20000,5,5,FALSE,FALSE,TRUE
20,"poor",1.25,"absent",0,"nonlinear-outcome",0,0,1,"C0_t1",18370,5,5,FALSE,FALSE,TRUE
20,"poor",1.25,"absent",0,"nonlinear-outcome",0,0,1,"C0_t2",16657,5,5,FALSE,FALSE,TRUE
20,"poor",1.25,"absent",0,"nonlinear-outcome",0,0,1,"C1_t0",20000,6,6,FALSE,FALSE,TRUE
20,"poor",1.25,"absent",0,"nonlinear-outcome",0,0,1,"C1_t1",18370,6,6,FALSE,FALSE,TRUE
20,"poor",1.25,"absent",0,"nonlinear-outcome",0,0,1,"C1_t2",16657,6,6,FALSE,FALSE,TRUE
20,"poor",1.25,"absent",0,"nonlinear-outcome",0,0,1,"C2_t0",20000,10,10,FALSE,FALSE,TRUE
20,"poor",1.25,"absent",0,"nonlinear-outcome",0,0,1,"C2_t1",18370,10,10,FALSE,FALSE,TRUE
20,"poor",1.25,"absent",0,"nonlinear-outcome",0,0,1,"C2_t2",16657,10,10,FALSE,FALSE,TRUE
20,"poor",1.25,"absent",0,"nonlinear-outcome",0,0,1,"QL0_a0_t0",7900,4,4,FALSE,FALSE,TRUE
20,"poor",1.25,"absent",0,"nonlinear-outcome",0,0,1,"QL0_a0_t1",7423,6,6,FALSE,FALSE,TRUE
20,"poor",1.25,"absent",0,"nonlinear-outcome",0,0,1,"QL0_a0_t2",5990,8,8,FALSE,FALSE,TRUE
20,"poor",1.25,"absent",0,"nonlinear-outcome",0,0,1,"QL0_a1_t0",10470,4,4,FALSE,FALSE,TRUE
20,"poor",1.25,"absent",0,"nonlinear-outcome",0,0,1,"QL0_a1_t1",9234,6,6,FALSE,FALSE,TRUE
20,"poor",1.25,"absent",0,"nonlinear-outcome",0,0,1,"QL0_a1_t2",8786,8,8,FALSE,FALSE,TRUE
20,"poor",1.25,"absent",0,"nonlinear-outcome",0,0,1,"QL1_a0_t0",7900,5,5,FALSE,FALSE,TRUE
20,"poor",1.25,"absent",0,"nonlinear-outcome",0,0,1,"QL1_a0_t1",7423,8,8,FALSE,FALSE,TRUE
20,"poor",1.25,"absent",0,"nonlinear-outcome",0,0,1,"QL1_a0_t2",5990,11,11,FALSE,FALSE,TRUE
20,"poor",1.25,"absent",0,"nonlinear-outcome",0,0,1,"QL1_a1_t0",10470,5,5,FALSE,FALSE,TRUE
20,"poor",1.25,"absent",0,"nonlinear-outcome",0,0,1,"QL1_a1_t1",9234,8,8,FALSE,FALSE,TRUE
20,"poor",1.25,"absent",0,"nonlinear-outcome",0,0,1,"QL1_a1_t2",8786,11,11,FALSE,FALSE,TRUE
20,"poor",1.25,"absent",0,"nonlinear-outcome",0,0,1,"QL2_a0_t0",7900,8,8,FALSE,FALSE,TRUE
20,"poor",1.25,"absent",0,"nonlinear-outcome",0,0,1,"QL2_a0_t1",7423,17,17,FALSE,FALSE,TRUE
20,"poor",1.25,"absent",0,"nonlinear-outcome",0,0,1,"QL2_a0_t2",5990,29,29,FALSE,FALSE,TRUE
20,"poor",1.25,"absent",0,"nonlinear-outcome",0,0,1,"QL2_a1_t0",10470,8,8,FALSE,FALSE,TRUE
20,"poor",1.25,"absent",0,"nonlinear-outcome",0,0,1,"QL2_a1_t1",9234,17,17,FALSE,FALSE,TRUE
20,"poor",1.25,"absent",0,"nonlinear-outcome",0,0,1,"QL2_a1_t2",8786,29,29,FALSE,FALSE,TRUE
20,"poor",1.25,"absent",0,"nonlinear-outcome",0,0,1,"QL3_a0_t0",7900,10,10,FALSE,FALSE,TRUE
20,"poor",1.25,"absent",0,"nonlinear-outcome",0,0,1,"QL3_a0_t1",7423,13,13,FALSE,FALSE,TRUE
20,"poor",1.25,"absent",0,"nonlinear-outcome",0,0,1,"QL3_a0_t2",5990,13,13,FALSE,FALSE,TRUE
20,"poor",1.25,"absent",0,"nonlinear-outcome",0,0,1,"QL3_a1_t0",10470,10,10,FALSE,FALSE,TRUE
20,"poor",1.25,"absent",0,"nonlinear-outcome",0,0,1,"QL3_a1_t1",9234,13,13,FALSE,FALSE,TRUE
20,"poor",1.25,"absent",0,"nonlinear-outcome",0,0,1,"QL3_a1_t2",8786,13,13,FALSE,FALSE,TRUE
21,"good",0.65,"moderate",0.751416088683921,"nonlinear-outcome",0,0,1,"G0_t0",20000,4,4,FALSE,FALSE,TRUE
21,"good",0.65,"moderate",0.751416088683921,"nonlinear-outcome",0,0,1,"G0_t1",18440,5,5,FALSE,FALSE,TRUE
21,"good",0.65,"moderate",0.751416088683921,"nonlinear-outcome",0,0,1,"G0_t2",16736,5,5,FALSE,FALSE,TRUE
21,"good",0.65,"moderate",0.751416088683921,"nonlinear-outcome",0,0,1,"G1_t0",20000,5,5,FALSE,FALSE,TRUE
21,"good",0.65,"moderate",0.751416088683921,"nonlinear-outcome",0,0,1,"G1_t1",18440,6,6,FALSE,FALSE,TRUE
21,"good",0.65,"moderate",0.751416088683921,"nonlinear-outcome",0,0,1,"G1_t2",16736,6,6,FALSE,FALSE,TRUE
21,"good",0.65,"moderate",0.751416088683921,"nonlinear-outcome",0,0,1,"G2_t0",20000,7,7,FALSE,FALSE,TRUE
21,"good",0.65,"moderate",0.751416088683921,"nonlinear-outcome",0,0,1,"G2_t1",18440,8,8,FALSE,FALSE,TRUE
21,"good",0.65,"moderate",0.751416088683921,"nonlinear-outcome",0,0,1,"G2_t2",16736,8,8,FALSE,FALSE,TRUE
21,"good",0.65,"moderate",0.751416088683921,"nonlinear-outcome",0,0,1,"G3_t0",20000,6,6,FALSE,FALSE,TRUE
21,"good",0.65,"moderate",0.751416088683921,"nonlinear-outcome",0,0,1,"G3_t1",18440,7,7,FALSE,FALSE,TRUE
21,"good",0.65,"moderate",0.751416088683921,"nonlinear-outcome",0,0,1,"G3_t2",16736,7,7,FALSE,FALSE,TRUE
21,"good",0.65,"moderate",0.751416088683921,"nonlinear-outcome",0,0,1,"G4_t0",20000,11,11,FALSE,FALSE,TRUE
21,"good",0.65,"moderate",0.751416088683921,"nonlinear-outcome",0,0,1,"G4_t1",18440,12,12,FALSE,FALSE,TRUE
21,"good",0.65,"moderate",0.751416088683921,"nonlinear-outcome",0,0,1,"G4_t2",16736,12,12,FALSE,FALSE,TRUE
21,"good",0.65,"moderate",0.751416088683921,"nonlinear-outcome",0,0,1,"C0_t0",20000,5,5,FALSE,FALSE,TRUE
21,"good",0.65,"moderate",0.751416088683921,"nonlinear-outcome",0,0,1,"C0_t1",18440,5,5,FALSE,FALSE,TRUE
21,"good",0.65,"moderate",0.751416088683921,"nonlinear-outcome",0,0,1,"C0_t2",16736,5,5,FALSE,FALSE,TRUE
21,"good",0.65,"moderate",0.751416088683921,"nonlinear-outcome",0,0,1,"C1_t0",20000,6,6,FALSE,FALSE,TRUE
21,"good",0.65,"moderate",0.751416088683921,"nonlinear-outcome",0,0,1,"C1_t1",18440,6,6,FALSE,FALSE,TRUE
21,"good",0.65,"moderate",0.751416088683921,"nonlinear-outcome",0,0,1,"C1_t2",16736,6,6,FALSE,FALSE,TRUE
21,"good",0.65,"moderate",0.751416088683921,"nonlinear-outcome",0,0,1,"C2_t0",20000,10,10,FALSE,FALSE,TRUE
21,"good",0.65,"moderate",0.751416088683921,"nonlinear-outcome",0,0,1,"C2_t1",18440,10,10,FALSE,FALSE,TRUE
21,"good",0.65,"moderate",0.751416088683921,"nonlinear-outcome",0,0,1,"C2_t2",16736,10,10,FALSE,FALSE,TRUE
21,"good",0.65,"moderate",0.751416088683921,"nonlinear-outcome",0,0,1,"QL0_a0_t0",8764,4,4,FALSE,FALSE,TRUE
21,"good",0.65,"moderate",0.751416088683921,"nonlinear-outcome",0,0,1,"QL0_a0_t1",7859,6,6,FALSE,FALSE,TRUE
21,"good",0.65,"moderate",0.751416088683921,"nonlinear-outcome",0,0,1,"QL0_a0_t2",6376,8,8,FALSE,FALSE,TRUE
21,"good",0.65,"moderate",0.751416088683921,"nonlinear-outcome",0,0,1,"QL0_a1_t0",9676,4,4,FALSE,FALSE,TRUE
21,"good",0.65,"moderate",0.751416088683921,"nonlinear-outcome",0,0,1,"QL0_a1_t1",8877,6,6,FALSE,FALSE,TRUE
21,"good",0.65,"moderate",0.751416088683921,"nonlinear-outcome",0,0,1,"QL0_a1_t2",8385,8,8,FALSE,FALSE,TRUE
21,"good",0.65,"moderate",0.751416088683921,"nonlinear-outcome",0,0,1,"QL1_a0_t0",8764,5,5,FALSE,FALSE,TRUE
21,"good",0.65,"moderate",0.751416088683921,"nonlinear-outcome",0,0,1,"QL1_a0_t1",7859,8,8,FALSE,FALSE,TRUE
21,"good",0.65,"moderate",0.751416088683921,"nonlinear-outcome",0,0,1,"QL1_a0_t2",6376,11,11,FALSE,FALSE,TRUE
21,"good",0.65,"moderate",0.751416088683921,"nonlinear-outcome",0,0,1,"QL1_a1_t0",9676,5,5,FALSE,FALSE,TRUE
21,"good",0.65,"moderate",0.751416088683921,"nonlinear-outcome",0,0,1,"QL1_a1_t1",8877,8,8,FALSE,FALSE,TRUE
21,"good",0.65,"moderate",0.751416088683921,"nonlinear-outcome",0,0,1,"QL1_a1_t2",8385,11,11,FALSE,FALSE,TRUE
21,"good",0.65,"moderate",0.751416088683921,"nonlinear-outcome",0,0,1,"QL2_a0_t0",8764,8,8,FALSE,FALSE,TRUE
21,"good",0.65,"moderate",0.751416088683921,"nonlinear-outcome",0,0,1,"QL2_a0_t1",7859,17,17,FALSE,FALSE,TRUE
21,"good",0.65,"moderate",0.751416088683921,"nonlinear-outcome",0,0,1,"QL2_a0_t2",6376,29,29,FALSE,FALSE,TRUE
21,"good",0.65,"moderate",0.751416088683921,"nonlinear-outcome",0,0,1,"QL2_a1_t0",9676,8,8,FALSE,FALSE,TRUE
21,"good",0.65,"moderate",0.751416088683921,"nonlinear-outcome",0,0,1,"QL2_a1_t1",8877,17,17,FALSE,FALSE,TRUE
21,"good",0.65,"moderate",0.751416088683921,"nonlinear-outcome",0,0,1,"QL2_a1_t2",8385,29,29,FALSE,FALSE,TRUE
21,"good",0.65,"moderate",0.751416088683921,"nonlinear-outcome",0,0,1,"QL3_a0_t0",8764,10,10,FALSE,FALSE,TRUE
21,"good",0.65,"moderate",0.751416088683921,"nonlinear-outcome",0,0,1,"QL3_a0_t1",7859,13,13,FALSE,FALSE,TRUE
21,"good",0.65,"moderate",0.751416088683921,"nonlinear-outcome",0,0,1,"QL3_a0_t2",6376,13,13,FALSE,FALSE,TRUE
21,"good",0.65,"moderate",0.751416088683921,"nonlinear-outcome",0,0,1,"QL3_a1_t0",9676,10,10,FALSE,FALSE,TRUE
21,"good",0.65,"moderate",0.751416088683921,"nonlinear-outcome",0,0,1,"QL3_a1_t1",8877,13,13,FALSE,FALSE,TRUE
21,"good",0.65,"moderate",0.751416088683921,"nonlinear-outcome",0,0,1,"QL3_a1_t2",8385,13,13,FALSE,FALSE,TRUE
22,"poor",1.25,"moderate",0.751416088683921,"nonlinear-outcome",0,0,1,"G0_t0",20000,4,4,FALSE,FALSE,TRUE
22,"poor",1.25,"moderate",0.751416088683921,"nonlinear-outcome",0,0,1,"G0_t1",18423,5,5,FALSE,FALSE,TRUE
22,"poor",1.25,"moderate",0.751416088683921,"nonlinear-outcome",0,0,1,"G0_t2",16653,5,5,FALSE,FALSE,TRUE
22,"poor",1.25,"moderate",0.751416088683921,"nonlinear-outcome",0,0,1,"G1_t0",20000,5,5,FALSE,FALSE,TRUE
22,"poor",1.25,"moderate",0.751416088683921,"nonlinear-outcome",0,0,1,"G1_t1",18423,6,6,FALSE,FALSE,TRUE
22,"poor",1.25,"moderate",0.751416088683921,"nonlinear-outcome",0,0,1,"G1_t2",16653,6,6,FALSE,FALSE,TRUE
22,"poor",1.25,"moderate",0.751416088683921,"nonlinear-outcome",0,0,1,"G2_t0",20000,7,7,FALSE,FALSE,TRUE
22,"poor",1.25,"moderate",0.751416088683921,"nonlinear-outcome",0,0,1,"G2_t1",18423,8,8,FALSE,FALSE,TRUE
22,"poor",1.25,"moderate",0.751416088683921,"nonlinear-outcome",0,0,1,"G2_t2",16653,8,8,FALSE,FALSE,TRUE
22,"poor",1.25,"moderate",0.751416088683921,"nonlinear-outcome",0,0,1,"G3_t0",20000,6,6,FALSE,FALSE,TRUE
22,"poor",1.25,"moderate",0.751416088683921,"nonlinear-outcome",0,0,1,"G3_t1",18423,7,7,FALSE,FALSE,TRUE
22,"poor",1.25,"moderate",0.751416088683921,"nonlinear-outcome",0,0,1,"G3_t2",16653,7,7,FALSE,FALSE,TRUE
22,"poor",1.25,"moderate",0.751416088683921,"nonlinear-outcome",0,0,1,"G4_t0",20000,11,11,FALSE,FALSE,TRUE
22,"poor",1.25,"moderate",0.751416088683921,"nonlinear-outcome",0,0,1,"G4_t1",18423,12,12,FALSE,FALSE,TRUE
22,"poor",1.25,"moderate",0.751416088683921,"nonlinear-outcome",0,0,1,"G4_t2",16653,12,12,FALSE,FALSE,TRUE
22,"poor",1.25,"moderate",0.751416088683921,"nonlinear-outcome",0,0,1,"C0_t0",20000,5,5,FALSE,FALSE,TRUE
22,"poor",1.25,"moderate",0.751416088683921,"nonlinear-outcome",0,0,1,"C0_t1",18423,5,5,FALSE,FALSE,TRUE
22,"poor",1.25,"moderate",0.751416088683921,"nonlinear-outcome",0,0,1,"C0_t2",16653,5,5,FALSE,FALSE,TRUE
22,"poor",1.25,"moderate",0.751416088683921,"nonlinear-outcome",0,0,1,"C1_t0",20000,6,6,FALSE,FALSE,TRUE
22,"poor",1.25,"moderate",0.751416088683921,"nonlinear-outcome",0,0,1,"C1_t1",18423,6,6,FALSE,FALSE,TRUE
22,"poor",1.25,"moderate",0.751416088683921,"nonlinear-outcome",0,0,1,"C1_t2",16653,6,6,FALSE,FALSE,TRUE
22,"poor",1.25,"moderate",0.751416088683921,"nonlinear-outcome",0,0,1,"C2_t0",20000,10,10,FALSE,FALSE,TRUE
22,"poor",1.25,"moderate",0.751416088683921,"nonlinear-outcome",0,0,1,"C2_t1",18423,10,10,FALSE,FALSE,TRUE
22,"poor",1.25,"moderate",0.751416088683921,"nonlinear-outcome",0,0,1,"C2_t2",16653,10,10,FALSE,FALSE,TRUE
22,"poor",1.25,"moderate",0.751416088683921,"nonlinear-outcome",0,0,1,"QL0_a0_t0",8035,4,4,FALSE,FALSE,TRUE
22,"poor",1.25,"moderate",0.751416088683921,"nonlinear-outcome",0,0,1,"QL0_a0_t1",7551,6,6,FALSE,FALSE,TRUE
22,"poor",1.25,"moderate",0.751416088683921,"nonlinear-outcome",0,0,1,"QL0_a0_t2",6129,8,8,FALSE,FALSE,TRUE
22,"poor",1.25,"moderate",0.751416088683921,"nonlinear-outcome",0,0,1,"QL0_a1_t0",10388,4,4,FALSE,FALSE,TRUE
22,"poor",1.25,"moderate",0.751416088683921,"nonlinear-outcome",0,0,1,"QL0_a1_t1",9102,6,6,FALSE,FALSE,TRUE
22,"poor",1.25,"moderate",0.751416088683921,"nonlinear-outcome",0,0,1,"QL0_a1_t2",8646,8,8,FALSE,FALSE,TRUE
22,"poor",1.25,"moderate",0.751416088683921,"nonlinear-outcome",0,0,1,"QL1_a0_t0",8035,5,5,FALSE,FALSE,TRUE
22,"poor",1.25,"moderate",0.751416088683921,"nonlinear-outcome",0,0,1,"QL1_a0_t1",7551,8,8,FALSE,FALSE,TRUE
22,"poor",1.25,"moderate",0.751416088683921,"nonlinear-outcome",0,0,1,"QL1_a0_t2",6129,11,11,FALSE,FALSE,TRUE
22,"poor",1.25,"moderate",0.751416088683921,"nonlinear-outcome",0,0,1,"QL1_a1_t0",10388,5,5,FALSE,FALSE,TRUE
22,"poor",1.25,"moderate",0.751416088683921,"nonlinear-outcome",0,0,1,"QL1_a1_t1",9102,8,8,FALSE,FALSE,TRUE
22,"poor",1.25,"moderate",0.751416088683921,"nonlinear-outcome",0,0,1,"QL1_a1_t2",8646,11,11,FALSE,FALSE,TRUE
22,"poor",1.25,"moderate",0.751416088683921,"nonlinear-outcome",0,0,1,"QL2_a0_t0",8035,8,8,FALSE,FALSE,TRUE
22,"poor",1.25,"moderate",0.751416088683921,"nonlinear-outcome",0,0,1,"QL2_a0_t1",7551,17,17,FALSE,FALSE,TRUE
22,"poor",1.25,"moderate",0.751416088683921,"nonlinear-outcome",0,0,1,"QL2_a0_t2",6129,29,29,FALSE,FALSE,TRUE
22,"poor",1.25,"moderate",0.751416088683921,"nonlinear-outcome",0,0,1,"QL2_a1_t0",10388,8,8,FALSE,FALSE,TRUE
22,"poor",1.25,"moderate",0.751416088683921,"nonlinear-outcome",0,0,1,"QL2_a1_t1",9102,17,17,FALSE,FALSE,TRUE
22,"poor",1.25,"moderate",0.751416088683921,"nonlinear-outcome",0,0,1,"QL2_a1_t2",8646,29,29,FALSE,FALSE,TRUE
22,"poor",1.25,"moderate",0.751416088683921,"nonlinear-outcome",0,0,1,"QL3_a0_t0",8035,10,10,FALSE,FALSE,TRUE
22,"poor",1.25,"moderate",0.751416088683921,"nonlinear-outcome",0,0,1,"QL3_a0_t1",7551,13,13,FALSE,FALSE,TRUE
22,"poor",1.25,"moderate",0.751416088683921,"nonlinear-outcome",0,0,1,"QL3_a0_t2",6129,13,13,FALSE,FALSE,TRUE
22,"poor",1.25,"moderate",0.751416088683921,"nonlinear-outcome",0,0,1,"QL3_a1_t0",10388,10,10,FALSE,FALSE,TRUE
22,"poor",1.25,"moderate",0.751416088683921,"nonlinear-outcome",0,0,1,"QL3_a1_t1",9102,13,13,FALSE,FALSE,TRUE
22,"poor",1.25,"moderate",0.751416088683921,"nonlinear-outcome",0,0,1,"QL3_a1_t2",8646,13,13,FALSE,FALSE,TRUE
23,"good",0.65,"strong",1.49962304642689,"nonlinear-outcome",0,0,1,"G0_t0",20000,4,4,FALSE,FALSE,TRUE
23,"good",0.65,"strong",1.49962304642689,"nonlinear-outcome",0,0,1,"G0_t1",18446,5,5,FALSE,FALSE,TRUE
23,"good",0.65,"strong",1.49962304642689,"nonlinear-outcome",0,0,1,"G0_t2",16689,5,5,FALSE,FALSE,TRUE
23,"good",0.65,"strong",1.49962304642689,"nonlinear-outcome",0,0,1,"G1_t0",20000,5,5,FALSE,FALSE,TRUE
23,"good",0.65,"strong",1.49962304642689,"nonlinear-outcome",0,0,1,"G1_t1",18446,6,6,FALSE,FALSE,TRUE
23,"good",0.65,"strong",1.49962304642689,"nonlinear-outcome",0,0,1,"G1_t2",16689,6,6,FALSE,FALSE,TRUE
23,"good",0.65,"strong",1.49962304642689,"nonlinear-outcome",0,0,1,"G2_t0",20000,7,7,FALSE,FALSE,TRUE
23,"good",0.65,"strong",1.49962304642689,"nonlinear-outcome",0,0,1,"G2_t1",18446,8,8,FALSE,FALSE,TRUE
23,"good",0.65,"strong",1.49962304642689,"nonlinear-outcome",0,0,1,"G2_t2",16689,8,8,FALSE,FALSE,TRUE
23,"good",0.65,"strong",1.49962304642689,"nonlinear-outcome",0,0,1,"G3_t0",20000,6,6,FALSE,FALSE,TRUE
23,"good",0.65,"strong",1.49962304642689,"nonlinear-outcome",0,0,1,"G3_t1",18446,7,7,FALSE,FALSE,TRUE
23,"good",0.65,"strong",1.49962304642689,"nonlinear-outcome",0,0,1,"G3_t2",16689,7,7,FALSE,FALSE,TRUE
23,"good",0.65,"strong",1.49962304642689,"nonlinear-outcome",0,0,1,"G4_t0",20000,11,11,FALSE,FALSE,TRUE
23,"good",0.65,"strong",1.49962304642689,"nonlinear-outcome",0,0,1,"G4_t1",18446,12,12,FALSE,FALSE,TRUE
23,"good",0.65,"strong",1.49962304642689,"nonlinear-outcome",0,0,1,"G4_t2",16689,12,12,FALSE,FALSE,TRUE
23,"good",0.65,"strong",1.49962304642689,"nonlinear-outcome",0,0,1,"C0_t0",20000,5,5,FALSE,FALSE,TRUE
23,"good",0.65,"strong",1.49962304642689,"nonlinear-outcome",0,0,1,"C0_t1",18446,5,5,FALSE,FALSE,TRUE
23,"good",0.65,"strong",1.49962304642689,"nonlinear-outcome",0,0,1,"C0_t2",16689,5,5,FALSE,FALSE,TRUE
23,"good",0.65,"strong",1.49962304642689,"nonlinear-outcome",0,0,1,"C1_t0",20000,6,6,FALSE,FALSE,TRUE
23,"good",0.65,"strong",1.49962304642689,"nonlinear-outcome",0,0,1,"C1_t1",18446,6,6,FALSE,FALSE,TRUE
23,"good",0.65,"strong",1.49962304642689,"nonlinear-outcome",0,0,1,"C1_t2",16689,6,6,FALSE,FALSE,TRUE
23,"good",0.65,"strong",1.49962304642689,"nonlinear-outcome",0,0,1,"C2_t0",20000,10,10,FALSE,FALSE,TRUE
23,"good",0.65,"strong",1.49962304642689,"nonlinear-outcome",0,0,1,"C2_t1",18446,10,10,FALSE,FALSE,TRUE
23,"good",0.65,"strong",1.49962304642689,"nonlinear-outcome",0,0,1,"C2_t2",16689,10,10,FALSE,FALSE,TRUE
23,"good",0.65,"strong",1.49962304642689,"nonlinear-outcome",0,0,1,"QL0_a0_t0",8935,4,4,FALSE,FALSE,TRUE
23,"good",0.65,"strong",1.49962304642689,"nonlinear-outcome",0,0,1,"QL0_a0_t1",7759,6,6,FALSE,FALSE,TRUE
23,"good",0.65,"strong",1.49962304642689,"nonlinear-outcome",0,0,1,"QL0_a0_t2",6524,8,8,FALSE,FALSE,TRUE
23,"good",0.65,"strong",1.49962304642689,"nonlinear-outcome",0,0,1,"QL0_a1_t0",9511,4,4,FALSE,FALSE,TRUE
23,"good",0.65,"strong",1.49962304642689,"nonlinear-outcome",0,0,1,"QL0_a1_t1",8930,6,6,FALSE,FALSE,TRUE
23,"good",0.65,"strong",1.49962304642689,"nonlinear-outcome",0,0,1,"QL0_a1_t2",8297,8,8,FALSE,FALSE,TRUE
23,"good",0.65,"strong",1.49962304642689,"nonlinear-outcome",0,0,1,"QL1_a0_t0",8935,5,5,FALSE,FALSE,TRUE
23,"good",0.65,"strong",1.49962304642689,"nonlinear-outcome",0,0,1,"QL1_a0_t1",7759,8,8,FALSE,FALSE,TRUE
23,"good",0.65,"strong",1.49962304642689,"nonlinear-outcome",0,0,1,"QL1_a0_t2",6524,11,11,FALSE,FALSE,TRUE
23,"good",0.65,"strong",1.49962304642689,"nonlinear-outcome",0,0,1,"QL1_a1_t0",9511,5,5,FALSE,FALSE,TRUE
23,"good",0.65,"strong",1.49962304642689,"nonlinear-outcome",0,0,1,"QL1_a1_t1",8930,8,8,FALSE,FALSE,TRUE
23,"good",0.65,"strong",1.49962304642689,"nonlinear-outcome",0,0,1,"QL1_a1_t2",8297,11,11,FALSE,FALSE,TRUE
23,"good",0.65,"strong",1.49962304642689,"nonlinear-outcome",0,0,1,"QL2_a0_t0",8935,8,8,FALSE,FALSE,TRUE
23,"good",0.65,"strong",1.49962304642689,"nonlinear-outcome",0,0,1,"QL2_a0_t1",7759,17,17,FALSE,FALSE,TRUE
23,"good",0.65,"strong",1.49962304642689,"nonlinear-outcome",0,0,1,"QL2_a0_t2",6524,29,29,FALSE,FALSE,TRUE
23,"good",0.65,"strong",1.49962304642689,"nonlinear-outcome",0,0,1,"QL2_a1_t0",9511,8,8,FALSE,FALSE,TRUE
23,"good",0.65,"strong",1.49962304642689,"nonlinear-outcome",0,0,1,"QL2_a1_t1",8930,17,17,FALSE,FALSE,TRUE
23,"good",0.65,"strong",1.49962304642689,"nonlinear-outcome",0,0,1,"QL2_a1_t2",8297,29,29,FALSE,FALSE,TRUE
23,"good",0.65,"strong",1.49962304642689,"nonlinear-outcome",0,0,1,"QL3_a0_t0",8935,10,10,FALSE,FALSE,TRUE
23,"good",0.65,"strong",1.49962304642689,"nonlinear-outcome",0,0,1,"QL3_a0_t1",7759,13,13,FALSE,FALSE,TRUE
23,"good",0.65,"strong",1.49962304642689,"nonlinear-outcome",0,0,1,"QL3_a0_t2",6524,13,13,FALSE,FALSE,TRUE
23,"good",0.65,"strong",1.49962304642689,"nonlinear-outcome",0,0,1,"QL3_a1_t0",9511,10,10,FALSE,FALSE,TRUE
23,"good",0.65,"strong",1.49962304642689,"nonlinear-outcome",0,0,1,"QL3_a1_t1",8930,13,13,FALSE,FALSE,TRUE
23,"good",0.65,"strong",1.49962304642689,"nonlinear-outcome",0,0,1,"QL3_a1_t2",8297,13,13,FALSE,FALSE,TRUE
24,"poor",1.25,"strong",1.49962304642689,"nonlinear-outcome",0,0,1,"G0_t0",20000,4,4,FALSE,FALSE,TRUE
24,"poor",1.25,"strong",1.49962304642689,"nonlinear-outcome",0,0,1,"G0_t1",18359,5,5,FALSE,FALSE,TRUE
24,"poor",1.25,"strong",1.49962304642689,"nonlinear-outcome",0,0,1,"G0_t2",16699,5,5,FALSE,FALSE,TRUE
24,"poor",1.25,"strong",1.49962304642689,"nonlinear-outcome",0,0,1,"G1_t0",20000,5,5,FALSE,FALSE,TRUE
24,"poor",1.25,"strong",1.49962304642689,"nonlinear-outcome",0,0,1,"G1_t1",18359,6,6,FALSE,FALSE,TRUE
24,"poor",1.25,"strong",1.49962304642689,"nonlinear-outcome",0,0,1,"G1_t2",16699,6,6,FALSE,FALSE,TRUE
24,"poor",1.25,"strong",1.49962304642689,"nonlinear-outcome",0,0,1,"G2_t0",20000,7,7,FALSE,FALSE,TRUE
24,"poor",1.25,"strong",1.49962304642689,"nonlinear-outcome",0,0,1,"G2_t1",18359,8,8,FALSE,FALSE,TRUE
24,"poor",1.25,"strong",1.49962304642689,"nonlinear-outcome",0,0,1,"G2_t2",16699,8,8,FALSE,FALSE,TRUE
24,"poor",1.25,"strong",1.49962304642689,"nonlinear-outcome",0,0,1,"G3_t0",20000,6,6,FALSE,FALSE,TRUE
24,"poor",1.25,"strong",1.49962304642689,"nonlinear-outcome",0,0,1,"G3_t1",18359,7,7,FALSE,FALSE,TRUE
24,"poor",1.25,"strong",1.49962304642689,"nonlinear-outcome",0,0,1,"G3_t2",16699,7,7,FALSE,FALSE,TRUE
24,"poor",1.25,"strong",1.49962304642689,"nonlinear-outcome",0,0,1,"G4_t0",20000,11,11,FALSE,FALSE,TRUE
24,"poor",1.25,"strong",1.49962304642689,"nonlinear-outcome",0,0,1,"G4_t1",18359,12,12,FALSE,FALSE,TRUE
24,"poor",1.25,"strong",1.49962304642689,"nonlinear-outcome",0,0,1,"G4_t2",16699,12,12,FALSE,FALSE,TRUE
24,"poor",1.25,"strong",1.49962304642689,"nonlinear-outcome",0,0,1,"C0_t0",20000,5,5,FALSE,FALSE,TRUE
24,"poor",1.25,"strong",1.49962304642689,"nonlinear-outcome",0,0,1,"C0_t1",18359,5,5,FALSE,FALSE,TRUE
24,"poor",1.25,"strong",1.49962304642689,"nonlinear-outcome",0,0,1,"C0_t2",16699,5,5,FALSE,FALSE,TRUE
24,"poor",1.25,"strong",1.49962304642689,"nonlinear-outcome",0,0,1,"C1_t0",20000,6,6,FALSE,FALSE,TRUE
24,"poor",1.25,"strong",1.49962304642689,"nonlinear-outcome",0,0,1,"C1_t1",18359,6,6,FALSE,FALSE,TRUE
24,"poor",1.25,"strong",1.49962304642689,"nonlinear-outcome",0,0,1,"C1_t2",16699,6,6,FALSE,FALSE,TRUE
24,"poor",1.25,"strong",1.49962304642689,"nonlinear-outcome",0,0,1,"C2_t0",20000,10,10,FALSE,FALSE,TRUE
24,"poor",1.25,"strong",1.49962304642689,"nonlinear-outcome",0,0,1,"C2_t1",18359,10,10,FALSE,FALSE,TRUE
24,"poor",1.25,"strong",1.49962304642689,"nonlinear-outcome",0,0,1,"C2_t2",16699,10,10,FALSE,FALSE,TRUE
24,"poor",1.25,"strong",1.49962304642689,"nonlinear-outcome",0,0,1,"QL0_a0_t0",8066,4,4,FALSE,FALSE,TRUE
24,"poor",1.25,"strong",1.49962304642689,"nonlinear-outcome",0,0,1,"QL0_a0_t1",7626,6,6,FALSE,FALSE,TRUE
24,"poor",1.25,"strong",1.49962304642689,"nonlinear-outcome",0,0,1,"QL0_a0_t2",6189,8,8,FALSE,FALSE,TRUE
24,"poor",1.25,"strong",1.49962304642689,"nonlinear-outcome",0,0,1,"QL0_a1_t0",10293,4,4,FALSE,FALSE,TRUE
24,"poor",1.25,"strong",1.49962304642689,"nonlinear-outcome",0,0,1,"QL0_a1_t1",9073,6,6,FALSE,FALSE,TRUE
24,"poor",1.25,"strong",1.49962304642689,"nonlinear-outcome",0,0,1,"QL0_a1_t2",8597,8,8,FALSE,FALSE,TRUE
24,"poor",1.25,"strong",1.49962304642689,"nonlinear-outcome",0,0,1,"QL1_a0_t0",8066,5,5,FALSE,FALSE,TRUE
24,"poor",1.25,"strong",1.49962304642689,"nonlinear-outcome",0,0,1,"QL1_a0_t1",7626,8,8,FALSE,FALSE,TRUE
24,"poor",1.25,"strong",1.49962304642689,"nonlinear-outcome",0,0,1,"QL1_a0_t2",6189,11,11,FALSE,FALSE,TRUE
24,"poor",1.25,"strong",1.49962304642689,"nonlinear-outcome",0,0,1,"QL1_a1_t0",10293,5,5,FALSE,FALSE,TRUE
24,"poor",1.25,"strong",1.49962304642689,"nonlinear-outcome",0,0,1,"QL1_a1_t1",9073,8,8,FALSE,FALSE,TRUE
24,"poor",1.25,"strong",1.49962304642689,"nonlinear-outcome",0,0,1,"QL1_a1_t2",8597,11,11,FALSE,FALSE,TRUE
24,"poor",1.25,"strong",1.49962304642689,"nonlinear-outcome",0,0,1,"QL2_a0_t0",8066,8,8,FALSE,FALSE,TRUE
24,"poor",1.25,"strong",1.49962304642689,"nonlinear-outcome",0,0,1,"QL2_a0_t1",7626,17,17,FALSE,FALSE,TRUE
24,"poor",1.25,"strong",1.49962304642689,"nonlinear-outcome",0,0,1,"QL2_a0_t2",6189,29,29,FALSE,FALSE,TRUE
24,"poor",1.25,"strong",1.49962304642689,"nonlinear-outcome",0,0,1,"QL2_a1_t0",10293,8,8,FALSE,FALSE,TRUE
24,"poor",1.25,"strong",1.49962304642689,"nonlinear-outcome",0,0,1,"QL2_a1_t1",9073,17,17,FALSE,FALSE,TRUE
24,"poor",1.25,"strong",1.49962304642689,"nonlinear-outcome",0,0,1,"QL2_a1_t2",8597,29,29,FALSE,FALSE,TRUE
24,"poor",1.25,"strong",1.49962304642689,"nonlinear-outcome",0,0,1,"QL3_a0_t0",8066,10,10,FALSE,FALSE,TRUE
24,"poor",1.25,"strong",1.49962304642689,"nonlinear-outcome",0,0,1,"QL3_a0_t1",7626,13,13,FALSE,FALSE,TRUE
24,"poor",1.25,"strong",1.49962304642689,"nonlinear-outcome",0,0,1,"QL3_a0_t2",6189,13,13,FALSE,FALSE,TRUE
24,"poor",1.25,"strong",1.49962304642689,"nonlinear-outcome",0,0,1,"QL3_a1_t0",10293,10,10,FALSE,FALSE,TRUE
24,"poor",1.25,"strong",1.49962304642689,"nonlinear-outcome",0,0,1,"QL3_a1_t1",9073,13,13,FALSE,FALSE,TRUE
24,"poor",1.25,"strong",1.49962304642689,"nonlinear-outcome",0,0,1,"QL3_a1_t2",8597,13,13,FALSE,FALSE,TRUE
