"scenario","topology","strength","retention","view","method","available","truth","bias","bias_mcse","abs_bias","mse","mse_mcse","empse","empse_mcse","modse","modse_mcse","relerror_modse","relerror_modse_mcse","coverage","coverage_mcse","bias_eliminated_coverage","bias_eliminated_coverage_mcse","rejection","rejection_mcse","convergence","failure_rate","n_used","n_attempted","mean_min_ps","mean_max_weight","mean_ess","mean_selected_n","mean_treatment_prevalence","mean_outcome_risk","mean_cor_pd_selected","warning_rate","unresolved_rate"
1,"noncollider",0.1,0.3,"full","minimal",TRUE,-0.0363028472899577,0.000616306024509135,0.000483024317033087,0.000616306024509135,0.000466771502315562,1.52692544683639e-05,0.0216015041534279,0.000341635189528249,0.0218298655243971,1.55744638764701e-05,1.05715495248511,1.59987893656844,0.9485,0.00494205169944629,0.9485,0.00494205169944629,0.365,0.0107651056659933,1,0,2000,2000,0.184049104475798,4.80448603190458,1135.20987031967,1199.899,0.533734435215575,0.175784646801427,-0.000452242204903325,0,0
1,"noncollider",0.1,0.3,"full","role_based",TRUE,-0.0363028472899577,0.000148197479551207,0.000521331799170622,0.000148197479551207,0.000543323865301073,1.87766610538137e-05,0.0233146668355556,0.000368729444328489,0.0229831010778184,7.47863573633384e-05,-1.42213380133526,1.59169951700953,0.9455,0.00507591124823908,0.9455,0.00507591124823908,0.349,0.0106583066197215,1,0,2000,2000,0.0155925988145984,19.7627355772004,860.054772351864,1199.899,0.533734435215575,0.175784646801427,-0.000452242204903325,0,0
1,"noncollider",0.1,0.3,"full","all_measured",TRUE,-0.0363028472899577,0.000257593392308325,0.000529113248176023,0.000257593392308325,0.000559708052317129,1.95277116747241e-05,0.0236626638143461,0.000374233135782562,0.0230119775845994,9.39286246592847e-05,-2.74984352924853,1.58844239900641,0.9425,0.00520546587732549,0.9425,0.00520546587732549,0.353,0.0106862294566419,1,0,2000,2000,0.0138820252313175,20.8388372473246,844.027135740402,1199.899,0.533734435215575,0.175784646801427,-0.000452242204903325,0,0
1,"noncollider",0.1,0.3,"full","oracle",TRUE,-0.0363028472899577,0.000167743257604332,0.000523420625404135,0.000167743257604332,0.000547692470846285,1.9231148975932e-05,0.023408081984582,0.000370206836917254,0.0230276477521907,8.82889008837381e-05,-1.62522599092847,1.60089618967314,0.9455,0.00507591124823908,0.9465,0.00503178646208283,0.349,0.0106583066197215,1,0,2000,2000,0.0153328913975628,19.9158117110117,858.352294661172,1199.899,0.533734435215575,0.175784646801427,-0.000452242204903325,0,0
1,"noncollider",0.1,0.3,"full","broad",TRUE,-0.0335628331533101,-0.000100493491394439,0.000246827238885036,0.000100493491394439,0.000121796546967178,3.7473529660958e-06,0.0110384496969104,0.00017457686407007,0.0109227960364006,4.51933517203345e-06,-1.04773463380651,1.56549943750019,0.9535,0.00470838348055891,0.953,0.00473238840333293,0.865,0.00764117137617002,1,0,2000,2000,0.155776589173883,5.56231950847621,3778.78332843456,1199.899,0.533734435215575,0.175784646801427,-0.000452242204903325,0,0
1,"noncollider",0.1,0.3,"full","policy",TRUE,-0.0363028472899577,0.000616306024509135,0.000483024317033087,0.000616306024509135,0.000466771502315562,1.52692544683639e-05,0.0216015041534279,0.000341635189528249,0.0218298655243971,1.55744638764701e-05,1.05715495248511,1.59987893656844,0.9485,0.00494205169944629,0.9485,0.00494205169944629,0.365,0.0107651056659933,1,0,2000,2000,0.184049104475798,4.80448603190458,1135.20987031967,1199.899,0.533734435215575,0.175784646801427,-0.000452242204903325,0,0
1,"noncollider",0.1,0.3,"full","pooled_all",TRUE,-0.0363028472899577,3.23460335190651e-05,0.000359452661426392,3.23460335190651e-05,0.000258284271663112,8.3557240209057e-06,0.0160752117128526,0.00025423498110226,0.0164474000348152,0.000119040601841773,2.31529343818886,1.7795471296143,0.9535,0.00470838348055891,0.9535,0.00470838348055891,0.602,0.0109452272703677,1,0,2000,2000,0.0106402280471821,25.0728856804932,1696.85842188739,1199.899,0.533734435215575,0.175784646801427,-0.000452242204903325,0,0
1,"noncollider",0.1,0.3,"reduced","minimal",TRUE,-0.0363028472899577,0.000616306024509135,0.000483024317033087,0.000616306024509135,0.000466771502315562,1.52692544683639e-05,0.0216015041534279,0.000341635189528249,0.0218298655243971,1.55744638764701e-05,1.05715495248511,1.59987893656844,0.9485,0.00494205169944629,0.9485,0.00494205169944629,0.365,0.0107651056659933,1,0,2000,2000,0.184049104475798,4.80448603190458,1135.20987031967,1199.899,0.533734435215575,0.175784646801427,-0.000452242204903325,0,0
1,"noncollider",0.1,0.3,"reduced","role_based",FALSE,-0.0363028472899577,NA,NA,NA,NA,NA,NA,NA,NA,NA,NA,NA,NA,NA,NA,NA,NA,NA,NA,NA,0,2000,NA,NA,NA,1199.899,0.533734435215575,0.175784646801427,-0.000452242204903325,0,0
1,"noncollider",0.1,0.3,"reduced","all_measured",TRUE,-0.0363028472899577,0.000559236744203342,0.000484725832713731,0.000559236744203342,0.000469996052403207,1.5357553651757e-05,0.0216775982479619,0.000342838643705489,0.0218289269322206,1.60050354414993e-05,0.698087871763686,1.5942852812011,0.949,0.00491929873051028,0.95,0.00487339717240448,0.366,0.0107713508902087,1,0,2000,2000,0.162708464325306,5.26575246250324,1125.66814598002,1199.899,0.533734435215575,0.175784646801427,-0.000452242204903325,0,0
1,"noncollider",0.1,0.3,"reduced","oracle",TRUE,-0.0363028472899577,0.000167743257604332,0.000523420625404135,0.000167743257604332,0.000547692470846285,1.9231148975932e-05,0.023408081984582,0.000370206836917254,0.0230276477521907,8.82889008837381e-05,-1.62522599092847,1.60089618967314,0.9455,0.00507591124823908,0.9465,0.00503178646208283,0.349,0.0106583066197215,1,0,2000,2000,0.0153328913975628,19.9158117110117,858.352294661172,1199.899,0.533734435215575,0.175784646801427,-0.000452242204903325,0,0
1,"noncollider",0.1,0.3,"reduced","broad",TRUE,-0.0335628331533101,-0.000100493491394439,0.000246827238885036,0.000100493491394439,0.000121796546967178,3.7473529660958e-06,0.0110384496969104,0.00017457686407007,0.0109227960364006,4.51933517203345e-06,-1.04773463380651,1.56549943750019,0.9535,0.00470838348055891,0.953,0.00473238840333293,0.865,0.00764117137617002,1,0,2000,2000,0.155776589173883,5.56231950847621,3778.78332843456,1199.899,0.533734435215575,0.175784646801427,-0.000452242204903325,0,0
1,"noncollider",0.1,0.3,"reduced","policy",TRUE,-0.0363028472899577,0.000616306024509135,0.000483024317033087,0.000616306024509135,0.000466771502315562,1.52692544683639e-05,0.0216015041534279,0.000341635189528249,0.0218298655243971,1.55744638764701e-05,1.05715495248511,1.59987893656844,0.9485,0.00494205169944629,0.9485,0.00494205169944629,0.365,0.0107651056659933,1,0,2000,2000,0.184049104475798,4.80448603190458,1135.20987031967,1199.899,0.533734435215575,0.175784646801427,-0.000452242204903325,0,0
1,"noncollider",0.1,0.3,"reduced","pooled_all",TRUE,-0.0363028472899577,0.000206930075680047,0.000336076961534126,0.000206930075680047,0.000225825320480167,7.38684007997362e-06,0.0150298186332377,0.000237701731364229,0.0154357571515048,7.67518635385694e-06,2.70088766985739,1.6250522921421,0.9525,0.00475624589355933,0.952,0.00477995815881269,0.65,0.0106653645038508,1,0,2000,2000,0.162094000609174,5.33686487242684,2263.1963737557,1199.899,0.533734435215575,0.175784646801427,-0.000452242204903325,0,0
2,"concordant-collider",0.1,0.3,"full","minimal",TRUE,-0.0362907363773384,-0.000833407759602722,0.000475519440688238,0.000833407759602722,0.000452705926700203,1.4378580966041e-05,0.0212658758800316,0.000336327113387885,0.021930251032492,1.53928514095803e-05,3.1241372620076,1.63254898545569,0.9535,0.00470838348055891,0.9545,0.00465992220965114,0.3945,0.010928626400422,1,0,2000,2000,0.167445963140803,5.21498226719731,1124.61904984273,1200.058,0.554360132886893,0.175028801155877,-0.00613220700470714,0.7775,0
2,"concordant-collider",0.1,0.3,"full","role_based",TRUE,-0.0362907363773384,-0.000680999619787313,0.000523958115614496,0.000680999619787313,0.000549253442211818,1.7939533968057e-05,0.0234321192775341,0.00037058699494121,0.0231865356757936,8.48324119970121e-05,-1.04806397932602,1.60628923646359,0.9465,0.00503178646208283,0.946,0.00505390937789747,0.362,0.0107460690487266,1,0,2000,2000,0.014207265951354,20.4537860704076,847.699190058394,1200.058,0.554360132886893,0.175028801155877,-0.00613220700470714,0.7775,0
2,"concordant-collider",0.1,0.3,"full","all_measured",TRUE,-0.0362907363773384,-0.000807141959055346,0.00052944692714707,0.000807141959055346,0.000560999261424355,1.82382405128904e-05,0.0236775863915846,0.000374469141454524,0.0231677213218802,7.65485519975475e-05,-2.15336589326351,1.58088842845617,0.943,0.00518415856238985,0.9425,0.00520546587732549,0.3605,0.0107363809079224,1,0,2000,2000,0.0126056084852093,21.6498601353769,831.373959628148,1200.058,0.554360132886893,0.175028801155877,-0.00613220700470714,0.7775,0
2,"concordant-collider",0.1,0.3,"full","oracle",TRUE,-0.0362907363773384,-0.000711045844858135,0.000525004467220929,0.000711045844858135,0.000551489337706752,1.80358356305698e-05,0.0234789135439412,0.000371327062297597,0.0231755420408584,7.80367467546461e-05,-1.29210196423699,1.5960890580834,0.946,0.00505390937789747,0.946,0.00505390937789747,0.3635,0.0107556438672913,1,0,2000,2000,0.0140018218586139,20.5277551066092,846.178746476095,1200.058,0.554360132886893,0.175028801155877,-0.00613220700470714,0.7775,0
2,"concordant-collider",0.1,0.3,"full","broad",TRUE,-0.0335628331533101,0.000156088659955839,0.000245186114336827,0.000156088659955839,0.000120196708766286,3.88680276459663e-06,0.0109650563759236,0.000173416123551848,0.010919977140518,4.54280620892383e-06,-0.411117224208801,1.57557709707608,0.9505,0.0048502448391808,0.951,0.00482695556225661,0.865,0.00764117137617002,1,0,2000,2000,0.154994645769647,5.55028255707366,3779.69529777619,1200.058,0.554360132886893,0.175028801155877,-0.00613220700470714,0.7775,0
2,"concordant-collider",0.1,0.3,"full","policy",TRUE,-0.0362907363773384,-0.000651052809508633,0.000518063786941923,0.000651052809508633,0.000536935654354641,1.76902823343908e-05,0.0231685168856621,0.000366418032795442,0.0228641894307329,6.77164881310093e-05,-1.31353878382088,1.58789132135424,0.9435,0.00516273909857936,0.9435,0.00516273909857936,0.366,0.0107713508902087,1,0,2000,2000,0.0470032426175113,17.9249309157574,897.426732066573,1200.058,0.554360132886893,0.175028801155877,-0.00613220700470714,0.7775,0
2,"concordant-collider",0.1,0.3,"full","pooled_all",TRUE,-0.0362907363773384,-0.000246934745471848,0.000377879203669534,0.000246934745471848,0.000285503569207798,9.91838965457432e-06,0.0168992717337713,0.000267267772681477,0.0164430427811566,4.75901712059209e-05,-2.69969593839359,1.56439315249004,0.9445,0.00511955808639769,0.9445,0.00511955808639769,0.602,0.0109452272703677,1,0,2000,2000,0.00980370109598333,26.4322876172832,1670.12913706481,1200.058,0.554360132886893,0.175028801155877,-0.00613220700470714,0.7775,0
2,"concordant-collider",0.1,0.3,"reduced","minimal",TRUE,-0.0362907363773384,-0.000833407759602722,0.000475519440688238,0.000833407759602722,0.000452705926700203,1.4378580966041e-05,0.0212658758800316,0.000336327113387885,0.021930251032492,1.53928514095803e-05,3.1241372620076,1.63254898545569,0.9535,0.00470838348055891,0.9545,0.00465992220965114,0.3945,0.010928626400422,1,0,2000,2000,0.167445963140803,5.21498226719731,1124.61904984273,1200.058,0.554360132886893,0.175028801155877,-0.00613220700470714,0,0
2,"concordant-collider",0.1,0.3,"reduced","role_based",FALSE,-0.0362907363773384,NA,NA,NA,NA,NA,NA,NA,NA,NA,NA,NA,NA,NA,NA,NA,NA,NA,NA,NA,0,2000,NA,NA,NA,1200.058,0.554360132886893,0.175028801155877,-0.00613220700470714,0,0
2,"concordant-collider",0.1,0.3,"reduced","all_measured",TRUE,-0.0362907363773384,-0.0008378247778036,0.000477916561408689,0.0008378247778036,0.000457282025456043,1.44177323655776e-05,0.0213730783776556,0.000338022557618692,0.0219323392211318,1.5790647128887e-05,2.61666023767926,1.62459843491189,0.954,0.00468422885862764,0.9545,0.00465992220965114,0.388,0.0108962378828658,1,0,2000,2000,0.148964923699894,5.68569009296878,1114.8531076908,1200.058,0.554360132886893,0.175028801155877,-0.00613220700470714,0,0
2,"concordant-collider",0.1,0.3,"reduced","oracle",TRUE,-0.0362907363773384,-0.000711045844858135,0.000525004467220929,0.000711045844858135,0.000551489337706752,1.80358356305698e-05,0.0234789135439412,0.000371327062297597,0.0231755420408584,7.80367467546461e-05,-1.29210196423699,1.5960890580834,0.946,0.00505390937789747,0.946,0.00505390937789747,0.3635,0.0107556438672913,1,0,2000,2000,0.0140018218586139,20.5277551066092,846.178746476095,1200.058,0.554360132886893,0.175028801155877,-0.00613220700470714,0,0
2,"concordant-collider",0.1,0.3,"reduced","broad",TRUE,-0.0335628331533101,0.000156088659955839,0.000245186114336827,0.000156088659955839,0.000120196708766286,3.88680276459663e-06,0.0109650563759236,0.000173416123551848,0.010919977140518,4.54280620892383e-06,-0.411117224208801,1.57557709707608,0.9505,0.0048502448391808,0.951,0.00482695556225661,0.865,0.00764117137617002,1,0,2000,2000,0.154994645769647,5.55028255707366,3779.69529777619,1200.058,0.554360132886893,0.175028801155877,-0.00613220700470714,0,0
2,"concordant-collider",0.1,0.3,"reduced","policy",TRUE,-0.0362907363773384,-0.000833407759602722,0.000475519440688238,0.000833407759602722,0.000452705926700203,1.4378580966041e-05,0.0212658758800316,0.000336327113387885,0.021930251032492,1.53928514095803e-05,3.1241372620076,1.63254898545569,0.9535,0.00470838348055891,0.9545,0.00465992220965114,0.3945,0.010928626400422,1,0,2000,2000,0.167445963140803,5.21498226719731,1124.61904984273,1200.058,0.554360132886893,0.175028801155877,-0.00613220700470714,0,0
2,"concordant-collider",0.1,0.3,"reduced","pooled_all",TRUE,-0.0362907363773384,-0.000538600855959054,0.00034795761631145,0.000538600855959054,0.000242318021877583,7.48389441941774e-06,0.0155611376672238,0.000246104723933012,0.0155049171606979,7.79484983561582e-06,-0.361287893778695,1.57661632245803,0.957,0.00453602248671675,0.9565,0.00456112650559048,0.6485,0.0106758547667154,1,0,2000,2000,0.146304395486895,5.7982530067611,2243.21392439732,1200.058,0.554360132886893,0.175028801155877,-0.00613220700470714,0,0
3,"discordant-collider",0.1,0.3,"full","minimal",TRUE,-0.0317419854013284,0.000836140352330459,0.000454089035423697,0.000836140352330459,0.00041288663802075,1.3114535672989e-05,0.0203074790208939,0.00032116973868429,0.0205026647029774,1.55184685033232e-05,0.961151711065034,1.59856277800291,0.958,0.00448530935387962,0.958,0.00448530935387962,0.328,0.0104979998094875,1,0,2000,2000,0.167856310190048,5.20566719029135,1125.59548963563,1200.9045,0.554206244411947,0.148759048255345,0.00764928268140202,0.7545,0
3,"discordant-collider",0.1,0.3,"full","role_based",TRUE,-0.0317419854013284,-0.000312578363137507,0.000487158969843375,0.000312578363137507,0.00047450810516892,1.55651507280152e-05,0.0217864114483711,0.000344559561752721,0.0218203451399584,0.000137310877063792,0.155756222944903,1.70478008663198,0.9515,0.00480352734977121,0.951,0.00482695556225661,0.3235,0.0104605867426259,1,0,2000,2000,0.0140856988969969,21.1948278479212,842.68215200175,1200.9045,0.554206244411947,0.148759048255345,0.00764928268140202,0.7545,0
3,"discordant-collider",0.1,0.3,"full","all_measured",TRUE,-0.0317419854013284,-0.000360064557311704,0.000489342343262634,0.000360064557311704,0.000478802048376054,1.54028486184053e-05,0.0218840548760857,0.000346103826017678,0.0217327462965754,0.000129242990550892,-0.691410163093931,1.67796539985251,0.95,0.00487339717240448,0.95,0.00487339717240448,0.328,0.0104979998094875,1,0,2000,2000,0.0123380060702783,22.2103114143983,827.094996064368,1200.9045,0.554206244411947,0.148759048255345,0.00764928268140202,0.7545,0
3,"discordant-collider",0.1,0.3,"full","oracle",TRUE,-0.0317419854013284,-0.000296268536049568,0.000488385948502321,0.000296268536049568,0.000476890923599782,1.57736606275957e-05,0.021841283602138,0.000345427383665437,0.0218163032854536,0.000148249335274028,-0.114372017411846,1.71937316614909,0.9505,0.0048502448391808,0.95,0.00487339717240448,0.319,0.0104220679329968,1,0,2000,2000,0.0138642653805163,21.3672433151352,840.688270597135,1200.9045,0.554206244411947,0.148759048255345,0.00764928268140202,0.7545,0
3,"discordant-collider",0.1,0.3,"full","broad",TRUE,-0.0335628331533101,0.000406755845214136,0.000243708145368277,0.000406755845214136,0.000118893376895187,3.86234524357397e-06,0.0108989595942773,0.000172370780303315,0.0109261240360827,4.55427378667231e-06,0.249238852299394,1.58602661896326,0.947,0.0050095408971282,0.9445,0.00511955808639769,0.866,0.00761721733968514,1,0,2000,2000,0.155938241458372,5.56596947346637,3779.82266822289,1200.9045,0.554206244411947,0.148759048255345,0.00764928268140202,0.7545,0
3,"discordant-collider",0.1,0.3,"full","policy",TRUE,-0.0317419854013284,-0.000176663239379871,0.000484287557597128,0.000176663239379871,0.000468865552348489,1.51862267679718e-05,0.0216579979888905,0.000342528658892621,0.0214396286497654,0.000126909826757569,-1.00826188661145,1.6716548372891,0.9525,0.00475624589355933,0.9525,0.00475624589355933,0.3285,0.010502089077893,1,0,2000,2000,0.0500383213138894,17.9668960563295,900.650353041256,1200.9045,0.554206244411947,0.148759048255345,0.00764928268140202,0.7545,0
3,"discordant-collider",0.1,0.3,"full","pooled_all",TRUE,-0.0317419854013284,-0.000368670046206561,0.000353859736939659,0.000368670046206561,0.000250444127743553,7.85919181465243e-06,0.0158250885259454,0.000250279197201402,0.0154034608518163,4.95639805644359e-05,-2.66429899231141,1.57093539216327,0.9445,0.00511955808639769,0.9445,0.00511955808639769,0.549,0.0111265223677482,1,0,2000,2000,0.0099098087287178,26.3138860389666,1668.36854535277,1200.9045,0.554206244411947,0.148759048255345,0.00764928268140202,0.7545,0
3,"discordant-collider",0.1,0.3,"reduced","minimal",TRUE,-0.0317419854013284,0.000836140352330459,0.000454089035423697,0.000836140352330459,0.00041288663802075,1.3114535672989e-05,0.0203074790208939,0.00032116973868429,0.0205026647029774,1.55184685033232e-05,0.961151711065034,1.59856277800291,0.958,0.00448530935387962,0.958,0.00448530935387962,0.328,0.0104979998094875,1,0,2000,2000,0.167856310190048,5.20566719029135,1125.59548963563,1200.9045,0.554206244411947,0.148759048255345,0.00764928268140202,0,0
3,"discordant-collider",0.1,0.3,"reduced","role_based",FALSE,-0.0317419854013284,NA,NA,NA,NA,NA,NA,NA,NA,NA,NA,NA,NA,NA,NA,NA,NA,NA,NA,NA,0,2000,NA,NA,NA,1200.9045,0.554206244411947,0.148759048255345,0.00764928268140202,0,0
3,"discordant-collider",0.1,0.3,"reduced","all_measured",TRUE,-0.0317419854013284,0.000806303952118375,0.000456840400113671,0.000806303952118375,0.000417847725264063,1.32441951666535e-05,0.0204305237904474,0.000323115733873713,0.0205007695108318,1.60586748963572e-05,0.343827310082112,1.58891734769089,0.956,0.00458606585212206,0.9565,0.00456112650559048,0.3265,0.0104856509096956,1,0,2000,2000,0.14891256878924,5.6588964069021,1115.91755994941,1200.9045,0.554206244411947,0.148759048255345,0.00764928268140202,0,0
3,"discordant-collider",0.1,0.3,"reduced","oracle",TRUE,-0.0317419854013284,-0.000296268536049568,0.000488385948502321,0.000296268536049568,0.000476890923599782,1.57736606275957e-05,0.021841283602138,0.000345427383665437,0.0218163032854536,0.000148249335274028,-0.114372017411846,1.71937316614909,0.9505,0.0048502448391808,0.95,0.00487339717240448,0.319,0.0104220679329968,1,0,2000,2000,0.0138642653805163,21.3672433151352,840.688270597135,1200.9045,0.554206244411947,0.148759048255345,0.00764928268140202,0,0
3,"discordant-collider",0.1,0.3,"reduced","broad",TRUE,-0.0335628331533101,0.000406755845214136,0.000243708145368277,0.000406755845214136,0.000118893376895187,3.86234524357397e-06,0.0108989595942773,0.000172370780303315,0.0109261240360827,4.55427378667231e-06,0.249238852299394,1.58602661896326,0.947,0.0050095408971282,0.9445,0.00511955808639769,0.866,0.00761721733968514,1,0,2000,2000,0.155938241458372,5.56596947346637,3779.82266822289,1200.9045,0.554206244411947,0.148759048255345,0.00764928268140202,0,0
3,"discordant-collider",0.1,0.3,"reduced","policy",TRUE,-0.0317419854013284,0.000836140352330459,0.000454089035423697,0.000836140352330459,0.00041288663802075,1.3114535672989e-05,0.0203074790208939,0.00032116973868429,0.0205026647029774,1.55184685033232e-05,0.961151711065034,1.59856277800291,0.958,0.00448530935387962,0.958,0.00448530935387962,0.328,0.0104979998094875,1,0,2000,2000,0.167856310190048,5.20566719029135,1125.59548963563,1200.9045,0.554206244411947,0.148759048255345,0.00764928268140202,0,0
3,"discordant-collider",0.1,0.3,"reduced","pooled_all",TRUE,-0.0317419854013284,0.000666144229667466,0.000328993425229294,0.000666144229667466,0.000216808859149081,6.62159962543483e-06,0.0147130332592639,0.00023269166213439,0.0144955485874175,8.05114884897168e-06,-1.47817698780431,1.55911697385792,0.951,0.00482695556225661,0.9495,0.00489641450451246,0.58,0.0110363037290571,1,0,2000,2000,0.147437880107882,5.75661553649164,2243.98176241794,1200.9045,0.554206244411947,0.148759048255345,0.00764928268140202,0,0
4,"noncollider",0.45,0.3,"full","minimal",TRUE,-0.0438716982826388,-0.00141581705984774,0.000517765502810931,0.00141581705984774,0.000537898688633167,1.74049875835187e-05,0.023155177213792,0.000366207061314233,0.0237216394811315,1.43128248538645e-05,2.44637413961173,1.62140317595325,0.9505,0.0048502448391808,0.9525,0.00475624589355933,0.4815,0.0111726843238319,1,0,2000,2000,0.183129461070868,4.8496418999308,1135.72214432509,1200.805,0.533998783724189,0.218686064697263,-0.000529217310281619,0,0
4,"noncollider",0.45,0.3,"full","role_based",TRUE,-0.0438716982826388,-0.00133349813433832,0.000564257617118232,0.00133349813433832,0.000638233147567698,2.08447699769024e-05,0.0252343677739683,0.000399090172418256,0.0252209008714,7.60035542490817e-05,-0.0533673071938523,1.60912940442214,0.947,0.0050095408971282,0.9435,0.00516273909857936,0.4465,0.0111161537862698,1,0,2000,2000,0.0156364844754267,20.1493894292528,856.470564160203,1200.805,0.533998783724189,0.218686064697263,-0.000529217310281619,0,0
4,"noncollider",0.45,0.3,"full","all_measured",TRUE,-0.0438716982826388,-0.00144439650243702,0.000572290617846663,0.00144439650243702,0.000656791867255606,2.16768250200869e-05,0.0255936144878099,0.000404771782286668,0.0251987192796481,8.83093456161425e-05,-1.54294426975066,1.59490311819307,0.941,0.00526872849936301,0.9405,0.00528960064655168,0.452,0.0111287016313674,1,0,2000,2000,0.013806739073889,21.2427381562093,841.10496984769,1200.805,0.533998783724189,0.218686064697263,-0.000529217310281619,0,0
4,"noncollider",0.45,0.3,"full","oracle",TRUE,-0.0438716982826388,-0.00133159782637754,0.000565250616282925,0.00133159782637754,0.00064047016292846,2.07816792386027e-05,0.0252787760466454,0.000399792504466288,0.0252083002101623,7.16072286819891e-05,-0.278794496826307,1.60236242794117,0.9465,0.00503178646208283,0.9415,0.0052477495176504,0.446,0.0111149448941504,1,0,2000,2000,0.0154228172836225,20.2466435082208,854.661898394439,1200.805,0.533998783724189,0.218686064697263,-0.000529217310281619,0,0
4,"noncollider",0.45,0.3,"full","broad",TRUE,-0.0335628331533101,-0.000231188912466589,0.000244667502500449,0.000231188912466589,0.000119717959686082,3.71080574312444e-06,0.0109418633495221,0.000173049317892661,0.0109214179457109,4.57695404951523e-06,-0.186854863363284,1.57913320193261,0.9505,0.0048502448391808,0.95,0.00487339717240448,0.876,0.00736966756373719,1,0,2000,2000,0.155386932803401,5.51861957108391,3779.88424956607,1200.805,0.533998783724189,0.218686064697263,-0.000529217310281619,0,0
4,"noncollider",0.45,0.3,"full","policy",TRUE,-0.0438716982826388,-0.00141581705984774,0.000517765502810931,0.00141581705984774,0.000537898688633167,1.74049875835187e-05,0.023155177213792,0.000366207061314233,0.0237216394811315,1.43128248538645e-05,2.44637413961173,1.62140317595325,0.9505,0.0048502448391808,0.9525,0.00475624589355933,0.4815,0.0111726843238319,1,0,2000,2000,0.183129461070868,4.8496418999308,1135.72214432509,1200.805,0.533998783724189,0.218686064697263,-0.000529217310281619,0,0
4,"noncollider",0.45,0.3,"full","pooled_all",TRUE,-0.0438716982826388,-0.00135999676744539,0.000408825466862796,0.00135999676744539,0.000335958977656273,1.0119200197118e-05,0.018283230696766,0.000289155557868277,0.0178389532798378,3.37674960111712e-05,-2.42997216573334,1.55411677861166,0.945,0.00509779364038993,0.943,0.00518415856238985,0.7095,0.0101515947023116,1,0,2000,2000,0.0107819828238337,25.520289955401,1693.81176489732,1200.805,0.533998783724189,0.218686064697263,-0.000529217310281619,0,0
4,"noncollider",0.45,0.3,"reduced","minimal",TRUE,-0.0438716982826388,-0.00141581705984774,0.000517765502810931,0.00141581705984774,0.000537898688633167,1.74049875835187e-05,0.023155177213792,0.000366207061314233,0.0237216394811315,1.43128248538645e-05,2.44637413961173,1.62140317595325,0.9505,0.0048502448391808,0.9525,0.00475624589355933,0.4815,0.0111726843238319,1,0,2000,2000,0.183129461070868,4.8496418999308,1135.72214432509,1200.805,0.533998783724189,0.218686064697263,-0.000529217310281619,0,0
4,"noncollider",0.45,0.3,"reduced","role_based",FALSE,-0.0438716982826388,NA,NA,NA,NA,NA,NA,NA,NA,NA,NA,NA,NA,NA,NA,NA,NA,NA,NA,NA,0,2000,NA,NA,NA,1200.805,0.533998783724189,0.218686064697263,-0.000529217310281619,0,0
4,"noncollider",0.45,0.3,"reduced","all_measured",TRUE,-0.0438716982826388,-0.00138621166401187,0.000519409418052041,0.00138621166401187,0.000541224083756201,1.75413602320679e-05,0.0232286953383594,0.000367369775643844,0.0237117104226193,1.47017873578836e-05,2.07938963951311,1.61566068120641,0.9495,0.00489641450451246,0.9475,0.00498717104178311,0.4835,0.0111742505341522,1,0,2000,2000,0.162514855323974,5.28612090670028,1126.42855608096,1200.805,0.533998783724189,0.218686064697263,-0.000529217310281619,0,0
4,"noncollider",0.45,0.3,"reduced","oracle",TRUE,-0.0438716982826388,-0.00133159782637754,0.000565250616282925,0.00133159782637754,0.00064047016292846,2.07816792386027e-05,0.0252787760466454,0.000399792504466288,0.0252083002101623,7.16072286819891e-05,-0.278794496826307,1.60236242794117,0.9465,0.00503178646208283,0.9415,0.0052477495176504,0.446,0.0111149448941504,1,0,2000,2000,0.0154228172836225,20.2466435082208,854.661898394439,1200.805,0.533998783724189,0.218686064697263,-0.000529217310281619,0,0
4,"noncollider",0.45,0.3,"reduced","broad",TRUE,-0.0335628331533101,-0.000231188912466589,0.000244667502500449,0.000231188912466589,0.000119717959686082,3.71080574312444e-06,0.0109418633495221,0.000173049317892661,0.0109214179457109,4.57695404951523e-06,-0.186854863363284,1.57913320193261,0.9505,0.0048502448391808,0.95,0.00487339717240448,0.876,0.00736966756373719,1,0,2000,2000,0.155386932803401,5.51861957108391,3779.88424956607,1200.805,0.533998783724189,0.218686064697263,-0.000529217310281619,0,0
4,"noncollider",0.45,0.3,"reduced","policy",TRUE,-0.0438716982826388,-0.00141581705984774,0.000517765502810931,0.00141581705984774,0.000537898688633167,1.74049875835187e-05,0.023155177213792,0.000366207061314233,0.0237216394811315,1.43128248538645e-05,2.44637413961173,1.62140317595325,0.9505,0.0048502448391808,0.9525,0.00475624589355933,0.4815,0.0111726843238319,1,0,2000,2000,0.183129461070868,4.8496418999308,1135.72214432509,1200.805,0.533998783724189,0.218686064697263,-0.000529217310281619,0,0
4,"noncollider",0.45,0.3,"reduced","pooled_all",TRUE,-0.0438716982826388,-0.00101595067321938,0.000372996034954067,0.00101595067321938,0.000279145113911234,8.97021569892419e-06,0.0166808897899036,0.000263813987414818,0.0167704677594459,7.01517889891096e-06,0.537009540081379,1.59058332182,0.95,0.00487339717240448,0.949,0.00491929873051028,0.7705,0.0094029184299344,1,0,2000,2000,0.161051943138715,5.38406847918223,2265.7324582592,1200.805,0.533998783724189,0.218686064697263,-0.000529217310281619,0,0
5,"concordant-collider",0.45,0.3,"full","minimal",TRUE,-0.0431093127137555,-0.0122655250614187,0.000547636914969441,0.0122655250614187,0.000749955580116146,2.29003306025452e-05,0.0244910673771989,0.000387334621965698,0.0244284739547657,1.68697398434024e-05,-0.255576539270808,1.57899536502029,0.925,0.00588960949469487,0.949,0.00491929873051028,0.6265,0.0108166018231236,1,0,2000,2000,0.120407750025163,6.79263515179082,1063.82536024028,1197.905,0.61366278608766,0.209261520234201,-0.112995208089321,1,0
5,"concordant-collider",0.45,0.3,"full","role_based",TRUE,-0.0431093127137555,0.000514970256765196,0.0005866764370911,0.000514970256765196,0.000688299488799328,2.36060207247041e-05,0.0262369678826616,0.00041494663665897,0.025677633890466,0.000143594174961803,-2.13185454469076,1.64172942482281,0.9395,0.0053310294503032,0.94,0.0053103672189407,0.374,0.0108195193978291,1,0,2000,2000,0.0110271428913829,23.696301202167,794.822632735384,1197.905,0.61366278608766,0.209261520234201,-0.112995208089321,1,0
5,"concordant-collider",0.45,0.3,"full","all_measured",TRUE,-0.0431093127137555,0.00051674579358997,0.000594981221482793,0.00051674579358997,0.00070791833139559,2.43164574401142e-05,0.0266083691314277,0.000420820474661732,0.0256195626994436,0.000134701662144642,-3.71614820547639,1.60470598312835,0.938,0.00539240206216117,0.938,0.00539240206216117,0.379,0.010848018252197,1,0,2000,2000,0.00960449998844423,25.1318440163321,777.65724822728,1197.905,0.61366278608766,0.209261520234201,-0.112995208089321,1,0
5,"concordant-collider",0.45,0.3,"full","oracle",TRUE,-0.0431093127137555,0.000516779410748909,0.000587006739792694,0.000516779410748909,0.000689076309170907,2.34596192330499e-05,0.0262517394685399,0.000415180254350836,0.025652910387769,0.00012199899765556,-2.28110248270803,1.61381888944063,0.9385,0.00537204569973116,0.9385,0.00537204569973116,0.375,0.0108253175473055,1,0,2000,2000,0.0108896050537953,23.8070135985437,793.004482397928,1197.905,0.61366278608766,0.209261520234201,-0.112995208089321,1,0
5,"concordant-collider",0.45,0.3,"full","broad",TRUE,-0.0335628331533101,-0.000100412705399178,0.000247434895920738,0.000100412705399178,0.000122396914122299,3.91029314496792e-06,0.0110656249456871,0.000175006649940552,0.0109204371524765,4.46249176913072e-06,-1.31206139665176,1.56130446669692,0.943,0.00518415856238985,0.943,0.00518415856238985,0.867,0.00759312188760328,1,0,2000,2000,0.155138200304547,5.57370704395639,3779.79911820537,1197.905,0.61366278608766,0.209261520234201,-0.112995208089321,1,0
5,"concordant-collider",0.45,0.3,"full","policy",TRUE,-0.0431093127137555,0.00051674579358997,0.000594981221482793,0.00051674579358997,0.00070791833139559,2.43164574401142e-05,0.0266083691314277,0.000420820474661732,0.0256195626994436,0.000134701662144642,-3.71614820547639,1.60470598312835,0.938,0.00539240206216117,0.938,0.00539240206216117,0.379,0.010848018252197,1,0,2000,2000,0.00960449998844423,25.1318440163321,777.65724822728,1197.905,0.61366278608766,0.209261520234201,-0.112995208089321,1,0
5,"concordant-collider",0.45,0.3,"full","pooled_all",TRUE,-0.0431093127137555,0.000237569872544266,0.000422638798697282,0.000237569872544266,0.00035712492421874,1.16890293566571e-05,0.0189009816763195,0.00029892550127046,0.0181454415489058,4.80766131832562e-05,-3.99735918669389,1.53947348634255,0.942,0.00522666241496426,0.9435,0.00516273909857936,0.662,0.0105772397155402,1,0,2000,2000,0.00753479900661439,31.6089177936205,1563.13264861463,1197.905,0.61366278608766,0.209261520234201,-0.112995208089321,1,0
5,"concordant-collider",0.45,0.3,"reduced","minimal",TRUE,-0.0431093127137555,-0.0122655250614187,0.000547636914969441,0.0122655250614187,0.000749955580116146,2.29003306025452e-05,0.0244910673771989,0.000387334621965698,0.0244284739547657,1.68697398434024e-05,-0.255576539270808,1.57899536502029,0.925,0.00588960949469487,0.949,0.00491929873051028,0.6265,0.0108166018231236,1,0,2000,2000,0.120407750025163,6.79263515179082,1063.82536024028,1197.905,0.61366278608766,0.209261520234201,-0.112995208089321,0,0
5,"concordant-collider",0.45,0.3,"reduced","role_based",FALSE,-0.0431093127137555,NA,NA,NA,NA,NA,NA,NA,NA,NA,NA,NA,NA,NA,NA,NA,NA,NA,NA,NA,0,2000,NA,NA,NA,1197.905,0.61366278608766,0.209261520234201,-0.112995208089321,0,0
5,"concordant-collider",0.45,0.3,"reduced","all_measured",TRUE,-0.0431093127137555,-0.0123742318644176,0.000550626189455813,0.0123742318644176,0.00075919682606311,2.3285272395483e-05,0.0246247517962975,0.00038944888685815,0.0244275716459074,1.72480581126745e-05,-0.800739646114013,1.57043309122199,0.922,0.00599649897857074,0.951,0.00482695556225661,0.621,0.010848018252197,1,0,2000,2000,0.105440117519242,7.40460421591635,1052.63004860635,1197.905,0.61366278608766,0.209261520234201,-0.112995208089321,0,0
5,"concordant-collider",0.45,0.3,"reduced","oracle",TRUE,-0.0431093127137555,0.000516779410748909,0.000587006739792694,0.000516779410748909,0.000689076309170907,2.34596192330499e-05,0.0262517394685399,0.000415180254350836,0.025652910387769,0.00012199899765556,-2.28110248270803,1.61381888944063,0.9385,0.00537204569973116,0.9385,0.00537204569973116,0.375,0.0108253175473055,1,0,2000,2000,0.0108896050537953,23.8070135985437,793.004482397928,1197.905,0.61366278608766,0.209261520234201,-0.112995208089321,0,0
5,"concordant-collider",0.45,0.3,"reduced","broad",TRUE,-0.0335628331533101,-0.000100412705399178,0.000247434895920738,0.000100412705399178,0.000122396914122299,3.91029314496792e-06,0.0110656249456871,0.000175006649940552,0.0109204371524765,4.46249176913072e-06,-1.31206139665176,1.56130446669692,0.943,0.00518415856238985,0.943,0.00518415856238985,0.867,0.00759312188760328,1,0,2000,2000,0.155138200304547,5.57370704395639,3779.79911820537,1197.905,0.61366278608766,0.209261520234201,-0.112995208089321,0,0
5,"concordant-collider",0.45,0.3,"reduced","policy",TRUE,-0.0431093127137555,-0.0122655250614187,0.000547636914969441,0.0122655250614187,0.000749955580116146,2.29003306025452e-05,0.0244910673771989,0.000387334621965698,0.0244284739547657,1.68697398434024e-05,-0.255576539270808,1.57899536502029,0.925,0.00588960949469487,0.949,0.00491929873051028,0.6265,0.0108166018231236,1,0,2000,2000,0.120407750025163,6.79263515179082,1063.82536024028,1197.905,0.61366278608766,0.209261520234201,-0.112995208089321,0,0
5,"concordant-collider",0.45,0.3,"reduced","pooled_all",TRUE,-0.0431093127137555,-0.0123217560111336,0.000390998392682615,0.0123217560111336,0.000457432277615603,1.3455364518284e-05,0.0174859797026297,0.000276546760233223,0.0172617659638447,8.85285947196524e-06,-1.28224865062149,1.56207573258491,0.892,0.0069403169956422,0.9535,0.00470838348055891,0.896,0.00682583328246449,1,0,2000,2000,0.102852511953426,7.70520243312582,2121.34755442661,1197.905,0.61366278608766,0.209261520234201,-0.112995208089321,0,0
6,"discordant-collider",0.45,0.3,"full","minimal",TRUE,-0.0253455118209411,0.00805105927428471,0.000407739550412518,0.00805105927428471,0.000397156385838279,1.2259251926893e-05,0.0182346670367518,0.000288387506945745,0.0183839030330906,1.9381174359699e-05,0.818419091711187,1.5980164650457,0.9235,0.00594338918463195,0.9545,0.00465992220965114,0.151,0.00800621633482383,1,0,2000,2000,0.121499981576455,6.78623807647544,1064.88121632333,1199.1555,0.614030538914497,0.108782997542995,0.113405859576503,1,0
6,"discordant-collider",0.45,0.3,"full","role_based",TRUE,-0.0253455118209411,-0.000240544320044143,0.000449267147534877,0.000240544320044143,0.000403537960308302,1.41341071741409e-05,0.0200918376389082,0.000317759296342796,0.0203729849988742,0.000162264821219965,1.3993113274094,1.7955455888033,0.952,0.00477995815881269,0.951,0.00482695556225661,0.232,0.00943864397040168,1,0,2000,2000,0.0111348817720112,23.5675601594836,794.934403864726,1199.1555,0.614030538914497,0.108782997542995,0.113405859576503,1,0
6,"discordant-collider",0.45,0.3,"full","all_measured",TRUE,-0.0253455118209411,-0.000308382434096716,0.000466257614501832,0.000308382434096716,0.000434670029724455,3.04237240614529e-05,0.0208516744210597,0.000329776375396046,0.0206057664477608,0.000493880048445742,-1.17932003125162,2.8377068500337,0.9425,0.00520546587732549,0.943,0.00518415856238985,0.24,0.00954986910905066,1,0,2000,2000,0.00979096673769016,24.7845948124002,779.010655797908,1199.1555,0.614030538914497,0.108782997542995,0.113405859576503,1,0
6,"discordant-collider",0.45,0.3,"full","oracle",TRUE,-0.0253455118209411,-0.000276286667057125,0.000448830319695186,0.000276286667057125,0.000402772197421881,1.41566645276013e-05,0.020072302104028,0.000317450335165187,0.020371063247183,0.000162975430967161,1.4884249031661,1.79875314510674,0.951,0.00482695556225661,0.9525,0.00475624589355933,0.234,0.00946688966873492,1,0,2000,2000,0.0109630291915733,23.6752795116705,793.420443143598,1199.1555,0.614030538914497,0.108782997542995,0.113405859576503,1,0
6,"discordant-collider",0.45,0.3,"full","broad",TRUE,-0.0335628331533101,-0.000247860593963208,0.000233484535664869,0.000247860593963208,0.000109036976634924,3.3821067701184e-06,0.0104417458688324,0.000165139788579875,0.0109218872759319,4.59146916674657e-06,4.59828665752751,1.65484205736559,0.9615,0.00430219420761081,0.9615,0.00430219420761081,0.879,0.00729242757934558,1,0,2000,2000,0.155432923167403,5.56112209142996,3779.51106736767,1199.1555,0.614030538914497,0.108782997542995,0.113405859576503,1,0
6,"discordant-collider",0.45,0.3,"full","policy",TRUE,-0.0253455118209411,-0.000308382434096716,0.000466257614501832,0.000308382434096716,0.000434670029724455,3.04237240614529e-05,0.0208516744210597,0.000329776375396046,0.0206057664477608,0.000493880048445742,-1.17932003125162,2.8377068500337,0.9425,0.00520546587732549,0.943,0.00518415856238985,0.24,0.00954986910905066,1,0,2000,2000,0.00979096673769016,24.7845948124002,779.010655797908,1199.1555,0.614030538914497,0.108782997542995,0.113405859576503,1,0
6,"discordant-collider",0.45,0.3,"full","pooled_all",TRUE,-0.0253455118209411,-6.80279410188861e-05,0.000321655058786766,6.80279410188861e-05,0.000206825119510151,6.66046404741577e-06,0.014384851535078,0.000227501355721205,0.0144172558275356,8.07898271792068e-05,0.225266784148315,1.68165454153297,0.945,0.00509779364038993,0.945,0.00509779364038993,0.436,0.0110883722881224,1,0,2000,2000,0.0074760800828533,30.3316831917299,1562.88006769526,1199.1555,0.614030538914497,0.108782997542995,0.113405859576503,1,0
6,"discordant-collider",0.45,0.3,"reduced","minimal",TRUE,-0.0253455118209411,0.00805105927428471,0.000407739550412518,0.00805105927428471,0.000397156385838279,1.2259251926893e-05,0.0182346670367518,0.000288387506945745,0.0183839030330906,1.9381174359699e-05,0.818419091711187,1.5980164650457,0.9235,0.00594338918463195,0.9545,0.00465992220965114,0.151,0.00800621633482383,1,0,2000,2000,0.121499981576455,6.78623807647544,1064.88121632333,1199.1555,0.614030538914497,0.108782997542995,0.113405859576503,0,0
6,"discordant-collider",0.45,0.3,"reduced","role_based",FALSE,-0.0253455118209411,NA,NA,NA,NA,NA,NA,NA,NA,NA,NA,NA,NA,NA,NA,NA,NA,NA,NA,NA,0,2000,NA,NA,NA,1199.1555,0.614030538914497,0.108782997542995,0.113405859576503,0,0
6,"discordant-collider",0.45,0.3,"reduced","all_measured",TRUE,-0.0253455118209411,0.0081292844394917,0.000410958862812334,0.0081292844394917,0.000403690752159251,1.23218681522304e-05,0.0183786390640878,0.000290664473887321,0.0183758471279784,1.98635192926203e-05,-0.0151912015878386,1.58498324771297,0.9215,0.00601405645134796,0.953,0.00473238840333293,0.149,0.00796238029737339,1,0,2000,2000,0.106318024018077,7.4047372757959,1053.88672312299,1199.1555,0.614030538914497,0.108782997542995,0.113405859576503,0,0
6,"discordant-collider",0.45,0.3,"reduced","oracle",TRUE,-0.0253455118209411,-0.000276286667057125,0.000448830319695186,0.000276286667057125,0.000402772197421881,1.41566645276013e-05,0.020072302104028,0.000317450335165187,0.020371063247183,0.000162975430967161,1.4884249031661,1.79875314510674,0.951,0.00482695556225661,0.9525,0.00475624589355933,0.234,0.00946688966873492,1,0,2000,2000,0.0109630291915733,23.6752795116705,793.420443143598,1199.1555,0.614030538914497,0.108782997542995,0.113405859576503,0,0
6,"discordant-collider",0.45,0.3,"reduced","broad",TRUE,-0.0335628331533101,-0.000247860593963208,0.000233484535664869,0.000247860593963208,0.000109036976634924,3.3821067701184e-06,0.0104417458688324,0.000165139788579875,0.0109218872759319,4.59146916674657e-06,4.59828665752751,1.65484205736559,0.9615,0.00430219420761081,0.9615,0.00430219420761081,0.879,0.00729242757934558,1,0,2000,2000,0.155432923167403,5.56112209142996,3779.51106736767,1199.1555,0.614030538914497,0.108782997542995,0.113405859576503,0,0
6,"discordant-collider",0.45,0.3,"reduced","policy",TRUE,-0.0253455118209411,0.00805105927428471,0.000407739550412518,0.00805105927428471,0.000397156385838279,1.2259251926893e-05,0.0182346670367518,0.000288387506945745,0.0183839030330906,1.9381174359699e-05,0.818419091711187,1.5980164650457,0.9235,0.00594338918463195,0.9545,0.00465992220965114,0.151,0.00800621633482383,1,0,2000,2000,0.121499981576455,6.78623807647544,1064.88121632333,1199.1555,0.614030538914497,0.108782997542995,0.113405859576503,0,0
6,"discordant-collider",0.45,0.3,"reduced","pooled_all",TRUE,-0.0253455118209411,0.00806086818114824,0.000288678581571091,0.00806086818114824,0.000231564907426184,7.12923234514348e-06,0.0129100986408235,0.00020417763340273,0.0129928885680867,9.63008957288586e-06,0.641280361726526,1.59342327383977,0.897,0.00679672715356443,0.948,0.00496467521596328,0.261,0.00982036150047441,1,0,2000,2000,0.10385117847728,7.66199579032358,2123.85092998701,1199.1555,0.614030538914497,0.108782997542995,0.113405859576503,0,0
7,"noncollider",1.1,0.3,"full","minimal",TRUE,-0.0529619569516785,-3.59820614862366e-05,0.000563552267133599,3.59820614862366e-05,0.000634866019133798,2.04656379565334e-05,0.025202823563697,0.000398591289924795,0.0252859390168251,1.33076890189192e-05,0.32978627540714,1.58762825682058,0.945,0.00509779364038993,0.945,0.00509779364038993,0.563,0.0110912352783628,1,0,2000,2000,0.180492537768426,4.90068939825435,1133.42391609444,1199.369,0.535974267342987,0.264898746567647,0.00046718853487766,0,0
7,"noncollider",1.1,0.3,"full","role_based",TRUE,-0.0529619569516785,0.000297759948363646,0.000628200966475801,0.000297759948363646,0.000788966933094831,2.65491244517401e-05,0.0280940012914192,0.000444316256295411,0.027385315443281,8.01554904813328e-05,-2.52255220175636,1.56781833622066,0.9405,0.00528960064655168,0.9425,0.00520546587732549,0.5125,0.0111768454851984,1,0,2000,2000,0.0154576723231405,20.661294864611,851.755563926181,1199.369,0.535974267342987,0.264898746567647,0.00046718853487766,0,0
7,"noncollider",1.1,0.3,"full","all_measured",TRUE,-0.0529619569516785,0.000332237518948245,0.000634388925433691,0.000332237518948245,0.000804606549886111,2.64664174134535e-05,0.0283707352288556,0.000448692898333553,0.027302192652249,6.72486542741995e-05,-3.76635490052363,1.54031572541878,0.936,0.00547284204047586,0.935,0.00551248582764618,0.5115,0.0111773822964055,1,0,2000,2000,0.0135068608564082,21.8608117655618,835.013540877475,1199.369,0.535974267342987,0.264898746567647,0.00046718853487766,0,0
7,"noncollider",1.1,0.3,"full","oracle",TRUE,-0.0529619569516785,0.000319684327072169,0.000627378968399953,0.000319684327072169,0.000786917333680164,2.61352558024201e-05,0.0280572404199198,0.000443734870517239,0.0273484396412931,7.00166881867857e-05,-2.52626690301085,1.56164827103937,0.9415,0.0052477495176504,0.942,0.00522666241496426,0.509,0.011178528525705,1,0,2000,2000,0.0152192197657321,20.8135891890221,849.821908644319,1199.369,0.535974267342987,0.264898746567647,0.00046718853487766,0,0
7,"noncollider",1.1,0.3,"full","broad",TRUE,-0.0335628331533101,-0.000194763223841474,0.000241934692812837,0.000194763223841474,0.000117044191490658,3.60789613148837e-06,0.0108196483849007,0.000171116446352556,0.01092370349351,4.41685696027439e-06,0.961723569081396,1.59726600278219,0.958,0.00448530935387962,0.9595,0.00440793318914885,0.877,0.00734407924793844,1,0,2000,2000,0.155526637002068,5.5456778463039,3779.1089465195,1199.369,0.535974267342987,0.264898746567647,0.00046718853487766,0,0
7,"noncollider",1.1,0.3,"full","policy",TRUE,-0.0529619569516785,-3.59820614862366e-05,0.000563552267133599,3.59820614862366e-05,0.000634866019133798,2.04656379565334e-05,0.025202823563697,0.000398591289924795,0.0252859390168251,1.33076890189192e-05,0.32978627540714,1.58762825682058,0.945,0.00509779364038993,0.945,0.00509779364038993,0.563,0.0110912352783628,1,0,2000,2000,0.180492537768426,4.90068939825435,1133.42391609444,1199.369,0.535974267342987,0.264898746567647,0.00046718853487766,0,0
7,"noncollider",1.1,0.3,"full","pooled_all",TRUE,-0.0529619569516785,-0.000142016855115647,0.000441270604895205,0.000142016855115647,0.000389264942529553,1.23392743685753e-05,0.0197342213803626,0.000312103472683533,0.0193741077603447,5.05832174905251e-05,-1.82481798028425,1.57368933727275,0.948,0.00496467521596328,0.9485,0.00494205169944629,0.782,0.00923244279700665,1,0,2000,2000,0.0105954240807838,25.9009821689995,1688.45229096465,1199.369,0.535974267342987,0.264898746567647,0.00046718853487766,0,0
7,"noncollider",1.1,0.3,"reduced","minimal",TRUE,-0.0529619569516785,-3.59820614862366e-05,0.000563552267133599,3.59820614862366e-05,0.000634866019133798,2.04656379565334e-05,0.025202823563697,0.000398591289924795,0.0252859390168251,1.33076890189192e-05,0.32978627540714,1.58762825682058,0.945,0.00509779364038993,0.945,0.00509779364038993,0.563,0.0110912352783628,1,0,2000,2000,0.180492537768426,4.90068939825435,1133.42391609444,1199.369,0.535974267342987,0.264898746567647,0.00046718853487766,0,0
7,"noncollider",1.1,0.3,"reduced","role_based",FALSE,-0.0529619569516785,NA,NA,NA,NA,NA,NA,NA,NA,NA,NA,NA,NA,NA,NA,NA,NA,NA,NA,NA,0,2000,NA,NA,NA,1199.369,0.535974267342987,0.264898746567647,0.00046718853487766,0,0
7,"noncollider",1.1,0.3,"reduced","all_measured",TRUE,-0.0529619569516785,3.12805289415727e-05,0.000565739277617923,3.12805289415727e-05,0.00063980277802055,2.06862903759535e-05,0.025300629645906,0.000400138126626312,0.0252769493820778,1.35524305212235e-05,-0.0935955514137721,1.58096172306896,0.9455,0.00507591124823908,0.9455,0.00507591124823908,0.5595,0.0111008952341692,1,0,2000,2000,0.160269175865356,5.35724768022024,1123.89604756543,1199.369,0.535974267342987,0.264898746567647,0.00046718853487766,0,0
7,"noncollider",1.1,0.3,"reduced","oracle",TRUE,-0.0529619569516785,0.000319684327072169,0.000627378968399953,0.000319684327072169,0.000786917333680164,2.61352558024201e-05,0.0280572404199198,0.000443734870517239,0.0273484396412931,7.00166881867857e-05,-2.52626690301085,1.56164827103937,0.9415,0.0052477495176504,0.942,0.00522666241496426,0.509,0.011178528525705,1,0,2000,2000,0.0152192197657321,20.8135891890221,849.821908644319,1199.369,0.535974267342987,0.264898746567647,0.00046718853487766,0,0
7,"noncollider",1.1,0.3,"reduced","broad",TRUE,-0.0335628331533101,-0.000194763223841474,0.000241934692812837,0.000194763223841474,0.000117044191490658,3.60789613148837e-06,0.0108196483849007,0.000171116446352556,0.01092370349351,4.41685696027439e-06,0.961723569081396,1.59726600278219,0.958,0.00448530935387962,0.9595,0.00440793318914885,0.877,0.00734407924793844,1,0,2000,2000,0.155526637002068,5.5456778463039,3779.1089465195,1199.369,0.535974267342987,0.264898746567647,0.00046718853487766,0,0
7,"noncollider",1.1,0.3,"reduced","policy",TRUE,-0.0529619569516785,-3.59820614862366e-05,0.000563552267133599,3.59820614862366e-05,0.000634866019133798,2.04656379565334e-05,0.025202823563697,0.000398591289924795,0.0252859390168251,1.33076890189192e-05,0.32978627540714,1.58762825682058,0.945,0.00509779364038993,0.945,0.00509779364038993,0.563,0.0110912352783628,1,0,2000,2000,0.180492537768426,4.90068939825435,1133.42391609444,1199.369,0.535974267342987,0.264898746567647,0.00046718853487766,0,0
7,"noncollider",1.1,0.3,"reduced","pooled_all",TRUE,-0.0529619569516785,-0.000214941986394289,0.000401835514895554,0.000214941986394289,0.000322828290339233,9.8502868212823e-06,0.0179706305416017,0.000284211679307897,0.0178696679356544,6.66247473545699e-06,-0.561820052521655,1.57308582708143,0.9495,0.00489641450451246,0.9495,0.00489641450451246,0.8385,0.00822854027151839,1,0,2000,2000,0.158556559452049,5.43759656710184,2263.21653409512,1199.369,0.535974267342987,0.264898746567647,0.00046718853487766,0,0
8,"concordant-collider",1.1,0.3,"full","minimal",TRUE,-0.048855251012764,-0.035808264196509,0.000610012470004627,0.035808264196509,0.00202609009667572,4.83622488844404e-05,0.0272805870010579,0.000431451830592516,0.0266778504495745,2.06710140669298e-05,-2.20939729581348,1.54844691403306,0.7275,0.00995599693652022,0.9415,0.0052477495176504,0.892,0.0069403169956422,1,0,2000,2000,0.09138002524589,8.51447674814498,988.333281496869,1200.0615,0.663729984583665,0.232905166125652,-0.341990483452028,1,0
8,"concordant-collider",1.1,0.3,"full","role_based",TRUE,-0.048855251012764,0.000200811256475072,0.000635065048350005,0.000200811256475072,0.000806252248816679,2.64437896915277e-05,0.028400972364896,0.000449171109000208,0.0274416841184192,0.000194027854045611,-3.37765987076735,1.67387647390691,0.942,0.00522666241496426,0.943,0.00518415856238985,0.4305,0.0110718054083334,1,0,2000,2000,0.00971958575345077,26.2550225386739,744.46503661927,1200.0615,0.663729984583665,0.232905166125652,-0.341990483452028,1,0
8,"concordant-collider",1.1,0.3,"full","all_measured",TRUE,-0.048855251012764,5.28933642834281e-05,0.000652026489573962,5.28933642834281e-05,0.000849854745377168,3.19958772361682e-05,0.0291595110763588,0.000461167658620757,0.02758867604792,0.000308306325759146,-5.38704172482602,1.83219163428015,0.9385,0.00537204569973116,0.939,0.00535158854920668,0.439,0.0110968238699188,1,0,2000,2000,0.00835970378108029,27.7278075120463,727.955934041308,1200.0615,0.663729984583665,0.232905166125652,-0.341990483452028,1,0
8,"concordant-collider",1.1,0.3,"full","oracle",TRUE,-0.048855251012764,0.000147545905413354,0.000636088393407177,0.000147545905413354,0.000808834049804625,2.67379017366777e-05,0.0284467377471415,0.000449894904201053,0.0274525272047037,0.000206968420075947,-3.49498965848097,1.69080435646083,0.943,0.00518415856238985,0.9435,0.00516273909857936,0.434,0.0110825087412553,1,0,2000,2000,0.00949366780425354,26.3782177216537,743.099136340404,1200.0615,0.663729984583665,0.232905166125652,-0.341990483452028,1,0
8,"concordant-collider",1.1,0.3,"full","broad",TRUE,-0.0335628331533101,3.56648945439367e-05,0.000239457390642479,3.56648945439367e-05,0.000114623616009379,3.69160849745874e-06,0.0107088600638261,0.000169364291095265,0.0109185235780149,4.60964795720852e-06,1.95785090979932,1.61307278304742,0.9505,0.0048502448391808,0.9505,0.0048502448391808,0.873,0.00744550199785078,1,0,2000,2000,0.154800701472611,5.52591452032556,3779.66436602371,1200.0615,0.663729984583665,0.232905166125652,-0.341990483452028,1,0
8,"concordant-collider",1.1,0.3,"full","policy",TRUE,-0.048855251012764,5.28933642834281e-05,0.000652026489573962,5.28933642834281e-05,0.000849854745377168,3.19958772361682e-05,0.0291595110763588,0.000461167658620757,0.02758867604792,0.000308306325759146,-5.38704172482602,1.83219163428015,0.9385,0.00537204569973116,0.939,0.00535158854920668,0.439,0.0110968238699188,1,0,2000,2000,0.00835970378108029,27.7278075120463,727.955934041308,1200.0615,0.663729984583665,0.232905166125652,-0.341990483452028,1,0
8,"concordant-collider",1.1,0.3,"full","pooled_all",TRUE,-0.048855251012764,-0.000224867903086769,0.000459287505544805,0.000224867903086769,0.000421729646060228,1.41856830843099e-05,0.0205399616722899,0.000324846531471847,0.0194937870561325,9.10831719822275e-05,-5.09336206585453,1.56511542506898,0.935,0.00551248582764618,0.9355,0.00549271107923947,0.729,0.00993878765242522,1,0,2000,2000,0.00649529018660282,33.5443675306636,1463.1327891922,1200.0615,0.663729984583665,0.232905166125652,-0.341990483452028,1,0
8,"concordant-collider",1.1,0.3,"reduced","minimal",TRUE,-0.048855251012764,-0.035808264196509,0.000610012470004627,0.035808264196509,0.00202609009667572,4.83622488844404e-05,0.0272805870010579,0.000431451830592516,0.0266778504495745,2.06710140669298e-05,-2.20939729581348,1.54844691403306,0.7275,0.00995599693652022,0.9415,0.0052477495176504,0.892,0.0069403169956422,1,0,2000,2000,0.09138002524589,8.51447674814498,988.333281496869,1200.0615,0.663729984583665,0.232905166125652,-0.341990483452028,0,0
8,"concordant-collider",1.1,0.3,"reduced","role_based",FALSE,-0.048855251012764,NA,NA,NA,NA,NA,NA,NA,NA,NA,NA,NA,NA,NA,NA,NA,NA,NA,NA,NA,0,2000,NA,NA,NA,1200.0615,0.663729984583665,0.232905166125652,-0.341990483452028,0,0
8,"concordant-collider",1.1,0.3,"reduced","all_measured",TRUE,-0.048855251012764,-0.035815212460577,0.000614384812203224,0.035815212460577,0.00203728936983079,4.92047851595158e-05,0.027476124088597,0.000434544316628987,0.0266736992413474,2.16368990651819e-05,-2.92044410871851,1.53736460716294,0.7285,0.00994453995919369,0.939,0.00535158854920668,0.8895,0.00701034057660539,1,0,2000,2000,0.0790731976442941,9.32101049500972,975.644770150475,1200.0615,0.663729984583665,0.232905166125652,-0.341990483452028,0,0
8,"concordant-collider",1.1,0.3,"reduced","oracle",TRUE,-0.048855251012764,0.000147545905413354,0.000636088393407177,0.000147545905413354,0.000808834049804625,2.67379017366777e-05,0.0284467377471415,0.000449894904201053,0.0274525272047037,0.000206968420075947,-3.49498965848097,1.69080435646083,0.943,0.00518415856238985,0.9435,0.00516273909857936,0.434,0.0110825087412553,1,0,2000,2000,0.00949366780425354,26.3782177216537,743.099136340404,1200.0615,0.663729984583665,0.232905166125652,-0.341990483452028,0,0
8,"concordant-collider",1.1,0.3,"reduced","broad",TRUE,-0.0335628331533101,3.56648945439367e-05,0.000239457390642479,3.56648945439367e-05,0.000114623616009379,3.69160849745874e-06,0.0107088600638261,0.000169364291095265,0.0109185235780149,4.60964795720852e-06,1.95785090979932,1.61307278304742,0.9505,0.0048502448391808,0.9505,0.0048502448391808,0.873,0.00744550199785078,1,0,2000,2000,0.154800701472611,5.52591452032556,3779.66436602371,1200.0615,0.663729984583665,0.232905166125652,-0.341990483452028,0,0
8,"concordant-collider",1.1,0.3,"reduced","policy",TRUE,-0.048855251012764,-0.035808264196509,0.000610012470004627,0.035808264196509,0.00202609009667572,4.83622488844404e-05,0.0272805870010579,0.000431451830592516,0.0266778504495745,2.06710140669298e-05,-2.20939729581348,1.54844691403306,0.7275,0.00995599693652022,0.9415,0.0052477495176504,0.892,0.0069403169956422,1,0,2000,2000,0.09138002524589,8.51447674814498,988.333281496869,1200.0615,0.663729984583665,0.232905166125652,-0.341990483452028,0,0
8,"concordant-collider",1.1,0.3,"reduced","pooled_all",TRUE,-0.048855251012764,-0.035683530042429,0.000431828338142818,0.035683530042429,0.00164607926782169,3.27861099477948e-05,0.0193119503739621,0.000305425112034234,0.0188601405468345,1.04671213597618e-05,-2.3395349427616,1.54548441138742,0.5255,0.0111657903885036,0.9455,0.00507591124823908,0.9945,0.00165374574829385,1,0,2000,2000,0.0765262431658544,9.66980105996718,1968.35178593958,1200.0615,0.663729984583665,0.232905166125652,-0.341990483452028,0,0
9,"discordant-collider",1.1,0.3,"full","minimal",TRUE,-0.0201578848310353,0.017280347038651,0.000351048979656165,0.017280347038651,0.000544957930625365,1.41617286741272e-05,0.0156993876388625,0.000248291194603184,0.0159295595395887,2.40689423400524e-05,1.46612024634889,1.61202832587811,0.7885,0.00913147715323211,0.954,0.00468422885862764,0.048,0.00477995815881269,1,0,2000,2000,0.0917228370587475,8.4020386989425,987.992283695137,1198.6925,0.66346771022626,0.0762509643674047,0.343517015280488,1,0
9,"discordant-collider",1.1,0.3,"full","role_based",TRUE,-0.0201578848310353,0.000330094034346116,0.000417755131141887,0.000330094034346116,0.000348973141912665,1.13488923708767e-05,0.018682577423652,0.000295471363182489,0.0188170445855859,9.99570666531178e-05,0.719746311682412,1.68036922820147,0.938,0.00539240206216117,0.9435,0.00516273909857936,0.1605,0.00820791538699078,1,0,2000,2000,0.0100689569323718,26.1501429246659,744.850563127999,1198.6925,0.66346771022626,0.0762509643674047,0.343517015280488,1,0
9,"discordant-collider",1.1,0.3,"full","all_measured",TRUE,-0.0201578848310353,0.000353294416754947,0.000422044277369216,0.000353294416754947,0.000356189439693057,1.16101071047344e-05,0.0188743938742469,0.000298505006070881,0.0187137028294921,9.06725544229309e-05,-0.851370623212866,1.64000795305205,0.94,0.0053103672189407,0.939,0.00535158854920668,0.161,0.00821824190444647,1,0,2000,2000,0.00856387578424495,27.7080084733398,728.35039750592,1198.6925,0.66346771022626,0.0762509643674047,0.343517015280488,1,0
9,"discordant-collider",1.1,0.3,"full","oracle",TRUE,-0.0201578848310353,0.000313997526484335,0.000419141263871607,0.000313997526484335,0.000351281713207335,1.14913514226083e-05,0.0187445671638418,0.000296451752163188,0.0188135878745187,0.000104356491134151,0.368217148327021,1.68215697275801,0.94,0.0053103672189407,0.942,0.00522666241496426,0.1645,0.0082897451709929,1,0,2000,2000,0.00988973278346948,26.3639867070295,742.816449433235,1198.6925,0.66346771022626,0.0762509643674047,0.343517015280488,1,0
9,"discordant-collider",1.1,0.3,"full","broad",TRUE,-0.0335628331533101,0.000411386110373772,0.000236116635538294,0.000411386110373772,0.000111615618622077,3.3089273311753e-06,0.0105594569536433,0.000167001429717609,0.0109208886147096,4.54533326619862e-06,3.42282432375989,1.63623370457057,0.9555,0.00461084319837489,0.958,0.00448530935387962,0.873,0.00744550199785078,1,0,2000,2000,0.155795539860351,5.54367422439194,3779.36662405702,1198.6925,0.66346771022626,0.0762509643674047,0.343517015280488,1,0
9,"discordant-collider",1.1,0.3,"full","policy",TRUE,-0.0201578848310353,0.000353294416754947,0.000422044277369216,0.000353294416754947,0.000356189439693057,1.16101071047344e-05,0.0188743938742469,0.000298505006070881,0.0187137028294921,9.06725544229309e-05,-0.851370623212866,1.64000795305205,0.94,0.0053103672189407,0.939,0.00535158854920668,0.161,0.00821824190444647,1,0,2000,2000,0.00856387578424495,27.7080084733398,728.35039750592,1198.6925,0.66346771022626,0.0762509643674047,0.343517015280488,1,0
9,"discordant-collider",1.1,0.3,"full","pooled_all",TRUE,-0.0201578848310353,0.000538753027477797,0.000297729079450143,0.000538753027477797,0.000177486821720325,5.6565481534234e-06,0.0133148492105791,0.000210578902343447,0.0132780389901244,4.77449696649369e-05,-0.276459912332094,1.61741231303091,0.943,0.00518415856238985,0.9455,0.00507591124823908,0.297,0.0102174116096005,1,0,2000,2000,0.00670742976656547,33.2798519696966,1466.0385804486,1198.6925,0.66346771022626,0.0762509643674047,0.343517015280488,1,0
9,"discordant-collider",1.1,0.3,"reduced","minimal",TRUE,-0.0201578848310353,0.017280347038651,0.000351048979656165,0.017280347038651,0.000544957930625365,1.41617286741272e-05,0.0156993876388625,0.000248291194603184,0.0159295595395887,2.40689423400524e-05,1.46612024634889,1.61202832587811,0.7885,0.00913147715323211,0.954,0.00468422885862764,0.048,0.00477995815881269,1,0,2000,2000,0.0917228370587475,8.4020386989425,987.992283695137,1198.6925,0.66346771022626,0.0762509643674047,0.343517015280488,0,0
9,"discordant-collider",1.1,0.3,"reduced","role_based",FALSE,-0.0201578848310353,NA,NA,NA,NA,NA,NA,NA,NA,NA,NA,NA,NA,NA,NA,NA,NA,NA,NA,NA,0,2000,NA,NA,NA,1198.6925,0.66346771022626,0.0762509643674047,0.343517015280488,0,0
9,"discordant-collider",1.1,0.3,"reduced","all_measured",TRUE,-0.0201578848310353,0.0173065734196514,0.000352734111451497,0.0173065734196514,0.000548235768939358,1.42305707889824e-05,0.0157747490237707,0.000249483060726642,0.0159275027729597,2.49385809023524e-05,0.96834345166994,1.60465559164071,0.79,0.00910768905925098,0.9505,0.0048502448391808,0.051,0.00491929873051027,1,0,2000,2000,0.0793774707692317,9.17694441668921,975.403518014527,1198.6925,0.66346771022626,0.0762509643674047,0.343517015280488,0,0
9,"discordant-collider",1.1,0.3,"reduced","oracle",TRUE,-0.0201578848310353,0.000313997526484335,0.000419141263871607,0.000313997526484335,0.000351281713207335,1.14913514226083e-05,0.0187445671638418,0.000296451752163188,0.0188135878745187,0.000104356491134151,0.368217148327021,1.68215697275801,0.94,0.0053103672189407,0.942,0.00522666241496426,0.1645,0.0082897451709929,1,0,2000,2000,0.00988973278346948,26.3639867070295,742.816449433235,1198.6925,0.66346771022626,0.0762509643674047,0.343517015280488,0,0
9,"discordant-collider",1.1,0.3,"reduced","broad",TRUE,-0.0335628331533101,0.000411386110373772,0.000236116635538294,0.000411386110373772,0.000111615618622077,3.3089273311753e-06,0.0105594569536433,0.000167001429717609,0.0109208886147096,4.54533326619862e-06,3.42282432375989,1.63623370457057,0.9555,0.00461084319837489,0.958,0.00448530935387962,0.873,0.00744550199785078,1,0,2000,2000,0.155795539860351,5.54367422439194,3779.36662405702,1198.6925,0.66346771022626,0.0762509643674047,0.343517015280488,0,0
9,"discordant-collider",1.1,0.3,"reduced","policy",TRUE,-0.0201578848310353,0.017280347038651,0.000351048979656165,0.017280347038651,0.000544957930625365,1.41617286741272e-05,0.0156993876388625,0.000248291194603184,0.0159295595395887,2.40689423400524e-05,1.46612024634889,1.61202832587811,0.7885,0.00913147715323211,0.954,0.00468422885862764,0.048,0.00477995815881269,1,0,2000,2000,0.0917228370587475,8.4020386989425,987.992283695137,1198.6925,0.66346771022626,0.0762509643674047,0.343517015280488,0,0
9,"discordant-collider",1.1,0.3,"reduced","pooled_all",TRUE,-0.0201578848310353,0.0175926884325507,0.000253918031899159,0.0175926884325507,0.000438386945764963,9.81936271619704e-06,0.0113555596007896,0.000179592065851556,0.011254243111025,1.23620877657467e-05,-0.892219259344573,1.57119947003884,0.6405,0.0107298590391487,0.946,0.00505390937789747,0.054,0.00505390937789747,1,0,2000,2000,0.0769883672325106,9.62035439164413,1969.06829617736,1198.6925,0.66346771022626,0.0762509643674047,0.343517015280488,0,0
10,"noncollider",0.1,0.7,"full","minimal",TRUE,-0.0348595998566154,-0.000460039681624454,0.000302129791454441,0.000460039681624454,0.000182685175866393,5.84259749359189e-06,0.0135116550343993,0.00021369145387891,0.0135875828680731,6.71558225875028e-06,0.561943251811114,1.59119801759231,0.95,0.00487339717240448,0.9505,0.0048502448391808,0.744,0.00975868843646522,1,0,2000,2000,0.165498186244835,5.26730353390864,2648.50378020724,2800.123,0.538465709766011,0.154366050833376,-0.000252046233283271,5e-04,0
10,"noncollider",0.1,0.7,"full","role_based",TRUE,-0.0348595998566154,-0.000251560204171927,0.000320897586677964,0.000251560204171927,0.000205910829546671,6.56015768635716e-06,0.0143509763525512,0.000226965608102861,0.0143915976601383,2.96688737243226e-05,0.283056055484732,1.59942833889145,0.948,0.00496467521596328,0.949,0.00491929873051028,0.704,0.0102074482609514,1,0,2000,2000,0.0104843746091291,26.3999378123484,1984.70712154557,2800.123,0.538465709766011,0.154366050833376,-0.000252046233283271,5e-04,0
10,"noncollider",0.1,0.7,"full","all_measured",TRUE,-0.0348595998566154,-0.000244003159512542,0.000321789473907151,0.000244003159512542,0.000207052920111217,6.60948182949208e-06,0.0143908627620057,0.000227596425334699,0.0143799759786658,2.85022596664055e-05,-0.0756506647302313,1.59270041615751,0.9475,0.00498717104178311,0.9455,0.00507591124823908,0.7035,0.0102124372703092,1,0,2000,2000,0.00990601652015635,27.0464061565724,1968.00927156335,2800.123,0.538465709766011,0.154366050833376,-0.000252046233283271,5e-04,0
10,"noncollider",0.1,0.7,"full","oracle",TRUE,-0.0348595998566154,-0.000249369243405628,0.00032074574418386,0.000249369243405628,0.000205714972011261,6.55294256265103e-06,0.0143441857497774,0.000226858212393323,0.0143892310494731,2.897819647537e-05,0.314031765075229,1.59931142027065,0.9485,0.00494205169944629,0.9465,0.00503178646208283,0.702,0.0102273163635433,1,0,2000,2000,0.0104265631870967,26.4393790707892,1983.06828003677,2800.123,0.538465709766011,0.154366050833376,-0.000252046233283271,5e-04,0
10,"noncollider",0.1,0.7,"full","broad",TRUE,-0.0335628331533101,-0.000234888961394529,0.000239711348469772,0.000234888961394529,0.000114920772463992,3.70209887842361e-06,0.010720217403131,0.000169543911307746,0.0109195816856612,4.71570099873003e-06,1.85970372645579,1.61154658758496,0.954,0.00468422885862764,0.954,0.00468422885862764,0.874,0.0074203773488954,1,0,2000,2000,0.155234032000767,5.55528496262383,3779.37362447039,2800.123,0.538465709766011,0.154366050833376,-0.000252046233283271,5e-04,0
10,"noncollider",0.1,0.7,"full","policy",TRUE,-0.0348595998566154,-0.000461414530539106,0.00030211911426529,0.000461414530539106,0.000182673545818675,5.84275970351786e-06,0.0135111775359843,0.000213683902077871,0.0135878278143005,6.72706878601572e-06,0.56731012609399,1.59128556771924,0.95,0.00487339717240448,0.9505,0.0048502448391808,0.744,0.00975868843646522,1,0,2000,2000,0.165404220518764,5.2845143657827,2648.11234684461,2800.123,0.538465709766011,0.154366050833376,-0.000252046233283271,5e-04,0
10,"noncollider",0.1,0.7,"full","pooled_all",TRUE,-0.0348595998566154,-0.000468747734245073,0.000226557484765338,0.000468747734245073,0.00010282498395085,3.44337117147185e-06,0.0101319587349334,0.000160240398914632,0.0102485851949026,3.05567279919376e-05,1.15107515753241,1.62791880791324,0.946,0.00505390937789747,0.947,0.0050095408971282,0.943,0.00518415856238985,1,0,2000,2000,0.00761306282906973,33.2604595541369,3942.46816185038,2800.123,0.538465709766011,0.154366050833376,-0.000252046233283271,5e-04,0
10,"noncollider",0.1,0.7,"reduced","minimal",TRUE,-0.0348595998566154,-0.000460039681624454,0.000302129791454441,0.000460039681624454,0.000182685175866393,5.84259749359189e-06,0.0135116550343993,0.00021369145387891,0.0135875828680731,6.71558225875028e-06,0.561943251811114,1.59119801759231,0.95,0.00487339717240448,0.9505,0.0048502448391808,0.744,0.00975868843646522,1,0,2000,2000,0.165498186244835,5.26730353390864,2648.50378020724,2800.123,0.538465709766011,0.154366050833376,-0.000252046233283271,0,0
10,"noncollider",0.1,0.7,"reduced","role_based",FALSE,-0.0348595998566154,NA,NA,NA,NA,NA,NA,NA,NA,NA,NA,NA,NA,NA,NA,NA,NA,NA,NA,NA,0,2000,NA,NA,NA,2800.123,0.538465709766011,0.154366050833376,-0.000252046233283271,0,0
10,"noncollider",0.1,0.7,"reduced","all_measured",TRUE,-0.0348595998566154,-0.000475110354829084,0.000302854508693488,0.000475110354829084,0.000183575715867778,5.8766282541664e-06,0.0135440653746188,0.000214204034514264,0.0135864992217164,6.77460121972085e-06,0.313302143218364,1.58727754900196,0.9495,0.00489641450451246,0.9495,0.00489641450451246,0.7455,0.00973986011193179,1,0,2000,2000,0.156418857484542,5.49415978406327,2638.97035542891,2800.123,0.538465709766011,0.154366050833376,-0.000252046233283271,0,0
10,"noncollider",0.1,0.7,"reduced","oracle",TRUE,-0.0348595998566154,-0.000249369243405628,0.00032074574418386,0.000249369243405628,0.000205714972011261,6.55294256265103e-06,0.0143441857497774,0.000226858212393323,0.0143892310494731,2.897819647537e-05,0.314031765075229,1.59931142027065,0.9485,0.00494205169944629,0.9465,0.00503178646208283,0.702,0.0102273163635433,1,0,2000,2000,0.0104265631870967,26.4393790707892,1983.06828003677,2800.123,0.538465709766011,0.154366050833376,-0.000252046233283271,0,0
10,"noncollider",0.1,0.7,"reduced","broad",TRUE,-0.0335628331533101,-0.000234888961394529,0.000239711348469772,0.000234888961394529,0.000114920772463992,3.70209887842361e-06,0.010720217403131,0.000169543911307746,0.0109195816856612,4.71570099873003e-06,1.85970372645579,1.61154658758496,0.954,0.00468422885862764,0.954,0.00468422885862764,0.874,0.0074203773488954,1,0,2000,2000,0.155234032000767,5.55528496262383,3779.37362447039,2800.123,0.538465709766011,0.154366050833376,-0.000252046233283271,0,0
10,"noncollider",0.1,0.7,"reduced","policy",TRUE,-0.0348595998566154,-0.000460039681624454,0.000302129791454441,0.000460039681624454,0.000182685175866393,5.84259749359189e-06,0.0135116550343993,0.00021369145387891,0.0135875828680731,6.71558225875028e-06,0.561943251811114,1.59119801759231,0.95,0.00487339717240448,0.9505,0.0048502448391808,0.744,0.00975868843646522,1,0,2000,2000,0.165498186244835,5.26730353390864,2648.50378020724,2800.123,0.538465709766011,0.154366050833376,-0.000252046233283271,0,0
10,"noncollider",0.1,0.7,"reduced","pooled_all",TRUE,-0.0348595998566154,-0.000533137832359164,0.000214573240212348,0.000533137832359164,9.23215451033296e-05,2.85314045757547e-06,0.00959600702534403,0.000151764138993885,0.00960778414598903,3.32737034374922e-06,0.12272938748259,1.58385487182473,0.948,0.00496467521596328,0.9485,0.00494205169944629,0.964,0.00416557318985035,1,0,2000,2000,0.150994596760276,5.65515053065286,5292.32574971289,2800.123,0.538465709766011,0.154366050833376,-0.000252046233283271,0,0
11,"concordant-collider",0.1,0.7,"full","minimal",TRUE,-0.0348532499411317,-0.00106782184227092,0.000306919005043647,0.00106782184227092,0.000189444595525138,6.11908839256323e-06,0.0137258351772839,0.000217078786223355,0.0136125793734493,6.72367195007523e-06,-0.825128688868482,1.56924931994276,0.949,0.00491929873051028,0.947,0.0050095408971282,0.7515,0.00966301583357908,1,0,2000,2000,0.156527456719492,5.49731367946217,2638.74265167867,2801.734,0.547367051380064,0.154181953371031,-0.00563790412786389,0.7625,0
11,"concordant-collider",0.1,0.7,"full","role_based",TRUE,-0.0348532499411317,-0.000550955819761702,0.000330188482957822,0.000550955819761702,0.000218243396437028,7.08804894787393e-06,0.0147664778656244,0.000233536906895752,0.0144535647534057,4.15510565462074e-05,-2.11907751507343,1.57338678762151,0.9465,0.00503178646208283,0.946,0.00505390937789747,0.6985,0.0102615240096196,1,0,2000,2000,0.0100283555834768,25.788318160695,1984.22310741497,2801.734,0.547367051380064,0.154181953371031,-0.00563790412786389,0.7625,0
11,"concordant-collider",0.1,0.7,"full","all_measured",TRUE,-0.0348532499411317,-0.000583382165791506,0.000332721381828332,0.000583382165791506,0.000221636667084948,7.23286765831381e-06,0.0148797525467163,0.00023532838478862,0.0144230338271676,3.55123438351312e-05,-3.06939727737277,1.55145741448024,0.946,0.00505390937789747,0.9445,0.00511955808639769,0.6935,0.0103091646121303,1,0,2000,2000,0.00939563533457425,26.5513104143516,1966.90416940378,2801.734,0.547367051380064,0.154181953371031,-0.00563790412786389,0.7625,0
11,"concordant-collider",0.1,0.7,"full","oracle",TRUE,-0.0348532499411317,-0.000557576212293201,0.000330874735824258,0.000557576212293201,0.000219157594755254,7.12174455510623e-06,0.0147971680268065,0.000234022282310243,0.0144484436592537,3.938965652503e-05,-2.35669667953408,1.56703765989635,0.947,0.0050095408971282,0.945,0.00509779364038993,0.6965,0.0102807526475448,1,0,2000,2000,0.00994665577460181,25.8733257246945,1982.56497790207,2801.734,0.547367051380064,0.154181953371031,-0.00563790412786389,0.7625,0
11,"concordant-collider",0.1,0.7,"full","broad",TRUE,-0.0335628331533101,-0.000471193213887243,0.00024973420194958,0.000471193213887243,0.000124893999119977,4.03227170792747e-06,0.0111684530373184,0.000176632911441778,0.0109206407739046,4.59109206083128e-06,-2.21885934055329,1.54698851011161,0.944,0.00514120608417908,0.9435,0.00516273909857936,0.87,0.00751997340420829,1,0,2000,2000,0.154946475477186,5.5554690791591,3779.90008227355,2801.734,0.547367051380064,0.154181953371031,-0.00563790412786389,0.7625,0
11,"concordant-collider",0.1,0.7,"full","policy",TRUE,-0.0348532499411317,-0.000859436842039561,0.000328417003521916,0.000859436842039561,0.000216346230361881,7.06458375627551e-06,0.0146872548968358,0.000232283968500127,0.0142326910086486,3.04116614964815e-05,-3.09495471672656,1.54651086558608,0.947,0.0050095408971282,0.9465,0.00503178646208283,0.7105,0.0101412462251934,1,0,2000,2000,0.0442664684590479,21.5443784430014,2126.78253860584,2801.734,0.547367051380064,0.154181953371031,-0.00563790412786389,0.7625,0
11,"concordant-collider",0.1,0.7,"full","pooled_all",TRUE,-0.0348532499411317,-0.000128087327766424,0.000233747444888332,0.000128087327766424,0.00010923750447919,3.52280999423959e-06,0.0104535035267439,0.000165325739968282,0.010226942310762,1.67158037364608e-05,-2.16732328450752,1.55549836526915,0.947,0.0050095408971282,0.9475,0.00498717104178311,0.927,0.00581682903307291,1,0,2000,2000,0.00714241028125948,32.8362252187954,3932.10994153308,2801.734,0.547367051380064,0.154181953371031,-0.00563790412786389,0.7625,0
11,"concordant-collider",0.1,0.7,"reduced","minimal",TRUE,-0.0348532499411317,-0.00106782184227092,0.000306919005043647,0.00106782184227092,0.000189444595525138,6.11908839256323e-06,0.0137258351772839,0.000217078786223355,0.0136125793734493,6.72367195007523e-06,-0.825128688868482,1.56924931994276,0.949,0.00491929873051028,0.947,0.0050095408971282,0.7515,0.00966301583357908,1,0,2000,2000,0.156527456719492,5.49731367946217,2638.74265167867,2801.734,0.547367051380064,0.154181953371031,-0.00563790412786389,0,0
11,"concordant-collider",0.1,0.7,"reduced","role_based",FALSE,-0.0348532499411317,NA,NA,NA,NA,NA,NA,NA,NA,NA,NA,NA,NA,NA,NA,NA,NA,NA,NA,NA,0,2000,NA,NA,NA,2801.734,0.547367051380064,0.154181953371031,-0.00563790412786389,0,0
11,"concordant-collider",0.1,0.7,"reduced","all_measured",TRUE,-0.0348532499411317,-0.00108229459514726,0.000307706599456496,0.00108229459514726,0.000190443380937497,6.14086369167071e-06,0.0137610574702005,0.000217635838854076,0.013613931088884,6.83685075300181e-06,-1.06915025705747,1.56541388914286,0.9455,0.00507591124823908,0.943,0.00518415856238985,0.7535,0.0096368498483685,1,0,2000,2000,0.147854269184225,5.73262620722136,2629.12606375418,2801.734,0.547367051380064,0.154181953371031,-0.00563790412786389,0,0
11,"concordant-collider",0.1,0.7,"reduced","oracle",TRUE,-0.0348532499411317,-0.000557576212293201,0.000330874735824258,0.000557576212293201,0.000219157594755254,7.12174455510623e-06,0.0147971680268065,0.000234022282310243,0.0144484436592537,3.938965652503e-05,-2.35669667953408,1.56703765989635,0.947,0.0050095408971282,0.945,0.00509779364038993,0.6965,0.0102807526475448,1,0,2000,2000,0.00994665577460181,25.8733257246945,1982.56497790207,2801.734,0.547367051380064,0.154181953371031,-0.00563790412786389,0,0
11,"concordant-collider",0.1,0.7,"reduced","broad",TRUE,-0.0335628331533101,-0.000471193213887243,0.00024973420194958,0.000471193213887243,0.000124893999119977,4.03227170792747e-06,0.0111684530373184,0.000176632911441778,0.0109206407739046,4.59109206083128e-06,-2.21885934055329,1.54698851011161,0.944,0.00514120608417908,0.9435,0.00516273909857936,0.87,0.00751997340420829,1,0,2000,2000,0.154946475477186,5.5554690791591,3779.90008227355,2801.734,0.547367051380064,0.154181953371031,-0.00563790412786389,0,0
11,"concordant-collider",0.1,0.7,"reduced","policy",TRUE,-0.0348532499411317,-0.00106782184227092,0.000306919005043647,0.00106782184227092,0.000189444595525138,6.11908839256323e-06,0.0137258351772839,0.000217078786223355,0.0136125793734493,6.72367195007523e-06,-0.825128688868482,1.56924931994276,0.949,0.00491929873051028,0.947,0.0050095408971282,0.7515,0.00966301583357908,1,0,2000,2000,0.156527456719492,5.49731367946217,2638.74265167867,2801.734,0.547367051380064,0.154181953371031,-0.00563790412786389,0,0
11,"concordant-collider",0.1,0.7,"reduced","pooled_all",TRUE,-0.0348532499411317,-0.000625867777915401,0.000218046439745787,0.000625867777915401,9.54326659971731e-05,3.07067527842452e-06,0.00975133323046782,0.000154220676147468,0.00962493096452039,3.32119819045885e-06,-1.29625624476134,1.56140503402458,0.9485,0.00494205169944629,0.9485,0.00494205169944629,0.962,0.00427527776875375,1,0,2000,2000,0.141894580912617,5.96696489501658,5271.11426000022,2801.734,0.547367051380064,0.154181953371031,-0.00563790412786389,0,0
12,"discordant-collider",0.1,0.7,"full","minimal",TRUE,-0.0327885687132159,0.000559895970239893,0.000296353697291213,0.000559895970239893,0.000175876685779937,5.59032413645512e-06,0.013253340250531,0.000209606117065418,0.0132055934937062,6.66608635845586e-06,-0.360262061655059,1.57663908477693,0.945,0.00509779364038993,0.9425,0.00520546587732549,0.686,0.0103779574098182,1,0,2000,2000,0.157499036957382,5.48285423072654,2638.37468896934,2800.8475,0.547140784433728,0.143524108089718,0.00575410706903481,0.7695,0
12,"discordant-collider",0.1,0.7,"full","role_based",TRUE,-0.0327885687132159,9.58317089799487e-05,0.000316366618020153,9.58317089799487e-05,0.000200084769874468,6.47413070931961e-06,0.0141483452740954,0.000223760928169425,0.0141359703948344,4.81573312338691e-05,-0.0874652054448144,1.61639467802066,0.956,0.00458606585212206,0.955,0.00463546114210873,0.643,0.0107133328147687,1,0,2000,2000,0.0102032257892813,27.0282934572488,1970.51490551163,2800.8475,0.547140784433728,0.143524108089718,0.00575410706903481,0.7695,0
12,"discordant-collider",0.1,0.7,"full","all_measured",TRUE,-0.0327885687132159,0.000115859866239958,0.000316563925599402,0.000115859866239958,0.000200338648771421,6.47874574568121e-06,0.014157169137289,0.000223900480589158,0.0140942575651091,4.26200069556728e-05,-0.444379604211598,1.60302850395779,0.953,0.00473238840333293,0.9535,0.00470838348055891,0.6455,0.0106964889099181,1,0,2000,2000,0.0096142131950021,27.6391688776847,1954.77927257965,2800.8475,0.547140784433728,0.143524108089718,0.00575410706903481,0.7695,0
12,"discordant-collider",0.1,0.7,"full","oracle",TRUE,-0.0327885687132159,0.000125924485003065,0.000316181282133145,0.000125924485003065,0.000199857092715471,6.46489290365601e-06,0.014140056801255,0.000223629843131567,0.0141236154618452,4.57491799065089e-05,-0.116274917710457,1.61248798398746,0.955,0.00463546114210873,0.9535,0.00470838348055891,0.643,0.0107133328147687,1,0,2000,2000,0.0101350150926416,27.0526245707601,1969.06404173327,2800.8475,0.547140784433728,0.143524108089718,0.00575410706903481,0.7695,0
12,"discordant-collider",0.1,0.7,"full","broad",TRUE,-0.0335628331533101,1.74988148346211e-05,0.000242133381899698,1.74988148346211e-05,0.000117198826894261,3.54528111656635e-06,0.0108285340309929,0.00017125697589,0.0109141565618313,4.52112662319585e-06,0.790712118495485,1.59458634786537,0.9485,0.00494205169944629,0.948,0.00496467521596328,0.864,0.00766498532288223,1,0,2000,2000,0.155467612552912,5.54580515096249,3779.9838999197,2800.8475,0.547140784433728,0.143524108089718,0.00575410706903481,0.7695,0
12,"discordant-collider",0.1,0.7,"full","policy",TRUE,-0.0327885687132159,0.000214849160452342,0.000310761007052291,0.000214849160452342,0.000193094394766551,6.33093001794667e-06,0.0138976547305043,0.000219796171328215,0.0139285076853969,4.22110436260574e-05,0.222001161281793,1.61388325215946,0.9555,0.00461084319837489,0.956,0.00458606585212206,0.654,0.0106368228339105,1,0,2000,2000,0.0432858975995418,22.6341440150617,2110.9108478171,2800.8475,0.547140784433728,0.143524108089718,0.00575410706903481,0.7695,0
12,"discordant-collider",0.1,0.7,"full","pooled_all",TRUE,-0.0327885687132159,-0.000167428753678714,0.000229063113665655,0.000167428753678714,0.000104915382561926,3.39270061807411e-06,0.0102440138658833,0.00016201258920415,0.00994455833166855,1.76954158625195e-05,-2.92322460839353,1.54498946552049,0.9435,0.00516273909857936,0.943,0.00518415856238985,0.9135,0.00628560856242258,1,0,2000,2000,0.00724480207308534,32.3990236941669,3935.43807424699,2800.8475,0.547140784433728,0.143524108089718,0.00575410706903481,0.7695,0
12,"discordant-collider",0.1,0.7,"reduced","minimal",TRUE,-0.0327885687132159,0.000559895970239893,0.000296353697291213,0.000559895970239893,0.000175876685779937,5.59032413645512e-06,0.013253340250531,0.000209606117065418,0.0132055934937062,6.66608635845586e-06,-0.360262061655059,1.57663908477693,0.945,0.00509779364038993,0.9425,0.00520546587732549,0.686,0.0103779574098182,1,0,2000,2000,0.157499036957382,5.48285423072654,2638.37468896934,2800.8475,0.547140784433728,0.143524108089718,0.00575410706903481,0,0
12,"discordant-collider",0.1,0.7,"reduced","role_based",FALSE,-0.0327885687132159,NA,NA,NA,NA,NA,NA,NA,NA,NA,NA,NA,NA,NA,NA,NA,NA,NA,NA,NA,0,2000,NA,NA,NA,2800.8475,0.547140784433728,0.143524108089718,0.00575410706903481,0,0
12,"discordant-collider",0.1,0.7,"reduced","all_measured",TRUE,-0.0327885687132159,0.000527943370732024,0.000296811516416146,0.000527943370732024,0.000176384779680926,5.61384483014976e-06,0.0132738145442259,0.000209929925035328,0.0132054926929579,6.75108124007344e-06,-0.514711509945975,1.57421573965979,0.9425,0.00520546587732549,0.9425,0.00520546587732549,0.6875,0.0103644524698606,1,0,2000,2000,0.148679640202002,5.72800152172847,2628.96279603834,2800.8475,0.547140784433728,0.143524108089718,0.00575410706903481,0,0
12,"discordant-collider",0.1,0.7,"reduced","oracle",TRUE,-0.0327885687132159,0.000125924485003065,0.000316181282133145,0.000125924485003065,0.000199857092715471,6.46489290365601e-06,0.014140056801255,0.000223629843131567,0.0141236154618452,4.57491799065089e-05,-0.116274917710457,1.61248798398746,0.955,0.00463546114210873,0.9535,0.00470838348055891,0.643,0.0107133328147687,1,0,2000,2000,0.0101350150926416,27.0526245707601,1969.06404173327,2800.8475,0.547140784433728,0.143524108089718,0.00575410706903481,0,0
12,"discordant-collider",0.1,0.7,"reduced","broad",TRUE,-0.0335628331533101,1.74988148346211e-05,0.000242133381899698,1.74988148346211e-05,0.000117198826894261,3.54528111656635e-06,0.0108285340309929,0.00017125697589,0.0109141565618313,4.52112662319585e-06,0.790712118495485,1.59458634786537,0.9485,0.00494205169944629,0.948,0.00496467521596328,0.864,0.00766498532288223,1,0,2000,2000,0.155467612552912,5.54580515096249,3779.9838999197,2800.8475,0.547140784433728,0.143524108089718,0.00575410706903481,0,0
12,"discordant-collider",0.1,0.7,"reduced","policy",TRUE,-0.0327885687132159,0.000559895970239893,0.000296353697291213,0.000559895970239893,0.000175876685779937,5.59032413645512e-06,0.013253340250531,0.000209606117065418,0.0132055934937062,6.66608635845586e-06,-0.360262061655059,1.57663908477693,0.945,0.00509779364038993,0.9425,0.00520546587732549,0.686,0.0103779574098182,1,0,2000,2000,0.157499036957382,5.48285423072654,2638.37468896934,2800.8475,0.547140784433728,0.143524108089718,0.00575410706903481,0,0
12,"discordant-collider",0.1,0.7,"reduced","pooled_all",TRUE,-0.0327885687132159,0.000204795371157453,0.000210373140505814,0.000204795371157453,8.85114007783592e-05,2.80785496956252e-06,0.0094081728562223,0.000148793477251443,0.00933877411021655,3.42179574978144e-06,-0.737643186050185,1.57028943939821,0.9445,0.00511955808639769,0.948,0.00496467521596328,0.9355,0.00549271107923947,1,0,2000,2000,0.142463014519678,5.96923000894183,5269.63928534592,2800.8475,0.547140784433728,0.143524108089718,0.00575410706903481,0,0
13,"noncollider",0.45,0.7,"full","minimal",TRUE,-0.0380610388679735,-0.000350432175550759,0.000318106255894819,0.000350432175550759,0.000202404791198463,6.50554188068699e-06,0.0142261442449752,0.000224991345550215,0.0140793015084974,6.34924695990681e-06,-1.03220334300782,1.56584579246547,0.9515,0.00480352734977121,0.9515,0.00480352734977121,0.7815,0.00924006899324891,1,0,2000,2000,0.165810972843575,5.26021406286788,2648.11615757195,2799.075,0.538407697356863,0.168422359718058,-0.000273156602129823,5e-04,0
13,"noncollider",0.45,0.7,"full","role_based",TRUE,-0.0380610388679735,-0.000391316038996108,0.000345067501125245,0.000391316038996108,0.000238177217327685,7.77970506124769e-06,0.0154318877868407,0.000244060592789756,0.0150014504488652,3.61831260419122e-05,-2.78927208337102,1.55519752875933,0.942,0.00522666241496426,0.9425,0.00520546587732549,0.73,0.00992723526466458,1,0,2000,2000,0.0103844335188011,25.9400125180328,1987.01859570706,2799.075,0.538407697356863,0.168422359718058,-0.000273156602129823,5e-04,0
13,"noncollider",0.45,0.7,"full","all_measured",TRUE,-0.0380610388679735,-0.000329050683978531,0.000346075092559732,0.000329050683978531,0.000239524445763391,7.77930259184098e-06,0.0154769486456619,0.000244773245711253,0.0149872011175634,3.33640262145592e-05,-3.1643674687498,1.54658627656379,0.9425,0.00520546587732549,0.9425,0.00520546587732549,0.723,0.0100067727065223,1,0,2000,2000,0.00979095827435925,26.6013792282286,1970.54111002402,2799.075,0.538407697356863,0.168422359718058,-0.000273156602129823,5e-04,0
13,"noncollider",0.45,0.7,"full","oracle",TRUE,-0.0380610388679735,-0.000376938558805634,0.000345373680407172,0.000376938558805634,0.000238588757933987,7.7684243248268e-06,0.0154455805405945,0.000244277148381932,0.0149974459242604,3.44887370118742e-05,-2.90137761514566,1.55179702821055,0.944,0.00514120608417908,0.9435,0.00516273909857936,0.7305,0.00992143512804473,1,0,2000,2000,0.0103224580103148,26.0060076572365,1985.04035683478,2799.075,0.538407697356863,0.168422359718058,-0.000273156602129823,5e-04,0
13,"noncollider",0.45,0.7,"full","broad",TRUE,-0.0335628331533101,-0.000211210116485241,0.000243859597970155,0.000211210116485241,0.000118920149254115,3.85417298735699e-06,0.0109057327605407,0.000172477900248466,0.0109136192444236,4.54469410767138e-06,0.0723150296824127,1.58322648185838,0.9495,0.00489641450451246,0.95,0.00487339717240448,0.874,0.0074203773488954,1,0,2000,2000,0.155923882941458,5.5495113892671,3780.53916572264,2799.075,0.538407697356863,0.168422359718058,-0.000273156602129823,5e-04,0
13,"noncollider",0.45,0.7,"full","policy",TRUE,-0.0380610388679735,-0.000352563883758095,0.000318111709090471,0.000352563883758095,0.000202413225153591,6.50541609467724e-06,0.0142263881192986,0.000224995202506199,0.0140796547940204,6.36796558137128e-06,-1.03141657634931,1.56586196431078,0.9515,0.00480352734977121,0.9515,0.00480352734977121,0.7815,0.00924006899324891,1,0,2000,2000,0.165715384745309,5.2665107672768,2647.84357722609,2799.075,0.538407697356863,0.168422359718058,-0.000273156602129823,5e-04,0
13,"noncollider",0.45,0.7,"full","pooled_all",TRUE,-0.0380610388679735,-8.2381442164034e-06,0.000241794506004795,8.2381442164034e-06,0.000116870769552092,3.79985084622395e-06,0.0108133790402541,0.000171017294518899,0.010612230734856,1.85912586678442e-05,-1.86017991831472,1.56160812682834,0.9485,0.00494205169944629,0.9485,0.00494205169944629,0.947,0.0050095408971282,1,0,2000,2000,0.00752117592248019,32.1643772100701,3953.51487004777,2799.075,0.538407697356863,0.168422359718058,-0.000273156602129823,5e-04,0
13,"noncollider",0.45,0.7,"reduced","minimal",TRUE,-0.0380610388679735,-0.000350432175550759,0.000318106255894819,0.000350432175550759,0.000202404791198463,6.50554188068699e-06,0.0142261442449752,0.000224991345550215,0.0140793015084974,6.34924695990681e-06,-1.03220334300782,1.56584579246547,0.9515,0.00480352734977121,0.9515,0.00480352734977121,0.7815,0.00924006899324891,1,0,2000,2000,0.165810972843575,5.26021406286788,2648.11615757195,2799.075,0.538407697356863,0.168422359718058,-0.000273156602129823,0,0
13,"noncollider",0.45,0.7,"reduced","role_based",FALSE,-0.0380610388679735,NA,NA,NA,NA,NA,NA,NA,NA,NA,NA,NA,NA,NA,NA,NA,NA,NA,NA,NA,0,2000,NA,NA,NA,2799.075,0.538407697356863,0.168422359718058,-0.000273156602129823,0,0
13,"noncollider",0.45,0.7,"reduced","all_measured",TRUE,-0.0380610388679735,-0.000346387332549776,0.00031871248624277,0.000346387332549776,0.000203173704309359,6.53455669476959e-06,0.014253255690336,0.000225420122347814,0.0140787167603831,6.44265130229419e-06,-1.22455482273562,1.56282132060856,0.9525,0.00475624589355933,0.9515,0.00480352734977121,0.7805,0.00925526201682049,1,0,2000,2000,0.15685593204902,5.50168210521459,2638.77060592434,2799.075,0.538407697356863,0.168422359718058,-0.000273156602129823,0,0
13,"noncollider",0.45,0.7,"reduced","oracle",TRUE,-0.0380610388679735,-0.000376938558805634,0.000345373680407172,0.000376938558805634,0.000238588757933987,7.7684243248268e-06,0.0154455805405945,0.000244277148381932,0.0149974459242604,3.44887370118742e-05,-2.90137761514566,1.55179702821055,0.944,0.00514120608417908,0.9435,0.00516273909857936,0.7305,0.00992143512804473,1,0,2000,2000,0.0103224580103148,26.0060076572365,1985.04035683478,2799.075,0.538407697356863,0.168422359718058,-0.000273156602129823,0,0
13,"noncollider",0.45,0.7,"reduced","broad",TRUE,-0.0335628331533101,-0.000211210116485241,0.000243859597970155,0.000211210116485241,0.000118920149254115,3.85417298735699e-06,0.0109057327605407,0.000172477900248466,0.0109136192444236,4.54469410767138e-06,0.0723150296824127,1.58322648185838,0.9495,0.00489641450451246,0.95,0.00487339717240448,0.874,0.0074203773488954,1,0,2000,2000,0.155923882941458,5.5495113892671,3780.53916572264,2799.075,0.538407697356863,0.168422359718058,-0.000273156602129823,0,0
13,"noncollider",0.45,0.7,"reduced","policy",TRUE,-0.0380610388679735,-0.000350432175550759,0.000318106255894819,0.000350432175550759,0.000202404791198463,6.50554188068699e-06,0.0142261442449752,0.000224991345550215,0.0140793015084974,6.34924695990681e-06,-1.03220334300782,1.56584579246547,0.9515,0.00480352734977121,0.9515,0.00480352734977121,0.7815,0.00924006899324891,1,0,2000,2000,0.165810972843575,5.26021406286788,2648.11615757195,2799.075,0.538407697356863,0.168422359718058,-0.000273156602129823,0,0
13,"noncollider",0.45,0.7,"reduced","pooled_all",TRUE,-0.0380610388679735,-7.79622856855941e-05,0.000223485192357212,7.79622856855941e-05,9.98473948926665e-05,3.18250135686559e-06,0.00999456164150686,0.000158067416805608,0.00995847964756488,3.17571905050356e-06,-0.361016273011205,1.57614498007302,0.954,0.00468422885862764,0.9535,0.00470838348055891,0.9715,0.0037207358143249,1,0,2000,2000,0.151612155434097,5.68233546551512,5291.35074480828,2799.075,0.538407697356863,0.168422359718058,-0.000273156602129823,0,0
14,"concordant-collider",0.45,0.7,"full","minimal",TRUE,-0.0377256629164887,-0.00647717256164834,0.000320452559299438,0.00647717256164834,0.000247230760073728,7.78146969348448e-06,0.0143310741231465,0.000226650847525708,0.0142345443853335,6.82312508072319e-06,-0.673569454624079,1.57160286479015,0.9235,0.00594338918463195,0.951,0.00482695556225661,0.8755,0.00738240306404358,1,0,2000,2000,0.133011717065582,6.25448095568431,2590.31893316713,2800.252,0.573258679787291,0.165697303239535,-0.0749853515241351,1,0
14,"concordant-collider",0.45,0.7,"full","role_based",TRUE,-0.0377256629164887,0.000203109851448349,0.000338808959307701,0.000203109851448349,0.000229509483915182,7.02379741569835e-06,0.0151519972879596,0.000239634028650831,0.0149908965476016,3.55190386443407e-05,-1.0632310532819,1.5821811291581,0.946,0.00505390937789747,0.945,0.00509779364038993,0.711,0.0101360495263194,1,0,2000,2000,0.00932329227518334,27.3591825095062,1952.06859670317,2800.252,0.573258679787291,0.165697303239535,-0.0749853515241351,1,0
14,"concordant-collider",0.45,0.7,"full","all_measured",TRUE,-0.0377256629164887,0.000215455529274836,0.000340465834994,0.000215455529274836,0.000231764473696619,7.0934321786978e-06,0.0152260950212562,0.000240805909691087,0.0149748180312983,3.78528244078599e-05,-1.65030488517995,1.57517609688533,0.9425,0.00520546587732549,0.9435,0.00516273909857936,0.7075,0.0101721126124321,1,0,2000,2000,0.0088065928495882,28.1662553504687,1934.48581299431,2800.252,0.573258679787291,0.165697303239535,-0.0749853515241351,1,0
14,"concordant-collider",0.45,0.7,"full","oracle",TRUE,-0.0377256629164887,0.000206529081736864,0.000339060876542058,0.000206529081736864,0.00022985224798654,6.97982787098517e-06,0.0151632633691741,0.000239812205585346,0.0149859609213487,3.46300647404498e-05,-1.16928950918237,1.57963822502202,0.9465,0.00503178646208283,0.9465,0.00503178646208283,0.709,0.0101567465263243,1,0,2000,2000,0.00927129443373624,27.3880598353336,1950.83002852585,2800.252,0.573258679787291,0.165697303239535,-0.0749853515241351,1,0
14,"concordant-collider",0.45,0.7,"full","broad",TRUE,-0.0335628331533101,0.000132978418821983,0.000246800919931031,0.000132978418821983,0.0001217781607234,3.78124939614112e-06,0.0110372726775054,0.000174558249104896,0.0109214654152454,4.55952467078489e-06,-1.0492380286659,1.56548534938994,0.9445,0.00511955808639769,0.9435,0.00516273909857936,0.8655,0.00762921195144033,1,0,2000,2000,0.15547278894133,5.53769393355478,3779.1960028854,2800.252,0.573258679787291,0.165697303239535,-0.0749853515241351,1,0
14,"concordant-collider",0.45,0.7,"full","policy",TRUE,-0.0377256629164887,0.000215455529274836,0.000340465834994,0.000215455529274836,0.000231764473696619,7.0934321786978e-06,0.0152260950212562,0.000240805909691087,0.0149748180312983,3.78528244078599e-05,-1.65030488517995,1.57517609688533,0.9425,0.00520546587732549,0.9435,0.00516273909857936,0.7075,0.0101721126124321,1,0,2000,2000,0.0088065928495882,28.1662553504687,1934.48581299431,2800.252,0.573258679787291,0.165697303239535,-0.0749853515241351,1,0
14,"concordant-collider",0.45,0.7,"full","pooled_all",TRUE,-0.0377256629164887,7.85195056038912e-05,0.000239288621944673,7.85195056038912e-05,0.000114466995452529,3.45624661147142e-06,0.0107013124982107,0.000169244923759029,0.0106108970173065,1.92731602929005e-05,-0.844900856033448,1.57848007203864,0.95,0.00487339717240448,0.9505,0.0048502448391808,0.949,0.00491929873051028,1,0,2000,2000,0.00670359018038128,33.5556679685525,3889.41132414934,2800.252,0.573258679787291,0.165697303239535,-0.0749853515241351,1,0
14,"concordant-collider",0.45,0.7,"reduced","minimal",TRUE,-0.0377256629164887,-0.00647717256164834,0.000320452559299438,0.00647717256164834,0.000247230760073728,7.78146969348448e-06,0.0143310741231465,0.000226650847525708,0.0142345443853335,6.82312508072319e-06,-0.673569454624079,1.57160286479015,0.9235,0.00594338918463195,0.951,0.00482695556225661,0.8755,0.00738240306404358,1,0,2000,2000,0.133011717065582,6.25448095568431,2590.31893316713,2800.252,0.573258679787291,0.165697303239535,-0.0749853515241351,0,0
14,"concordant-collider",0.45,0.7,"reduced","role_based",FALSE,-0.0377256629164887,NA,NA,NA,NA,NA,NA,NA,NA,NA,NA,NA,NA,NA,NA,NA,NA,NA,NA,NA,0,2000,NA,NA,NA,2800.252,0.573258679787291,0.165697303239535,-0.0749853515241351,0,0
14,"concordant-collider",0.45,0.7,"reduced","all_measured",TRUE,-0.0377256629164887,-0.00648707565918174,0.000321297692286283,0.00648707565918174,0.000248443332537862,7.78854634403395e-06,0.0143688696193188,0.000227248596247576,0.0142355748172083,6.90139588209822e-06,-0.927663801272549,1.56759892166206,0.92,0.00606630035524124,0.949,0.00491929873051028,0.878,0.0073183331435512,1,0,2000,2000,0.125657019094909,6.52630304582551,2580.61337124412,2800.252,0.573258679787291,0.165697303239535,-0.0749853515241351,0,0
14,"concordant-collider",0.45,0.7,"reduced","oracle",TRUE,-0.0377256629164887,0.000206529081736864,0.000339060876542058,0.000206529081736864,0.00022985224798654,6.97982787098517e-06,0.0151632633691741,0.000239812205585346,0.0149859609213487,3.46300647404498e-05,-1.16928950918237,1.57963822502202,0.9465,0.00503178646208283,0.9465,0.00503178646208283,0.709,0.0101567465263243,1,0,2000,2000,0.00927129443373624,27.3880598353336,1950.83002852585,2800.252,0.573258679787291,0.165697303239535,-0.0749853515241351,0,0
14,"concordant-collider",0.45,0.7,"reduced","broad",TRUE,-0.0335628331533101,0.000132978418821983,0.000246800919931031,0.000132978418821983,0.0001217781607234,3.78124939614112e-06,0.0110372726775054,0.000174558249104896,0.0109214654152454,4.55952467078489e-06,-1.0492380286659,1.56548534938994,0.9445,0.00511955808639769,0.9435,0.00516273909857936,0.8655,0.00762921195144033,1,0,2000,2000,0.15547278894133,5.53769393355478,3779.1960028854,2800.252,0.573258679787291,0.165697303239535,-0.0749853515241351,0,0
14,"concordant-collider",0.45,0.7,"reduced","policy",TRUE,-0.0377256629164887,-0.00647717256164834,0.000320452559299438,0.00647717256164834,0.000247230760073728,7.78146969348448e-06,0.0143310741231465,0.000226650847525708,0.0142345443853335,6.82312508072319e-06,-0.673569454624079,1.57160286479015,0.9235,0.00594338918463195,0.951,0.00482695556225661,0.8755,0.00738240306404358,1,0,2000,2000,0.133011717065582,6.25448095568431,2590.31893316713,2800.252,0.573258679787291,0.165697303239535,-0.0749853515241351,0,0
14,"concordant-collider",0.45,0.7,"reduced","pooled_all",TRUE,-0.0377256629164887,-0.00653645622770995,0.000225654433727569,0.00653645622770995,0.000144514187015127,4.45004350852053e-06,0.0100915730647813,0.000159601685703801,0.0100683341829084,3.3269928596488e-06,-0.230280073520528,1.57823667953597,0.901,0.00667828570817392,0.949,0.00491929873051028,0.995,0.00157718102955875,1,0,2000,2000,0.120848743254931,6.80437833293429,5174.52040708202,2800.252,0.573258679787291,0.165697303239535,-0.0749853515241351,0,0
15,"discordant-collider",0.45,0.7,"full","minimal",TRUE,-0.0297454724398141,0.00593798217644462,0.000269103501749433,0.00593798217644462,0.000180020604940734,5.29854722860658e-06,0.0120346744578993,0.000190332500002449,0.0125726150939493,7.26099145755661e-06,4.46992262176982,1.65332885225755,0.937,0.00543281694887652,0.96,0.00438178046004133,0.471,0.0111615187138669,1,0,2000,2000,0.132746727797486,6.25182779799267,2588.86555004157,2799.7495,0.573457039782701,0.125565181905051,0.0753164644203002,1,0
15,"discordant-collider",0.45,0.7,"full","role_based",TRUE,-0.0297454724398141,-1.50156882945014e-05,0.000299923120670061,1.50156882945014e-05,0.000179818028217518,5.61705217656108e-06,0.0134129697168426,0.000212130711769116,0.0134659634752182,2.94013559076854e-05,0.395093402090207,1.60284224884616,0.9525,0.00475624589355933,0.9525,0.00475624589355933,0.6065,0.0109237756751043,1,0,2000,2000,0.00945772849820959,27.9444870186614,1949.19111013895,2799.7495,0.573457039782701,0.125565181905051,0.0753164644203002,1,0
15,"discordant-collider",0.45,0.7,"full","all_measured",TRUE,-0.0297454724398141,-3.7562913070343e-05,0.000302124060826678,3.7562913070343e-05,0.000182468028285112,5.67484048443032e-06,0.0135113987529347,0.000213687400699737,0.0134488843737996,2.78385365158261e-05,-0.46267881126264,1.58764292976736,0.9485,0.00494205169944629,0.948,0.00496467521596328,0.605,0.0109310338028935,1,0,2000,2000,0.00892461601769909,28.8381830815546,1930.48251999686,2799.7495,0.573457039782701,0.125565181905051,0.0753164644203002,1,0
15,"discordant-collider",0.45,0.7,"full","oracle",TRUE,-0.0297454724398141,-3.7095550654509e-05,0.000299780332411936,3.7095550654509e-05,0.000179648003234199,5.56642499058197e-06,0.0134065840318114,0.000212029719972416,0.0134672769170177,2.86059697572158e-05,0.45270954228358,1.60295868055665,0.9515,0.00480352734977121,0.9515,0.00480352734977121,0.6115,0.0108988015396189,1,0,2000,2000,0.009383969249915,27.9902755381734,1947.3540045309,2799.7495,0.573457039782701,0.125565181905051,0.0753164644203002,1,0
15,"discordant-collider",0.45,0.7,"full","broad",TRUE,-0.0335628331533101,-0.000207843853009489,0.000239179252083538,0.000207843853009489,0.000114399421607088,3.62875974914871e-06,0.010696421329327,0.000169167568247267,0.0109226825085659,4.5601359188978e-06,2.11529793257594,1.61555102957131,0.952,0.00477995815881269,0.952,0.00477995815881269,0.881,0.00724013121428058,1,0,2000,2000,0.154470001502007,5.5499046917943,3778.55904905399,2799.7495,0.573457039782701,0.125565181905051,0.0753164644203002,1,0
15,"discordant-collider",0.45,0.7,"full","policy",TRUE,-0.0297454724398141,-3.7562913070343e-05,0.000302124060826678,3.7562913070343e-05,0.000182468028285112,5.67484048443032e-06,0.0135113987529347,0.000213687400699737,0.0134488843737996,2.78385365158261e-05,-0.46267881126264,1.58764292976736,0.9485,0.00494205169944629,0.948,0.00496467521596328,0.605,0.0109310338028935,1,0,2000,2000,0.00892461601769909,28.8381830815546,1930.48251999686,2799.7495,0.573457039782701,0.125565181905051,0.0753164644203002,1,0
15,"discordant-collider",0.45,0.7,"full","pooled_all",TRUE,-0.0297454724398141,-9.73949092726578e-06,0.000216824476327978,9.73949092726578e-06,9.39787890739521e-05,3.10835340869748e-06,0.00969668536510304,0.000153356401432679,0.00957603381621588,1.98401629504963e-05,-1.24425558161725,1.57520102321966,0.949,0.00491929873051028,0.949,0.00491929873051028,0.884,0.00716044691342656,1,0,2000,2000,0.00672506268719362,35.1435556337782,3868.30411071807,2799.7495,0.573457039782701,0.125565181905051,0.0753164644203002,1,0
15,"discordant-collider",0.45,0.7,"reduced","minimal",TRUE,-0.0297454724398141,0.00593798217644462,0.000269103501749433,0.00593798217644462,0.000180020604940734,5.29854722860658e-06,0.0120346744578993,0.000190332500002449,0.0125726150939493,7.26099145755661e-06,4.46992262176982,1.65332885225755,0.937,0.00543281694887652,0.96,0.00438178046004133,0.471,0.0111615187138669,1,0,2000,2000,0.132746727797486,6.25182779799267,2588.86555004157,2799.7495,0.573457039782701,0.125565181905051,0.0753164644203002,0,0
15,"discordant-collider",0.45,0.7,"reduced","role_based",FALSE,-0.0297454724398141,NA,NA,NA,NA,NA,NA,NA,NA,NA,NA,NA,NA,NA,NA,NA,NA,NA,NA,NA,0,2000,NA,NA,NA,2799.7495,0.573457039782701,0.125565181905051,0.0753164644203002,0,0
15,"discordant-collider",0.45,0.7,"reduced","all_measured",TRUE,-0.0297454724398141,0.00594068250037491,0.000270296450129686,0.00594068250037491,0.000181338990304727,5.33717391455778e-06,0.0120880247313372,0.000191176252856318,0.0125705228058155,7.30254036218466e-06,3.99153778389809,1.64577093531457,0.9365,0.005452877680638,0.959,0.00443390347211123,0.4695,0.0111595194789023,1,0,2000,2000,0.125490818404067,6.52606524443353,2578.77450786797,2799.7495,0.573457039782701,0.125565181905051,0.0753164644203002,0,0
15,"discordant-collider",0.45,0.7,"reduced","oracle",TRUE,-0.0297454724398141,-3.7095550654509e-05,0.000299780332411936,3.7095550654509e-05,0.000179648003234199,5.56642499058197e-06,0.0134065840318114,0.000212029719972416,0.0134672769170177,2.86059697572158e-05,0.45270954228358,1.60295868055665,0.9515,0.00480352734977121,0.9515,0.00480352734977121,0.6115,0.0108988015396189,1,0,2000,2000,0.009383969249915,27.9902755381734,1947.3540045309,2799.7495,0.573457039782701,0.125565181905051,0.0753164644203002,0,0
15,"discordant-collider",0.45,0.7,"reduced","broad",TRUE,-0.0335628331533101,-0.000207843853009489,0.000239179252083538,0.000207843853009489,0.000114399421607088,3.62875974914871e-06,0.010696421329327,0.000169167568247267,0.0109226825085659,4.5601359188978e-06,2.11529793257594,1.61555102957131,0.952,0.00477995815881269,0.952,0.00477995815881269,0.881,0.00724013121428058,1,0,2000,2000,0.154470001502007,5.5499046917943,3778.55904905399,2799.7495,0.573457039782701,0.125565181905051,0.0753164644203002,0,0
15,"discordant-collider",0.45,0.7,"reduced","policy",TRUE,-0.0297454724398141,0.00593798217644462,0.000269103501749433,0.00593798217644462,0.000180020604940734,5.29854722860658e-06,0.0120346744578993,0.000190332500002449,0.0125726150939493,7.26099145755661e-06,4.46992262176982,1.65332885225755,0.937,0.00543281694887652,0.96,0.00438178046004133,0.471,0.0111615187138669,1,0,2000,2000,0.132746727797486,6.25182779799267,2588.86555004157,2799.7495,0.573457039782701,0.125565181905051,0.0753164644203002,0,0
15,"discordant-collider",0.45,0.7,"reduced","pooled_all",TRUE,-0.0297454724398141,0.00594848196167275,0.000196335103585467,0.00594848196167275,0.000112440835975278,3.33879803619022e-06,0.00878037275973133,0.000138864603621756,0.00888474148513487,3.63076560508558e-06,1.1886593913438,1.60086746170756,0.907,0.00649426670225361,0.9505,0.0048502448391808,0.7735,0.00935942706579842,1,0,2000,2000,0.120351196389221,6.8247013286051,5172.66005418528,2799.7495,0.573457039782701,0.125565181905051,0.0753164644203002,0,0
16,"noncollider",1.1,0.7,"full","minimal",TRUE,-0.0413872089010204,0.00062707239858209,0.00032819169712384,0.00062707239858209,0.000215705090125055,7.18883931675899e-06,0.0146771788883986,0.000232124612974341,0.014470819103632,6.1881251700127e-06,-1.40599079929231,1.55986793143084,0.944,0.00514120608417908,0.9455,0.00507591124823908,0.807,0.00882470962695091,1,0,2000,2000,0.162474657404323,5.33157279937752,2646.32153914704,2799.961,0.539703332204154,0.180793640838466,-7.61116436220502e-05,0,0
16,"noncollider",1.1,0.7,"full","role_based",TRUE,-0.0413872089010204,0.000693136350814798,0.000361182298792783,0.000693136350814798,0.000261255291270338,8.87821743844538e-06,0.0161525634474061,0.000255458325287314,0.0155860326800674,5.05984780366053e-05,-3.50737373162683,1.55788284275334,0.9465,0.00503178646208283,0.946,0.00505390937789747,0.7355,0.00986254911267873,1,0,2000,2000,0.0102187770123443,26.1132332171928,1985.30906475011,2799.961,0.539703332204154,0.180793640838466,-7.61116436220502e-05,0,0
16,"noncollider",1.1,0.7,"full","all_measured",TRUE,-0.0413872089010204,0.000723705299792557,0.000362434947961159,0.000723705299792557,0.000263110573276659,8.8638536988806e-06,0.016208583621255,0.000256344303530974,0.0155616118455887,4.7686462108268e-05,-3.99153800716959,1.54664654986963,0.943,0.00518415856238985,0.9445,0.00511955808639769,0.74,0.00980815986819138,1,0,2000,2000,0.00964919228605728,26.8094998543502,1969.35397231718,2799.961,0.539703332204154,0.180793640838466,-7.61116436220502e-05,0,0
16,"noncollider",1.1,0.7,"full","oracle",TRUE,-0.0413872089010204,0.000669883323053559,0.00036096842247208,0.000669883323053559,0.000260914849508447,8.84277697887421e-06,0.0161429986075687,0.000255307054068076,0.0155796481213215,4.86926338868677e-05,-3.4897511914734,1.55586131916443,0.9435,0.00516273909857936,0.945,0.00509779364038993,0.735,0.00986851052591018,1,0,2000,2000,0.0101450409208053,26.1675733790373,1983.51416058135,2799.961,0.539703332204154,0.180793640838466,-7.61116436220502e-05,0,0
16,"noncollider",1.1,0.7,"full","broad",TRUE,-0.0335628331533101,0.000397377854884959,0.000246346653141929,0.000397377854884959,0.000121470569514498,4.0213498000496e-06,0.0110169572490983,0.000174236953643945,0.0109171512754489,4.55078740609574e-06,-0.905930479648354,1.56775093678521,0.9445,0.00511955808639769,0.945,0.00509779364038993,0.8685,0.00755671059390261,1,0,2000,2000,0.153958592735447,5.56756318444646,3778.74013884196,2799.961,0.539703332204154,0.180793640838466,-7.61116436220502e-05,0,0
16,"noncollider",1.1,0.7,"full","policy",TRUE,-0.0413872089010204,0.00062707239858209,0.00032819169712384,0.00062707239858209,0.000215705090125055,7.18883931675899e-06,0.0146771788883986,0.000232124612974341,0.014470819103632,6.1881251700127e-06,-1.40599079929231,1.55986793143084,0.944,0.00514120608417908,0.9455,0.00507591124823908,0.807,0.00882470962695091,1,0,2000,2000,0.162474657404323,5.33157279937752,2646.32153914704,2799.961,0.539703332204154,0.180793640838466,-7.61116436220502e-05,0,0
16,"noncollider",1.1,0.7,"full","pooled_all",TRUE,-0.0413872089010204,0.000591141909679592,0.000251631558576043,0.000591141909679592,0.000126923012858925,4.14287046145533e-06,0.011253305405205,0.000177974880712944,0.0110522051056545,2.72896127658053e-05,-1.78703316322959,1.57208803393693,0.946,0.00505390937789747,0.947,0.0050095408971282,0.961,0.00432891441356837,1,0,2000,2000,0.00738625126887733,32.9923260931458,3939.22041598412,2799.961,0.539703332204154,0.180793640838466,-7.61116436220502e-05,0,0
16,"noncollider",1.1,0.7,"reduced","minimal",TRUE,-0.0413872089010204,0.00062707239858209,0.00032819169712384,0.00062707239858209,0.000215705090125055,7.18883931675899e-06,0.0146771788883986,0.000232124612974341,0.014470819103632,6.1881251700127e-06,-1.40599079929231,1.55986793143084,0.944,0.00514120608417908,0.9455,0.00507591124823908,0.807,0.00882470962695091,1,0,2000,2000,0.162474657404323,5.33157279937752,2646.32153914704,2799.961,0.539703332204154,0.180793640838466,-7.61116436220502e-05,0,0
16,"noncollider",1.1,0.7,"reduced","role_based",FALSE,-0.0413872089010204,NA,NA,NA,NA,NA,NA,NA,NA,NA,NA,NA,NA,NA,NA,NA,NA,NA,NA,NA,0,2000,NA,NA,NA,2799.961,0.539703332204154,0.180793640838466,-7.61116436220502e-05,0,0
16,"noncollider",1.1,0.7,"reduced","all_measured",TRUE,-0.0413872089010204,0.000658565053751094,0.000329100955913205,0.000658565053751094,0.00021694027885681,7.22693918260667e-06,0.0147178421776418,0.000232767716826219,0.0144691878823287,6.26165649511617e-06,-1.68947521186756,1.55539660335644,0.9455,0.00507591124823908,0.946,0.00505390937789747,0.8045,0.00886791266307918,1,0,2000,2000,0.153804989338276,5.56759999471859,2636.96298683591,2799.961,0.539703332204154,0.180793640838466,-7.61116436220502e-05,0,0
16,"noncollider",1.1,0.7,"reduced","oracle",TRUE,-0.0413872089010204,0.000669883323053559,0.00036096842247208,0.000669883323053559,0.000260914849508447,8.84277697887421e-06,0.0161429986075687,0.000255307054068076,0.0155796481213215,4.86926338868677e-05,-3.4897511914734,1.55586131916443,0.9435,0.00516273909857936,0.945,0.00509779364038993,0.735,0.00986851052591018,1,0,2000,2000,0.0101450409208053,26.1675733790373,1983.51416058135,2799.961,0.539703332204154,0.180793640838466,-7.61116436220502e-05,0,0
16,"noncollider",1.1,0.7,"reduced","broad",TRUE,-0.0335628331533101,0.000397377854884959,0.000246346653141929,0.000397377854884959,0.000121470569514498,4.0213498000496e-06,0.0110169572490983,0.000174236953643945,0.0109171512754489,4.55078740609574e-06,-0.905930479648354,1.56775093678521,0.9445,0.00511955808639769,0.945,0.00509779364038993,0.8685,0.00755671059390261,1,0,2000,2000,0.153958592735447,5.56756318444646,3778.74013884196,2799.961,0.539703332204154,0.180793640838466,-7.61116436220502e-05,0,0
16,"noncollider",1.1,0.7,"reduced","policy",TRUE,-0.0413872089010204,0.00062707239858209,0.00032819169712384,0.00062707239858209,0.000215705090125055,7.18883931675899e-06,0.0146771788883986,0.000232124612974341,0.014470819103632,6.1881251700127e-06,-1.40599079929231,1.55986793143084,0.944,0.00514120608417908,0.9455,0.00507591124823908,0.807,0.00882470962695091,1,0,2000,2000,0.162474657404323,5.33157279937752,2646.32153914704,2799.961,0.539703332204154,0.180793640838466,-7.61116436220502e-05,0,0
16,"noncollider",1.1,0.7,"reduced","pooled_all",TRUE,-0.0413872089010204,0.0004046575881195,0.000230267696029939,0.0004046575881195,0.00010615714822166,3.39434301532432e-06,0.010297884426904,0.000162864570584409,0.0102303010904662,3.10689144371736e-06,-0.656283695137083,1.57144455729231,0.95,0.00487339717240448,0.9505,0.0048502448391808,0.9825,0.00293204280323463,1,0,2000,2000,0.148617749909872,5.76840708358395,5287.49717416886,2799.961,0.539703332204154,0.180793640838466,-7.61116436220502e-05,0,0
17,"concordant-collider",1.1,0.7,"full","minimal",TRUE,-0.0398539600553538,-0.0179981644495436,0.000328408805742426,0.0179981644495436,0.00053953075858746,1.37063351362975e-05,0.0146868882809918,0.000232278170344939,0.0146916317996161,7.19865100290615e-06,0.032297642179735,1.58280414500557,0.7685,0.0094315361951275,0.949,0.00491929873051028,0.9775,0.00331615364541512,1,0,2000,2000,0.118580642304172,6.90263858836246,2542.4055124862,2801.0725,0.594835156176144,0.172428923750236,-0.214064839192949,1,0
17,"concordant-collider",1.1,0.7,"full","role_based",TRUE,-0.0398539600553538,-0.000193817940043813,0.00034016550889193,0.000193817940043813,0.000231346999699855,7.24976437999455e-06,0.0152126640296633,0.000240593493957173,0.0152089158611273,3.1521872034064e-05,-0.0246384757374041,1.59466405039878,0.945,0.00509779364038993,0.9455,0.00507591124823908,0.7625,0.00951561217158413,1,0,2000,2000,0.00955142195473808,27.2771037173672,1959.43471020369,2801.0725,0.594835156176144,0.172428923750236,-0.214064839192949,1,0
17,"concordant-collider",1.1,0.7,"full","all_measured",TRUE,-0.0398539600553538,-0.000253033799673855,0.000342185623844246,0.000253033799673855,0.000234128937433964,7.35147070786183e-06,0.0153030063167782,0.000242022288181949,0.0152038525328506,3.28917411462626e-05,-0.647936633332069,1.58591938004917,0.946,0.00505390937789747,0.9465,0.00503178646208283,0.754,0.0096302647938673,1,0,2000,2000,0.00892475290640463,27.9515453390565,1942.88548797368,2801.0725,0.594835156176144,0.172428923750236,-0.214064839192949,1,0
17,"concordant-collider",1.1,0.7,"full","oracle",TRUE,-0.0398539600553538,-0.000217407411853304,0.000340481303448922,0.000217407411853304,0.000231786374461284,7.26701030225867e-06,0.0152267867915905,0.000240816850275945,0.0152105572589737,3.11548516362557e-05,-0.106585406618709,1.59304267479482,0.9475,0.00498717104178311,0.947,0.0050095408971282,0.7615,0.00952936907670177,1,0,2000,2000,0.00946876820009158,27.394697368246,1957.13546551406,2801.0725,0.594835156176144,0.172428923750236,-0.214064839192949,1,0
17,"concordant-collider",1.1,0.7,"full","broad",TRUE,-0.0335628331533101,-0.00043787992468413,0.000241837728715761,0.00043787992468413,0.000117104227402207,3.86654768633392e-06,0.0108153120186519,0.000171047865234558,0.0109114338404088,4.68415256216993e-06,0.888756806934032,1.59617795233616,0.9485,0.00494205169944629,0.951,0.00482695556225661,0.884,0.00716044691342656,1,0,2000,2000,0.156041450389195,5.52633808901249,3780.59984887841,2801.0725,0.594835156176144,0.172428923750236,-0.214064839192949,1,0
17,"concordant-collider",1.1,0.7,"full","policy",TRUE,-0.0398539600553538,-0.000253033799673855,0.000342185623844246,0.000253033799673855,0.000234128937433964,7.35147070786183e-06,0.0153030063167782,0.000242022288181949,0.0152038525328506,3.28917411462626e-05,-0.647936633332069,1.58591938004917,0.946,0.00505390937789747,0.9465,0.00503178646208283,0.754,0.0096302647938673,1,0,2000,2000,0.00892475290640463,27.9515453390565,1942.88548797368,2801.0725,0.594835156176144,0.172428923750236,-0.214064839192949,1,0
17,"concordant-collider",1.1,0.7,"full","pooled_all",TRUE,-0.0398539600553538,-0.000147646201298368,0.00024300590061723,0.000147646201298368,0.000118066483002606,3.89687971128987e-06,0.0108675542542737,0.000171874094090719,0.0107711297035755,1.60399120890376e-05,-0.88727001901393,1.57443512971345,0.9485,0.00494205169944629,0.947,0.0050095408971282,0.9695,0.00384511053157123,1,0,2000,2000,0.00671115957473367,34.1153923790407,3885.80820393271,2801.0725,0.594835156176144,0.172428923750236,-0.214064839192949,1,0
17,"concordant-collider",1.1,0.7,"reduced","minimal",TRUE,-0.0398539600553538,-0.0179981644495436,0.000328408805742426,0.0179981644495436,0.00053953075858746,1.37063351362975e-05,0.0146868882809918,0.000232278170344939,0.0146916317996161,7.19865100290615e-06,0.032297642179735,1.58280414500557,0.7685,0.0094315361951275,0.949,0.00491929873051028,0.9775,0.00331615364541512,1,0,2000,2000,0.118580642304172,6.90263858836246,2542.4055124862,2801.0725,0.594835156176144,0.172428923750236,-0.214064839192949,0,0
17,"concordant-collider",1.1,0.7,"reduced","role_based",FALSE,-0.0398539600553538,NA,NA,NA,NA,NA,NA,NA,NA,NA,NA,NA,NA,NA,NA,NA,NA,NA,NA,NA,0,2000,NA,NA,NA,2801.0725,0.594835156176144,0.172428923750236,-0.214064839192949,0,0
17,"concordant-collider",1.1,0.7,"reduced","all_measured",TRUE,-0.0398539600553538,-0.0180066411686014,0.000328843873252201,0.0180066411686014,0.000540407573832814,1.37037088767407e-05,0.0147063450915249,0.000232585886470025,0.0146916422139633,7.2698103011458e-06,-0.0999764215384613,1.58072623828959,0.767,0.00945280381685773,0.947,0.0050095408971282,0.9765,0.0033873108803297,1,0,2000,2000,0.111593161822897,7.2183927807575,2531.65972076938,2801.0725,0.594835156176144,0.172428923750236,-0.214064839192949,0,0
17,"concordant-collider",1.1,0.7,"reduced","oracle",TRUE,-0.0398539600553538,-0.000217407411853304,0.000340481303448922,0.000217407411853304,0.000231786374461284,7.26701030225867e-06,0.0152267867915905,0.000240816850275945,0.0152105572589737,3.11548516362557e-05,-0.106585406618709,1.59304267479482,0.9475,0.00498717104178311,0.947,0.0050095408971282,0.7615,0.00952936907670177,1,0,2000,2000,0.00946876820009158,27.394697368246,1957.13546551406,2801.0725,0.594835156176144,0.172428923750236,-0.214064839192949,0,0
17,"concordant-collider",1.1,0.7,"reduced","broad",TRUE,-0.0335628331533101,-0.00043787992468413,0.000241837728715761,0.00043787992468413,0.000117104227402207,3.86654768633392e-06,0.0108153120186519,0.000171047865234558,0.0109114338404088,4.68415256216993e-06,0.888756806934032,1.59617795233616,0.9485,0.00494205169944629,0.951,0.00482695556225661,0.884,0.00716044691342656,1,0,2000,2000,0.156041450389195,5.52633808901249,3780.59984887841,2801.0725,0.594835156176144,0.172428923750236,-0.214064839192949,0,0
17,"concordant-collider",1.1,0.7,"reduced","policy",TRUE,-0.0398539600553538,-0.0179981644495436,0.000328408805742426,0.0179981644495436,0.00053953075858746,1.37063351362975e-05,0.0146868882809918,0.000232278170344939,0.0146916317996161,7.19865100290615e-06,0.032297642179735,1.58280414500557,0.7685,0.0094315361951275,0.949,0.00491929873051028,0.9775,0.00331615364541512,1,0,2000,2000,0.118580642304172,6.90263858836246,2542.4055124862,2801.0725,0.594835156176144,0.172428923750236,-0.214064839192949,0,0
17,"concordant-collider",1.1,0.7,"reduced","pooled_all",TRUE,-0.0398539600553538,-0.0178221480083229,0.000235538176252426,0.0178221480083229,0.000428529946342732,9.26317335560947e-06,0.010533587467935,0.000166592294937448,0.0103973130494504,3.60402800178687e-06,-1.29371326624955,1.56144864684395,0.598,0.0109634848474379,0.9515,0.00480352734977121,0.9995,0.000499874984371065,1,0,2000,2000,0.105912630117602,7.60580239953701,5074.96802005224,2801.0725,0.594835156176144,0.172428923750236,-0.214064839192949,0,0
18,"discordant-collider",1.1,0.7,"full","minimal",TRUE,-0.0272074061387016,0.015244160517508,0.00026543333795962,0.015244160517508,0.000373223688827421,9.04973047220644e-06,0.0118705397434477,0.000187736653255779,0.0118069582510069,7.74974657489216e-06,-0.535624275011337,1.57441734488443,0.732,0.0099039386104721,0.9515,0.00480352734977121,0.172,0.0084384832760396,1,0,2000,2000,0.118968196679577,6.84977872873437,2541.51671853073,2800.5,0.595049686704406,0.107964511469083,0.214221342476521,1,0
18,"discordant-collider",1.1,0.7,"full","role_based",TRUE,-0.0272074061387016,3.91894228660983e-05,0.000292640650248877,3.91894228660983e-05,0.000171192997616857,5.58982710286645e-06,0.0130872877387246,0.000206979939696486,0.0130149607919855,5.49842701370442e-05,-0.552650390080689,1.627941661989,0.951,0.00482695556225661,0.9505,0.0048502448391808,0.548,0.0111287016313674,1,0,2000,2000,0.00952851333260697,26.9635992217783,1959.83039940787,2800.5,0.595049686704406,0.107964511469083,0.214221342476521,1,0
18,"discordant-collider",1.1,0.7,"full","all_measured",TRUE,-0.0272074061387016,-8.78324255207744e-06,0.000293465883043059,8.78324255207744e-06,0.000172158403941324,5.64111678441371e-06,0.0131241932712256,0.000207563613337964,0.0129826639394933,5.37850155072611e-05,-1.07838500094787,1.61726443499615,0.947,0.0050095408971282,0.947,0.0050095408971282,0.552,0.0111197122264922,1,0,2000,2000,0.00896228000153815,27.5697845790658,1943.73195689986,2800.5,0.595049686704406,0.107964511469083,0.214221342476521,1,0
18,"discordant-collider",1.1,0.7,"full","oracle",TRUE,-0.0272074061387016,3.66223331224914e-05,0.000292444293054725,3.66223331224914e-05,0.000170963146611298,5.60673692558617e-06,0.0130785063780447,0.000206841059468569,0.0130107716362899,5.30687337162266e-05,-0.517908848280202,1.62482586726593,0.9495,0.00489641450451246,0.9495,0.00489641450451246,0.5495,0.0111254157225697,1,0,2000,2000,0.00945346575040103,27.084702895041,1957.52918459665,2800.5,0.595049686704406,0.107964511469083,0.214221342476521,1,0
18,"discordant-collider",1.1,0.7,"full","broad",TRUE,-0.0335628331533101,-0.000250776224073122,0.000244576495121211,0.000250776224073122,0.000119638394984146,3.76726645045678e-06,0.0109377933757935,0.000172984949863644,0.0109212219230946,4.61724902932411e-06,-0.151506360831333,1.57970226845078,0.9505,0.0048502448391808,0.95,0.00487339717240448,0.875,0.00739509972887452,1,0,2000,2000,0.155959285688206,5.51889299823446,3780.02629751481,2800.5,0.595049686704406,0.107964511469083,0.214221342476521,1,0
18,"discordant-collider",1.1,0.7,"full","policy",TRUE,-0.0272074061387016,-8.78324255207744e-06,0.000293465883043059,8.78324255207744e-06,0.000172158403941324,5.64111678441371e-06,0.0131241932712256,0.000207563613337964,0.0129826639394933,5.37850155072611e-05,-1.07838500094787,1.61726443499615,0.947,0.0050095408971282,0.947,0.0050095408971282,0.552,0.0111197122264922,1,0,2000,2000,0.00896228000153815,27.5697845790658,1943.73195689986,2800.5,0.595049686704406,0.107964511469083,0.214221342476521,1,0
18,"discordant-collider",1.1,0.7,"full","pooled_all",TRUE,-0.0272074061387016,5.85800090181499e-05,0.000203924193625235,5.85800090181499e-05,8.31320000321156e-05,2.61184080423282e-06,0.0091197671840571,0.000144232242729469,0.00918986864875731,1.83918239882969e-05,0.768676033997373,1.60640038148362,0.9485,0.00494205169944629,0.9485,0.00494205169944629,0.8495,0.00799530330881825,1,0,2000,2000,0.00667869404587702,33.0491245184799,3900.64901959421,2800.5,0.595049686704406,0.107964511469083,0.214221342476521,1,0
18,"discordant-collider",1.1,0.7,"reduced","minimal",TRUE,-0.0272074061387016,0.015244160517508,0.00026543333795962,0.015244160517508,0.000373223688827421,9.04973047220644e-06,0.0118705397434477,0.000187736653255779,0.0118069582510069,7.74974657489216e-06,-0.535624275011337,1.57441734488443,0.732,0.0099039386104721,0.9515,0.00480352734977121,0.172,0.0084384832760396,1,0,2000,2000,0.118968196679577,6.84977872873437,2541.51671853073,2800.5,0.595049686704406,0.107964511469083,0.214221342476521,0,0
18,"discordant-collider",1.1,0.7,"reduced","role_based",FALSE,-0.0272074061387016,NA,NA,NA,NA,NA,NA,NA,NA,NA,NA,NA,NA,NA,NA,NA,NA,NA,NA,NA,0,2000,NA,NA,NA,2800.5,0.595049686704406,0.107964511469083,0.214221342476521,0,0
18,"discordant-collider",1.1,0.7,"reduced","all_measured",TRUE,-0.0272074061387016,0.0152074538091588,0.000265466877901008,0.0152074538091588,0.000372141505219454,9.01416606637182e-06,0.0118720396952258,0.00018776037550708,0.0118065028101106,7.8810347498624e-06,-0.552027173069392,1.57420405418738,0.728,0.00995027637807111,0.9535,0.00470838348055891,0.1685,0.00836981929315084,1,0,2000,2000,0.111755362786768,7.15822954164214,2530.97389512038,2800.5,0.595049686704406,0.107964511469083,0.214221342476521,0,0
18,"discordant-collider",1.1,0.7,"reduced","oracle",TRUE,-0.0272074061387016,3.66223331224914e-05,0.000292444293054725,3.66223331224914e-05,0.000170963146611298,5.60673692558617e-06,0.0130785063780447,0.000206841059468569,0.0130107716362899,5.30687337162266e-05,-0.517908848280202,1.62482586726593,0.9495,0.00489641450451246,0.9495,0.00489641450451246,0.5495,0.0111254157225697,1,0,2000,2000,0.00945346575040103,27.084702895041,1957.52918459665,2800.5,0.595049686704406,0.107964511469083,0.214221342476521,0,0
18,"discordant-collider",1.1,0.7,"reduced","broad",TRUE,-0.0335628331533101,-0.000250776224073122,0.000244576495121211,0.000250776224073122,0.000119638394984146,3.76726645045678e-06,0.0109377933757935,0.000172984949863644,0.0109212219230946,4.61724902932411e-06,-0.151506360831333,1.57970226845078,0.9505,0.0048502448391808,0.95,0.00487339717240448,0.875,0.00739509972887452,1,0,2000,2000,0.155959285688206,5.51889299823446,3780.02629751481,2800.5,0.595049686704406,0.107964511469083,0.214221342476521,0,0
18,"discordant-collider",1.1,0.7,"reduced","policy",TRUE,-0.0272074061387016,0.015244160517508,0.00026543333795962,0.015244160517508,0.000373223688827421,9.04973047220644e-06,0.0118705397434477,0.000187736653255779,0.0118069582510069,7.74974657489216e-06,-0.535624275011337,1.57441734488443,0.732,0.0099039386104721,0.9515,0.00480352734977121,0.172,0.0084384832760396,1,0,2000,2000,0.118968196679577,6.84977872873437,2541.51671853073,2800.5,0.595049686704406,0.107964511469083,0.214221342476521,0,0
18,"discordant-collider",1.1,0.7,"reduced","pooled_all",TRUE,-0.0272074061387016,0.0152211748759305,0.000184001086612289,0.0152211748759305,0.000299363107952791,6.05100995396625e-06,0.00822877875197809,0.000130140955396014,0.00834855977142228,3.92043655210216e-06,1.4556354357613,1.60526279614067,0.5515,0.0111208756399845,0.949,0.00491929873051028,0.2975,0.0102223713002414,1,0,2000,2000,0.105942766216009,7.54206565576808,5075.8483019778,2800.5,0.595049686704406,0.107964511469083,0.214221342476521,0,0
