"candidate_1","candidate_2","correlation","scenario"
"c55-h36","c55-h36",1,1
"c55-h60","c55-h36",0.768055678368364,1
"c50-h36","c55-h36",0.898125190647315,1
"c50-h60","c55-h36",0.692386108827783,1
"c55-h36","c55-h60",0.768055678368364,1
"c55-h60","c55-h60",1,1
"c50-h36","c55-h60",0.69291501782717,1
"c50-h60","c55-h60",0.895693616341499,1
"c55-h36","c50-h36",0.898125190647315,1
"c55-h60","c50-h36",0.69291501782717,1
"c50-h36","c50-h36",1,1
"c50-h60","c50-h36",0.779179892434192,1
"c55-h36","c50-h60",0.692386108827783,1
"c55-h60","c50-h60",0.895693616341499,1
"c50-h36","c50-h60",0.779179892434192,1
"c50-h60","c50-h60",1,1
"c55-h60","c55-h60",1,2
"c50-h60","c55-h60",0.905906456807454,2
"c50-h36","c55-h60",0.709027673420113,2
"c55-h36","c55-h60",0.781712242071989,2
"c55-h60","c50-h60",0.905906456807454,2
"c50-h60","c50-h60",1,2
"c50-h36","c50-h60",0.786109043704625,2
"c55-h36","c50-h60",0.710164738423118,2
"c55-h60","c50-h36",0.709027673420113,2
"c50-h60","c50-h36",0.786109043704625,2
"c50-h36","c50-h36",1,2
"c55-h36","c50-h36",0.902721508496433,2
"c55-h60","c55-h36",0.781712242071989,2
"c50-h60","c55-h36",0.710164738423118,2
"c50-h36","c55-h36",0.902721508496433,2
"c55-h36","c55-h36",1,2
"c55-h60","c55-h60",1,3
"c55-h36","c55-h60",0.785592813662474,3
"c50-h36","c55-h60",0.713667511098197,3
"c50-h60","c55-h60",0.906603681677242,3
"c55-h60","c55-h36",0.785592813662474,3
"c55-h36","c55-h36",1,3
"c50-h36","c55-h36",0.907249099824344,3
"c50-h60","c55-h36",0.716154510684067,3
"c55-h60","c50-h36",0.713667511098197,3
"c55-h36","c50-h36",0.907249099824344,3
"c50-h36","c50-h36",1,3
"c50-h60","c50-h36",0.785571324637126,3
"c55-h60","c50-h60",0.906603681677242,3
"c55-h36","c50-h60",0.716154510684067,3
"c50-h36","c50-h60",0.785571324637126,3
"c50-h60","c50-h60",1,3
"c55-h36","c55-h36",1,4
"c55-h60","c55-h36",0.778940838919231,4
"c50-h60","c55-h36",0.708070601201447,4
"c50-h36","c55-h36",0.902779059013593,4
"c55-h36","c55-h60",0.778940838919231,4
"c55-h60","c55-h60",1,4
"c50-h60","c55-h60",0.902308146289272,4
"c50-h36","c55-h60",0.697578317875652,4
"c55-h36","c50-h60",0.708070601201447,4
"c55-h60","c50-h60",0.902308146289272,4
"c50-h60","c50-h60",1,4
"c50-h36","c50-h60",0.776577357891853,4
"c55-h36","c50-h36",0.902779059013593,4
"c55-h60","c50-h36",0.697578317875652,4
"c50-h60","c50-h36",0.776577357891853,4
"c50-h36","c50-h36",1,4
"c55-h36","c55-h36",1,5
"c55-h60","c55-h36",0.767791176698231,5
"c50-h36","c55-h36",0.897782301811198,5
"c50-h60","c55-h36",0.692299001686276,5
"c55-h36","c55-h60",0.767791176698231,5
"c55-h60","c55-h60",1,5
"c50-h36","c55-h60",0.687484079616295,5
"c50-h60","c55-h60",0.895454091568983,5
"c55-h36","c50-h36",0.897782301811198,5
"c55-h60","c50-h36",0.687484079616295,5
"c50-h36","c50-h36",1,5
"c50-h60","c50-h36",0.772968973504184,5
"c55-h36","c50-h60",0.692299001686276,5
"c55-h60","c50-h60",0.895454091568983,5
"c50-h36","c50-h60",0.772968973504184,5
"c50-h60","c50-h60",1,5
"c55-h36","c55-h36",1,6
"c55-h60","c55-h36",0.769464342781003,6
"c50-h60","c55-h36",0.686362692607164,6
"c50-h36","c55-h36",0.895881662988788,6
"c55-h36","c55-h60",0.769464342781003,6
"c55-h60","c55-h60",1,6
"c50-h60","c55-h60",0.890947613302526,6
"c50-h36","c55-h60",0.688550386958218,6
"c55-h36","c50-h60",0.686362692607164,6
"c55-h60","c50-h60",0.890947613302526,6
"c50-h60","c50-h60",1,6
"c50-h36","c50-h60",0.771144975024287,6
"c55-h36","c50-h36",0.895881662988788,6
"c55-h60","c50-h36",0.688550386958218,6
"c50-h60","c50-h36",0.771144975024287,6
"c50-h36","c50-h36",1,6
"c55-h36","c55-h36",1,7
"c55-h60","c55-h36",0.778295111149159,7
"c50-h36","c55-h36",0.901470674679329,7
"c50-h60","c55-h36",0.705718970125734,7
"c45-h36","c55-h36",0.85533962523761,7
"c45-h48","c55-h36",0.743857838390624,7
"c45-h60","c55-h36",0.670358217060962,7
"c60-h60","c55-h36",0.66935304918192,7
"c55-h24","c55-h36",0.822526473790064,7
"c55-h48","c55-h36",0.862119850733711,7
"c50-h24","c55-h36",0.740630224537167,7
"c50-h48","c55-h36",0.777999524054344,7
"c45-h24","c55-h36",0.702563350025794,7
"c60-h48","c55-h36",0.735694941299323,7
"c60-h24","c55-h36",0.71194917535951,7
"c60-h36","c55-h36",0.850213184894484,7
"c55-h36","c55-h60",0.778295111149159,7
"c55-h60","c55-h60",1,7
"c50-h36","c55-h60",0.693141391707694,7
"c50-h60","c55-h60",0.898501629001955,7
"c45-h36","c55-h60",0.658568830051248,7
"c45-h48","c55-h60",0.760042462330475,7
"c45-h60","c55-h60",0.853281379797837,7
"c60-h60","c55-h60",0.850377885676402,7
"c55-h24","c55-h60",0.633595029947425,7
"c55-h48","c55-h60",0.896103691700113,7
"c50-h24","c55-h60",0.566832562880533,7
"c50-h48","c55-h60",0.800204152060078,7
"c45-h24","c55-h60",0.538194001240309,7
"c60-h48","c55-h60",0.755695172181873,7
"c60-h24","c55-h60",0.54801163788565,7
"c60-h36","c55-h60",0.659237787111401,7
"c55-h36","c50-h36",0.901470674679329,7
"c55-h60","c50-h36",0.693141391707694,7
"c50-h36","c50-h36",1,7
"c50-h60","c50-h36",0.777166982857432,7
"c45-h36","c50-h36",0.945182228917176,7
"c45-h48","c50-h36",0.81943959939042,7
"c45-h60","c50-h36",0.732947881470854,7
"c60-h60","c50-h36",0.587999935574417,7
"c55-h24","c50-h36",0.745331884915227,7
"c55-h48","c50-h36",0.773687079908947,7
"c50-h24","c50-h36",0.820732280562514,7
"c50-h48","c50-h36",0.862858700408265,7
"c45-h24","c50-h36",0.773275817325666,7
"c60-h48","c50-h36",0.650460666032169,7
"c60-h24","c50-h36",0.636984100952839,7
"c60-h36","c50-h36",0.760516057710563,7
"c55-h36","c50-h60",0.705718970125734,7
"c55-h60","c50-h60",0.898501629001955,7
"c50-h36","c50-h60",0.777166982857432,7
"c50-h60","c50-h60",1,7
"c45-h36","c50-h60",0.732300316307915,7
"c45-h48","c50-h60",0.843362156493963,7
"c45-h60","c50-h60",0.943750272870299,7
"c60-h60","c50-h60",0.757985527282111,7
"c55-h24","c50-h60",0.578733935801545,7
"c55-h48","c50-h60",0.807580429186711,7
"c50-h24","c50-h60",0.635656764872564,7
"c50-h48","c50-h60",0.894054245503311,7
"c45-h24","c50-h60",0.597833780395895,7
"c60-h48","c50-h60",0.672666242357199,7
"c60-h24","c50-h60",0.491925301550533,7
"c60-h36","c50-h60",0.591941717439845,7
"c55-h36","c45-h36",0.85533962523761,7
"c55-h60","c45-h36",0.658568830051248,7
"c50-h36","c45-h36",0.945182228917176,7
"c50-h60","c45-h36",0.732300316307915,7
"c45-h36","c45-h36",1,7
"c45-h48","c45-h36",0.863774510804878,7
"c45-h60","c45-h36",0.773594163013879,7
"c60-h60","c45-h36",0.560455656058589,7
"c55-h24","c45-h36",0.713068149846395,7
"c55-h48","c45-h36",0.733129917867641,7
"c50-h24","c45-h36",0.782558250863239,7
"c50-h48","c45-h36",0.81203235262173,7
"c45-h24","c45-h36",0.818941023340888,7
"c60-h48","c45-h36",0.61870459774742,7
"c60-h24","c45-h36",0.612712564024884,7
"c60-h36","c45-h36",0.728019724944389,7
"c55-h36","c45-h48",0.743857838390624,7
"c55-h60","c45-h48",0.760042462330475,7
"c50-h36","c45-h48",0.81943959939042,7
"c50-h60","c45-h48",0.843362156493963,7
"c45-h36","c45-h48",0.863774510804878,7
"c45-h48","c45-h48",1,7
"c45-h60","c45-h48",0.889869992536362,7
"c60-h60","c45-h48",0.648936003446623,7
"c55-h24","c45-h48",0.615760937921081,7
"c55-h48","c45-h48",0.853021483939838,7
"c50-h24","c45-h48",0.678466185507183,7
"c50-h48","c45-h48",0.943876527451472,7
"c45-h24","c45-h48",0.709772014772962,7
"c60-h48","c45-h48",0.7181257559162,7
"c60-h24","c45-h48",0.527157775288068,7
"c60-h36","c45-h48",0.63013016859728,7
"c55-h36","c45-h60",0.670358217060962,7
"c55-h60","c45-h60",0.853281379797837,7
"c50-h36","c45-h60",0.732947881470854,7
"c50-h60","c45-h60",0.943750272870299,7
"c45-h36","c45-h60",0.773594163013879,7
"c45-h48","c45-h60",0.889869992536362,7
"c45-h60","c45-h60",1,7
"c60-h60","c45-h60",0.72366750201772,7
"c55-h24","c45-h60",0.554440474854502,7
"c55-h48","c45-h60",0.762615551502132,7
"c50-h24","c45-h60",0.606474841728703,7
"c50-h48","c45-h60",0.839365592603424,7
"c45-h24","c45-h60",0.634046790203277,7
"c60-h48","c45-h60",0.638152116582662,7
"c60-h24","c45-h60",0.475528112561776,7
"c60-h36","c45-h60",0.569454078233759,7
"c55-h36","c60-h60",0.66935304918192,7
"c55-h60","c60-h60",0.850377885676402,7
"c50-h36","c60-h60",0.587999935574417,7
"c50-h60","c60-h60",0.757985527282111,7
"c45-h36","c60-h60",0.560455656058589,7
"c45-h48","c60-h60",0.648936003446623,7
"c45-h60","c60-h60",0.72366750201772,7
"c60-h60","c60-h60",1,7
"c55-h24","c60-h60",0.542979931427617,7
"c55-h48","c60-h60",0.769966933322626,7
"c50-h24","c60-h60",0.476924657544044,7
"c50-h48","c60-h60",0.680261658394669,7
"c45-h24","c60-h60",0.455938425038904,7
"c60-h48","c60-h60",0.897886025720179,7
"c60-h24","c60-h60",0.643820081667165,7
"c60-h36","c60-h60",0.782639743386666,7
"c55-h36","c55-h24",0.822526473790064,7
"c55-h60","c55-h24",0.633595029947425,7
"c50-h36","c55-h24",0.745331884915227,7
"c50-h60","c55-h24",0.578733935801545,7
"c45-h36","c55-h24",0.713068149846395,7
"c45-h48","c55-h24",0.615760937921081,7
"c45-h60","c55-h24",0.554440474854502,7
"c60-h60","c55-h24",0.542979931427617,7
"c55-h24","c55-h24",1,7
"c55-h48","c55-h24",0.704671485911274,7
"c50-h24","c55-h24",0.903274213213345,7
"c50-h48","c55-h24",0.638701858567355,7
"c45-h24","c55-h24",0.8643359435815,7
"c60-h48","c55-h24",0.600656529589033,7
"c60-h24","c55-h24",0.854681324458957,7
"c60-h36","c55-h24",0.698883440077151,7
"c55-h36","c55-h48",0.862119850733711,7
"c55-h60","c55-h48",0.896103691700113,7
"c50-h36","c55-h48",0.773687079908947,7
"c50-h60","c55-h48",0.807580429186711,7
"c45-h36","c55-h48",0.733129917867641,7
"c45-h48","c55-h48",0.853021483939838,7
"c45-h60","c55-h48",0.762615551502132,7
"c60-h60","c55-h48",0.769966933322626,7
"c55-h24","c55-h48",0.704671485911274,7
"c55-h48","c55-h48",1,7
"c50-h24","c55-h48",0.634728598442568,7
"c50-h48","c55-h48",0.898794822069401,7
"c45-h24","c55-h48",0.602659584353562,7
"c60-h48","c55-h48",0.848927196489415,7
"c60-h24","c55-h48",0.60575964860168,7
"c60-h36","c55-h48",0.727935149860062,7
"c55-h36","c50-h24",0.740630224537167,7
"c55-h60","c50-h24",0.566832562880533,7
"c50-h36","c50-h24",0.820732280562514,7
"c50-h60","c50-h24",0.635656764872564,7
"c45-h36","c50-h24",0.782558250863239,7
"c45-h48","c50-h24",0.678466185507183,7
"c45-h60","c50-h24",0.606474841728703,7
"c60-h60","c50-h24",0.476924657544044,7
"c55-h24","c50-h24",0.903274213213345,7
"c55-h48","c50-h24",0.634728598442568,7
"c50-h24","c50-h24",1,7
"c50-h48","c50-h24",0.707899856188881,7
"c45-h24","c50-h24",0.951110701990449,7
"c60-h48","c50-h24",0.530045241920344,7
"c60-h24","c50-h24",0.765692136347365,7
"c60-h36","c50-h24",0.620834356979745,7
"c55-h36","c50-h48",0.777999524054344,7
"c55-h60","c50-h48",0.800204152060078,7
"c50-h36","c50-h48",0.862858700408265,7
"c50-h60","c50-h48",0.894054245503311,7
"c45-h36","c50-h48",0.81203235262173,7
"c45-h48","c50-h48",0.943876527451472,7
"c45-h60","c50-h48",0.839365592603424,7
"c60-h60","c50-h48",0.680261658394669,7
"c55-h24","c50-h48",0.638701858567355,7
"c55-h48","c50-h48",0.898794822069401,7
"c50-h24","c50-h48",0.707899856188881,7
"c50-h48","c50-h48",1,7
"c45-h24","c50-h48",0.666990529920773,7
"c60-h48","c50-h48",0.753642240408525,7
"c60-h24","c50-h48",0.541076402702795,7
"c60-h36","c50-h48",0.65111826074904,7
"c55-h36","c45-h24",0.702563350025794,7
"c55-h60","c45-h24",0.538194001240309,7
"c50-h36","c45-h24",0.773275817325666,7
"c50-h60","c45-h24",0.597833780395895,7
"c45-h36","c45-h24",0.818941023340888,7
"c45-h48","c45-h24",0.709772014772962,7
"c45-h60","c45-h24",0.634046790203277,7
"c60-h60","c45-h24",0.455938425038904,7
"c55-h24","c45-h24",0.8643359435815,7
"c55-h48","c45-h24",0.602659584353562,7
"c50-h24","c45-h24",0.951110701990449,7
"c50-h48","c45-h24",0.666990529920773,7
"c45-h24","c45-h24",1,7
"c60-h48","c45-h24",0.509144734289386,7
"c60-h24","c45-h24",0.738335056792189,7
"c60-h36","c45-h24",0.596490164828428,7
"c55-h36","c60-h48",0.735694941299323,7
"c55-h60","c60-h48",0.755695172181873,7
"c50-h36","c60-h48",0.650460666032169,7
"c50-h60","c60-h48",0.672666242357199,7
"c45-h36","c60-h48",0.61870459774742,7
"c45-h48","c60-h48",0.7181257559162,7
"c45-h60","c60-h48",0.638152116582662,7
"c60-h60","c60-h48",0.897886025720179,7
"c55-h24","c60-h48",0.600656529589033,7
"c55-h48","c60-h48",0.848927196489415,7
"c50-h24","c60-h48",0.530045241920344,7
"c50-h48","c60-h48",0.753642240408525,7
"c45-h24","c60-h48",0.509144734289386,7
"c60-h48","c60-h48",1,7
"c60-h24","c60-h48",0.710379976179049,7
"c60-h36","c60-h48",0.86273036806738,7
"c55-h36","c60-h24",0.71194917535951,7
"c55-h60","c60-h24",0.54801163788565,7
"c50-h36","c60-h24",0.636984100952839,7
"c50-h60","c60-h24",0.491925301550533,7
"c45-h36","c60-h24",0.612712564024884,7
"c45-h48","c60-h24",0.527157775288068,7
"c45-h60","c60-h24",0.475528112561776,7
"c60-h60","c60-h24",0.643820081667165,7
"c55-h24","c60-h24",0.854681324458957,7
"c55-h48","c60-h24",0.60575964860168,7
"c50-h24","c60-h24",0.765692136347365,7
"c50-h48","c60-h24",0.541076402702795,7
"c45-h24","c60-h24",0.738335056792189,7
"c60-h48","c60-h24",0.710379976179049,7
"c60-h24","c60-h24",1,7
"c60-h36","c60-h24",0.827188741875755,7
"c55-h36","c60-h36",0.850213184894484,7
"c55-h60","c60-h36",0.659237787111401,7
"c50-h36","c60-h36",0.760516057710563,7
"c50-h60","c60-h36",0.591941717439845,7
"c45-h36","c60-h36",0.728019724944389,7
"c45-h48","c60-h36",0.63013016859728,7
"c45-h60","c60-h36",0.569454078233759,7
"c60-h60","c60-h36",0.782639743386666,7
"c55-h24","c60-h36",0.698883440077151,7
"c55-h48","c60-h36",0.727935149860062,7
"c50-h24","c60-h36",0.620834356979745,7
"c50-h48","c60-h36",0.65111826074904,7
"c45-h24","c60-h36",0.596490164828428,7
"c60-h48","c60-h36",0.86273036806738,7
"c60-h24","c60-h36",0.827188741875755,7
"c60-h36","c60-h36",1,7
"c55-h60","c55-h60",1,8
"c50-h60","c55-h60",0.894691984237161,8
"c50-h36","c55-h60",0.697726825390919,8
"c55-h36","c55-h60",0.780742120593215,8
"c45-h60","c55-h60",0.83663510808465,8
"c60-h60","c55-h60",0.834678461302204,8
"c55-h24","c55-h60",0.652163917491624,8
"c55-h48","c55-h60",0.893071313296649,8
"c60-h24","c55-h60",0.540151813773895,8
"c60-h36","c55-h60",0.655547972299794,8
"c60-h48","c55-h60",0.746604844035574,8
"c50-h48","c55-h60",0.794189548785566,8
"c45-h24","c55-h60",0.551016292297084,8
"c45-h36","c55-h60",0.659429667537641,8
"c50-h24","c55-h60",0.58330310552098,8
"c45-h48","c55-h60",0.747070003967796,8
"c55-h60","c50-h60",0.894691984237161,8
"c50-h60","c50-h60",1,8
"c50-h36","c50-h60",0.7832938398125,8
"c55-h36","c50-h60",0.70515793965509,8
"c45-h60","c50-h60",0.93944709403862,8
"c60-h60","c50-h60",0.760193282112682,8
"c55-h24","c50-h60",0.596994585548844,8
"c55-h48","c50-h60",0.799542555704074,8
"c60-h24","c50-h60",0.501668708059166,8
"c60-h36","c50-h60",0.603221306789311,8
"c60-h48","c50-h60",0.681293134593054,8
"c50-h48","c50-h60",0.889648113603453,8
"c45-h24","c50-h60",0.617967882925516,8
"c45-h36","c50-h60",0.73993769681238,8
"c50-h24","c50-h60",0.656701930059385,8
"c45-h48","c50-h60",0.836650436370434,8
"c55-h60","c50-h36",0.697726825390919,8
"c50-h60","c50-h36",0.7832938398125,8
"c50-h36","c50-h36",1,8
"c55-h36","c50-h36",0.901406197417707,8
"c45-h60","c50-h36",0.732475679356503,8
"c60-h60","c50-h36",0.590613474867726,8
"c55-h24","c50-h36",0.747773384117742,8
"c55-h48","c50-h36",0.778691639933308,8
"c60-h24","c50-h36",0.627467121301337,8
"c60-h36","c50-h36",0.765527982559146,8
"c60-h48","c50-h36",0.663505137615551,8
"c50-h48","c50-h36",0.872342379937695,8
"c45-h24","c50-h36",0.772807933936383,8
"c45-h36","c50-h36",0.943209120467733,8
"c50-h24","c50-h36",0.818671328140737,8
"c45-h48","c50-h36",0.819026429275141,8
"c55-h60","c55-h36",0.780742120593215,8
"c50-h60","c55-h36",0.70515793965509,8
"c50-h36","c55-h36",0.901406197417707,8
"c55-h36","c55-h36",1,8
"c45-h60","c55-h36",0.658492073295681,8
"c60-h60","c55-h36",0.649683825334148,8
"c55-h24","c55-h36",0.82064296451655,8
"c55-h48","c55-h36",0.867632213527767,8
"c60-h24","c55-h36",0.680442078694721,8
"c60-h36","c55-h36",0.839276824912311,8
"c60-h48","c55-h36",0.727148908998048,8
"c50-h48","c55-h36",0.784503992329798,8
"c45-h24","c55-h36",0.696472863493257,8
"c45-h36","c55-h36",0.851212488509215,8
"c50-h24","c55-h36",0.735149553494485,8
"c45-h48","c55-h36",0.738689688136532,8
"c55-h60","c45-h60",0.83663510808465,8
"c50-h60","c45-h60",0.93944709403862,8
"c50-h36","c45-h60",0.732475679356503,8
"c55-h36","c45-h60",0.658492073295681,8
"c45-h60","c45-h60",1,8
"c60-h60","c45-h60",0.713070923439668,8
"c55-h24","c45-h60",0.563379625786535,8
"c55-h48","c45-h60",0.745328812321439,8
"c60-h24","c45-h60",0.472176045518844,8
"c60-h36","c45-h60",0.563628864979915,8
"c60-h48","c45-h60",0.637023599482613,8
"c50-h48","c45-h60",0.834663244906033,8
"c45-h24","c45-h60",0.650152523287271,8
"c45-h36","c45-h60",0.779919309492636,8
"c50-h24","c45-h60",0.618801872461636,8
"c45-h48","c45-h60",0.887551151073714,8
"c55-h60","c60-h60",0.834678461302204,8
"c50-h60","c60-h60",0.760193282112682,8
"c50-h36","c60-h60",0.590613474867726,8
"c55-h36","c60-h60",0.649683825334148,8
"c45-h60","c60-h60",0.713070923439668,8
"c60-h60","c60-h60",1,8
"c55-h24","c60-h60",0.554036259066804,8
"c55-h48","c60-h60",0.73546727699912,8
"c60-h24","c60-h60",0.646815918548566,8
"c60-h36","c60-h60",0.777180891197313,8
"c60-h48","c60-h60",0.88880567973782,8
"c50-h48","c60-h60",0.66501452024728,8
"c45-h24","c60-h60",0.478041058242879,8
"c45-h36","c60-h60",0.561206446340677,8
"c50-h24","c60-h60",0.50322814126323,8
"c45-h48","c60-h60",0.626531490330888,8
"c55-h60","c55-h24",0.652163917491624,8
"c50-h60","c55-h24",0.596994585548844,8
"c50-h36","c55-h24",0.747773384117742,8
"c55-h36","c55-h24",0.82064296451655,8
"c45-h60","c55-h24",0.563379625786535,8
"c60-h60","c55-h24",0.554036259066804,8
"c55-h24","c55-h24",1,8
"c55-h48","c55-h24",0.715225993914538,8
"c60-h24","c55-h24",0.845027472822848,8
"c60-h36","c55-h24",0.701960255135511,8
"c60-h48","c55-h24",0.609126727687821,8
"c50-h48","c55-h24",0.65144965146509,8
"c45-h24","c55-h24",0.861287199457951,8
"c45-h36","c55-h24",0.709237546111604,8
"c50-h24","c55-h24",0.905914961893149,8
"c45-h48","c55-h24",0.615829498198822,8
"c55-h60","c55-h48",0.893071313296649,8
"c50-h60","c55-h48",0.799542555704074,8
"c50-h36","c55-h48",0.778691639933308,8
"c55-h36","c55-h48",0.867632213527767,8
"c45-h60","c55-h48",0.745328812321439,8
"c60-h60","c55-h48",0.73546727699912,8
"c55-h24","c55-h48",0.715225993914538,8
"c55-h48","c55-h48",1,8
"c60-h24","c55-h48",0.588019534924065,8
"c60-h36","c55-h48",0.721823422365027,8
"c60-h48","c55-h48",0.831872909260618,8
"c50-h48","c55-h48",0.896140624339922,8
"c45-h24","c55-h48",0.605635020519098,8
"c45-h36","c55-h48",0.733286721633911,8
"c50-h24","c55-h48",0.640068499703649,8
"c45-h48","c55-h48",0.843152202055136,8
"c55-h60","c60-h24",0.540151813773895,8
"c50-h60","c60-h24",0.501668708059166,8
"c50-h36","c60-h24",0.627467121301337,8
"c55-h36","c60-h24",0.680442078694721,8
"c45-h60","c60-h24",0.472176045518844,8
"c60-h60","c60-h24",0.646815918548566,8
"c55-h24","c60-h24",0.845027472822848,8
"c55-h48","c60-h24",0.588019534924065,8
"c60-h24","c60-h24",1,8
"c60-h36","c60-h24",0.822989163280208,8
"c60-h48","c60-h24",0.711131387579749,8
"c50-h48","c60-h24",0.54120598804642,8
"c45-h24","c60-h24",0.738588359531308,8
"c45-h36","c60-h24",0.600081811164829,8
"c50-h24","c60-h24",0.771545535251727,8
"c45-h48","c60-h24",0.511773744687887,8
"c55-h60","c60-h36",0.655547972299794,8
"c50-h60","c60-h36",0.603221306789311,8
"c50-h36","c60-h36",0.765527982559146,8
"c55-h36","c60-h36",0.839276824912311,8
"c45-h60","c60-h36",0.563628864979915,8
"c60-h60","c60-h36",0.777180891197313,8
"c55-h24","c60-h36",0.701960255135511,8
"c55-h48","c60-h36",0.721823422365027,8
"c60-h24","c60-h36",0.822989163280208,8
"c60-h36","c60-h36",1,8
"c60-h48","c60-h36",0.865708732805039,8
"c50-h48","c60-h36",0.66312419251349,8
"c45-h24","c60-h36",0.60635892808314,8
"c45-h36","c60-h36",0.725918203329864,8
"c50-h24","c60-h36",0.637397703937976,8
"c45-h48","c60-h36",0.625130622934256,8
"c55-h60","c60-h48",0.746604844035574,8
"c50-h60","c60-h48",0.681293134593054,8
"c50-h36","c60-h48",0.663505137615551,8
"c55-h36","c60-h48",0.727148908998048,8
"c45-h60","c60-h48",0.637023599482613,8
"c60-h60","c60-h48",0.88880567973782,8
"c55-h24","c60-h48",0.609126727687821,8
"c55-h48","c60-h48",0.831872909260618,8
"c60-h24","c60-h48",0.711131387579749,8
"c60-h36","c60-h48",0.865708732805039,8
"c60-h48","c60-h48",1,8
"c50-h48","c60-h48",0.758113864626941,8
"c45-h24","c60-h48",0.528478596706054,8
"c45-h36","c60-h48",0.629155095883351,8
"c50-h24","c60-h48",0.555197121149956,8
"c45-h48","c60-h48",0.71506637703001,8
"c55-h60","c50-h48",0.794189548785566,8
"c50-h60","c50-h48",0.889648113603453,8
"c50-h36","c50-h48",0.872342379937695,8
"c55-h36","c50-h48",0.784503992329798,8
"c45-h60","c50-h48",0.834663244906033,8
"c60-h60","c50-h48",0.66501452024728,8
"c55-h24","c50-h48",0.65144965146509,8
"c55-h48","c50-h48",0.896140624339922,8
"c60-h24","c50-h48",0.54120598804642,8
"c60-h36","c50-h48",0.66312419251349,8
"c60-h48","c50-h48",0.758113864626941,8
"c50-h48","c50-h48",1,8
"c45-h24","c50-h48",0.677284973681151,8
"c45-h36","c50-h48",0.823797255840714,8
"c50-h24","c50-h48",0.71704657533691,8
"c45-h48","c50-h48",0.942142154145914,8
"c55-h60","c45-h24",0.551016292297084,8
"c50-h60","c45-h24",0.617967882925516,8
"c50-h36","c45-h24",0.772807933936383,8
"c55-h36","c45-h24",0.696472863493257,8
"c45-h60","c45-h24",0.650152523287271,8
"c60-h60","c45-h24",0.478041058242879,8
"c55-h24","c45-h24",0.861287199457951,8
"c55-h48","c45-h24",0.605635020519098,8
"c60-h24","c45-h24",0.738588359531308,8
"c60-h36","c45-h24",0.60635892808314,8
"c60-h48","c45-h24",0.528478596706054,8
"c50-h48","c45-h24",0.677284973681151,8
"c45-h24","c45-h24",1,8
"c45-h36","c45-h24",0.818385140631543,8
"c50-h24","c45-h24",0.948305053867077,8
"c45-h48","c45-h24",0.711777680275604,8
"c55-h60","c45-h36",0.659429667537641,8
"c50-h60","c45-h36",0.73993769681238,8
"c50-h36","c45-h36",0.943209120467733,8
"c55-h36","c45-h36",0.851212488509215,8
"c45-h60","c45-h36",0.779919309492636,8
"c60-h60","c45-h36",0.561206446340677,8
"c55-h24","c45-h36",0.709237546111604,8
"c55-h48","c45-h36",0.733286721633911,8
"c60-h24","c45-h36",0.600081811164829,8
"c60-h36","c45-h36",0.725918203329864,8
"c60-h48","c45-h36",0.629155095883351,8
"c50-h48","c45-h36",0.823797255840714,8
"c45-h24","c45-h36",0.818385140631543,8
"c45-h36","c45-h36",1,8
"c50-h24","c45-h36",0.77527542483358,8
"c45-h48","c45-h36",0.870077544079843,8
"c55-h60","c50-h24",0.58330310552098,8
"c50-h60","c50-h24",0.656701930059385,8
"c50-h36","c50-h24",0.818671328140737,8
"c55-h36","c50-h24",0.735149553494485,8
"c45-h60","c50-h24",0.618801872461636,8
"c60-h60","c50-h24",0.50322814126323,8
"c55-h24","c50-h24",0.905914961893149,8
"c55-h48","c50-h24",0.640068499703649,8
"c60-h24","c50-h24",0.771545535251727,8
"c60-h36","c50-h24",0.637397703937976,8
"c60-h48","c50-h24",0.555197121149956,8
"c50-h48","c50-h24",0.71704657533691,8
"c45-h24","c50-h24",0.948305053867077,8
"c45-h36","c50-h24",0.77527542483358,8
"c50-h24","c50-h24",1,8
"c45-h48","c50-h24",0.67440019991286,8
"c55-h60","c45-h48",0.747070003967796,8
"c50-h60","c45-h48",0.836650436370434,8
"c50-h36","c45-h48",0.819026429275141,8
"c55-h36","c45-h48",0.738689688136532,8
"c45-h60","c45-h48",0.887551151073714,8
"c60-h60","c45-h48",0.626531490330888,8
"c55-h24","c45-h48",0.615829498198822,8
"c55-h48","c45-h48",0.843152202055136,8
"c60-h24","c45-h48",0.511773744687887,8
"c60-h36","c45-h48",0.625130622934256,8
"c60-h48","c45-h48",0.71506637703001,8
"c50-h48","c45-h48",0.942142154145914,8
"c45-h24","c45-h48",0.711777680275604,8
"c45-h36","c45-h48",0.870077544079843,8
"c50-h24","c45-h48",0.67440019991286,8
"c45-h48","c45-h48",1,8
"c55-h60","c55-h60",1,9
"c55-h36","c55-h60",0.769615597642904,9
"c60-h24","c55-h60",0.534920826004497,9
"c60-h36","c55-h60",0.642595406433612,9
"c50-h36","c55-h60",0.697804187342326,9
"c50-h60","c55-h60",0.897148023652128,9
"c45-h60","c55-h60",0.847093774797474,9
"c60-h60","c55-h60",0.834669385585124,9
"c55-h24","c55-h60",0.646522146461156,9
"c55-h48","c55-h60",0.894888139792484,9
"c50-h24","c55-h60",0.582539705534331,9
"c50-h48","c55-h60",0.803159572364342,9
"c45-h24","c55-h60",0.551103006688486,9
"c45-h36","c55-h60",0.658659948545146,9
"c45-h48","c55-h60",0.760241804773839,9
"c60-h48","c55-h60",0.748248666640696,9
"c55-h60","c55-h36",0.769615597642904,9
"c55-h36","c55-h36",1,9
"c60-h24","c55-h36",0.691883883176804,9
"c60-h36","c55-h36",0.840595828439571,9
"c50-h36","c55-h36",0.900500974423415,9
"c50-h60","c55-h36",0.67687952102358,9
"c45-h60","c55-h36",0.640562111498511,9
"c60-h60","c55-h36",0.64356644776123,9
"c55-h24","c55-h36",0.828757183844216,9
"c55-h48","c55-h36",0.862555411427661,9
"c50-h24","c55-h36",0.743641432218293,9
"c50-h48","c55-h36",0.766506056494037,9
"c45-h24","c55-h36",0.703271934807734,9
"c45-h36","c55-h36",0.845405123642443,9
"c45-h48","c55-h36",0.724183676936126,9
"c60-h48","c55-h36",0.724412943247716,9
"c55-h60","c60-h24",0.534920826004497,9
"c55-h36","c60-h24",0.691883883176804,9
"c60-h24","c60-h24",1,9
"c60-h36","c60-h24",0.826161581363397,9
"c50-h36","c60-h24",0.621516512089987,9
"c50-h60","c60-h24",0.466280232179454,9
"c45-h60","c60-h24",0.438397860245023,9
"c60-h60","c60-h24",0.641135196410521,9
"c55-h24","c60-h24",0.845403795070737,9
"c55-h48","c60-h24",0.596048066176704,9
"c50-h24","c60-h24",0.75475175656808,9
"c50-h48","c60-h24",0.52166801312822,9
"c45-h24","c60-h24",0.707981379099024,9
"c45-h36","c60-h24",0.582934324737584,9
"c45-h48","c60-h24",0.489858003009903,9
"c60-h48","c60-h24",0.714190525002621,9
"c55-h60","c60-h36",0.642595406433612,9
"c55-h36","c60-h36",0.840595828439571,9
"c60-h24","c60-h36",0.826161581363397,9
"c60-h36","c60-h36",1,9
"c50-h36","c60-h36",0.750302775383056,9
"c50-h60","c60-h36",0.554388306255559,9
"c45-h60","c60-h36",0.529158093503148,9
"c60-h60","c60-h36",0.771691958944938,9
"c55-h24","c60-h36",0.70493262421365,9
"c55-h48","c60-h36",0.719970519858085,9
"c50-h24","c60-h36",0.627249924337211,9
"c50-h48","c60-h36",0.628206489719426,9
"c45-h24","c60-h36",0.596438963623799,9
"c45-h36","c60-h36",0.707861225814203,9
"c45-h48","c60-h36",0.596592277021991,9
"c60-h48","c60-h36",0.86112486760701,9
"c55-h60","c50-h36",0.697804187342326,9
"c55-h36","c50-h36",0.900500974423415,9
"c60-h24","c50-h36",0.621516512089987,9
"c60-h36","c50-h36",0.750302775383056,9
"c50-h36","c50-h36",1,9
"c50-h60","c50-h36",0.763521035276484,9
"c45-h60","c50-h36",0.722694278836545,9
"c60-h60","c50-h36",0.584311483001446,9
"c55-h24","c50-h36",0.756759938879226,9
"c55-h48","c50-h36",0.781007647672546,9
"c50-h24","c50-h36",0.830204376104754,9
"c50-h48","c50-h36",0.861050447652492,9
"c45-h24","c50-h36",0.79325441883744,9
"c45-h36","c50-h36",0.944003096184898,9
"c45-h48","c50-h36",0.814329999816297,9
"c60-h48","c50-h36",0.652876610904158,9
"c55-h60","c50-h60",0.897148023652128,9
"c55-h36","c50-h60",0.67687952102358,9
"c60-h24","c50-h60",0.466280232179454,9
"c60-h36","c50-h60",0.554388306255559,9
"c50-h36","c50-h60",0.763521035276484,9
"c50-h60","c50-h60",1,9
"c45-h60","c50-h60",0.942857578280716,9
"c60-h60","c50-h60",0.747967474776953,9
"c55-h24","c50-h60",0.580609453193409,9
"c55-h48","c50-h60",0.799810163295711,9
"c50-h24","c50-h60",0.640913586293646,9
"c50-h48","c50-h60",0.8924973551886,9
"c45-h24","c50-h60",0.614322769659686,9
"c45-h36","c50-h60",0.724478800202108,9
"c45-h48","c50-h60",0.844398919629172,9
"c60-h48","c50-h60",0.66252806867214,9
"c55-h60","c45-h60",0.847093774797474,9
"c55-h36","c45-h60",0.640562111498511,9
"c60-h24","c45-h60",0.438397860245023,9
"c60-h36","c45-h60",0.529158093503148,9
"c50-h36","c45-h60",0.722694278836545,9
"c50-h60","c45-h60",0.942857578280716,9
"c45-h60","c45-h60",1,9
"c60-h60","c45-h60",0.706411867872301,9
"c55-h24","c45-h60",0.540664008095239,9
"c55-h48","c45-h60",0.753939651680895,9
"c50-h24","c45-h60",0.601289612166553,9
"c50-h48","c45-h60",0.842172055786616,9
"c45-h24","c45-h60",0.644197531222899,9
"c45-h36","c45-h60",0.771297960514728,9
"c45-h48","c45-h60",0.895542048590128,9
"c60-h48","c45-h60",0.626284602698711,9
"c55-h60","c60-h60",0.834669385585124,9
"c55-h36","c60-h60",0.64356644776123,9
"c60-h24","c60-h60",0.641135196410521,9
"c60-h36","c60-h60",0.771691958944938,9
"c50-h36","c60-h60",0.584311483001446,9
"c50-h60","c60-h60",0.747967474776953,9
"c45-h60","c60-h60",0.706411867872301,9
"c60-h60","c60-h60",1,9
"c55-h24","c60-h60",0.546006330220768,9
"c55-h48","c60-h60",0.743854021164069,9
"c50-h24","c60-h60",0.491323019391678,9
"c50-h48","c60-h60",0.666021187560209,9
"c45-h24","c60-h60",0.467400890464353,9
"c45-h36","c60-h60",0.552485430908931,9
"c45-h48","c60-h60",0.631322162897327,9
"c60-h48","c60-h60",0.89052744506566,9
"c55-h60","c55-h24",0.646522146461156,9
"c55-h36","c55-h24",0.828757183844216,9
"c60-h24","c55-h24",0.845403795070737,9
"c60-h36","c55-h24",0.70493262421365,9
"c50-h36","c55-h24",0.756759938879226,9
"c50-h60","c55-h24",0.580609453193409,9
"c45-h60","c55-h24",0.540664008095239,9
"c60-h60","c55-h24",0.546006330220768,9
"c55-h24","c55-h24",1,9
"c55-h48","c55-h24",0.724942785512412,9
"c50-h24","c55-h24",0.906272324796229,9
"c50-h48","c55-h24",0.653739699032539,9
"c45-h24","c55-h24",0.85134171365605,9
"c45-h36","c55-h24",0.70657289734106,9
"c45-h48","c55-h24",0.611196736130973,9
"c60-h48","c55-h24",0.616280728279753,9
"c55-h60","c55-h48",0.894888139792484,9
"c55-h36","c55-h48",0.862555411427661,9
"c60-h24","c55-h48",0.596048066176704,9
"c60-h36","c55-h48",0.719970519858085,9
"c50-h36","c55-h48",0.781007647672546,9
"c50-h60","c55-h48",0.799810163295711,9
"c45-h60","c55-h48",0.753939651680895,9
"c60-h60","c55-h48",0.743854021164069,9
"c55-h24","c55-h48",0.724942785512412,9
"c55-h48","c55-h48",1,9
"c50-h24","c55-h48",0.651369754368429,9
"c50-h48","c55-h48",0.897608186889933,9
"c45-h24","c55-h48",0.614715842616236,9
"c45-h36","c55-h48",0.733136552920743,9
"c45-h48","c55-h48",0.846161877666069,9
"c60-h48","c55-h48",0.83875821048337,9
"c55-h60","c50-h24",0.582539705534331,9
"c55-h36","c50-h24",0.743641432218293,9
"c60-h24","c50-h24",0.75475175656808,9
"c60-h36","c50-h24",0.627249924337211,9
"c50-h36","c50-h24",0.830204376104754,9
"c50-h60","c50-h24",0.640913586293646,9
"c45-h60","c50-h24",0.601289612166553,9
"c60-h60","c50-h24",0.491323019391678,9
"c55-h24","c50-h24",0.906272324796229,9
"c55-h48","c50-h24",0.651369754368429,9
"c50-h24","c50-h24",1,9
"c50-h48","c50-h24",0.720681053174869,9
"c45-h24","c50-h24",0.947076581548091,9
"c45-h36","c50-h24",0.781853021777247,9
"c45-h48","c50-h24",0.67850363651086,9
"c60-h48","c50-h24",0.550499963999086,9
"c55-h60","c50-h48",0.803159572364342,9
"c55-h36","c50-h48",0.766506056494037,9
"c60-h24","c50-h48",0.52166801312822,9
"c60-h36","c50-h48",0.628206489719426,9
"c50-h36","c50-h48",0.861050447652492,9
"c50-h60","c50-h48",0.8924973551886,9
"c45-h60","c50-h48",0.842172055786616,9
"c60-h60","c50-h48",0.666021187560209,9
"c55-h24","c50-h48",0.653739699032539,9
"c55-h48","c50-h48",0.897608186889933,9
"c50-h24","c50-h48",0.720681053174869,9
"c50-h48","c50-h48",1,9
"c45-h24","c50-h48",0.688791013534854,9
"c45-h36","c50-h48",0.813913107546974,9
"c45-h48","c50-h48",0.943935303474311,9
"c60-h48","c50-h48",0.746042191762281,9
"c55-h60","c45-h24",0.551103006688486,9
"c55-h36","c45-h24",0.703271934807734,9
"c60-h24","c45-h24",0.707981379099024,9
"c60-h36","c45-h24",0.596438963623799,9
"c50-h36","c45-h24",0.79325441883744,9
"c50-h60","c45-h24",0.614322769659686,9
"c45-h60","c45-h24",0.644197531222899,9
"c60-h60","c45-h24",0.467400890464353,9
"c55-h24","c45-h24",0.85134171365605,9
"c55-h48","c45-h24",0.614715842616236,9
"c50-h24","c45-h24",0.947076581548091,9
"c50-h48","c45-h24",0.688791013534854,9
"c45-h24","c45-h24",1,9
"c45-h36","c45-h24",0.833658294927865,9
"c45-h48","c45-h24",0.723431086162418,9
"c60-h48","c45-h24",0.523618162964256,9
"c55-h60","c45-h36",0.658659948545146,9
"c55-h36","c45-h36",0.845405123642443,9
"c60-h24","c45-h36",0.582934324737584,9
"c60-h36","c45-h36",0.707861225814203,9
"c50-h36","c45-h36",0.944003096184898,9
"c50-h60","c45-h36",0.724478800202108,9
"c45-h60","c45-h36",0.771297960514728,9
"c60-h60","c45-h36",0.552485430908931,9
"c55-h24","c45-h36",0.70657289734106,9
"c55-h48","c45-h36",0.733136552920743,9
"c50-h24","c45-h36",0.781853021777247,9
"c50-h48","c45-h36",0.813913107546974,9
"c45-h24","c45-h36",0.833658294927865,9
"c45-h36","c45-h36",1,9
"c45-h48","c45-h36",0.864344374649075,9
"c60-h48","c45-h36",0.614711365632909,9
"c55-h60","c45-h48",0.760241804773839,9
"c55-h36","c45-h48",0.724183676936126,9
"c60-h24","c45-h48",0.489858003009903,9
"c60-h36","c45-h48",0.596592277021991,9
"c50-h36","c45-h48",0.814329999816297,9
"c50-h60","c45-h48",0.844398919629172,9
"c45-h60","c45-h48",0.895542048590128,9
"c60-h60","c45-h48",0.631322162897327,9
"c55-h24","c45-h48",0.611196736130973,9
"c55-h48","c45-h48",0.846161877666069,9
"c50-h24","c45-h48",0.67850363651086,9
"c50-h48","c45-h48",0.943935303474311,9
"c45-h24","c45-h48",0.723431086162418,9
"c45-h36","c45-h48",0.864344374649075,9
"c45-h48","c45-h48",1,9
"c60-h48","c45-h48",0.704862680771683,9
"c55-h60","c60-h48",0.748248666640696,9
"c55-h36","c60-h48",0.724412943247716,9
"c60-h24","c60-h48",0.714190525002621,9
"c60-h36","c60-h48",0.86112486760701,9
"c50-h36","c60-h48",0.652876610904158,9
"c50-h60","c60-h48",0.66252806867214,9
"c45-h60","c60-h48",0.626284602698711,9
"c60-h60","c60-h48",0.89052744506566,9
"c55-h24","c60-h48",0.616280728279753,9
"c55-h48","c60-h48",0.83875821048337,9
"c50-h24","c60-h48",0.550499963999086,9
"c50-h48","c60-h48",0.746042191762281,9
"c45-h24","c60-h48",0.523618162964256,9
"c45-h36","c60-h48",0.614711365632909,9
"c45-h48","c60-h48",0.704862680771683,9
"c60-h48","c60-h48",1,9
"c55-h60","c55-h60",1,10
"c55-h36","c55-h60",0.770674594238535,10
"c50-h60","c55-h60",0.902928906872569,10
"c45-h60","c55-h60",0.846726878189519,10
"c60-h60","c55-h60",0.844178280510368,10
"c55-h24","c55-h60",0.627552639425367,10
"c50-h36","c55-h60",0.697206375644144,10
"c60-h24","c55-h60",0.530471080013456,10
"c60-h36","c55-h60",0.661001718386957,10
"c60-h48","c55-h60",0.749627103372075,10
"c50-h24","c55-h60",0.566210966200071,10
"c50-h48","c55-h60",0.802387459015658,10
"c45-h24","c55-h60",0.526539035610066,10
"c55-h48","c55-h60",0.892038620039908,10
"c45-h48","c55-h60",0.749646354267001,10
"c45-h36","c55-h60",0.64805717836477,10
"c55-h60","c55-h36",0.770674594238535,10
"c55-h36","c55-h36",1,10
"c50-h60","c55-h36",0.707355535461655,10
"c45-h60","c55-h36",0.669346410563786,10
"c60-h60","c55-h36",0.646722258845978,10
"c55-h24","c55-h36",0.817212728234674,10
"c50-h36","c55-h36",0.905671352636484,10
"c60-h24","c55-h36",0.678943799810804,10
"c60-h36","c55-h36",0.839517447775208,10
"c60-h48","c55-h36",0.718072833465511,10
"c50-h24","c55-h36",0.744227812374511,10
"c50-h48","c55-h36",0.786932979526862,10
"c45-h24","c55-h36",0.69803220688017,10
"c55-h48","c55-h36",0.866379847823085,10
"c45-h48","c55-h36",0.74433391535039,10
"c45-h36","c55-h36",0.854033348026399,10
"c55-h60","c50-h60",0.902928906872569,10
"c55-h36","c50-h60",0.707355535461655,10
"c50-h60","c50-h60",1,10
"c45-h60","c50-h60",0.943142980033925,10
"c60-h60","c50-h60",0.764883809945217,10
"c55-h24","c50-h60",0.575887074378478,10
"c50-h36","c50-h60",0.779415572018348,10
"c60-h24","c50-h60",0.489383650975603,10
"c60-h36","c50-h60",0.610537737011353,10
"c60-h48","c50-h60",0.683643854349884,10
"c50-h24","c50-h60",0.631021642911851,10
"c50-h48","c50-h60",0.893349777357894,10
"c45-h24","c50-h60",0.590458595811147,10
"c55-h48","c50-h60",0.809466693117515,10
"c45-h48","c50-h60",0.839185354970603,10
"c45-h36","c50-h60",0.727551405315547,10
"c55-h60","c45-h60",0.846726878189519,10
"c55-h36","c45-h60",0.669346410563786,10
"c50-h60","c45-h60",0.943142980033925,10
"c45-h60","c45-h60",1,10
"c60-h60","c45-h60",0.718799403730441,10
"c55-h24","c45-h60",0.542481172620417,10
"c50-h36","c45-h60",0.742007253081825,10
"c60-h24","c45-h60",0.464084517081839,10
"c60-h36","c45-h60",0.580364009183771,10
"c60-h48","c45-h60",0.642344400518572,10
"c50-h24","c45-h60",0.599433648347371,10
"c50-h48","c45-h60",0.844212877519081,10
"c45-h24","c45-h60",0.628907943068575,10
"c55-h48","c45-h60",0.759536943109742,10
"c45-h48","c45-h60",0.891298849376665,10
"c45-h36","c45-h60",0.77685389748803,10
"c55-h60","c60-h60",0.844178280510368,10
"c55-h36","c60-h60",0.646722258845978,10
"c50-h60","c60-h60",0.764883809945217,10
"c45-h60","c60-h60",0.718799403730441,10
"c60-h60","c60-h60",1,10
"c55-h24","c60-h60",0.532529839458217,10
"c50-h36","c60-h60",0.590497292920518,10
"c60-h24","c60-h60",0.637181066095473,10
"c60-h36","c60-h60",0.781680043493405,10
"c60-h48","c60-h60",0.896159102742866,10
"c50-h24","c60-h60",0.482777286296086,10
"c50-h48","c60-h60",0.689442132847225,10
"c45-h24","c60-h60",0.449876999429713,10
"c55-h48","c60-h60",0.759995515564416,10
"c45-h48","c60-h60",0.648221818371748,10
"c45-h36","c60-h60",0.551338701156103,10
"c55-h60","c55-h24",0.627552639425367,10
"c55-h36","c55-h24",0.817212728234674,10
"c50-h60","c55-h24",0.575887074378478,10
"c45-h60","c55-h24",0.542481172620417,10
"c60-h60","c55-h24",0.532529839458217,10
"c55-h24","c55-h24",1,10
"c50-h36","c55-h24",0.738808339778197,10
"c60-h24","c55-h24",0.842113700060579,10
"c60-h36","c55-h24",0.692949121805386,10
"c60-h48","c55-h24",0.591618530915619,10
"c50-h24","c55-h24",0.902994510911657,10
"c50-h48","c55-h24",0.639383321617616,10
"c45-h24","c55-h24",0.849223517268934,10
"c55-h48","c55-h24",0.705444215903258,10
"c45-h48","c55-h24",0.602950050197727,10
"c45-h36","c55-h24",0.697596256267658,10
"c55-h60","c50-h36",0.697206375644144,10
"c55-h36","c50-h36",0.905671352636484,10
"c50-h60","c50-h36",0.779415572018348,10
"c45-h60","c50-h36",0.742007253081825,10
"c60-h60","c50-h36",0.590497292920518,10
"c55-h24","c50-h36",0.738808339778197,10
"c50-h36","c50-h36",1,10
"c60-h24","c50-h36",0.622572353600688,10
"c60-h36","c50-h36",0.770814663484186,10
"c60-h48","c50-h36",0.658117723079163,10
"c50-h24","c50-h36",0.821552399866687,10
"c50-h48","c50-h36",0.869819365076913,10
"c45-h24","c50-h36",0.775317815422352,10
"c55-h48","c50-h36",0.784230747920192,10
"c45-h48","c50-h36",0.827101723189274,10
"c45-h36","c50-h36",0.945771629040659,10
"c55-h60","c60-h24",0.530471080013456,10
"c55-h36","c60-h24",0.678943799810804,10
"c50-h60","c60-h24",0.489383650975603,10
"c45-h60","c60-h24",0.464084517081839,10
"c60-h60","c60-h24",0.637181066095473,10
"c55-h24","c60-h24",0.842113700060579,10
"c50-h36","c60-h24",0.622572353600688,10
"c60-h24","c60-h24",1,10
"c60-h36","c60-h24",0.820944281320932,10
"c60-h48","c60-h24",0.712715359320154,10
"c50-h24","c60-h24",0.768055341149808,10
"c50-h48","c60-h24",0.549105310616012,10
"c45-h24","c60-h24",0.72401665683839,10
"c55-h48","c60-h24",0.59942629552185,10
"c45-h48","c60-h24",0.523253294321021,10
"c45-h36","c60-h24",0.592576908720728,10
"c55-h60","c60-h36",0.661001718386957,10
"c55-h36","c60-h36",0.839517447775208,10
"c50-h60","c60-h36",0.610537737011353,10
"c45-h60","c60-h36",0.580364009183771,10
"c60-h60","c60-h36",0.781680043493405,10
"c55-h24","c60-h36",0.692949121805386,10
"c50-h36","c60-h36",0.770814663484186,10
"c60-h24","c60-h36",0.820944281320932,10
"c60-h36","c60-h36",1,10
"c60-h48","c60-h36",0.872477478125298,10
"c50-h24","c60-h36",0.638357257910696,10
"c50-h48","c60-h36",0.68378119412088,10
"c45-h24","c60-h36",0.600492143085797,10
"c55-h48","c60-h36",0.745495577423544,10
"c45-h48","c60-h36",0.651441927527097,10
"c45-h36","c60-h36",0.730459890766774,10
"c55-h60","c60-h48",0.749627103372075,10
"c55-h36","c60-h48",0.718072833465511,10
"c50-h60","c60-h48",0.683643854349884,10
"c45-h60","c60-h48",0.642344400518572,10
"c60-h60","c60-h48",0.896159102742866,10
"c55-h24","c60-h48",0.591618530915619,10
"c50-h36","c60-h48",0.658117723079163,10
"c60-h24","c60-h48",0.712715359320154,10
"c60-h36","c60-h48",0.872477478125298,10
"c60-h48","c60-h48",1,10
"c50-h24","c60-h48",0.539309009392121,10
"c50-h48","c60-h48",0.767761419231311,10
"c45-h24","c60-h48",0.502674536978972,10
"c55-h48","c60-h48",0.843462430280867,10
"c45-h48","c60-h48",0.724303477801937,10
"c45-h36","c60-h48",0.616604433349373,10
"c55-h60","c50-h24",0.566210966200071,10
"c55-h36","c50-h24",0.744227812374511,10
"c50-h60","c50-h24",0.631021642911851,10
"c45-h60","c50-h24",0.599433648347371,10
"c60-h60","c50-h24",0.482777286296086,10
"c55-h24","c50-h24",0.902994510911657,10
"c50-h36","c50-h24",0.821552399866687,10
"c60-h24","c50-h24",0.768055341149808,10
"c60-h36","c50-h24",0.638357257910696,10
"c60-h48","c50-h24",0.539309009392121,10
"c50-h24","c50-h24",1,10
"c50-h48","c50-h24",0.708674201616734,10
"c45-h24","c50-h24",0.946675100901514,10
"c55-h48","c50-h24",0.640143597439645,10
"c45-h48","c50-h24",0.675313465261077,10
"c45-h36","c50-h24",0.779843772838171,10
"c55-h60","c50-h48",0.802387459015658,10
"c55-h36","c50-h48",0.786932979526862,10
"c50-h60","c50-h48",0.893349777357894,10
"c45-h60","c50-h48",0.844212877519081,10
"c60-h60","c50-h48",0.689442132847225,10
"c55-h24","c50-h48",0.639383321617616,10
"c50-h36","c50-h48",0.869819365076913,10
"c60-h24","c50-h48",0.549105310616012,10
"c60-h36","c50-h48",0.68378119412088,10
"c60-h48","c50-h48",0.767761419231311,10
"c50-h24","c50-h48",0.708674201616734,10
"c50-h48","c50-h48",1,10
"c45-h24","c50-h48",0.663915378891302,10
"c55-h48","c50-h48",0.902505264862707,10
"c45-h48","c50-h48",0.943485311210407,10
"c45-h36","c50-h48",0.816183297314551,10
"c55-h60","c45-h24",0.526539035610066,10
"c55-h36","c45-h24",0.69803220688017,10
"c50-h60","c45-h24",0.590458595811147,10
"c45-h60","c45-h24",0.628907943068575,10
"c60-h60","c45-h24",0.449876999429713,10
"c55-h24","c45-h24",0.849223517268934,10
"c50-h36","c45-h24",0.775317815422352,10
"c60-h24","c45-h24",0.72401665683839,10
"c60-h36","c45-h24",0.600492143085797,10
"c60-h48","c45-h24",0.502674536978972,10
"c50-h24","c45-h24",0.946675100901514,10
"c50-h48","c45-h24",0.663915378891302,10
"c45-h24","c45-h24",1,10
"c55-h48","c45-h24",0.59585393297452,10
"c45-h48","c45-h24",0.708425277742854,10
"c45-h36","c45-h24",0.822316383313685,10
"c55-h60","c55-h48",0.892038620039908,10
"c55-h36","c55-h48",0.866379847823085,10
"c50-h60","c55-h48",0.809466693117515,10
"c45-h60","c55-h48",0.759536943109742,10
"c60-h60","c55-h48",0.759995515564416,10
"c55-h24","c55-h48",0.705444215903258,10
"c50-h36","c55-h48",0.784230747920192,10
"c60-h24","c55-h48",0.59942629552185,10
"c60-h36","c55-h48",0.745495577423544,10
"c60-h48","c55-h48",0.843462430280867,10
"c50-h24","c55-h48",0.640143597439645,10
"c50-h48","c55-h48",0.902505264862707,10
"c45-h24","c55-h48",0.59585393297452,10
"c55-h48","c55-h48",1,10
"c45-h48","c55-h48",0.847125808765179,10
"c45-h36","c55-h48",0.732564958038301,10
"c55-h60","c45-h48",0.749646354267001,10
"c55-h36","c45-h48",0.74433391535039,10
"c50-h60","c45-h48",0.839185354970603,10
"c45-h60","c45-h48",0.891298849376665,10
"c60-h60","c45-h48",0.648221818371748,10
"c55-h24","c45-h48",0.602950050197727,10
"c50-h36","c45-h48",0.827101723189274,10
"c60-h24","c45-h48",0.523253294321021,10
"c60-h36","c45-h48",0.651441927527097,10
"c60-h48","c45-h48",0.724303477801937,10
"c50-h24","c45-h48",0.675313465261077,10
"c50-h48","c45-h48",0.943485311210407,10
"c45-h24","c45-h48",0.708425277742854,10
"c55-h48","c45-h48",0.847125808765179,10
"c45-h48","c45-h48",1,10
"c45-h36","c45-h48",0.869428878927212,10
"c55-h60","c45-h36",0.64805717836477,10
"c55-h36","c45-h36",0.854033348026399,10
"c50-h60","c45-h36",0.727551405315547,10
"c45-h60","c45-h36",0.77685389748803,10
"c60-h60","c45-h36",0.551338701156103,10
"c55-h24","c45-h36",0.697596256267658,10
"c50-h36","c45-h36",0.945771629040659,10
"c60-h24","c45-h36",0.592576908720728,10
"c60-h36","c45-h36",0.730459890766774,10
"c60-h48","c45-h36",0.616604433349373,10
"c50-h24","c45-h36",0.779843772838171,10
"c50-h48","c45-h36",0.816183297314551,10
"c45-h24","c45-h36",0.822316383313685,10
"c55-h48","c45-h36",0.732564958038301,10
"c45-h48","c45-h36",0.869428878927212,10
"c45-h36","c45-h36",1,10
"c55-h36","c55-h36",1,11
"c60-h24","c55-h36",0.676531118154004,11
"c55-h60","c55-h36",0.761118943259263,11
"c50-h36","c55-h36",0.897598563061423,11
"c50-h60","c55-h36",0.687914939852072,11
"c45-h60","c55-h36",0.633418219665931,11
"c60-h60","c55-h36",0.65098655611492,11
"c55-h24","c55-h36",0.808745733633938,11
"c55-h48","c55-h36",0.851096209154807,11
"c50-h24","c55-h36",0.729034195983437,11
"c50-h48","c55-h36",0.767862687035522,11
"c45-h24","c55-h36",0.679140215127638,11
"c45-h36","c55-h36",0.839258626035061,11
"c45-h48","c55-h36",0.714903387530135,11
"c60-h36","c55-h36",0.839946222739573,11
"c60-h48","c55-h36",0.721880989365932,11
"c55-h36","c60-h24",0.676531118154004,11
"c60-h24","c60-h24",1,11
"c55-h60","c60-h24",0.505344933186259,11
"c50-h36","c60-h24",0.597607596966814,11
"c50-h60","c60-h24",0.45536502226261,11
"c45-h60","c60-h24",0.435836962160736,11
"c60-h60","c60-h24",0.624445366045455,11
"c55-h24","c60-h24",0.829159784242688,11
"c55-h48","c60-h24",0.579820296766406,11
"c50-h24","c60-h24",0.742894940801806,11
"c50-h48","c60-h24",0.519650804663534,11
"c45-h24","c60-h24",0.70545974979517,11
"c45-h36","c60-h24",0.568629568995731,11
"c45-h48","c60-h24",0.496360495494743,11
"c60-h36","c60-h24",0.809128833544913,11
"c60-h48","c60-h24",0.704965486012125,11
"c55-h36","c55-h60",0.761118943259263,11
"c60-h24","c55-h60",0.505344933186259,11
"c55-h60","c55-h60",1,11
"c50-h36","c55-h60",0.679665544128212,11
"c50-h60","c55-h60",0.895195577626904,11
"c45-h60","c55-h60",0.831679981729616,11
"c60-h60","c55-h60",0.837248714894227,11
"c55-h24","c55-h60",0.608208143558543,11
"c55-h48","c55-h60",0.895007915200075,11
"c50-h24","c55-h60",0.544361439414326,11
"c50-h48","c55-h60",0.800527083284806,11
"c45-h24","c55-h60",0.508022336396483,11
"c45-h36","c55-h60",0.637518097236433,11
"c45-h48","c55-h60",0.744236736662898,11
"c60-h36","c55-h60",0.634231026318821,11
"c60-h48","c55-h60",0.744858350154737,11
"c55-h36","c50-h36",0.897598563061423,11
"c60-h24","c50-h36",0.597607596966814,11
"c55-h60","c50-h36",0.679665544128212,11
"c50-h36","c50-h36",1,11
"c50-h60","c50-h36",0.766901306706025,11
"c45-h60","c50-h36",0.71079247615804,11
"c60-h60","c50-h36",0.578022708321178,11
"c55-h24","c50-h36",0.716438792926266,11
"c55-h48","c50-h36",0.761086283569722,11
"c50-h24","c50-h36",0.80734868467675,11
"c50-h48","c50-h36",0.856358324066166,11
"c45-h24","c50-h36",0.754261383236725,11
"c45-h36","c50-h36",0.938591192256704,11
"c45-h48","c50-h36",0.799399839361831,11
"c60-h36","c50-h36",0.753341130129213,11
"c60-h48","c50-h36",0.64699097901115,11
"c55-h36","c50-h60",0.687914939852072,11
"c60-h24","c50-h60",0.45536502226261,11
"c55-h60","c50-h60",0.895195577626904,11
"c50-h36","c50-h60",0.766901306706025,11
"c50-h60","c50-h60",1,11
"c45-h60","c50-h60",0.933706912061924,11
"c60-h60","c50-h60",0.745302685608479,11
"c55-h24","c50-h60",0.546283533336536,11
"c55-h48","c50-h60",0.800902472825793,11
"c50-h24","c50-h60",0.615088084734409,11
"c50-h48","c50-h60",0.893662718311374,11
"c45-h24","c50-h60",0.572958671376153,11
"c45-h36","c50-h60",0.719048667891152,11
"c45-h48","c50-h60",0.833337342963427,11
"c60-h36","c50-h60",0.578036847176377,11
"c60-h48","c50-h60",0.668575290383481,11
"c55-h36","c45-h60",0.633418219665931,11
"c60-h24","c45-h60",0.435836962160736,11
"c55-h60","c45-h60",0.831679981729616,11
"c50-h36","c45-h60",0.71079247615804,11
"c50-h60","c45-h60",0.933706912061924,11
"c45-h60","c45-h60",1,11
"c60-h60","c45-h60",0.704028853587717,11
"c55-h24","c45-h60",0.506520058122891,11
"c55-h48","c45-h60",0.743212622975761,11
"c50-h24","c45-h60",0.574424890620399,11
"c50-h48","c45-h60",0.834480468654235,11
"c45-h24","c45-h60",0.612492080917203,11
"c45-h36","c45-h60",0.761607773513504,11
"c45-h48","c45-h60",0.890956099593563,11
"c60-h36","c45-h60",0.545078575106441,11
"c60-h48","c45-h60",0.631520168098939,11
"c55-h36","c60-h60",0.65098655611492,11
"c60-h24","c60-h60",0.624445366045455,11
"c55-h60","c60-h60",0.837248714894227,11
"c50-h36","c60-h60",0.578022708321178,11
"c50-h60","c60-h60",0.745302685608479,11
"c45-h60","c60-h60",0.704028853587717,11
"c60-h60","c60-h60",1,11
"c55-h24","c60-h60",0.516931220612858,11
"c55-h48","c60-h60",0.755489738623051,11
"c50-h24","c60-h60",0.465359920013082,11
"c50-h48","c60-h60",0.672616713687291,11
"c45-h24","c60-h60",0.441106510030075,11
"c45-h36","c60-h60",0.550974758749839,11
"c45-h48","c60-h60",0.635758989552505,11
"c60-h36","c60-h60",0.772980490263734,11
"c60-h48","c60-h60",0.897209706890021,11
"c55-h36","c55-h24",0.808745733633938,11
"c60-h24","c55-h24",0.829159784242688,11
"c55-h60","c55-h24",0.608208143558543,11
"c50-h36","c55-h24",0.716438792926266,11
"c50-h60","c55-h24",0.546283533336536,11
"c45-h60","c55-h24",0.506520058122891,11
"c60-h60","c55-h24",0.516931220612858,11
"c55-h24","c55-h24",1,11
"c55-h48","c55-h24",0.690918312803977,11
"c50-h24","c55-h24",0.893334161453502,11
"c50-h48","c55-h24",0.616377971717416,11
"c45-h24","c55-h24",0.835735395798824,11
"c45-h36","c55-h24",0.668904284093173,11
"c45-h48","c55-h24",0.574633078134704,11
"c60-h36","c55-h24",0.672353533798334,11
"c60-h48","c55-h24",0.580511636048883,11
"c55-h36","c55-h48",0.851096209154807,11
"c60-h24","c55-h48",0.579820296766406,11
"c55-h60","c55-h48",0.895007915200075,11
"c50-h36","c55-h48",0.761086283569722,11
"c50-h60","c55-h48",0.800902472825793,11
"c45-h60","c55-h48",0.743212622975761,11
"c60-h60","c55-h48",0.755489738623051,11
"c55-h24","c55-h48",0.690918312803977,11
"c55-h48","c55-h48",1,11
"c50-h24","c55-h48",0.619313502422215,11
"c50-h48","c55-h48",0.89580678110455,11
"c45-h24","c55-h48",0.578540026155748,11
"c45-h36","c55-h48",0.712902373680436,11
"c45-h48","c55-h48",0.8365711589831,11
"c60-h36","c55-h48",0.717547843097866,11
"c60-h48","c55-h48",0.8369055159067,11
"c55-h36","c50-h24",0.729034195983437,11
"c60-h24","c50-h24",0.742894940801806,11
"c55-h60","c50-h24",0.544361439414326,11
"c50-h36","c50-h24",0.80734868467675,11
"c50-h60","c50-h24",0.615088084734409,11
"c45-h60","c50-h24",0.574424890620399,11
"c60-h60","c50-h24",0.465359920013082,11
"c55-h24","c50-h24",0.893334161453502,11
"c55-h48","c50-h24",0.619313502422215,11
"c50-h24","c50-h24",1,11
"c50-h48","c50-h24",0.69396478708562,11
"c45-h24","c50-h24",0.939127134965879,11
"c45-h36","c50-h24",0.757760344974021,11
"c45-h48","c50-h24",0.649080190716719,11
"c60-h36","c50-h24",0.608725835579058,11
"c60-h48","c50-h24",0.525649350638975,11
"c55-h36","c50-h48",0.767862687035522,11
"c60-h24","c50-h48",0.519650804663534,11
"c55-h60","c50-h48",0.800527083284806,11
"c50-h36","c50-h48",0.856358324066166,11
"c50-h60","c50-h48",0.893662718311374,11
"c45-h60","c50-h48",0.834480468654235,11
"c60-h60","c50-h48",0.672616713687291,11
"c55-h24","c50-h48",0.616377971717416,11
"c55-h48","c50-h48",0.89580678110455,11
"c50-h24","c50-h48",0.69396478708562,11
"c50-h48","c50-h48",1,11
"c45-h24","c50-h48",0.648952783966828,11
"c45-h36","c50-h48",0.80391893358767,11
"c45-h48","c50-h48",0.936249948900589,11
"c60-h36","c50-h48",0.650204325021946,11
"c60-h48","c50-h48",0.753129529983833,11
"c55-h36","c45-h24",0.679140215127638,11
"c60-h24","c45-h24",0.70545974979517,11
"c55-h60","c45-h24",0.508022336396483,11
"c50-h36","c45-h24",0.754261383236725,11
"c50-h60","c45-h24",0.572958671376153,11
"c45-h60","c45-h24",0.612492080917203,11
"c60-h60","c45-h24",0.441106510030075,11
"c55-h24","c45-h24",0.835735395798824,11
"c55-h48","c45-h24",0.578540026155748,11
"c50-h24","c45-h24",0.939127134965879,11
"c50-h48","c45-h24",0.648952783966828,11
"c45-h24","c45-h24",1,11
"c45-h36","c45-h24",0.80382522672697,11
"c45-h48","c45-h24",0.691436949390117,11
"c60-h36","c45-h24",0.574796016255856,11
"c60-h48","c45-h24",0.499218352767738,11
"c55-h36","c45-h36",0.839258626035061,11
"c60-h24","c45-h36",0.568629568995731,11
"c55-h60","c45-h36",0.637518097236433,11
"c50-h36","c45-h36",0.938591192256704,11
"c50-h60","c45-h36",0.719048667891152,11
"c45-h60","c45-h36",0.761607773513504,11
"c60-h60","c45-h36",0.550974758749839,11
"c55-h24","c45-h36",0.668904284093173,11
"c55-h48","c45-h36",0.712902373680436,11
"c50-h24","c45-h36",0.757760344974021,11
"c50-h48","c45-h36",0.80391893358767,11
"c45-h24","c45-h36",0.80382522672697,11
"c45-h36","c45-h36",1,11
"c45-h48","c45-h36",0.854170549649595,11
"c60-h36","c45-h36",0.714002961194078,11
"c60-h48","c45-h36",0.614572574737152,11
"c55-h36","c45-h48",0.714903387530135,11
"c60-h24","c45-h48",0.496360495494743,11
"c55-h60","c45-h48",0.744236736662898,11
"c50-h36","c45-h48",0.799399839361831,11
"c50-h60","c45-h48",0.833337342963427,11
"c45-h60","c45-h48",0.890956099593563,11
"c60-h60","c45-h48",0.635758989552505,11
"c55-h24","c45-h48",0.574633078134704,11
"c55-h48","c45-h48",0.8365711589831,11
"c50-h24","c45-h48",0.649080190716719,11
"c50-h48","c45-h48",0.936249948900589,11
"c45-h24","c45-h48",0.691436949390117,11
"c45-h36","c45-h48",0.854170549649595,11
"c45-h48","c45-h48",1,11
"c60-h36","c45-h48",0.617770787036317,11
"c60-h48","c45-h48",0.713563495592916,11
"c55-h36","c60-h36",0.839946222739573,11
"c60-h24","c60-h36",0.809128833544913,11
"c55-h60","c60-h36",0.634231026318821,11
"c50-h36","c60-h36",0.753341130129213,11
"c50-h60","c60-h36",0.578036847176377,11
"c45-h60","c60-h36",0.545078575106441,11
"c60-h60","c60-h36",0.772980490263734,11
"c55-h24","c60-h36",0.672353533798334,11
"c55-h48","c60-h36",0.717547843097866,11
"c50-h24","c60-h36",0.608725835579058,11
"c50-h48","c60-h36",0.650204325021946,11
"c45-h24","c60-h36",0.574796016255856,11
"c45-h36","c60-h36",0.714002961194078,11
"c45-h48","c60-h36",0.617770787036317,11
"c60-h36","c60-h36",1,11
"c60-h48","c60-h36",0.86586594376254,11
"c55-h36","c60-h48",0.721880989365932,11
"c60-h24","c60-h48",0.704965486012125,11
"c55-h60","c60-h48",0.744858350154737,11
"c50-h36","c60-h48",0.64699097901115,11
"c50-h60","c60-h48",0.668575290383481,11
"c45-h60","c60-h48",0.631520168098939,11
"c60-h60","c60-h48",0.897209706890021,11
"c55-h24","c60-h48",0.580511636048883,11
"c55-h48","c60-h48",0.8369055159067,11
"c50-h24","c60-h48",0.525649350638975,11
"c50-h48","c60-h48",0.753129529983833,11
"c45-h24","c60-h48",0.499218352767738,11
"c45-h36","c60-h48",0.614572574737152,11
"c45-h48","c60-h48",0.713563495592916,11
"c60-h36","c60-h48",0.86586594376254,11
"c60-h48","c60-h48",1,11
"c55-h36","c55-h36",1,12
"c55-h60","c55-h36",0.751824947621512,12
"c50-h60","c55-h36",0.67497104914667,12
"c50-h36","c55-h36",0.901815446303696,12
"c60-h24","c55-h36",0.707884791207046,12
"c60-h36","c55-h36",0.849089319122938,12
"c60-h48","c55-h36",0.728532134211112,12
"c60-h60","c55-h36",0.636028143068683,12
"c55-h24","c55-h36",0.824526263297087,12
"c55-h48","c55-h36",0.857633983967907,12
"c50-h24","c55-h36",0.744167042770301,12
"c50-h48","c55-h36",0.773896013457682,12
"c45-h24","c55-h36",0.699664307390216,12
"c45-h36","c55-h36",0.84817687430318,12
"c45-h48","c55-h36",0.725034930341057,12
"c45-h60","c55-h36",0.632235070790592,12
"c55-h36","c55-h60",0.751824947621512,12
"c55-h60","c55-h60",1,12
"c50-h60","c55-h60",0.894595651666807,12
"c50-h36","c55-h60",0.674636147287474,12
"c60-h24","c55-h60",0.537392846412543,12
"c60-h36","c55-h60",0.640645784720916,12
"c60-h48","c55-h60",0.741318485729299,12
"c60-h60","c55-h60",0.835205991762009,12
"c55-h24","c55-h60",0.62612590500543,12
"c55-h48","c55-h60",0.884374539535413,12
"c50-h24","c55-h60",0.560525740364658,12
"c50-h48","c55-h60",0.795926209312065,12
"c45-h24","c55-h60",0.530760873584733,12
"c45-h36","c55-h60",0.632302615704359,12
"c45-h48","c55-h60",0.748622261052625,12
"c45-h60","c55-h60",0.840144056480818,12
"c55-h36","c50-h60",0.67497104914667,12
"c55-h60","c50-h60",0.894595651666807,12
"c50-h60","c50-h60",1,12
"c50-h36","c50-h60",0.756262970858259,12
"c60-h24","c50-h60",0.498845735808278,12
"c60-h36","c50-h60",0.579785445049853,12
"c60-h48","c50-h60",0.663780409431915,12
"c60-h60","c50-h60",0.744517951013306,12
"c55-h24","c50-h60",0.573443221819146,12
"c55-h48","c50-h60",0.790546825560022,12
"c50-h24","c50-h60",0.64005297045868,12
"c50-h48","c50-h60",0.887723171220201,12
"c45-h24","c50-h60",0.607062216915586,12
"c45-h36","c50-h60",0.710745788603912,12
"c45-h48","c50-h60",0.83696001234547,12
"c45-h60","c50-h60",0.940255101174385,12
"c55-h36","c50-h36",0.901815446303696,12
"c55-h60","c50-h36",0.674636147287474,12
"c50-h60","c50-h36",0.756262970858259,12
"c50-h36","c50-h36",1,12
"c60-h24","c50-h36",0.643905403874209,12
"c60-h36","c50-h36",0.769499772751212,12
"c60-h48","c50-h36",0.651673219404032,12
"c60-h60","c50-h36",0.566510184361191,12
"c55-h24","c50-h36",0.746547113890845,12
"c55-h48","c50-h36",0.766671019486774,12
"c50-h24","c50-h36",0.827545411699554,12
"c50-h48","c50-h36",0.856960377114998,12
"c45-h24","c50-h36",0.777765659674234,12
"c45-h36","c50-h36",0.941468029587588,12
"c45-h48","c50-h36",0.805974976072353,12
"c45-h60","c50-h36",0.710641370844761,12
"c55-h36","c60-h24",0.707884791207046,12
"c55-h60","c60-h24",0.537392846412543,12
"c50-h60","c60-h24",0.498845735808278,12
"c50-h36","c60-h24",0.643905403874209,12
"c60-h24","c60-h24",1,12
"c60-h36","c60-h24",0.813908029930105,12
"c60-h48","c60-h24",0.711043104379954,12
"c60-h60","c60-h24",0.613563663778868,12
"c55-h24","c60-h24",0.855171989569172,12
"c55-h48","c60-h24",0.623714523411559,12
"c50-h24","c60-h24",0.77535666661612,12
"c50-h48","c60-h24",0.577432255117287,12
"c45-h24","c60-h24",0.731014596092367,12
"c45-h36","c60-h24",0.609695043067287,12
"c45-h48","c60-h24",0.546402316446921,12
"c45-h60","c60-h24",0.469355237384069,12
"c55-h36","c60-h36",0.849089319122938,12
"c55-h60","c60-h36",0.640645784720916,12
"c50-h60","c60-h36",0.579785445049853,12
"c50-h36","c60-h36",0.769499772751212,12
"c60-h24","c60-h36",0.813908029930105,12
"c60-h36","c60-h36",1,12
"c60-h48","c60-h36",0.865501284008575,12
"c60-h60","c60-h36",0.759649511037403,12
"c55-h24","c60-h36",0.693129464338647,12
"c55-h48","c60-h36",0.734797164104621,12
"c50-h24","c60-h36",0.626708930567566,12
"c50-h48","c60-h36",0.665995709715841,12
"c45-h24","c60-h36",0.58701738815557,12
"c45-h36","c60-h36",0.723187058642626,12
"c45-h48","c60-h36",0.620061283731971,12
"c45-h60","c60-h36",0.539018942165314,12
"c55-h36","c60-h48",0.728532134211112,12
"c55-h60","c60-h48",0.741318485729299,12
"c50-h60","c60-h48",0.663780409431915,12
"c50-h36","c60-h48",0.651673219404032,12
"c60-h24","c60-h48",0.711043104379954,12
"c60-h36","c60-h48",0.865501284008575,12
"c60-h48","c60-h48",1,12
"c60-h60","c60-h48",0.88304495726105,12
"c55-h24","c60-h48",0.604210340193318,12
"c55-h48","c60-h48",0.846609559582122,12
"c50-h24","c60-h48",0.542770845530332,12
"c50-h48","c60-h48",0.758411228190961,12
"c45-h24","c60-h48",0.505620302744161,12
"c45-h36","c60-h48",0.606653866978463,12
"c45-h48","c60-h48",0.704294143425672,12
"c45-h60","c60-h48",0.614459243649674,12
"c55-h36","c60-h60",0.636028143068683,12
"c55-h60","c60-h60",0.835205991762009,12
"c50-h60","c60-h60",0.744517951013306,12
"c50-h36","c60-h60",0.566510184361191,12
"c60-h24","c60-h60",0.613563663778868,12
"c60-h36","c60-h60",0.759649511037403,12
"c60-h48","c60-h60",0.88304495726105,12
"c60-h60","c60-h60",1,12
"c55-h24","c60-h60",0.523120844160341,12
"c55-h48","c60-h60",0.743578951105761,12
"c50-h24","c60-h60",0.465793621662119,12
"c50-h48","c60-h60",0.663358121637185,12
"c45-h24","c60-h60",0.437240066692767,12
"c45-h36","c60-h60",0.5258753022801,12
"c45-h48","c60-h60",0.618058799450621,12
"c45-h60","c60-h60",0.69198824787762,12
"c55-h36","c55-h24",0.824526263297087,12
"c55-h60","c55-h24",0.62612590500543,12
"c50-h60","c55-h24",0.573443221819146,12
"c50-h36","c55-h24",0.746547113890845,12
"c60-h24","c55-h24",0.855171989569172,12
"c60-h36","c55-h24",0.693129464338647,12
"c60-h48","c55-h24",0.604210340193318,12
"c60-h60","c55-h24",0.523120844160341,12
"c55-h24","c55-h24",1,12
"c55-h48","c55-h24",0.717781295112332,12
"c50-h24","c55-h24",0.903000082710722,12
"c50-h48","c55-h24",0.657471340144337,12
"c45-h24","c55-h24",0.85636289352147,12
"c45-h36","c55-h24",0.710217708435657,12
"c45-h48","c55-h24",0.627038622190276,12
"c45-h60","c55-h24",0.546131635728964,12
"c55-h36","c55-h48",0.857633983967907,12
"c55-h60","c55-h48",0.884374539535413,12
"c50-h60","c55-h48",0.790546825560022,12
"c50-h36","c55-h48",0.766671019486774,12
"c60-h24","c55-h48",0.623714523411559,12
"c60-h36","c55-h48",0.734797164104621,12
"c60-h48","c55-h48",0.846609559582122,12
"c60-h60","c55-h48",0.743578951105761,12
"c55-h24","c55-h48",0.717781295112332,12
"c55-h48","c55-h48",1,12
"c50-h24","c55-h48",0.643106974710378,12
"c50-h48","c55-h48",0.897745179649024,12
"c45-h24","c55-h48",0.604765328268311,12
"c45-h36","c55-h48",0.718049033856282,12
"c45-h48","c55-h48",0.840202710700933,12
"c45-h60","c55-h48",0.740233584108672,12
"c55-h36","c50-h24",0.744167042770301,12
"c55-h60","c50-h24",0.560525740364658,12
"c50-h60","c50-h24",0.64005297045868,12
"c50-h36","c50-h24",0.827545411699554,12
"c60-h24","c50-h24",0.77535666661612,12
"c60-h36","c50-h24",0.626708930567566,12
"c60-h48","c50-h24",0.542770845530332,12
"c60-h60","c50-h24",0.465793621662119,12
"c55-h24","c50-h24",0.903000082710722,12
"c55-h48","c50-h24",0.643106974710378,12
"c50-h24","c50-h24",1,12
"c50-h48","c50-h24",0.725021950960019,12
"c45-h24","c50-h24",0.945408235753091,12
"c45-h36","c50-h24",0.784448253245284,12
"c45-h48","c50-h24",0.689768198259636,12
"c45-h60","c50-h24",0.606200701303646,12
"c55-h36","c50-h48",0.773896013457682,12
"c55-h60","c50-h48",0.795926209312065,12
"c50-h60","c50-h48",0.887723171220201,12
"c50-h36","c50-h48",0.856960377114998,12
"c60-h24","c50-h48",0.577432255117287,12
"c60-h36","c50-h48",0.665995709715841,12
"c60-h48","c50-h48",0.758411228190961,12
"c60-h60","c50-h48",0.663358121637185,12
"c55-h24","c50-h48",0.657471340144337,12
"c55-h48","c50-h48",0.897745179649024,12
"c50-h24","c50-h48",0.725021950960019,12
"c50-h48","c50-h48",1,12
"c45-h24","c50-h48",0.682615850242145,12
"c45-h36","c50-h48",0.803945787707342,12
"c45-h48","c50-h48",0.93921632550965,12
"c45-h60","c50-h48",0.83408515109384,12
"c55-h36","c45-h24",0.699664307390216,12
"c55-h60","c45-h24",0.530760873584733,12
"c50-h60","c45-h24",0.607062216915586,12
"c50-h36","c45-h24",0.777765659674234,12
"c60-h24","c45-h24",0.731014596092367,12
"c60-h36","c45-h24",0.58701738815557,12
"c60-h48","c45-h24",0.505620302744161,12
"c60-h60","c45-h24",0.437240066692767,12
"c55-h24","c45-h24",0.85636289352147,12
"c55-h48","c45-h24",0.604765328268311,12
"c50-h24","c45-h24",0.945408235753091,12
"c50-h48","c45-h24",0.682615850242145,12
"c45-h24","c45-h24",1,12
"c45-h36","c45-h24",0.826149364210294,12
"c45-h48","c45-h24",0.729017105077912,12
"c45-h60","c45-h24",0.645706295150097,12
"c55-h36","c45-h36",0.84817687430318,12
"c55-h60","c45-h36",0.632302615704359,12
"c50-h60","c45-h36",0.710745788603912,12
"c50-h36","c45-h36",0.941468029587588,12
"c60-h24","c45-h36",0.609695043067287,12
"c60-h36","c45-h36",0.723187058642626,12
"c60-h48","c45-h36",0.606653866978463,12
"c60-h60","c45-h36",0.5258753022801,12
"c55-h24","c45-h36",0.710217708435657,12
"c55-h48","c45-h36",0.718049033856282,12
"c50-h24","c45-h36",0.784448253245284,12
"c50-h48","c45-h36",0.803945787707342,12
"c45-h24","c45-h36",0.826149364210294,12
"c45-h36","c45-h36",1,12
"c45-h48","c45-h36",0.856733708881734,12
"c45-h60","c45-h36",0.758604701551042,12
"c55-h36","c45-h48",0.725034930341057,12
"c55-h60","c45-h48",0.748622261052625,12
"c50-h60","c45-h48",0.83696001234547,12
"c50-h36","c45-h48",0.805974976072353,12
"c60-h24","c45-h48",0.546402316446921,12
"c60-h36","c45-h48",0.620061283731971,12
"c60-h48","c45-h48",0.704294143425672,12
"c60-h60","c45-h48",0.618058799450621,12
"c55-h24","c45-h48",0.627038622190276,12
"c55-h48","c45-h48",0.840202710700933,12
"c50-h24","c45-h48",0.689768198259636,12
"c50-h48","c45-h48",0.93921632550965,12
"c45-h24","c45-h48",0.729017105077912,12
"c45-h36","c45-h48",0.856733708881734,12
"c45-h48","c45-h48",1,12
"c45-h60","c45-h48",0.89126945564113,12
"c55-h36","c45-h60",0.632235070790592,12
"c55-h60","c45-h60",0.840144056480818,12
"c50-h60","c45-h60",0.940255101174385,12
"c50-h36","c45-h60",0.710641370844761,12
"c60-h24","c45-h60",0.469355237384069,12
"c60-h36","c45-h60",0.539018942165314,12
"c60-h48","c45-h60",0.614459243649674,12
"c60-h60","c45-h60",0.69198824787762,12
"c55-h24","c45-h60",0.546131635728964,12
"c55-h48","c45-h60",0.740233584108672,12
"c50-h24","c45-h60",0.606200701303646,12
"c50-h48","c45-h60",0.83408515109384,12
"c45-h24","c45-h60",0.645706295150097,12
"c45-h36","c45-h60",0.758604701551042,12
"c45-h48","c45-h60",0.89126945564113,12
"c45-h60","c45-h60",1,12
"c55-h60","c55-h60",1,13
"c50-h36","c55-h60",0.698812695131356,13
"c55-h36","c55-h60",0.76474563988806,13
"c50-h60","c55-h60",0.904489744230175,13
"c55-h60","c50-h36",0.698812695131356,13
"c50-h36","c50-h36",1,13
"c55-h36","c50-h36",0.902913272113645,13
"c50-h60","c50-h36",0.764151212722983,13
"c55-h60","c55-h36",0.76474563988806,13
"c50-h36","c55-h36",0.902913272113645,13
"c55-h36","c55-h36",1,13
"c50-h60","c55-h36",0.679625432131626,13
"c55-h60","c50-h60",0.904489744230175,13
"c50-h36","c50-h60",0.764151212722983,13
"c55-h36","c50-h60",0.679625432131626,13
"c50-h60","c50-h60",1,13
"c55-h60","c55-h60",1,14
"c50-h60","c55-h60",0.909830423095061,14
"c50-h36","c55-h60",0.693890612756848,14
"c55-h36","c55-h60",0.767431108631237,14
"c55-h60","c50-h60",0.909830423095061,14
"c50-h60","c50-h60",1,14
"c50-h36","c50-h60",0.766603198846969,14
"c55-h36","c50-h60",0.693863397977825,14
"c55-h60","c50-h36",0.693890612756848,14
"c50-h60","c50-h36",0.766603198846969,14
"c50-h36","c50-h36",1,14
"c55-h36","c50-h36",0.903976598060976,14
"c55-h60","c55-h36",0.767431108631237,14
"c50-h60","c55-h36",0.693863397977825,14
"c50-h36","c55-h36",0.903976598060976,14
"c55-h36","c55-h36",1,14
"c55-h36","c55-h36",1,15
"c55-h60","c55-h36",0.775384735925143,15
"c50-h36","c55-h36",0.901345953105169,15
"c50-h60","c55-h36",0.701554426326989,15
"c55-h36","c55-h60",0.775384735925143,15
"c55-h60","c55-h60",1,15
"c50-h36","c55-h60",0.689507733613948,15
"c50-h60","c55-h60",0.897325050660758,15
"c55-h36","c50-h36",0.901345953105169,15
"c55-h60","c50-h36",0.689507733613948,15
"c50-h36","c50-h36",1,15
"c50-h60","c50-h36",0.771164401984404,15
"c55-h36","c50-h60",0.701554426326989,15
"c55-h60","c50-h60",0.897325050660758,15
"c50-h36","c50-h60",0.771164401984404,15
"c50-h60","c50-h60",1,15
"c50-h60","c50-h60",1,16
"c55-h60","c50-h60",0.898131925952561,16
"c50-h36","c50-h60",0.769451081638452,16
"c55-h36","c50-h60",0.688162963425715,16
"c50-h60","c55-h60",0.898131925952561,16
"c55-h60","c55-h60",1,16
"c50-h36","c55-h60",0.700170708147383,16
"c55-h36","c55-h60",0.771573287061714,16
"c50-h60","c50-h36",0.769451081638452,16
"c55-h60","c50-h36",0.700170708147383,16
"c50-h36","c50-h36",1,16
"c55-h36","c50-h36",0.905756692244576,16
"c50-h60","c55-h36",0.688162963425715,16
"c55-h60","c55-h36",0.771573287061714,16
"c50-h36","c55-h36",0.905756692244576,16
"c55-h36","c55-h36",1,16
"c55-h60","c55-h60",1,17
"c55-h36","c55-h60",0.764345644589106,17
"c50-h36","c55-h60",0.685412169115668,17
"c50-h60","c55-h60",0.897564387964305,17
"c55-h60","c55-h36",0.764345644589106,17
"c55-h36","c55-h36",1,17
"c50-h36","c55-h36",0.899671203398827,17
"c50-h60","c55-h36",0.687353586605306,17
"c55-h60","c50-h36",0.685412169115668,17
"c55-h36","c50-h36",0.899671203398827,17
"c50-h36","c50-h36",1,17
"c50-h60","c50-h36",0.765654231805275,17
"c55-h60","c50-h60",0.897564387964305,17
"c55-h36","c50-h60",0.687353586605306,17
"c50-h36","c50-h60",0.765654231805275,17
"c50-h60","c50-h60",1,17
"c55-h36","c55-h36",1,18
"c50-h36","c55-h36",0.907010049978911,18
"c55-h60","c55-h36",0.769046054654066,18
"c50-h60","c55-h36",0.698612236131493,18
"c55-h36","c50-h36",0.907010049978911,18
"c50-h36","c50-h36",1,18
"c55-h60","c50-h36",0.692144267820119,18
"c50-h60","c50-h36",0.76932898940593,18
"c55-h36","c55-h60",0.769046054654066,18
"c50-h36","c55-h60",0.692144267820119,18
"c55-h60","c55-h60",1,18
"c50-h60","c55-h60",0.903348284151567,18
"c55-h36","c50-h60",0.698612236131493,18
"c50-h36","c50-h60",0.76932898940593,18
"c55-h60","c50-h60",0.903348284151567,18
"c50-h60","c50-h60",1,18
"c55-h36","c55-h36",1,19
"c50-h36","c55-h36",0.911368665417916,19
"c55-h60","c55-h36",0.780788877776735,19
"c50-h60","c55-h36",0.702004317826914,19
"c45-h48","c55-h36",0.735398002514579,19
"c45-h60","c55-h36",0.658886996634882,19
"c55-h24","c55-h36",0.806692990660054,19
"c55-h48","c55-h36",0.866841892669338,19
"c50-h24","c55-h36",0.733688202599535,19
"c50-h48","c55-h36",0.782828462098801,19
"c45-h24","c55-h36",0.692122878122215,19
"c45-h36","c55-h36",0.853654383262386,19
"c60-h48","c55-h36",0.730779677838868,19
"c60-h60","c55-h36",0.650384803697681,19
"c60-h24","c55-h36",0.682145838882569,19
"c60-h36","c55-h36",0.843640572448501,19
"c55-h36","c50-h36",0.911368665417916,19
"c50-h36","c50-h36",1,19
"c55-h60","c50-h36",0.723862787197365,19
"c50-h60","c50-h36",0.785351472133348,19
"c45-h48","c50-h36",0.818694114418113,19
"c45-h60","c50-h36",0.740591227725524,19
"c55-h24","c50-h36",0.743472879590145,19
"c55-h48","c50-h36",0.795756866367446,19
"c50-h24","c50-h36",0.811268448380644,19
"c50-h48","c50-h36",0.868740992859124,19
"c45-h24","c50-h36",0.77057556890404,19
"c45-h36","c50-h36",0.942573276481844,19
"c60-h48","c50-h36",0.671212209380697,19
"c60-h60","c50-h36",0.605952788445436,19
"c60-h24","c50-h36",0.628285897229039,19
"c60-h36","c50-h36",0.773508442038722,19
"c55-h36","c55-h60",0.780788877776735,19
"c50-h36","c55-h60",0.723862787197365,19
"c55-h60","c55-h60",1,19
"c50-h60","c55-h60",0.907455141939228,19
"c45-h48","c55-h60",0.764844471365072,19
"c45-h60","c55-h60",0.852515659271225,19
"c55-h24","c55-h60",0.616848539919763,19
"c55-h48","c55-h60",0.889534065809197,19
"c50-h24","c55-h60",0.56744824138831,19
"c50-h48","c55-h60",0.813297744623345,19
"c45-h24","c55-h60",0.535602019131197,19
"c45-h36","c55-h60",0.680495299303533,19
"c60-h48","c55-h60",0.75013896626241,19
"c60-h60","c55-h60",0.844630509532241,19
"c60-h24","c55-h60",0.517850387435208,19
"c60-h36","c55-h60",0.659851975249195,19
"c55-h36","c50-h60",0.702004317826914,19
"c50-h36","c50-h60",0.785351472133348,19
"c55-h60","c50-h60",0.907455141939228,19
"c50-h60","c50-h60",1,19
"c45-h48","c50-h60",0.839597200072674,19
"c45-h60","c50-h60",0.94115723601753,19
"c55-h24","c50-h60",0.564181833278298,19
"c55-h48","c50-h60",0.804046730568192,19
"c50-h24","c50-h60",0.624798815947058,19
"c50-h48","c50-h60",0.892963320085969,19
"c45-h24","c50-h60",0.592348775804887,19
"c45-h36","c50-h60",0.741922030877575,19
"c60-h48","c50-h60",0.677802012306272,19
"c60-h60","c50-h60",0.76908314264066,19
"c60-h24","c50-h60",0.475112339623453,19
"c60-h36","c50-h60",0.595960749507072,19
"c55-h36","c45-h48",0.735398002514579,19
"c50-h36","c45-h48",0.818694114418113,19
"c55-h60","c45-h48",0.764844471365072,19
"c50-h60","c45-h48",0.839597200072674,19
"c45-h48","c45-h48",1,19
"c45-h60","c45-h48",0.891920440937904,19
"c55-h24","c45-h48",0.597555596432039,19
"c55-h48","c45-h48",0.85259539357832,19
"c50-h24","c45-h48",0.659636787738707,19
"c50-h48","c45-h48",0.939852589386812,19
"c45-h24","c45-h48",0.70398114822972,19
"c45-h36","c45-h48",0.872306369117468,19
"c60-h48","c45-h48",0.718861653581976,19
"c60-h60","c45-h48",0.644779277044522,19
"c60-h24","c45-h48",0.509376813524241,19
"c60-h36","c45-h48",0.62744364882054,19
"c55-h36","c45-h60",0.658886996634882,19
"c50-h36","c45-h60",0.740591227725524,19
"c55-h60","c45-h60",0.852515659271225,19
"c50-h60","c45-h60",0.94115723601753,19
"c45-h48","c45-h60",0.891920440937904,19
"c45-h60","c45-h60",1,19
"c55-h24","c45-h60",0.531387111192815,19
"c55-h48","c45-h60",0.753087098495978,19
"c50-h24","c45-h60",0.591368919972022,19
"c50-h48","c45-h60",0.837992335886083,19
"c45-h24","c45-h60",0.62954847104407,19
"c45-h36","c45-h60",0.78892116933067,19
"c60-h48","c45-h60",0.635355286242346,19
"c60-h60","c45-h60",0.723893419088069,19
"c60-h24","c45-h60",0.446491704573526,19
"c60-h36","c45-h60",0.559337769059824,19
"c55-h36","c55-h24",0.806692990660054,19
"c50-h36","c55-h24",0.743472879590145,19
"c55-h60","c55-h24",0.616848539919763,19
"c50-h60","c55-h24",0.564181833278298,19
"c45-h48","c55-h24",0.597555596432039,19
"c45-h60","c55-h24",0.531387111192815,19
"c55-h24","c55-h24",1,19
"c55-h48","c55-h24",0.697994990013863,19
"c50-h24","c55-h24",0.912203894555607,19
"c50-h48","c55-h24",0.637921696132476,19
"c45-h24","c55-h24",0.860879759972369,19
"c45-h36","c55-h24",0.696834967186938,19
"c60-h48","c55-h24",0.588872073472912,19
"c60-h60","c55-h24",0.514374347982482,19
"c60-h24","c55-h24",0.847348564686816,19
"c60-h36","c55-h24",0.679016267839157,19
"c55-h36","c55-h48",0.866841892669338,19
"c50-h36","c55-h48",0.795756866367446,19
"c55-h60","c55-h48",0.889534065809197,19
"c50-h60","c55-h48",0.804046730568192,19
"c45-h48","c55-h48",0.85259539357832,19
"c45-h60","c55-h48",0.753087098495978,19
"c55-h24","c55-h48",0.697994990013863,19
"c55-h48","c55-h48",1,19
"c50-h24","c55-h48",0.63588437573655,19
"c50-h48","c55-h48",0.907169422047377,19
"c45-h24","c55-h48",0.600762431535785,19
"c45-h36","c55-h48",0.747151044404222,19
"c60-h48","c55-h48",0.840125351063093,19
"c60-h60","c55-h48",0.744697742516802,19
"c60-h24","c55-h48",0.590402681137401,19
"c60-h36","c55-h48",0.731147386698396,19
"c55-h36","c50-h24",0.733688202599535,19
"c50-h36","c50-h24",0.811268448380644,19
"c55-h60","c50-h24",0.56744824138831,19
"c50-h60","c50-h24",0.624798815947058,19
"c45-h48","c50-h24",0.659636787738707,19
"c45-h60","c50-h24",0.591368919972022,19
"c55-h24","c50-h24",0.912203894555607,19
"c55-h48","c50-h24",0.63588437573655,19
"c50-h24","c50-h24",1,19
"c50-h48","c50-h24",0.701594813619984,19
"c45-h24","c50-h24",0.94810454696992,19
"c45-h36","c50-h24",0.764447960954431,19
"c60-h48","c50-h24",0.537905537489877,19
"c60-h60","c50-h24",0.47440145171825,19
"c60-h24","c50-h24",0.774487631157699,19
"c60-h36","c50-h24",0.621643192834424,19
"c55-h36","c50-h48",0.782828462098801,19
"c50-h36","c50-h48",0.868740992859124,19
"c55-h60","c50-h48",0.813297744623345,19
"c50-h60","c50-h48",0.892963320085969,19
"c45-h48","c50-h48",0.939852589386812,19
"c45-h60","c50-h48",0.837992335886083,19
"c55-h24","c50-h48",0.637921696132476,19
"c55-h48","c50-h48",0.907169422047377,19
"c50-h24","c50-h48",0.701594813619984,19
"c50-h48","c50-h48",1,19
"c45-h24","c50-h48",0.665378117695151,19
"c45-h36","c50-h48",0.819267134100344,19
"c60-h48","c50-h48",0.763089396366822,19
"c60-h60","c50-h48",0.68426632959916,19
"c60-h24","c50-h48",0.54231201329042,19
"c60-h36","c50-h48",0.66548353699726,19
"c55-h36","c45-h24",0.692122878122215,19
"c50-h36","c45-h24",0.77057556890404,19
"c55-h60","c45-h24",0.535602019131197,19
"c50-h60","c45-h24",0.592348775804887,19
"c45-h48","c45-h24",0.70398114822972,19
"c45-h60","c45-h24",0.62954847104407,19
"c55-h24","c45-h24",0.860879759972369,19
"c55-h48","c45-h24",0.600762431535785,19
"c50-h24","c45-h24",0.94810454696992,19
"c50-h48","c45-h24",0.665378117695151,19
"c45-h24","c45-h24",1,19
"c45-h36","c45-h24",0.813113508904844,19
"c60-h48","c45-h24",0.509119057069528,19
"c60-h60","c45-h24",0.448509538662372,19
"c60-h24","c45-h24",0.72806382769121,19
"c60-h36","c45-h24",0.587872277226256,19
"c55-h36","c45-h36",0.853654383262386,19
"c50-h36","c45-h36",0.942573276481844,19
"c55-h60","c45-h36",0.680495299303533,19
"c50-h60","c45-h36",0.741922030877575,19
"c45-h48","c45-h36",0.872306369117468,19
"c45-h60","c45-h36",0.78892116933067,19
"c55-h24","c45-h36",0.696834967186938,19
"c55-h48","c45-h36",0.747151044404222,19
"c50-h24","c45-h36",0.764447960954431,19
"c50-h48","c45-h36",0.819267134100344,19
"c45-h24","c45-h36",0.813113508904844,19
"c45-h36","c45-h36",1,19
"c60-h48","c45-h36",0.628076137650684,19
"c60-h60","c45-h36",0.56826596125675,19
"c60-h24","c45-h36",0.585846892141444,19
"c60-h36","c45-h36",0.724158780731333,19
"c55-h36","c60-h48",0.730779677838868,19
"c50-h36","c60-h48",0.671212209380697,19
"c55-h60","c60-h48",0.75013896626241,19
"c50-h60","c60-h48",0.677802012306272,19
"c45-h48","c60-h48",0.718861653581976,19
"c45-h60","c60-h48",0.635355286242346,19
"c55-h24","c60-h48",0.588872073472912,19
"c55-h48","c60-h48",0.840125351063093,19
"c50-h24","c60-h48",0.537905537489877,19
"c50-h48","c60-h48",0.763089396366822,19
"c45-h24","c60-h48",0.509119057069528,19
"c45-h36","c60-h48",0.628076137650684,19
"c60-h48","c60-h48",1,19
"c60-h60","c60-h48",0.887295151569634,19
"c60-h24","c60-h48",0.70337764302485,19
"c60-h36","c60-h48",0.870783603322353,19
"c55-h36","c60-h60",0.650384803697681,19
"c50-h36","c60-h60",0.605952788445436,19
"c55-h60","c60-h60",0.844630509532241,19
"c50-h60","c60-h60",0.76908314264066,19
"c45-h48","c60-h60",0.644779277044522,19
"c45-h60","c60-h60",0.723893419088069,19
"c55-h24","c60-h60",0.514374347982482,19
"c55-h48","c60-h60",0.744697742516802,19
"c50-h24","c60-h60",0.47440145171825,19
"c50-h48","c60-h60",0.68426632959916,19
"c45-h24","c60-h60",0.448509538662372,19
"c45-h36","c60-h60",0.56826596125675,19
"c60-h48","c60-h60",0.887295151569634,19
"c60-h60","c60-h60",1,19
"c60-h24","c60-h60",0.613646159568007,19
"c60-h36","c60-h60",0.774921730225328,19
"c55-h36","c60-h24",0.682145838882569,19
"c50-h36","c60-h24",0.628285897229039,19
"c55-h60","c60-h24",0.517850387435208,19
"c50-h60","c60-h24",0.475112339623453,19
"c45-h48","c60-h24",0.509376813524241,19
"c45-h60","c60-h24",0.446491704573526,19
"c55-h24","c60-h24",0.847348564686816,19
"c55-h48","c60-h24",0.590402681137401,19
"c50-h24","c60-h24",0.774487631157699,19
"c50-h48","c60-h24",0.54231201329042,19
"c45-h24","c60-h24",0.72806382769121,19
"c45-h36","c60-h24",0.585846892141444,19
"c60-h48","c60-h24",0.70337764302485,19
"c60-h60","c60-h24",0.613646159568007,19
"c60-h24","c60-h24",1,19
"c60-h36","c60-h24",0.806695722067599,19
"c55-h36","c60-h36",0.843640572448501,19
"c50-h36","c60-h36",0.773508442038722,19
"c55-h60","c60-h36",0.659851975249195,19
"c50-h60","c60-h36",0.595960749507072,19
"c45-h48","c60-h36",0.62744364882054,19
"c45-h60","c60-h36",0.559337769059824,19
"c55-h24","c60-h36",0.679016267839157,19
"c55-h48","c60-h36",0.731147386698396,19
"c50-h24","c60-h36",0.621643192834424,19
"c50-h48","c60-h36",0.66548353699726,19
"c45-h24","c60-h36",0.587872277226256,19
"c45-h36","c60-h36",0.724158780731333,19
"c60-h48","c60-h36",0.870783603322353,19
"c60-h60","c60-h36",0.774921730225328,19
"c60-h24","c60-h36",0.806695722067599,19
"c60-h36","c60-h36",1,19
"c45-h60","c45-h60",1,20
"c50-h36","c45-h60",0.728167943773573,20
"c55-h60","c45-h60",0.856997299668751,20
"c50-h60","c45-h60",0.947071441065274,20
"c55-h36","c45-h60",0.656704436651511,20
"c55-h24","c45-h60",0.544930668778193,20
"c60-h24","c45-h60",0.44699994291254,20
"c60-h36","c45-h60",0.545766136146353,20
"c60-h48","c45-h60",0.639507144655698,20
"c60-h60","c45-h60",0.727992760012493,20
"c45-h24","c45-h60",0.627507073943173,20
"c55-h48","c45-h60",0.759196707097613,20
"c50-h24","c45-h60",0.597898599158956,20
"c50-h48","c45-h60",0.836332155964299,20
"c45-h48","c45-h60",0.884150800895366,20
"c45-h36","c45-h60",0.769897191472058,20
"c45-h60","c50-h36",0.728167943773573,20
"c50-h36","c50-h36",1,20
"c55-h60","c50-h36",0.703591985868784,20
"c50-h60","c50-h36",0.767992246997268,20
"c55-h36","c50-h36",0.905894315748805,20
"c55-h24","c50-h36",0.743866982113705,20
"c60-h24","c50-h36",0.621980405069856,20
"c60-h36","c50-h36",0.767967885536918,20
"c60-h48","c50-h36",0.675420930080597,20
"c60-h60","c50-h36",0.60611211861837,20
"c45-h24","c50-h36",0.767992658168973,20
"c55-h48","c50-h36",0.789716033080852,20
"c50-h24","c50-h36",0.813138409653398,20
"c50-h48","c50-h36",0.86371522345938,20
"c45-h48","c50-h36",0.819735834250585,20
"c45-h36","c50-h36",0.948272346191913,20
"c45-h60","c55-h60",0.856997299668751,20
"c50-h36","c55-h60",0.703591985868784,20
"c55-h60","c55-h60",1,20
"c50-h60","c55-h60",0.904223373981302,20
"c55-h36","c55-h60",0.7746116607211,20
"c55-h24","c55-h60",0.64002419428141,20
"c60-h24","c55-h60",0.53013954333829,20
"c60-h36","c55-h60",0.647280721212765,20
"c60-h48","c55-h60",0.7568578196071,20
"c60-h60","c55-h60",0.853136525917788,20
"c45-h24","c55-h60",0.541593469433466,20
"c55-h48","c55-h60",0.88798269884654,20
"c50-h24","c55-h60",0.575046678408847,20
"c50-h48","c55-h60",0.795170667702283,20
"c45-h48","c55-h60",0.753436753568237,20
"c45-h36","c55-h60",0.667881846039619,20
"c45-h60","c50-h60",0.947071441065274,20
"c50-h36","c50-h60",0.767992246997268,20
"c55-h60","c50-h60",0.904223373981302,20
"c50-h60","c50-h60",1,20
"c55-h36","c50-h60",0.692226880263434,20
"c55-h24","c50-h60",0.576169095647402,20
"c60-h24","c50-h60",0.470082456256909,20
"c60-h36","c50-h60",0.570334802837692,20
"c60-h48","c50-h60",0.672982311357802,20
"c60-h60","c50-h60",0.763400070427471,20
"c45-h24","c50-h60",0.595911929772807,20
"c55-h48","c50-h60",0.801585256589108,20
"c50-h24","c50-h60",0.631109907440671,20
"c50-h48","c50-h60",0.883501099278278,20
"c45-h48","c50-h60",0.837458826152834,20
"c45-h36","c50-h60",0.729115561156899,20
"c45-h60","c55-h36",0.656704436651511,20
"c50-h36","c55-h36",0.905894315748805,20
"c55-h60","c55-h36",0.7746116607211,20
"c50-h60","c55-h36",0.692226880263434,20
"c55-h36","c55-h36",1,20
"c55-h24","c55-h36",0.814792415942624,20
"c60-h24","c55-h36",0.683238973505533,20
"c60-h36","c55-h36",0.853309875809099,20
"c60-h48","c55-h36",0.749270545728512,20
"c60-h60","c55-h36",0.673506278910812,20
"c45-h24","c55-h36",0.684488549924624,20
"c55-h48","c55-h36",0.86712679202115,20
"c50-h24","c55-h36",0.726881967611477,20
"c50-h48","c55-h36",0.776652316364031,20
"c45-h48","c55-h36",0.73739132366323,20
"c45-h36","c55-h36",0.860161425880477,20
"c45-h60","c55-h24",0.544930668778193,20
"c50-h36","c55-h24",0.743866982113705,20
"c55-h60","c55-h24",0.64002419428141,20
"c50-h60","c55-h24",0.576169095647402,20
"c55-h36","c55-h24",0.814792415942624,20
"c55-h24","c55-h24",1,20
"c60-h24","c55-h24",0.848152285133638,20
"c60-h36","c55-h24",0.702932486215692,20
"c60-h48","c55-h24",0.624375979873658,20
"c60-h60","c55-h24",0.565414064041831,20
"c45-h24","c55-h24",0.854363718890818,20
"c55-h48","c55-h24",0.713146213458614,20
"c50-h24","c55-h24",0.902747154009479,20
"c50-h48","c55-h24",0.642432332952674,20
"c45-h48","c55-h24",0.610110538877616,20
"c45-h36","c55-h24",0.708316812939898,20
"c45-h60","c60-h24",0.44699994291254,20
"c50-h36","c60-h24",0.621980405069856,20
"c55-h60","c60-h24",0.53013954333829,20
"c50-h60","c60-h24",0.470082456256909,20
"c55-h36","c60-h24",0.683238973505533,20
"c55-h24","c60-h24",0.848152285133638,20
"c60-h24","c60-h24",1,20
"c60-h36","c60-h24",0.81354858575101,20
"c60-h48","c60-h24",0.713485253376369,20
"c60-h60","c60-h24",0.64472007186486,20
"c45-h24","c60-h24",0.725244975810924,20
"c55-h48","c60-h24",0.590702692220558,20
"c50-h24","c60-h24",0.76353408983726,20
"c50-h48","c60-h24",0.524090110942159,20
"c45-h48","c60-h24",0.500356759470247,20
"c45-h36","c60-h24",0.595753471341193,20
"c45-h60","c60-h36",0.545766136146353,20
"c50-h36","c60-h36",0.767967885536918,20
"c55-h60","c60-h36",0.647280721212765,20
"c50-h60","c60-h36",0.570334802837692,20
"c55-h36","c60-h36",0.853309875809099,20
"c55-h24","c60-h36",0.702932486215692,20
"c60-h24","c60-h36",0.81354858575101,20
"c60-h36","c60-h36",1,20
"c60-h48","c60-h36",0.861041482836401,20
"c60-h60","c60-h36",0.77131478910612,20
"c45-h24","c60-h36",0.594191437414941,20
"c55-h48","c60-h36",0.724762152461757,20
"c50-h24","c60-h36",0.626171423396077,20
"c50-h48","c60-h36",0.640231497853009,20
"c45-h48","c60-h36",0.612946560422622,20
"c45-h36","c60-h36",0.734979585449101,20
"c45-h60","c60-h48",0.639507144655698,20
"c50-h36","c60-h48",0.675420930080597,20
"c55-h60","c60-h48",0.7568578196071,20
"c50-h60","c60-h48",0.672982311357802,20
"c55-h36","c60-h48",0.749270545728512,20
"c55-h24","c60-h48",0.624375979873658,20
"c60-h24","c60-h48",0.713485253376369,20
"c60-h36","c60-h48",0.861041482836401,20
"c60-h48","c60-h48",1,20
"c60-h60","c60-h48",0.887925803301171,20
"c45-h24","c60-h48",0.52936637703979,20
"c55-h48","c60-h48",0.851438209125136,20
"c50-h24","c60-h48",0.559429682983538,20
"c50-h48","c60-h48",0.758740754361066,20
"c45-h48","c60-h48",0.720552458285264,20
"c45-h36","c60-h48",0.641800025380271,20
"c45-h60","c60-h60",0.727992760012493,20
"c50-h36","c60-h60",0.60611211861837,20
"c55-h60","c60-h60",0.853136525917788,20
"c50-h60","c60-h60",0.763400070427471,20
"c55-h36","c60-h60",0.673506278910812,20
"c55-h24","c60-h60",0.565414064041831,20
"c60-h24","c60-h60",0.64472007186486,20
"c60-h36","c60-h60",0.77131478910612,20
"c60-h48","c60-h60",0.887925803301171,20
"c60-h60","c60-h60",1,20
"c45-h24","c60-h60",0.484107684076122,20
"c55-h48","c60-h60",0.756116149002303,20
"c50-h24","c60-h60",0.506890979185784,20
"c50-h48","c60-h60",0.669442782344681,20
"c45-h48","c60-h60",0.639501467083745,20
"c45-h36","c60-h60",0.58187037607021,20
"c45-h60","c45-h24",0.627507073943173,20
"c50-h36","c45-h24",0.767992658168973,20
"c55-h60","c45-h24",0.541593469433466,20
"c50-h60","c45-h24",0.595911929772807,20
"c55-h36","c45-h24",0.684488549924624,20
"c55-h24","c45-h24",0.854363718890818,20
"c60-h24","c45-h24",0.725244975810924,20
"c60-h36","c45-h24",0.594191437414941,20
"c60-h48","c45-h24",0.52936637703979,20
"c60-h60","c45-h24",0.484107684076122,20
"c45-h24","c45-h24",1,20
"c55-h48","c45-h24",0.60092030419222,20
"c50-h24","c45-h24",0.950147069685619,20
"c50-h48","c45-h24",0.662524619530081,20
"c45-h48","c45-h24",0.701917911856134,20
"c45-h36","c45-h24",0.812428043306936,20
"c45-h60","c55-h48",0.759196707097613,20
"c50-h36","c55-h48",0.789716033080852,20
"c55-h60","c55-h48",0.88798269884654,20
"c50-h60","c55-h48",0.801585256589108,20
"c55-h36","c55-h48",0.86712679202115,20
"c55-h24","c55-h48",0.713146213458614,20
"c60-h24","c55-h48",0.590702692220558,20
"c60-h36","c55-h48",0.724762152461757,20
"c60-h48","c55-h48",0.851438209125136,20
"c60-h60","c55-h48",0.756116149002303,20
"c45-h24","c55-h48",0.60092030419222,20
"c55-h48","c55-h48",1,20
"c50-h24","c55-h48",0.638977181774334,20
"c50-h48","c55-h48",0.902307217638732,20
"c45-h48","c55-h48",0.854875480134743,20
"c45-h36","c55-h48",0.747168407085565,20
"c45-h60","c50-h24",0.597898599158956,20
"c50-h36","c50-h24",0.813138409653398,20
"c55-h60","c50-h24",0.575046678408847,20
"c50-h60","c50-h24",0.631109907440671,20
"c55-h36","c50-h24",0.726881967611477,20
"c55-h24","c50-h24",0.902747154009479,20
"c60-h24","c50-h24",0.76353408983726,20
"c60-h36","c50-h24",0.626171423396077,20
"c60-h48","c50-h24",0.559429682983538,20
"c60-h60","c50-h24",0.506890979185784,20
"c45-h24","c50-h24",0.950147069685619,20
"c55-h48","c50-h24",0.638977181774334,20
"c50-h24","c50-h24",1,20
"c50-h48","c50-h24",0.703809394512693,20
"c45-h48","c50-h24",0.670195104594777,20
"c45-h36","c50-h24",0.774519577350283,20
"c45-h60","c50-h48",0.836332155964299,20
"c50-h36","c50-h48",0.86371522345938,20
"c55-h60","c50-h48",0.795170667702283,20
"c50-h60","c50-h48",0.883501099278278,20
"c55-h36","c50-h48",0.776652316364031,20
"c55-h24","c50-h48",0.642432332952674,20
"c60-h24","c50-h48",0.524090110942159,20
"c60-h36","c50-h48",0.640231497853009,20
"c60-h48","c50-h48",0.758740754361066,20
"c60-h60","c50-h48",0.669442782344681,20
"c45-h24","c50-h48",0.662524619530081,20
"c55-h48","c50-h48",0.902307217638732,20
"c50-h24","c50-h48",0.703809394512693,20
"c50-h48","c50-h48",1,20
"c45-h48","c50-h48",0.947773111718775,20
"c45-h36","c50-h48",0.817036705020876,20
"c45-h60","c45-h48",0.884150800895366,20
"c50-h36","c45-h48",0.819735834250585,20
"c55-h60","c45-h48",0.753436753568237,20
"c50-h60","c45-h48",0.837458826152834,20
"c55-h36","c45-h48",0.73739132366323,20
"c55-h24","c45-h48",0.610110538877616,20
"c60-h24","c45-h48",0.500356759470247,20
"c60-h36","c45-h48",0.612946560422622,20
"c60-h48","c45-h48",0.720552458285264,20
"c60-h60","c45-h48",0.639501467083745,20
"c45-h24","c45-h48",0.701917911856134,20
"c55-h48","c45-h48",0.854875480134743,20
"c50-h24","c45-h48",0.670195104594777,20
"c50-h48","c45-h48",0.947773111718775,20
"c45-h48","c45-h48",1,20
"c45-h36","c45-h48",0.863230448421584,20
"c45-h60","c45-h36",0.769897191472058,20
"c50-h36","c45-h36",0.948272346191913,20
"c55-h60","c45-h36",0.667881846039619,20
"c50-h60","c45-h36",0.729115561156899,20
"c55-h36","c45-h36",0.860161425880477,20
"c55-h24","c45-h36",0.708316812939898,20
"c60-h24","c45-h36",0.595753471341193,20
"c60-h36","c45-h36",0.734979585449101,20
"c60-h48","c45-h36",0.641800025380271,20
"c60-h60","c45-h36",0.58187037607021,20
"c45-h24","c45-h36",0.812428043306936,20
"c55-h48","c45-h36",0.747168407085565,20
"c50-h24","c45-h36",0.774519577350283,20
"c50-h48","c45-h36",0.817036705020876,20
"c45-h48","c45-h36",0.863230448421584,20
"c45-h36","c45-h36",1,20
"c50-h60","c50-h60",1,21
"c50-h36","c50-h60",0.787390963853604,21
"c60-h24","c50-h60",0.497498008698722,21
"c55-h36","c50-h60",0.716103270237448,21
"c55-h60","c50-h60",0.90976074171494,21
"c45-h60","c50-h60",0.948768660254669,21
"c60-h60","c50-h60",0.768526297721961,21
"c55-h24","c50-h60",0.582160686245639,21
"c55-h48","c50-h60",0.812792491731374,21
"c50-h24","c50-h60",0.64190206343048,21
"c50-h48","c50-h60",0.897908354853623,21
"c45-h24","c50-h60",0.607049371904512,21
"c45-h36","c50-h60",0.74798532157523,21
"c60-h36","c50-h60",0.608694198465705,21
"c60-h48","c50-h60",0.682135379575526,21
"c45-h48","c50-h60",0.85250893079869,21
"c50-h60","c50-h36",0.787390963853604,21
"c50-h36","c50-h36",1,21
"c60-h24","c50-h36",0.617882605060894,21
"c55-h36","c50-h36",0.904031218862083,21
"c55-h60","c50-h36",0.714124022302798,21
"c45-h60","c50-h36",0.74319705430578,21
"c60-h60","c50-h36",0.60139525383133,21
"c55-h24","c50-h36",0.727554549373881,21
"c55-h48","c50-h36",0.781705613827725,21
"c50-h24","c50-h36",0.812544762593697,21
"c50-h48","c50-h36",0.866495492101162,21
"c45-h24","c50-h36",0.768840611873786,21
"c45-h36","c50-h36",0.949633662919589,21
"c60-h36","c50-h36",0.761761017133939,21
"c60-h48","c50-h36",0.654414099138259,21
"c45-h48","c50-h36",0.818316381649284,21
"c50-h60","c60-h24",0.497498008698722,21
"c50-h36","c60-h24",0.617882605060894,21
"c60-h24","c60-h24",1,21
"c55-h36","c60-h24",0.689568710033963,21
"c55-h60","c60-h24",0.553166717501823,21
"c45-h60","c60-h24",0.478019060657181,21
"c60-h60","c60-h24",0.638379228789968,21
"c55-h24","c60-h24",0.846702132343308,21
"c55-h48","c60-h24",0.598451971986223,21
"c50-h24","c60-h24",0.767830260926984,21
"c50-h48","c60-h24",0.534790592063721,21
"c45-h24","c60-h24",0.729363647108805,21
"c45-h36","c60-h24",0.592911189370052,21
"c60-h36","c60-h24",0.817476706618155,21
"c60-h48","c60-h24",0.703460035320457,21
"c45-h48","c60-h24",0.515029507300686,21
"c50-h60","c55-h36",0.716103270237448,21
"c50-h36","c55-h36",0.904031218862083,21
"c60-h24","c55-h36",0.689568710033963,21
"c55-h36","c55-h36",1,21
"c55-h60","c55-h36",0.78758212828872,21
"c45-h60","c55-h36",0.674013516506626,21
"c60-h60","c55-h36",0.663972110761938,21
"c55-h24","c55-h36",0.8158927488283,21
"c55-h48","c55-h36",0.865411246510606,21
"c50-h24","c55-h36",0.746677590628699,21
"c50-h48","c55-h36",0.785935210352955,21
"c45-h24","c55-h36",0.703333923677165,21
"c45-h36","c55-h36",0.857229101119624,21
"c60-h36","c55-h36",0.845588336086712,21
"c60-h48","c55-h36",0.72959455594668,21
"c45-h48","c55-h36",0.741364279738529,21
"c50-h60","c55-h60",0.90976074171494,21
"c50-h36","c55-h60",0.714124022302798,21
"c60-h24","c55-h60",0.553166717501823,21
"c55-h36","c55-h60",0.78758212828872,21
"c55-h60","c55-h60",1,21
"c45-h60","c55-h60",0.860929120197505,21
"c60-h60","c55-h60",0.850263306362943,21
"c55-h24","c55-h60",0.650229378407295,21
"c55-h48","c55-h60",0.897825865258577,21
"c50-h24","c55-h60",0.595551271409707,21
"c50-h48","c55-h60",0.817696124082245,21
"c45-h24","c55-h60",0.563174386817206,21
"c45-h36","c55-h60",0.677744983148646,21
"c60-h36","c55-h60",0.673033318539389,21
"c60-h48","c55-h60",0.762779330069986,21
"c45-h48","c55-h60",0.77562782010659,21
"c50-h60","c45-h60",0.948768660254669,21
"c50-h36","c45-h60",0.74319705430578,21
"c60-h24","c45-h60",0.478019060657181,21
"c55-h36","c45-h60",0.674013516506626,21
"c55-h60","c45-h60",0.860929120197505,21
"c45-h60","c45-h60",1,21
"c60-h60","c45-h60",0.731306203750893,21
"c55-h24","c45-h60",0.552974197736407,21
"c55-h48","c45-h60",0.768438959067549,21
"c50-h24","c45-h60",0.609887555094298,21
"c50-h48","c45-h60",0.851268765909467,21
"c45-h24","c45-h60",0.637831443550712,21
"c45-h36","c45-h60",0.780922682647796,21
"c60-h36","c45-h60",0.576439019005136,21
"c60-h48","c45-h60",0.647034647795166,21
"c45-h48","c45-h60",0.897398356636995,21
"c50-h60","c60-h60",0.768526297721961,21
"c50-h36","c60-h60",0.60139525383133,21
"c60-h24","c60-h60",0.638379228789968,21
"c55-h36","c60-h60",0.663972110761938,21
"c55-h60","c60-h60",0.850263306362943,21
"c45-h60","c60-h60",0.731306203750893,21
"c60-h60","c60-h60",1,21
"c55-h24","c60-h60",0.549843304159956,21
"c55-h48","c60-h60",0.763975913739744,21
"c50-h24","c60-h60",0.50147539497115,21
"c50-h48","c60-h60",0.691338296220684,21
"c45-h24","c60-h60",0.474172250561135,21
"c45-h36","c60-h60",0.571247227652967,21
"c60-h36","c60-h60",0.783442266137221,21
"c60-h48","c60-h60",0.896137425937414,21
"c45-h48","c60-h60",0.658110887044735,21
"c50-h60","c55-h24",0.582160686245639,21
"c50-h36","c55-h24",0.727554549373881,21
"c60-h24","c55-h24",0.846702132343308,21
"c55-h36","c55-h24",0.8158927488283,21
"c55-h60","c55-h24",0.650229378407295,21
"c45-h60","c55-h24",0.552974197736407,21
"c60-h60","c55-h24",0.549843304159956,21
"c55-h24","c55-h24",1,21
"c55-h48","c55-h24",0.706519780253804,21
"c50-h24","c55-h24",0.906274882227331,21
"c50-h48","c55-h24",0.630899462631069,21
"c45-h24","c55-h24",0.859265778083739,21
"c45-h36","c55-h24",0.691839101685804,21
"c60-h36","c55-h24",0.694051352858323,21
"c60-h48","c55-h24",0.601160095991495,21
"c45-h48","c55-h24",0.601331017203341,21
"c50-h60","c55-h48",0.812792491731374,21
"c50-h36","c55-h48",0.781705613827725,21
"c60-h24","c55-h48",0.598451971986223,21
"c55-h36","c55-h48",0.865411246510606,21
"c55-h60","c55-h48",0.897825865258577,21
"c45-h60","c55-h48",0.768438959067549,21
"c60-h60","c55-h48",0.763975913739744,21
"c55-h24","c55-h48",0.706519780253804,21
"c55-h48","c55-h48",1,21
"c50-h24","c55-h48",0.645914831101203,21
"c50-h48","c55-h48",0.90549371102258,21
"c45-h24","c55-h48",0.614227911659568,21
"c45-h36","c55-h48",0.743164561533046,21
"c60-h36","c55-h48",0.738251393722255,21
"c60-h48","c55-h48",0.850504014393358,21
"c45-h48","c55-h48",0.857722683374569,21
"c50-h60","c50-h24",0.64190206343048,21
"c50-h36","c50-h24",0.812544762593697,21
"c60-h24","c50-h24",0.767830260926984,21
"c55-h36","c50-h24",0.746677590628699,21
"c55-h60","c50-h24",0.595551271409707,21
"c45-h60","c50-h24",0.609887555094298,21
"c60-h60","c50-h24",0.50147539497115,21
"c55-h24","c50-h24",0.906274882227331,21
"c55-h48","c50-h24",0.645914831101203,21
"c50-h24","c50-h24",1,21
"c50-h48","c50-h24",0.699839752275764,21
"c45-h24","c50-h24",0.947492062841102,21
"c45-h36","c50-h24",0.772138349357432,21
"c60-h36","c50-h24",0.630399650570565,21
"c60-h48","c50-h24",0.543711818635919,21
"c45-h48","c50-h24",0.664965068552184,21
"c50-h60","c50-h48",0.897908354853623,21
"c50-h36","c50-h48",0.866495492101162,21
"c60-h24","c50-h48",0.534790592063721,21
"c55-h36","c50-h48",0.785935210352955,21
"c55-h60","c50-h48",0.817696124082245,21
"c45-h60","c50-h48",0.851268765909467,21
"c60-h60","c50-h48",0.691338296220684,21
"c55-h24","c50-h48",0.630899462631069,21
"c55-h48","c50-h48",0.90549371102258,21
"c50-h24","c50-h48",0.699839752275764,21
"c50-h48","c50-h48",1,21
"c45-h24","c50-h48",0.664753825335352,21
"c45-h36","c50-h48",0.823102075222061,21
"c60-h36","c50-h48",0.664822724317112,21
"c60-h48","c50-h48",0.76175059303047,21
"c45-h48","c50-h48",0.948143782731615,21
"c50-h60","c45-h24",0.607049371904512,21
"c50-h36","c45-h24",0.768840611873786,21
"c60-h24","c45-h24",0.729363647108805,21
"c55-h36","c45-h24",0.703333923677165,21
"c55-h60","c45-h24",0.563174386817206,21
"c45-h60","c45-h24",0.637831443550712,21
"c60-h60","c45-h24",0.474172250561135,21
"c55-h24","c45-h24",0.859265778083739,21
"c55-h48","c45-h24",0.614227911659568,21
"c50-h24","c45-h24",0.947492062841102,21
"c50-h48","c45-h24",0.664753825335352,21
"c45-h24","c45-h24",1,21
"c45-h36","c45-h24",0.811076418010955,21
"c60-h36","c45-h24",0.594426189023439,21
"c60-h48","c45-h24",0.516784940747268,21
"c45-h48","c45-h24",0.701556691305092,21
"c50-h60","c45-h36",0.74798532157523,21
"c50-h36","c45-h36",0.949633662919589,21
"c60-h24","c45-h36",0.592911189370052,21
"c55-h36","c45-h36",0.857229101119624,21
"c55-h60","c45-h36",0.677744983148646,21
"c45-h60","c45-h36",0.780922682647796,21
"c60-h60","c45-h36",0.571247227652967,21
"c55-h24","c45-h36",0.691839101685804,21
"c55-h48","c45-h36",0.743164561533046,21
"c50-h24","c45-h36",0.772138349357432,21
"c50-h48","c45-h36",0.823102075222061,21
"c45-h24","c45-h36",0.811076418010955,21
"c45-h36","c45-h36",1,21
"c60-h36","c45-h36",0.725836259557274,21
"c60-h48","c45-h36",0.622125513111542,21
"c45-h48","c45-h36",0.863241417579408,21
"c50-h60","c60-h36",0.608694198465705,21
"c50-h36","c60-h36",0.761761017133939,21
"c60-h24","c60-h36",0.817476706618155,21
"c55-h36","c60-h36",0.845588336086712,21
"c55-h60","c60-h36",0.673033318539389,21
"c45-h60","c60-h36",0.576439019005136,21
"c60-h60","c60-h36",0.783442266137221,21
"c55-h24","c60-h36",0.694051352858323,21
"c55-h48","c60-h36",0.738251393722255,21
"c50-h24","c60-h36",0.630399650570565,21
"c50-h48","c60-h36",0.664822724317112,21
"c45-h24","c60-h36",0.594426189023439,21
"c45-h36","c60-h36",0.725836259557274,21
"c60-h36","c60-h36",1,21
"c60-h48","c60-h36",0.864887186260027,21
"c45-h48","c60-h36",0.63015121155099,21
"c50-h60","c60-h48",0.682135379575526,21
"c50-h36","c60-h48",0.654414099138259,21
"c60-h24","c60-h48",0.703460035320457,21
"c55-h36","c60-h48",0.72959455594668,21
"c55-h60","c60-h48",0.762779330069986,21
"c45-h60","c60-h48",0.647034647795166,21
"c60-h60","c60-h48",0.896137425937414,21
"c55-h24","c60-h48",0.601160095991495,21
"c55-h48","c60-h48",0.850504014393358,21
"c50-h24","c60-h48",0.543711818635919,21
"c50-h48","c60-h48",0.76175059303047,21
"c45-h24","c60-h48",0.516784940747268,21
"c45-h36","c60-h48",0.622125513111542,21
"c60-h36","c60-h48",0.864887186260027,21
"c60-h48","c60-h48",1,21
"c45-h48","c60-h48",0.723281858654801,21
"c50-h60","c45-h48",0.85250893079869,21
"c50-h36","c45-h48",0.818316381649284,21
"c60-h24","c45-h48",0.515029507300686,21
"c55-h36","c45-h48",0.741364279738529,21
"c55-h60","c45-h48",0.77562782010659,21
"c45-h60","c45-h48",0.897398356636995,21
"c60-h60","c45-h48",0.658110887044735,21
"c55-h24","c45-h48",0.601331017203341,21
"c55-h48","c45-h48",0.857722683374569,21
"c50-h24","c45-h48",0.664965068552184,21
"c50-h48","c45-h48",0.948143782731615,21
"c45-h24","c45-h48",0.701556691305092,21
"c45-h36","c45-h48",0.863241417579408,21
"c60-h36","c45-h48",0.63015121155099,21
"c60-h48","c45-h48",0.723281858654801,21
"c45-h48","c45-h48",1,21
"c50-h60","c50-h60",1,22
"c45-h60","c50-h60",0.943754313940206,22
"c55-h60","c50-h60",0.903819001283019,22
"c50-h36","c50-h60",0.774173073935751,22
"c60-h60","c50-h60",0.766224454660811,22
"c55-h24","c50-h60",0.578360843914605,22
"c55-h36","c50-h60",0.704836108035,22
"c60-h24","c50-h60",0.503454440328668,22
"c60-h36","c50-h60",0.601844165214214,22
"c60-h48","c50-h60",0.686376147684117,22
"c50-h48","c50-h60",0.890378115668665,22
"c55-h48","c50-h60",0.806595043104763,22
"c50-h24","c50-h60",0.625099123474542,22
"c45-h24","c50-h60",0.585001190508386,22
"c45-h36","c50-h60",0.731143579886314,22
"c45-h48","c50-h60",0.837381603187596,22
"c50-h60","c45-h60",0.943754313940206,22
"c45-h60","c45-h60",1,22
"c55-h60","c45-h60",0.849225097889327,22
"c50-h36","c45-h60",0.723505214638408,22
"c60-h60","c45-h60",0.721043269797958,22
"c55-h24","c45-h60",0.533602294750183,22
"c55-h36","c45-h60",0.656105020613563,22
"c60-h24","c45-h60",0.46321332515517,22
"c60-h36","c45-h60",0.559994770623872,22
"c60-h48","c45-h60",0.644719810130118,22
"c50-h48","c45-h60",0.838847125729292,22
"c55-h48","c45-h60",0.755455113498286,22
"c50-h24","c45-h60",0.577926052930279,22
"c45-h24","c45-h60",0.609141330499439,22
"c45-h36","c45-h60",0.765881635855152,22
"c45-h48","c45-h60",0.887622080483595,22
"c50-h60","c55-h60",0.903819001283019,22
"c45-h60","c55-h60",0.849225097889327,22
"c55-h60","c55-h60",1,22
"c50-h36","c55-h60",0.709739040885769,22
"c60-h60","c55-h60",0.846857965082749,22
"c55-h24","c55-h60",0.639886083611776,22
"c55-h36","c55-h60",0.782582867414687,22
"c60-h24","c55-h60",0.551715691311122,22
"c60-h36","c55-h60",0.664120301102775,22
"c60-h48","c55-h60",0.757096342408958,22
"c50-h48","c55-h60",0.807669949607562,22
"c55-h48","c55-h60",0.893789243348798,22
"c50-h24","c55-h60",0.56847584355008,22
"c45-h24","c55-h60",0.52768596500044,22
"c45-h36","c55-h60",0.665341699614424,22
"c45-h48","c55-h60",0.755497575290101,22
"c50-h60","c50-h36",0.774173073935751,22
"c45-h60","c50-h36",0.723505214638408,22
"c55-h60","c50-h36",0.709739040885769,22
"c50-h36","c50-h36",1,22
"c60-h60","c50-h36",0.605784954848794,22
"c55-h24","c50-h36",0.750412793945768,22
"c55-h36","c50-h36",0.911848402476053,22
"c60-h24","c50-h36",0.655235502676678,22
"c60-h36","c50-h36",0.786078272488527,22
"c60-h48","c50-h36",0.677746462245097,22
"c50-h48","c50-h36",0.868140897845637,22
"c55-h48","c50-h36",0.792943714722578,22
"c50-h24","c50-h36",0.817596856465339,22
"c45-h24","c50-h36",0.769227428526001,22
"c45-h36","c50-h36",0.945969019647467,22
"c45-h48","c50-h36",0.812981274088119,22
"c50-h60","c60-h60",0.766224454660811,22
"c45-h60","c60-h60",0.721043269797958,22
"c55-h60","c60-h60",0.846857965082749,22
"c50-h36","c60-h60",0.605784954848794,22
"c60-h60","c60-h60",1,22
"c55-h24","c60-h60",0.551261455447976,22
"c55-h36","c60-h60",0.668437582798839,22
"c60-h24","c60-h60",0.63921684577877,22
"c60-h36","c60-h60",0.771875854528368,22
"c60-h48","c60-h60",0.893856175209795,22
"c50-h48","c60-h60",0.687842340989429,22
"c55-h48","c60-h60",0.764211772477068,22
"c50-h24","c60-h60",0.496381600653292,22
"c45-h24","c60-h60",0.462123026053293,22
"c45-h36","c60-h60",0.566120657513745,22
"c45-h48","c60-h60",0.642430699368525,22
"c50-h60","c55-h24",0.578360843914605,22
"c45-h60","c55-h24",0.533602294750183,22
"c55-h60","c55-h24",0.639886083611776,22
"c50-h36","c55-h24",0.750412793945768,22
"c60-h60","c55-h24",0.551261455447976,22
"c55-h24","c55-h24",1,22
"c55-h36","c55-h24",0.824101040980334,22
"c60-h24","c55-h24",0.860738276565949,22
"c60-h36","c55-h24",0.703022501985785,22
"c60-h48","c55-h24",0.610942584249932,22
"c50-h48","c55-h24",0.649200859810161,22
"c55-h48","c55-h24",0.717296739305575,22
"c50-h24","c55-h24",0.911065685771109,22
"c45-h24","c55-h24",0.859196490441911,22
"c45-h36","c55-h24",0.707187960826978,22
"c45-h48","c55-h24",0.603539989440952,22
"c50-h60","c55-h36",0.704836108035,22
"c45-h60","c55-h36",0.656105020613563,22
"c55-h60","c55-h36",0.782582867414687,22
"c50-h36","c55-h36",0.911848402476053,22
"c60-h60","c55-h36",0.668437582798839,22
"c55-h24","c55-h36",0.824101040980334,22
"c55-h36","c55-h36",1,22
"c60-h24","c55-h36",0.720219744581724,22
"c60-h36","c55-h36",0.859613236782547,22
"c60-h48","c55-h36",0.745876562422797,22
"c50-h48","c55-h36",0.792061719725123,22
"c55-h48","c55-h36",0.873728482206331,22
"c50-h24","c55-h36",0.74603828617938,22
"c45-h24","c55-h36",0.699566630586688,22
"c45-h36","c55-h36",0.858462772285954,22
"c45-h48","c55-h36",0.738885665524938,22
"c50-h60","c60-h24",0.503454440328668,22
"c45-h60","c60-h24",0.46321332515517,22
"c55-h60","c60-h24",0.551715691311122,22
"c50-h36","c60-h24",0.655235502676678,22
"c60-h60","c60-h24",0.63921684577877,22
"c55-h24","c60-h24",0.860738276565949,22
"c55-h36","c60-h24",0.720219744581724,22
"c60-h24","c60-h24",1,22
"c60-h36","c60-h24",0.825336647477902,22
"c60-h48","c60-h24",0.714898031865863,22
"c50-h48","c60-h24",0.566936168275349,22
"c55-h48","c60-h24",0.625124618568867,22
"c50-h24","c60-h24",0.784542957094697,22
"c45-h24","c60-h24",0.74020824933665,22
"c45-h36","c60-h24",0.616531774607041,22
"c45-h48","c60-h24",0.526573483977869,22
"c50-h60","c60-h36",0.601844165214214,22
"c45-h60","c60-h36",0.559994770623872,22
"c55-h60","c60-h36",0.664120301102775,22
"c50-h36","c60-h36",0.786078272488527,22
"c60-h60","c60-h36",0.771875854528368,22
"c55-h24","c60-h36",0.703022501985785,22
"c55-h36","c60-h36",0.859613236782547,22
"c60-h24","c60-h36",0.825336647477902,22
"c60-h36","c60-h36",1,22
"c60-h48","c60-h36",0.86567899088639,22
"c50-h48","c60-h36",0.677952709502662,22
"c55-h48","c60-h36",0.74677252044112,22
"c50-h24","c60-h36",0.641743706821623,22
"c45-h24","c60-h36",0.602685041640966,22
"c45-h36","c60-h36",0.738227179001995,22
"c45-h48","c60-h36",0.632499957538655,22
"c50-h60","c60-h48",0.686376147684117,22
"c45-h60","c60-h48",0.644719810130118,22
"c55-h60","c60-h48",0.757096342408958,22
"c50-h36","c60-h48",0.677746462245097,22
"c60-h60","c60-h48",0.893856175209795,22
"c55-h24","c60-h48",0.610942584249932,22
"c55-h36","c60-h48",0.745876562422797,22
"c60-h24","c60-h48",0.714898031865863,22
"c60-h36","c60-h48",0.86567899088639,22
"c60-h48","c60-h48",1,22
"c50-h48","c60-h48",0.772837981328857,22
"c55-h48","c60-h48",0.853627664023091,22
"c50-h24","c60-h48",0.55200484778412,22
"c45-h24","c60-h48",0.519666675301728,22
"c45-h36","c60-h48",0.638664570801138,22
"c45-h48","c60-h48",0.724771578942956,22
"c50-h60","c50-h48",0.890378115668665,22
"c45-h60","c50-h48",0.838847125729292,22
"c55-h60","c50-h48",0.807669949607562,22
"c50-h36","c50-h48",0.868140897845637,22
"c60-h60","c50-h48",0.687842340989429,22
"c55-h24","c50-h48",0.649200859810161,22
"c55-h36","c50-h48",0.792061719725123,22
"c60-h24","c50-h48",0.566936168275349,22
"c60-h36","c50-h48",0.677952709502662,22
"c60-h48","c50-h48",0.772837981328857,22
"c50-h48","c50-h48",1,22
"c55-h48","c50-h48",0.905858714045171,22
"c50-h24","c50-h48",0.703252873424905,22
"c45-h24","c50-h48",0.664780410704367,22
"c45-h36","c50-h48",0.824251163450701,22
"c45-h48","c50-h48",0.943310814255005,22
"c50-h60","c55-h48",0.806595043104763,22
"c45-h60","c55-h48",0.755455113498286,22
"c55-h60","c55-h48",0.893789243348798,22
"c50-h36","c55-h48",0.792943714722578,22
"c60-h60","c55-h48",0.764211772477068,22
"c55-h24","c55-h48",0.717296739305575,22
"c55-h36","c55-h48",0.873728482206331,22
"c60-h24","c55-h48",0.625124618568867,22
"c60-h36","c55-h48",0.74677252044112,22
"c60-h48","c55-h48",0.853627664023091,22
"c50-h48","c55-h48",0.905858714045171,22
"c55-h48","c55-h48",1,22
"c50-h24","c55-h48",0.642184341969093,22
"c45-h24","c55-h48",0.602387703436856,22
"c45-h36","c55-h48",0.7471450673416,22
"c45-h48","c55-h48",0.849129123235525,22
"c50-h60","c50-h24",0.625099123474542,22
"c45-h60","c50-h24",0.577926052930279,22
"c55-h60","c50-h24",0.56847584355008,22
"c50-h36","c50-h24",0.817596856465339,22
"c60-h60","c50-h24",0.496381600653292,22
"c55-h24","c50-h24",0.911065685771109,22
"c55-h36","c50-h24",0.74603828617938,22
"c60-h24","c50-h24",0.784542957094697,22
"c60-h36","c50-h24",0.641743706821623,22
"c60-h48","c50-h24",0.55200484778412,22
"c50-h48","c50-h24",0.703252873424905,22
"c55-h48","c50-h24",0.642184341969093,22
"c50-h24","c50-h24",1,22
"c45-h24","c50-h24",0.945097281968391,22
"c45-h36","c50-h24",0.772194029950658,22
"c45-h48","c50-h24",0.655060652720293,22
"c50-h60","c45-h24",0.585001190508386,22
"c45-h60","c45-h24",0.609141330499439,22
"c55-h60","c45-h24",0.52768596500044,22
"c50-h36","c45-h24",0.769227428526001,22
"c60-h60","c45-h24",0.462123026053293,22
"c55-h24","c45-h24",0.859196490441911,22
"c55-h36","c45-h24",0.699566630586688,22
"c60-h24","c45-h24",0.74020824933665,22
"c60-h36","c45-h24",0.602685041640966,22
"c60-h48","c45-h24",0.519666675301728,22
"c50-h48","c45-h24",0.664780410704367,22
"c55-h48","c45-h24",0.602387703436856,22
"c50-h24","c45-h24",0.945097281968391,22
"c45-h24","c45-h24",1,22
"c45-h36","c45-h24",0.81449308911942,22
"c45-h48","c45-h24",0.696202585030016,22
"c50-h60","c45-h36",0.731143579886314,22
"c45-h60","c45-h36",0.765881635855152,22
"c55-h60","c45-h36",0.665341699614424,22
"c50-h36","c45-h36",0.945969019647467,22
"c60-h60","c45-h36",0.566120657513745,22
"c55-h24","c45-h36",0.707187960826978,22
"c55-h36","c45-h36",0.858462772285954,22
"c60-h24","c45-h36",0.616531774607041,22
"c60-h36","c45-h36",0.738227179001995,22
"c60-h48","c45-h36",0.638664570801138,22
"c50-h48","c45-h36",0.824251163450701,22
"c55-h48","c45-h36",0.7471450673416,22
"c50-h24","c45-h36",0.772194029950658,22
"c45-h24","c45-h36",0.81449308911942,22
"c45-h36","c45-h36",1,22
"c45-h48","c45-h36",0.864563128012078,22
"c50-h60","c45-h48",0.837381603187596,22
"c45-h60","c45-h48",0.887622080483595,22
"c55-h60","c45-h48",0.755497575290101,22
"c50-h36","c45-h48",0.812981274088119,22
"c60-h60","c45-h48",0.642430699368525,22
"c55-h24","c45-h48",0.603539989440952,22
"c55-h36","c45-h48",0.738885665524938,22
"c60-h24","c45-h48",0.526573483977869,22
"c60-h36","c45-h48",0.632499957538655,22
"c60-h48","c45-h48",0.724771578942956,22
"c50-h48","c45-h48",0.943310814255005,22
"c55-h48","c45-h48",0.849129123235525,22
"c50-h24","c45-h48",0.655060652720293,22
"c45-h24","c45-h48",0.696202585030016,22
"c45-h36","c45-h48",0.864563128012078,22
"c45-h48","c45-h48",1,22
"c50-h36","c50-h36",1,23
"c60-h24","c50-h36",0.622981612251988,23
"c55-h36","c50-h36",0.905880192073928,23
"c55-h60","c50-h36",0.700932811134437,23
"c50-h60","c50-h36",0.765711672986627,23
"c45-h60","c50-h36",0.721448803372411,23
"c60-h60","c50-h36",0.592509249887459,23
"c55-h24","c50-h36",0.739358690802519,23
"c55-h48","c50-h36",0.779211513866662,23
"c50-h24","c50-h36",0.814863256251885,23
"c50-h48","c50-h36",0.861264816414468,23
"c45-h24","c50-h36",0.778146332344909,23
"c45-h36","c50-h36",0.946568451755486,23
"c60-h36","c50-h36",0.762970819068315,23
"c60-h48","c50-h36",0.652602869794508,23
"c45-h48","c50-h36",0.814856207712694,23
"c50-h36","c60-h24",0.622981612251988,23
"c60-h24","c60-h24",1,23
"c55-h36","c60-h24",0.691526186279321,23
"c55-h60","c60-h24",0.522620478883091,23
"c50-h60","c60-h24",0.475935040269439,23
"c45-h60","c60-h24",0.440591209438957,23
"c60-h60","c60-h24",0.628394823518477,23
"c55-h24","c60-h24",0.846162835082025,23
"c55-h48","c60-h24",0.595751092691931,23
"c50-h24","c60-h24",0.768334524567531,23
"c50-h48","c60-h24",0.539975539429547,23
"c45-h24","c60-h24",0.722925543275416,23
"c45-h36","c60-h24",0.579972174650661,23
"c60-h36","c60-h24",0.817526291471385,23
"c60-h48","c60-h24",0.702854492314957,23
"c45-h48","c60-h24",0.506047721809761,23
"c50-h36","c55-h36",0.905880192073928,23
"c60-h24","c55-h36",0.691526186279321,23
"c55-h36","c55-h36",1,23
"c55-h60","c55-h36",0.771467624942796,23
"c50-h60","c55-h36",0.692666466590656,23
"c45-h60","c55-h36",0.656695649068907,23
"c60-h60","c55-h36",0.645986037839733,23
"c55-h24","c55-h36",0.821533371916124,23
"c55-h48","c55-h36",0.862726309278529,23
"c50-h24","c55-h36",0.744315149787504,23
"c50-h48","c55-h36",0.780818430523243,23
"c45-h24","c55-h36",0.710591735487537,23
"c45-h36","c55-h36",0.858559918436564,23
"c60-h36","c55-h36",0.841592903461242,23
"c60-h48","c55-h36",0.719753603805149,23
"c45-h48","c55-h36",0.74298136114596,23
"c50-h36","c55-h60",0.700932811134437,23
"c60-h24","c55-h60",0.522620478883091,23
"c55-h36","c55-h60",0.771467624942796,23
"c55-h60","c55-h60",1,23
"c50-h60","c55-h60",0.906192227890979,23
"c45-h60","c55-h60",0.857993441080508,23
"c60-h60","c55-h60",0.831010857004463,23
"c55-h24","c55-h60",0.633056358513416,23
"c55-h48","c55-h60",0.898081552503846,23
"c50-h24","c55-h60",0.567653184359947,23
"c50-h48","c55-h60",0.817496023537242,23
"c45-h24","c55-h60",0.539552419670444,23
"c45-h36","c55-h60",0.663851535924683,23
"c60-h36","c55-h60",0.642513209031475,23
"c60-h48","c55-h60",0.736678569175303,23
"c45-h48","c55-h60",0.777163494369214,23
"c50-h36","c50-h60",0.765711672986627,23
"c60-h24","c50-h60",0.475935040269439,23
"c55-h36","c50-h60",0.692666466590656,23
"c55-h60","c50-h60",0.906192227890979,23
"c50-h60","c50-h60",1,23
"c45-h60","c50-h60",0.943398948896544,23
"c60-h60","c50-h60",0.762596284606259,23
"c55-h24","c50-h60",0.569131336916602,23
"c55-h48","c50-h60",0.808879608958452,23
"c50-h24","c50-h60",0.618899493615059,23
"c50-h48","c50-h60",0.896235784274773,23
"c45-h24","c50-h60",0.590118240299064,23
"c45-h36","c50-h60",0.725229483692835,23
"c60-h36","c50-h60",0.584810493934908,23
"c60-h48","c50-h60",0.671414604344686,23
"c45-h48","c50-h60",0.850232080551487,23
"c50-h36","c45-h60",0.721448803372411,23
"c60-h24","c45-h60",0.440591209438957,23
"c55-h36","c45-h60",0.656695649068907,23
"c55-h60","c45-h60",0.857993441080508,23
"c50-h60","c45-h60",0.943398948896544,23
"c45-h60","c45-h60",1,23
"c60-h60","c45-h60",0.720219710254211,23
"c55-h24","c45-h60",0.530948587186471,23
"c55-h48","c45-h60",0.764870600414885,23
"c50-h24","c45-h60",0.577244184036583,23
"c50-h48","c45-h60",0.843952817873822,23
"c45-h24","c45-h60",0.617479685976993,23
"c45-h36","c45-h60",0.766072402281058,23
"c60-h36","c45-h60",0.553064976982521,23
"c60-h48","c45-h60",0.631404797827846,23
"c45-h48","c45-h60",0.897775909357492,23
"c50-h36","c60-h60",0.592509249887459,23
"c60-h24","c60-h60",0.628394823518477,23
"c55-h36","c60-h60",0.645986037839733,23
"c55-h60","c60-h60",0.831010857004463,23
"c50-h60","c60-h60",0.762596284606259,23
"c45-h60","c60-h60",0.720219710254211,23
"c60-h60","c60-h60",1,23
"c55-h24","c60-h60",0.527871174987714,23
"c55-h48","c60-h60",0.751936189268609,23
"c50-h24","c60-h60",0.476059458795609,23
"c50-h48","c60-h60",0.695181251320722,23
"c45-h24","c60-h60",0.451632316407066,23
"c45-h36","c60-h60",0.560375412005044,23
"c60-h36","c60-h60",0.770593334700208,23
"c60-h48","c60-h60",0.888629267249975,23
"c45-h48","c60-h60",0.660319021478177,23
"c50-h36","c55-h24",0.739358690802519,23
"c60-h24","c55-h24",0.846162835082025,23
"c55-h36","c55-h24",0.821533371916124,23
"c55-h60","c55-h24",0.633056358513416,23
"c50-h60","c55-h24",0.569131336916602,23
"c45-h60","c55-h24",0.530948587186471,23
"c60-h60","c55-h24",0.527871174987714,23
"c55-h24","c55-h24",1,23
"c55-h48","c55-h24",0.706804560054228,23
"c50-h24","c55-h24",0.907077406641196,23
"c50-h48","c55-h24",0.635881932113577,23
"c45-h24","c55-h24",0.855426790538121,23
"c45-h36","c55-h24",0.691781929876001,23
"c60-h36","c55-h24",0.687937932591714,23
"c60-h48","c55-h24",0.583547846952829,23
"c45-h48","c55-h24",0.598246513901329,23
"c50-h36","c55-h48",0.779211513866662,23
"c60-h24","c55-h48",0.595751092691931,23
"c55-h36","c55-h48",0.862726309278529,23
"c55-h60","c55-h48",0.898081552503846,23
"c50-h60","c55-h48",0.808879608958452,23
"c45-h60","c55-h48",0.764870600414885,23
"c60-h60","c55-h48",0.751936189268609,23
"c55-h24","c55-h48",0.706804560054228,23
"c55-h48","c55-h48",1,23
"c50-h24","c55-h48",0.6321616219369,23
"c50-h48","c55-h48",0.904549297647932,23
"c45-h24","c55-h48",0.600463660903755,23
"c45-h36","c55-h48",0.737673061857788,23
"c60-h36","c55-h48",0.72638667430883,23
"c60-h48","c55-h48",0.836569134854764,23
"c45-h48","c55-h48",0.857283683382279,23
"c50-h36","c50-h24",0.814863256251885,23
"c60-h24","c50-h24",0.768334524567531,23
"c55-h36","c50-h24",0.744315149787504,23
"c55-h60","c50-h24",0.567653184359947,23
"c50-h60","c50-h24",0.618899493615059,23
"c45-h60","c50-h24",0.577244184036583,23
"c60-h60","c50-h24",0.476059458795609,23
"c55-h24","c50-h24",0.907077406641196,23
"c55-h48","c50-h24",0.6321616219369,23
"c50-h24","c50-h24",1,23
"c50-h48","c50-h24",0.694701750538263,23
"c45-h24","c50-h24",0.946680766788693,23
"c45-h36","c50-h24",0.76462151043389,23
"c60-h36","c50-h24",0.623664805214552,23
"c60-h48","c50-h24",0.521869136114827,23
"c45-h48","c50-h24",0.652510156966002,23
"c50-h36","c50-h48",0.861264816414468,23
"c60-h24","c50-h48",0.539975539429547,23
"c55-h36","c50-h48",0.780818430523243,23
"c55-h60","c50-h48",0.817496023537242,23
"c50-h60","c50-h48",0.896235784274773,23
"c45-h60","c50-h48",0.843952817873822,23
"c60-h60","c50-h48",0.695181251320722,23
"c55-h24","c50-h48",0.635881932113577,23
"c55-h48","c50-h48",0.904549297647932,23
"c50-h24","c50-h48",0.694701750538263,23
"c50-h48","c50-h48",1,23
"c45-h24","c50-h48",0.6614381122262,23
"c45-h36","c50-h48",0.814857990867597,23
"c60-h36","c50-h48",0.662959197927774,23
"c60-h48","c50-h48",0.764339280055644,23
"c45-h48","c50-h48",0.944858196739752,23
"c50-h36","c45-h24",0.778146332344909,23
"c60-h24","c45-h24",0.722925543275416,23
"c55-h36","c45-h24",0.710591735487537,23
"c55-h60","c45-h24",0.539552419670444,23
"c50-h60","c45-h24",0.590118240299064,23
"c45-h60","c45-h24",0.617479685976993,23
"c60-h60","c45-h24",0.451632316407066,23
"c55-h24","c45-h24",0.855426790538121,23
"c55-h48","c45-h24",0.600463660903755,23
"c50-h24","c45-h24",0.946680766788693,23
"c50-h48","c45-h24",0.6614381122262,23
"c45-h24","c45-h24",1,23
"c45-h36","c45-h24",0.815320292603012,23
"c60-h36","c45-h24",0.596629036782142,23
"c60-h48","c45-h24",0.49492394742062,23
"c45-h48","c45-h24",0.695186802508393,23
"c50-h36","c45-h36",0.946568451755486,23
"c60-h24","c45-h36",0.579972174650661,23
"c55-h36","c45-h36",0.858559918436564,23
"c55-h60","c45-h36",0.663851535924683,23
"c50-h60","c45-h36",0.725229483692835,23
"c45-h60","c45-h36",0.766072402281058,23
"c60-h60","c45-h36",0.560375412005044,23
"c55-h24","c45-h36",0.691781929876001,23
"c55-h48","c45-h36",0.737673061857788,23
"c50-h24","c45-h36",0.76462151043389,23
"c50-h48","c45-h36",0.814857990867597,23
"c45-h24","c45-h36",0.815320292603012,23
"c45-h36","c45-h36",1,23
"c60-h36","c45-h36",0.723823477720611,23
"c60-h48","c45-h36",0.617272062981085,23
"c45-h48","c45-h36",0.862554416146476,23
"c50-h36","c60-h36",0.762970819068315,23
"c60-h24","c60-h36",0.817526291471385,23
"c55-h36","c60-h36",0.841592903461242,23
"c55-h60","c60-h36",0.642513209031475,23
"c50-h60","c60-h36",0.584810493934908,23
"c45-h60","c60-h36",0.553064976982521,23
"c60-h60","c60-h36",0.770593334700208,23
"c55-h24","c60-h36",0.687937932591714,23
"c55-h48","c60-h36",0.72638667430883,23
"c50-h24","c60-h36",0.623664805214552,23
"c50-h48","c60-h36",0.662959197927774,23
"c45-h24","c60-h36",0.596629036782142,23
"c45-h36","c60-h36",0.723823477720611,23
"c60-h36","c60-h36",1,23
"c60-h48","c60-h36",0.861433433342487,23
"c45-h48","c60-h36",0.630836081899702,23
"c50-h36","c60-h48",0.652602869794508,23
"c60-h24","c60-h48",0.702854492314957,23
"c55-h36","c60-h48",0.719753603805149,23
"c55-h60","c60-h48",0.736678569175303,23
"c50-h60","c60-h48",0.671414604344686,23
"c45-h60","c60-h48",0.631404797827846,23
"c60-h60","c60-h48",0.888629267249975,23
"c55-h24","c60-h48",0.583547846952829,23
"c55-h48","c60-h48",0.836569134854764,23
"c50-h24","c60-h48",0.521869136114827,23
"c50-h48","c60-h48",0.764339280055644,23
"c45-h24","c60-h48",0.49492394742062,23
"c45-h36","c60-h48",0.617272062981085,23
"c60-h36","c60-h48",0.861433433342487,23
"c60-h48","c60-h48",1,23
"c45-h48","c60-h48",0.722744397651417,23
"c50-h36","c45-h48",0.814856207712694,23
"c60-h24","c45-h48",0.506047721809761,23
"c55-h36","c45-h48",0.74298136114596,23
"c55-h60","c45-h48",0.777163494369214,23
"c50-h60","c45-h48",0.850232080551487,23
"c45-h60","c45-h48",0.897775909357492,23
"c60-h60","c45-h48",0.660319021478177,23
"c55-h24","c45-h48",0.598246513901329,23
"c55-h48","c45-h48",0.857283683382279,23
"c50-h24","c45-h48",0.652510156966002,23
"c50-h48","c45-h48",0.944858196739752,23
"c45-h24","c45-h48",0.695186802508393,23
"c45-h36","c45-h48",0.862554416146476,23
"c60-h36","c45-h48",0.630836081899702,23
"c60-h48","c45-h48",0.722744397651417,23
"c45-h48","c45-h48",1,23
"c50-h60","c50-h60",1,24
"c55-h60","c50-h60",0.900453673535905,24
"c55-h36","c50-h60",0.689349742824431,24
"c50-h36","c50-h60",0.765231703154687,24
"c60-h24","c50-h60",0.45328256326793,24
"c60-h36","c50-h60",0.57132463081754,24
"c60-h48","c50-h60",0.675538568494415,24
"c60-h60","c50-h60",0.756141832773928,24
"c55-h24","c50-h60",0.551147188547283,24
"c55-h48","c50-h60",0.801532670651433,24
"c50-h24","c50-h60",0.621259117916748,24
"c50-h48","c50-h60",0.889275498955638,24
"c45-h24","c50-h60",0.583051885225352,24
"c45-h36","c50-h60",0.721604575946703,24
"c45-h48","c50-h60",0.835996141614852,24
"c45-h60","c50-h60",0.942153861230233,24
"c50-h60","c55-h60",0.900453673535905,24
"c55-h60","c55-h60",1,24
"c55-h36","c55-h60",0.767602117735892,24
"c50-h36","c55-h60",0.69365247563317,24
"c60-h24","c55-h60",0.519995019543513,24
"c60-h36","c55-h60",0.642044493747786,24
"c60-h48","c55-h60",0.749173108096572,24
"c60-h60","c55-h60",0.839163131527427,24
"c55-h24","c55-h60",0.6198124984326,24
"c55-h48","c55-h60",0.890666236641501,24
"c50-h24","c55-h60",0.570771027336076,24
"c50-h48","c55-h60",0.807656413140024,24
"c45-h24","c55-h60",0.539383395805138,24
"c45-h36","c55-h60",0.655695704752578,24
"c45-h48","c55-h60",0.762425281925154,24
"c45-h60","c55-h60",0.852909523650664,24
"c50-h60","c55-h36",0.689349742824431,24
"c55-h60","c55-h36",0.767602117735892,24
"c55-h36","c55-h36",1,24
"c50-h36","c55-h36",0.905245953247441,24
"c60-h24","c55-h36",0.70601520161428,24
"c60-h36","c55-h36",0.851567902047884,24
"c60-h48","c55-h36",0.735541397915282,24
"c60-h60","c55-h36",0.653081015803043,24
"c55-h24","c55-h36",0.817270359130147,24
"c55-h48","c55-h36",0.859183339651877,24
"c50-h24","c55-h36",0.744110123881278,24
"c50-h48","c55-h36",0.778649779082868,24
"c45-h24","c55-h36",0.703600771472351,24
"c45-h36","c55-h36",0.858590289971594,24
"c45-h48","c55-h36",0.741040121686885,24
"c45-h60","c55-h36",0.657470922743273,24
"c50-h60","c50-h36",0.765231703154687,24
"c55-h60","c50-h36",0.69365247563317,24
"c55-h36","c50-h36",0.905245953247441,24
"c50-h36","c50-h36",1,24
"c60-h24","c50-h36",0.630216467147588,24
"c60-h36","c50-h36",0.770927822207353,24
"c60-h48","c50-h36",0.667556440972857,24
"c60-h60","c50-h36",0.595065991454355,24
"c55-h24","c50-h36",0.73577621530521,24
"c55-h48","c50-h36",0.772952701726353,24
"c50-h24","c50-h36",0.814520248275019,24
"c50-h48","c50-h36",0.855589164003175,24
"c45-h24","c50-h36",0.768430411997167,24
"c45-h36","c50-h36",0.94581767854354,24
"c45-h48","c50-h36",0.811132644096071,24
"c45-h60","c50-h36",0.723615009777303,24
"c50-h60","c60-h24",0.45328256326793,24
"c55-h60","c60-h24",0.519995019543513,24
"c55-h36","c60-h24",0.70601520161428,24
"c50-h36","c60-h24",0.630216467147588,24
"c60-h24","c60-h24",1,24
"c60-h36","c60-h24",0.832253612934093,24
"c60-h48","c60-h24",0.713306134356399,24
"c60-h60","c60-h24",0.620284347447757,24
"c55-h24","c60-h24",0.850347190168297,24
"c55-h48","c60-h24",0.602320959692262,24
"c50-h24","c60-h24",0.766967262064557,24
"c50-h48","c60-h24",0.534124606219986,24
"c45-h24","c60-h24",0.731578932434414,24
"c45-h36","c60-h24",0.604033194705423,24
"c45-h48","c60-h24",0.512906164238686,24
"c45-h60","c60-h24",0.434196711072297,24
"c50-h60","c60-h36",0.57132463081754,24
"c55-h60","c60-h36",0.642044493747786,24
"c55-h36","c60-h36",0.851567902047884,24
"c50-h36","c60-h36",0.770927822207353,24
"c60-h24","c60-h36",0.832253612934093,24
"c60-h36","c60-h36",1,24
"c60-h48","c60-h36",0.86035786407605,24
"c60-h60","c60-h36",0.763551647691356,24
"c55-h24","c60-h36",0.701939173271463,24
"c55-h48","c60-h36",0.727630185134152,24
"c50-h24","c60-h36",0.637099474573399,24
"c50-h48","c60-h36",0.656896661852293,24
"c45-h24","c60-h36",0.606018801780307,24
"c45-h36","c60-h36",0.734210755452203,24
"c45-h48","c60-h36",0.62975789743899,24
"c45-h60","c60-h36",0.54884212632728,24
"c50-h60","c60-h48",0.675538568494415,24
"c55-h60","c60-h48",0.749173108096572,24
"c55-h36","c60-h48",0.735541397915282,24
"c50-h36","c60-h48",0.667556440972857,24
"c60-h24","c60-h48",0.713306134356399,24
"c60-h36","c60-h48",0.86035786407605,24
"c60-h48","c60-h48",1,24
"c60-h60","c60-h48",0.891045118539706,24
"c55-h24","c60-h48",0.610677381815354,24
"c55-h48","c60-h48",0.849821391805817,24
"c50-h24","c60-h48",0.560461147180651,24
"c50-h48","c60-h48",0.774290543512822,24
"c45-h24","c60-h48",0.534097953699,24
"c45-h36","c60-h48",0.634487915673858,24
"c45-h48","c60-h48",0.739571125648206,24
"c45-h60","c60-h48",0.646914994447569,24
"c50-h60","c60-h60",0.756141832773928,24
"c55-h60","c60-h60",0.839163131527427,24
"c55-h36","c60-h60",0.653081015803043,24
"c50-h36","c60-h60",0.595065991454355,24
"c60-h24","c60-h60",0.620284347447757,24
"c60-h36","c60-h60",0.763551647691356,24
"c60-h48","c60-h60",0.891045118539706,24
"c60-h60","c60-h60",1,24
"c55-h24","c60-h60",0.530164875266371,24
"c55-h48","c60-h60",0.755797022870981,24
"c50-h24","c60-h60",0.490528435162732,24
"c50-h48","c60-h60",0.688554940814153,24
"c45-h24","c60-h60",0.467519486283458,24
"c45-h36","c60-h60",0.565344540606252,24
"c45-h48","c60-h60",0.654153364510234,24
"c45-h60","c60-h60",0.72005617359073,24
"c50-h60","c55-h24",0.551147188547283,24
"c55-h60","c55-h24",0.6198124984326,24
"c55-h36","c55-h24",0.817270359130147,24
"c50-h36","c55-h24",0.73577621530521,24
"c60-h24","c55-h24",0.850347190168297,24
"c60-h36","c55-h24",0.701939173271463,24
"c60-h48","c55-h24",0.610677381815354,24
"c60-h60","c55-h24",0.530164875266371,24
"c55-h24","c55-h24",1,24
"c55-h48","c55-h24",0.708018725056758,24
"c50-h24","c55-h24",0.90700537194512,24
"c50-h48","c55-h24",0.63544126323401,24
"c45-h24","c55-h24",0.86012579882536,24
"c45-h36","c55-h24",0.701115441834423,24
"c45-h48","c55-h24",0.60374609707134,24
"c45-h60","c55-h24",0.523487062630966,24
"c50-h60","c55-h48",0.801532670651433,24
"c55-h60","c55-h48",0.890666236641501,24
"c55-h36","c55-h48",0.859183339651877,24
"c50-h36","c55-h48",0.772952701726353,24
"c60-h24","c55-h48",0.602320959692262,24
"c60-h36","c55-h48",0.727630185134152,24
"c60-h48","c55-h48",0.849821391805817,24
"c60-h60","c55-h48",0.755797022870981,24
"c55-h24","c55-h48",0.708018725056758,24
"c55-h48","c55-h48",1,24
"c50-h24","c55-h48",0.645485256729807,24
"c50-h48","c55-h48",0.906432556035747,24
"c45-h24","c55-h48",0.612251456557967,24
"c45-h36","c55-h48",0.732510627408584,24
"c45-h48","c55-h48",0.860812053862616,24
"c45-h60","c55-h48",0.763249655749451,24
"c50-h60","c50-h24",0.621259117916748,24
"c55-h60","c50-h24",0.570771027336076,24
"c55-h36","c50-h24",0.744110123881278,24
"c50-h36","c50-h24",0.814520248275019,24
"c60-h24","c50-h24",0.766967262064557,24
"c60-h36","c50-h24",0.637099474573399,24
"c60-h48","c50-h24",0.560461147180651,24
"c60-h60","c50-h24",0.490528435162732,24
"c55-h24","c50-h24",0.90700537194512,24
"c55-h48","c50-h24",0.645485256729807,24
"c50-h24","c50-h24",1,24
"c50-h48","c50-h24",0.703750550132663,24
"c45-h24","c50-h24",0.946022203899038,24
"c45-h36","c50-h24",0.773513058023205,24
"c45-h48","c50-h24",0.667834634312282,24
"c45-h60","c50-h24",0.587085396262076,24
"c50-h60","c50-h48",0.889275498955638,24
"c55-h60","c50-h48",0.807656413140024,24
"c55-h36","c50-h48",0.778649779082868,24
"c50-h36","c50-h48",0.855589164003175,24
"c60-h24","c50-h48",0.534124606219986,24
"c60-h36","c50-h48",0.656896661852293,24
"c60-h48","c50-h48",0.774290543512822,24
"c60-h60","c50-h48",0.688554940814153,24
"c55-h24","c50-h48",0.63544126323401,24
"c55-h48","c50-h48",0.906432556035747,24
"c50-h24","c50-h48",0.703750550132663,24
"c50-h48","c50-h48",1,24
"c45-h24","c50-h48",0.66398679137069,24
"c45-h36","c50-h48",0.807878886416025,24
"c45-h48","c50-h48",0.945360327618564,24
"c45-h60","c50-h48",0.840699966684854,24
"c50-h60","c45-h24",0.583051885225352,24
"c55-h60","c45-h24",0.539383395805138,24
"c55-h36","c45-h24",0.703600771472351,24
"c50-h36","c45-h24",0.768430411997167,24
"c60-h24","c45-h24",0.731578932434414,24
"c60-h36","c45-h24",0.606018801780307,24
"c60-h48","c45-h24",0.534097953699,24
"c60-h60","c45-h24",0.467519486283458,24
"c55-h24","c45-h24",0.86012579882536,24
"c55-h48","c45-h24",0.612251456557967,24
"c50-h24","c45-h24",0.946022203899038,24
"c50-h48","c45-h24",0.66398679137069,24
"c45-h24","c45-h24",1,24
"c45-h36","c45-h24",0.815767736484936,24
"c45-h48","c45-h24",0.705473682337507,24
"c45-h60","c45-h24",0.619118302242188,24
"c50-h60","c45-h36",0.721604575946703,24
"c55-h60","c45-h36",0.655695704752578,24
"c55-h36","c45-h36",0.858590289971594,24
"c50-h36","c45-h36",0.94581767854354,24
"c60-h24","c45-h36",0.604033194705423,24
"c60-h36","c45-h36",0.734210755452203,24
"c60-h48","c45-h36",0.634487915673858,24
"c60-h60","c45-h36",0.565344540606252,24
"c55-h24","c45-h36",0.701115441834423,24
"c55-h48","c45-h36",0.732510627408584,24
"c50-h24","c45-h36",0.773513058023205,24
"c50-h48","c45-h36",0.807878886416025,24
"c45-h24","c45-h36",0.815767736484936,24
"c45-h36","c45-h36",1,24
"c45-h48","c45-h36",0.857405822540147,24
"c45-h60","c45-h36",0.765640351540531,24
"c50-h60","c45-h48",0.835996141614852,24
"c55-h60","c45-h48",0.762425281925154,24
"c55-h36","c45-h48",0.741040121686885,24
"c50-h36","c45-h48",0.811132644096071,24
"c60-h24","c45-h48",0.512906164238686,24
"c60-h36","c45-h48",0.62975789743899,24
"c60-h48","c45-h48",0.739571125648206,24
"c60-h60","c45-h48",0.654153364510234,24
"c55-h24","c45-h48",0.60374609707134,24
"c55-h48","c45-h48",0.860812053862616,24
"c50-h24","c45-h48",0.667834634312282,24
"c50-h48","c45-h48",0.945360327618564,24
"c45-h24","c45-h48",0.705473682337507,24
"c45-h36","c45-h48",0.857405822540147,24
"c45-h48","c45-h48",1,24
"c45-h60","c45-h48",0.888226173409579,24
"c50-h60","c45-h60",0.942153861230233,24
"c55-h60","c45-h60",0.852909523650664,24
"c55-h36","c45-h60",0.657470922743273,24
"c50-h36","c45-h60",0.723615009777303,24
"c60-h24","c45-h60",0.434196711072297,24
"c60-h36","c45-h60",0.54884212632728,24
"c60-h48","c45-h60",0.646914994447569,24
"c60-h60","c45-h60",0.72005617359073,24
"c55-h24","c45-h60",0.523487062630966,24
"c55-h48","c45-h60",0.763249655749451,24
"c50-h24","c45-h60",0.587085396262076,24
"c50-h48","c45-h60",0.840699966684854,24
"c45-h24","c45-h60",0.619118302242188,24
"c45-h36","c45-h60",0.765640351540531,24
"c45-h48","c45-h60",0.888226173409579,24
"c45-h60","c45-h60",1,24
"c55-h60","c55-h60",1,25
"c55-h36","c55-h60",0.766346798399921,25
"c50-h36","c55-h60",0.706690990609106,25
"c50-h60","c55-h60",0.912984429489235,25
"c55-h60","c55-h36",0.766346798399921,25
"c55-h36","c55-h36",1,25
"c50-h36","c55-h36",0.911780075391355,25
"c50-h60","c55-h36",0.689945734882597,25
"c55-h60","c50-h36",0.706690990609106,25
"c55-h36","c50-h36",0.911780075391355,25
"c50-h36","c50-h36",1,25
"c50-h60","c50-h36",0.76646867021547,25
"c55-h60","c50-h60",0.912984429489235,25
"c55-h36","c50-h60",0.689945734882597,25
"c50-h36","c50-h60",0.76646867021547,25
"c50-h60","c50-h60",1,25
"c50-h36","c50-h36",1,26
"c50-h60","c50-h36",0.779058484002957,26
"c55-h60","c50-h36",0.711031471508797,26
"c55-h36","c50-h36",0.917937577536712,26
"c50-h36","c50-h60",0.779058484002957,26
"c50-h60","c50-h60",1,26
"c55-h60","c50-h60",0.914722114584362,26
"c55-h36","c50-h60",0.711874869864839,26
"c50-h36","c55-h60",0.711031471508797,26
"c50-h60","c55-h60",0.914722114584362,26
"c55-h60","c55-h60",1,26
"c55-h36","c55-h60",0.773675553359025,26
"c50-h36","c55-h36",0.917937577536712,26
"c50-h60","c55-h36",0.711874869864839,26
"c55-h60","c55-h36",0.773675553359025,26
"c55-h36","c55-h36",1,26
"c55-h60","c55-h60",1,27
"c50-h60","c55-h60",0.910796308601324,27
"c50-h36","c55-h60",0.693326375772324,27
"c55-h36","c55-h60",0.766001342534313,27
"c55-h60","c50-h60",0.910796308601324,27
"c50-h60","c50-h60",1,27
"c50-h36","c50-h60",0.766868184769621,27
"c55-h36","c50-h60",0.701119875844672,27
"c55-h60","c50-h36",0.693326375772324,27
"c50-h60","c50-h36",0.766868184769621,27
"c50-h36","c50-h36",1,27
"c55-h36","c50-h36",0.910640349624131,27
"c55-h60","c55-h36",0.766001342534313,27
"c50-h60","c55-h36",0.701119875844672,27
"c50-h36","c55-h36",0.910640349624131,27
"c55-h36","c55-h36",1,27
"c55-h60","c55-h60",1,28
"c50-h60","c55-h60",0.911463587031083,28
"c55-h36","c55-h60",0.766545198315664,28
"c50-h36","c55-h60",0.696991519125574,28
"c55-h60","c50-h60",0.911463587031083,28
"c50-h60","c50-h60",1,28
"c55-h36","c50-h60",0.704157591797061,28
"c50-h36","c50-h60",0.768920221061734,28
"c55-h60","c55-h36",0.766545198315664,28
"c50-h60","c55-h36",0.704157591797061,28
"c55-h36","c55-h36",1,28
"c50-h36","c55-h36",0.914114162178579,28
"c55-h60","c50-h36",0.696991519125574,28
"c50-h60","c50-h36",0.768920221061734,28
"c55-h36","c50-h36",0.914114162178579,28
"c50-h36","c50-h36",1,28
"c50-h36","c50-h36",1,29
"c55-h36","c50-h36",0.903065195484391,29
"c55-h60","c50-h36",0.68784414132619,29
"c50-h60","c50-h36",0.756148844566453,29
"c50-h36","c55-h36",0.903065195484391,29
"c55-h36","c55-h36",1,29
"c55-h60","c55-h36",0.761336721229535,29
"c50-h60","c55-h36",0.683835485962653,29
"c50-h36","c55-h60",0.68784414132619,29
"c55-h36","c55-h60",0.761336721229535,29
"c55-h60","c55-h60",1,29
"c50-h60","c55-h60",0.905351114327374,29
"c50-h36","c50-h60",0.756148844566453,29
"c55-h36","c50-h60",0.683835485962653,29
"c55-h60","c50-h60",0.905351114327374,29
"c50-h60","c50-h60",1,29
"c55-h36","c55-h36",1,30
"c50-h60","c55-h36",0.71250192462738,30
"c55-h60","c55-h36",0.776790718786872,30
"c50-h36","c55-h36",0.907781885474818,30
"c55-h36","c50-h60",0.71250192462738,30
"c50-h60","c50-h60",1,30
"c55-h60","c50-h60",0.908642270718579,30
"c50-h36","c50-h60",0.780285575400846,30
"c55-h36","c55-h60",0.776790718786872,30
"c50-h60","c55-h60",0.908642270718579,30
"c55-h60","c55-h60",1,30
"c50-h36","c55-h60",0.701026033881113,30
"c55-h36","c50-h36",0.907781885474818,30
"c50-h60","c50-h36",0.780285575400846,30
"c55-h60","c50-h36",0.701026033881113,30
"c50-h36","c50-h36",1,30
"c55-h60","c55-h60",1,31
"c55-h36","c55-h60",0.772258735505286,31
"c50-h36","c55-h60",0.704463451497822,31
"c50-h60","c55-h60",0.91033530156536,31
"c45-h48","c55-h60",0.771095598004317,31
"c45-h60","c55-h60",0.866495682679606,31
"c55-h24","c55-h60",0.626816938320951,31
"c55-h48","c55-h60",0.88928066414486,31
"c50-h24","c55-h60",0.56696552940294,31
"c50-h48","c55-h60",0.810744619704922,31
"c45-h24","c55-h60",0.541538097930241,31
"c45-h36","c55-h60",0.671778230630414,31
"c60-h24","c55-h60",0.542740220042132,31
"c60-h36","c55-h60",0.661138552784471,31
"c60-h48","c55-h60",0.763770593243099,31
"c60-h60","c55-h60",0.848262260845091,31
"c55-h60","c55-h36",0.772258735505286,31
"c55-h36","c55-h36",1,31
"c50-h36","c55-h36",0.910801460073712,31
"c50-h60","c55-h36",0.696859906843049,31
"c45-h48","c55-h36",0.745536173673545,31
"c45-h60","c55-h36",0.662958056619717,31
"c55-h24","c55-h36",0.809995860537044,31
"c55-h48","c55-h36",0.867508347370613,31
"c50-h24","c55-h36",0.734469887191041,31
"c50-h48","c55-h36",0.784050057458292,31
"c45-h24","c55-h36",0.694588383576194,31
"c45-h36","c55-h36",0.866468709993431,31
"c60-h24","c55-h36",0.69099528680402,31
"c60-h36","c55-h36",0.849171577007227,31
"c60-h48","c55-h36",0.74387495701386,31
"c60-h60","c55-h36",0.64963911193831,31
"c55-h60","c50-h36",0.704463451497822,31
"c55-h36","c50-h36",0.910801460073712,31
"c50-h36","c50-h36",1,31
"c50-h60","c50-h36",0.76873608897623,31
"c45-h48","c50-h36",0.827620552049213,31
"c45-h60","c50-h36",0.735686741572454,31
"c55-h24","c50-h36",0.744325010070273,31
"c55-h48","c50-h36",0.792880042380803,31
"c50-h24","c50-h36",0.814913819486719,31
"c50-h48","c50-h36",0.865570589268015,31
"c45-h24","c50-h36",0.773779463448103,31
"c45-h36","c50-h36",0.954399467599597,31
"c60-h24","c50-h36",0.624520959240771,31
"c60-h36","c50-h36",0.766830578495211,31
"c60-h48","c50-h36",0.675948304144791,31
"c60-h60","c50-h36",0.590446368058807,31
"c55-h60","c50-h60",0.91033530156536,31
"c55-h36","c50-h60",0.696859906843049,31
"c50-h36","c50-h60",0.76873608897623,31
"c50-h60","c50-h60",1,31
"c45-h48","c50-h60",0.846539364511275,31
"c45-h60","c50-h60",0.953554413639401,31
"c55-h24","c50-h60",0.568468820769989,31
"c55-h48","c50-h60",0.805353709676304,31
"c50-h24","c50-h60",0.623343943066062,31
"c50-h48","c50-h60",0.888587032863366,31
"c45-h24","c50-h60",0.593244813260419,31
"c45-h36","c50-h60",0.731652246884263,31
"c60-h24","c50-h60",0.482170635065037,31
"c60-h36","c50-h60",0.589414589649362,31
"c60-h48","c50-h60",0.688480545281197,31
"c60-h60","c50-h60",0.770207129067978,31
"c55-h60","c45-h48",0.771095598004317,31
"c55-h36","c45-h48",0.745536173673545,31
"c50-h36","c45-h48",0.827620552049213,31
"c50-h60","c45-h48",0.846539364511275,31
"c45-h48","c45-h48",1,31
"c45-h60","c45-h48",0.888638050268962,31
"c55-h24","c45-h48",0.609850412828653,31
"c55-h48","c45-h48",0.865743495386651,31
"c50-h24","c45-h48",0.672032369917552,31
"c50-h48","c45-h48",0.953813032822451,31
"c45-h24","c45-h48",0.70193520625987,31
"c45-h36","c45-h48",0.864992760120002,31
"c60-h24","c45-h48",0.510885941318793,31
"c60-h36","c45-h48",0.626795853952808,31
"c60-h48","c45-h48",0.73418140367598,31
"c60-h60","c45-h48",0.641630381326983,31
"c55-h60","c45-h60",0.866495682679606,31
"c55-h36","c45-h60",0.662958056619717,31
"c50-h36","c45-h60",0.735686741572454,31
"c50-h60","c45-h60",0.953554413639401,31
"c45-h48","c45-h60",0.888638050268962,31
"c45-h60","c45-h60",1,31
"c55-h24","c45-h60",0.53902628751885,31
"c55-h48","c45-h60",0.766945331561124,31
"c50-h24","c45-h60",0.591868090245795,31
"c50-h48","c45-h60",0.848706416295778,31
"c45-h24","c45-h60",0.619530144164743,31
"c45-h36","c45-h60",0.769508543560918,31
"c60-h24","c45-h60",0.457808906662938,31
"c60-h36","c45-h60",0.561125533343896,31
"c60-h48","c45-h60",0.655310083423368,31
"c60-h60","c45-h60",0.733330498233472,31
"c55-h60","c55-h24",0.626816938320951,31
"c55-h36","c55-h24",0.809995860537044,31
"c50-h36","c55-h24",0.744325010070273,31
"c50-h60","c55-h24",0.568468820769989,31
"c45-h48","c55-h24",0.609850412828653,31
"c45-h60","c55-h24",0.53902628751885,31
"c55-h24","c55-h24",1,31
"c55-h48","c55-h24",0.709212164077896,31
"c50-h24","c55-h24",0.911204457278027,31
"c50-h48","c55-h24",0.643673386932664,31
"c45-h24","c55-h24",0.866254634827755,31
"c45-h36","c55-h24",0.704574204264552,31
"c60-h24","c55-h24",0.84960545366195,31
"c60-h36","c55-h24",0.688280714210503,31
"c60-h48","c55-h24",0.606136062276847,31
"c60-h60","c55-h24",0.52394104809153,31
"c55-h60","c55-h48",0.88928066414486,31
"c55-h36","c55-h48",0.867508347370613,31
"c50-h36","c55-h48",0.792880042380803,31
"c50-h60","c55-h48",0.805353709676304,31
"c45-h48","c55-h48",0.865743495386651,31
"c45-h60","c55-h48",0.766945331561124,31
"c55-h24","c55-h48",0.709212164077896,31
"c55-h48","c55-h48",1,31
"c50-h24","c55-h48",0.643340748099062,31
"c50-h48","c55-h48",0.909415050794133,31
"c45-h24","c55-h48",0.611649610249298,31
"c45-h36","c55-h48",0.754219442669774,31
"c60-h24","c55-h48",0.603329407418392,31
"c60-h36","c55-h48",0.735042731123855,31
"c60-h48","c55-h48",0.850586791959085,31
"c60-h60","c55-h48",0.743207672252804,31
"c55-h60","c50-h24",0.56696552940294,31
"c55-h36","c50-h24",0.734469887191041,31
"c50-h36","c50-h24",0.814913819486719,31
"c50-h60","c50-h24",0.623343943066062,31
"c45-h48","c50-h24",0.672032369917552,31
"c45-h60","c50-h24",0.591868090245795,31
"c55-h24","c50-h24",0.911204457278027,31
"c55-h48","c50-h24",0.643340748099062,31
"c50-h24","c50-h24",1,31
"c50-h48","c50-h24",0.706549585495476,31
"c45-h24","c50-h24",0.95351733387788,31
"c45-h36","c50-h24",0.775262693095399,31
"c60-h24","c50-h24",0.767267248317508,31
"c60-h36","c50-h24",0.621118388607843,31
"c60-h48","c50-h24",0.549038085955216,31
"c60-h60","c50-h24",0.474986550960359,31
"c55-h60","c50-h48",0.810744619704922,31
"c55-h36","c50-h48",0.784050057458292,31
"c50-h36","c50-h48",0.865570589268015,31
"c50-h60","c50-h48",0.888587032863366,31
"c45-h48","c50-h48",0.953813032822451,31
"c45-h60","c50-h48",0.848706416295778,31
"c55-h24","c50-h48",0.643673386932664,31
"c55-h48","c50-h48",0.909415050794133,31
"c50-h24","c50-h48",0.706549585495476,31
"c50-h48","c50-h48",1,31
"c45-h24","c50-h48",0.671725319305493,31
"c45-h36","c50-h48",0.823249498557643,31
"c60-h24","c50-h48",0.53887422345259,31
"c60-h36","c50-h48",0.657609620736465,31
"c60-h48","c50-h48",0.770431772292956,31
"c60-h60","c50-h48",0.674071705507055,31
"c55-h60","c45-h24",0.541538097930241,31
"c55-h36","c45-h24",0.694588383576194,31
"c50-h36","c45-h24",0.773779463448103,31
"c50-h60","c45-h24",0.593244813260419,31
"c45-h48","c45-h24",0.70193520625987,31
"c45-h60","c45-h24",0.619530144164743,31
"c55-h24","c45-h24",0.866254634827755,31
"c55-h48","c45-h24",0.611649610249298,31
"c50-h24","c45-h24",0.95351733387788,31
"c50-h48","c45-h24",0.671725319305493,31
"c45-h24","c45-h24",1,31
"c45-h36","c45-h24",0.809059834025279,31
"c60-h24","c45-h24",0.732961628108051,31
"c60-h36","c45-h24",0.593548529600628,31
"c60-h48","c45-h24",0.52587836252907,31
"c60-h60","c45-h24",0.457117602988685,31
"c55-h60","c45-h36",0.671778230630414,31
"c55-h36","c45-h36",0.866468709993431,31
"c50-h36","c45-h36",0.954399467599597,31
"c50-h60","c45-h36",0.731652246884263,31
"c45-h48","c45-h36",0.864992760120002,31
"c45-h60","c45-h36",0.769508543560918,31
"c55-h24","c45-h36",0.704574204264552,31
"c55-h48","c45-h36",0.754219442669774,31
"c50-h24","c45-h36",0.775262693095399,31
"c50-h48","c45-h36",0.823249498557643,31
"c45-h24","c45-h36",0.809059834025279,31
"c45-h36","c45-h36",1,31
"c60-h24","c45-h36",0.595761301992791,31
"c60-h36","c45-h36",0.734948417681206,31
"c60-h48","c45-h36",0.647191755398934,31
"c60-h60","c45-h36",0.567540235218146,31
"c55-h60","c60-h24",0.542740220042132,31
"c55-h36","c60-h24",0.69099528680402,31
"c50-h36","c60-h24",0.624520959240771,31
"c50-h60","c60-h24",0.482170635065037,31
"c45-h48","c60-h24",0.510885941318793,31
"c45-h60","c60-h24",0.457808906662938,31
"c55-h24","c60-h24",0.84960545366195,31
"c55-h48","c60-h24",0.603329407418392,31
"c50-h24","c60-h24",0.767267248317508,31
"c50-h48","c60-h24",0.53887422345259,31
"c45-h24","c60-h24",0.732961628108051,31
"c45-h36","c60-h24",0.595761301992791,31
"c60-h24","c60-h24",1,31
"c60-h36","c60-h24",0.815871872922972,31
"c60-h48","c60-h24",0.712216023414964,31
"c60-h60","c60-h24",0.628576805033816,31
"c55-h60","c60-h36",0.661138552784471,31
"c55-h36","c60-h36",0.849171577007227,31
"c50-h36","c60-h36",0.766830578495211,31
"c50-h60","c60-h36",0.589414589649362,31
"c45-h48","c60-h36",0.626795853952808,31
"c45-h60","c60-h36",0.561125533343896,31
"c55-h24","c60-h36",0.688280714210503,31
"c55-h48","c60-h36",0.735042731123855,31
"c50-h24","c60-h36",0.621118388607843,31
"c50-h48","c60-h36",0.657609620736465,31
"c45-h24","c60-h36",0.593548529600628,31
"c45-h36","c60-h36",0.734948417681206,31
"c60-h24","c60-h36",0.815871872922972,31
"c60-h36","c60-h36",1,31
"c60-h48","c60-h36",0.870317472009857,31
"c60-h60","c60-h36",0.768448558305347,31
"c55-h60","c60-h48",0.763770593243099,31
"c55-h36","c60-h48",0.74387495701386,31
"c50-h36","c60-h48",0.675948304144791,31
"c50-h60","c60-h48",0.688480545281197,31
"c45-h48","c60-h48",0.73418140367598,31
"c45-h60","c60-h48",0.655310083423368,31
"c55-h24","c60-h48",0.606136062276847,31
"c55-h48","c60-h48",0.850586791959085,31
"c50-h24","c60-h48",0.549038085955216,31
"c50-h48","c60-h48",0.770431772292956,31
"c45-h24","c60-h48",0.52587836252907,31
"c45-h36","c60-h48",0.647191755398934,31
"c60-h24","c60-h48",0.712216023414964,31
"c60-h36","c60-h48",0.870317472009857,31
"c60-h48","c60-h48",1,31
"c60-h60","c60-h48",0.885144894794379,31
"c55-h60","c60-h60",0.848262260845091,31
"c55-h36","c60-h60",0.64963911193831,31
"c50-h36","c60-h60",0.590446368058807,31
"c50-h60","c60-h60",0.770207129067978,31
"c45-h48","c60-h60",0.641630381326983,31
"c45-h60","c60-h60",0.733330498233472,31
"c55-h24","c60-h60",0.52394104809153,31
"c55-h48","c60-h60",0.743207672252804,31
"c50-h24","c60-h60",0.474986550960359,31
"c50-h48","c60-h60",0.674071705507055,31
"c45-h24","c60-h60",0.457117602988685,31
"c45-h36","c60-h60",0.567540235218146,31
"c60-h24","c60-h60",0.628576805033816,31
"c60-h36","c60-h60",0.768448558305347,31
"c60-h48","c60-h60",0.885144894794379,31
"c60-h60","c60-h60",1,31
"c50-h36","c50-h36",1,32
"c45-h60","c50-h36",0.730568547674639,32
"c55-h60","c50-h36",0.716563483522608,32
"c50-h60","c50-h36",0.775415466836212,32
"c55-h36","c50-h36",0.912797439859942,32
"c55-h48","c50-h36",0.794785336480698,32
"c55-h24","c50-h36",0.732670522652852,32
"c60-h24","c50-h36",0.613696482192327,32
"c60-h36","c50-h36",0.777345450782854,32
"c60-h48","c50-h36",0.679946160567446,32
"c60-h60","c50-h36",0.616804782326839,32
"c45-h24","c50-h36",0.759143434166321,32
"c45-h36","c50-h36",0.952396859923171,32
"c50-h24","c50-h36",0.801538131778431,32
"c50-h48","c50-h36",0.863807447616164,32
"c45-h48","c50-h36",0.820479307621228,32
"c50-h36","c45-h60",0.730568547674639,32
"c45-h60","c45-h60",1,32
"c55-h60","c45-h60",0.870307290639135,32
"c50-h60","c45-h60",0.952402354266841,32
"c55-h36","c45-h60",0.666888409195298,32
"c55-h48","c45-h60",0.775867243325893,32
"c55-h24","c45-h60",0.532514110273348,32
"c60-h24","c45-h60",0.435494631811383,32
"c60-h36","c45-h60",0.551678805770043,32
"c60-h48","c45-h60",0.652277990676857,32
"c60-h60","c45-h60",0.741676221077542,32
"c45-h24","c45-h60",0.615707774236962,32
"c45-h36","c45-h60",0.772771474207849,32
"c50-h24","c45-h60",0.581869700303225,32
"c50-h48","c45-h60",0.849141701083037,32
"c45-h48","c45-h60",0.896643168975523,32
"c50-h36","c55-h60",0.716563483522608,32
"c45-h60","c55-h60",0.870307290639135,32
"c55-h60","c55-h60",1,32
"c50-h60","c55-h60",0.917309887252852,32
"c55-h36","c55-h60",0.786244926051796,32
"c55-h48","c55-h60",0.903014529922015,32
"c55-h24","c55-h60",0.62288486894822,32
"c60-h24","c55-h60",0.517211046899156,32
"c60-h36","c55-h60",0.663310612241574,32
"c60-h48","c55-h60",0.770721233192339,32
"c60-h60","c55-h60",0.862102695119927,32
"c45-h24","c55-h60",0.533301847583349,32
"c45-h36","c55-h60",0.683048950439525,32
"c50-h24","c55-h60",0.562626995631393,32
"c50-h48","c55-h60",0.825406110556653,32
"c45-h48","c55-h60",0.786330240028623,32
"c50-h36","c50-h60",0.775415466836212,32
"c45-h60","c50-h60",0.952402354266841,32
"c55-h60","c50-h60",0.917309887252852,32
"c50-h60","c50-h60",1,32
"c55-h36","c50-h60",0.71243396973653,32
"c55-h48","c50-h60",0.826352574155316,32
"c55-h24","c50-h60",0.566966042858685,32
"c60-h24","c50-h60",0.464691091542917,32
"c60-h36","c50-h60",0.596238515924741,32
"c60-h48","c50-h60",0.701330900667666,32
"c60-h60","c50-h60",0.787165547134334,32
"c45-h24","c50-h60",0.587428077859006,32
"c45-h36","c50-h60",0.742035765518748,32
"c50-h24","c50-h60",0.616402968983439,32
"c50-h48","c50-h60",0.899260832584562,32
"c45-h48","c50-h60",0.861137531291296,32
"c50-h36","c55-h36",0.912797439859942,32
"c45-h60","c55-h36",0.666888409195298,32
"c55-h60","c55-h36",0.786244926051796,32
"c50-h60","c55-h36",0.71243396973653,32
"c55-h36","c55-h36",1,32
"c55-h48","c55-h36",0.870980603716993,32
"c55-h24","c55-h36",0.80502102428231,32
"c60-h24","c55-h36",0.677662200325125,32
"c60-h36","c55-h36",0.851645425042697,32
"c60-h48","c55-h36",0.744421139652828,32
"c60-h60","c55-h36",0.676174883213213,32
"c45-h24","c55-h36",0.68671882889973,32
"c45-h36","c55-h36",0.865895595441192,32
"c50-h24","c55-h36",0.728314698447673,32
"c50-h48","c55-h36",0.78929873908688,32
"c45-h48","c55-h36",0.744755130577539,32
"c50-h36","c55-h48",0.794785336480698,32
"c45-h60","c55-h48",0.775867243325893,32
"c55-h60","c55-h48",0.903014529922015,32
"c50-h60","c55-h48",0.826352574155316,32
"c55-h36","c55-h48",0.870980603716993,32
"c55-h48","c55-h48",1,32
"c55-h24","c55-h48",0.696447591814278,32
"c60-h24","c55-h48",0.581748113984396,32
"c60-h36","c55-h48",0.738832402892667,32
"c60-h48","c55-h48",0.857569681932654,32
"c60-h60","c55-h48",0.779735580396398,32
"c45-h24","c55-h48",0.588622533029442,32
"c45-h36","c55-h48",0.750998837735396,32
"c50-h24","c55-h48",0.628033863560914,32
"c50-h48","c55-h48",0.914670768148551,32
"c45-h48","c55-h48",0.865807596750328,32
"c50-h36","c55-h24",0.732670522652852,32
"c45-h60","c55-h24",0.532514110273348,32
"c55-h60","c55-h24",0.62288486894822,32
"c50-h60","c55-h24",0.566966042858685,32
"c55-h36","c55-h24",0.80502102428231,32
"c55-h48","c55-h24",0.696447591814278,32
"c55-h24","c55-h24",1,32
"c60-h24","c55-h24",0.842235724820897,32
"c60-h36","c55-h24",0.676424882022675,32
"c60-h48","c55-h24",0.588012498884866,32
"c60-h60","c55-h24",0.533478488609251,32
"c45-h24","c55-h24",0.864391079559771,32
"c45-h36","c55-h24",0.69616033544823,32
"c50-h24","c55-h24",0.909983029491448,32
"c50-h48","c55-h24",0.635475471154361,32
"c45-h48","c55-h24",0.602105296905911,32
"c50-h36","c60-h24",0.613696482192327,32
"c45-h60","c60-h24",0.435494631811383,32
"c55-h60","c60-h24",0.517211046899156,32
"c50-h60","c60-h24",0.464691091542917,32
"c55-h36","c60-h24",0.677662200325125,32
"c55-h48","c60-h24",0.581748113984396,32
"c55-h24","c60-h24",0.842235724820897,32
"c60-h24","c60-h24",1,32
"c60-h36","c60-h24",0.800396245579056,32
"c60-h48","c60-h24",0.689643136535264,32
"c60-h60","c60-h24",0.619275600261061,32
"c45-h24","c60-h24",0.72812556302574,32
"c45-h36","c60-h24",0.584943612781222,32
"c50-h24","c60-h24",0.766198264570721,32
"c50-h48","c60-h24",0.52440383321019,32
"c45-h48","c60-h24",0.495854896731142,32
"c50-h36","c60-h36",0.777345450782854,32
"c45-h60","c60-h36",0.551678805770043,32
"c55-h60","c60-h36",0.663310612241574,32
"c50-h60","c60-h36",0.596238515924741,32
"c55-h36","c60-h36",0.851645425042697,32
"c55-h48","c60-h36",0.738832402892667,32
"c55-h24","c60-h36",0.676424882022675,32
"c60-h24","c60-h36",0.800396245579056,32
"c60-h36","c60-h36",1,32
"c60-h48","c60-h36",0.867050923866477,32
"c60-h60","c60-h36",0.779110301609061,32
"c45-h24","c60-h36",0.575526864888949,32
"c45-h36","c60-h36",0.735055440616188,32
"c50-h24","c60-h36",0.614388358931577,32
"c50-h48","c60-h36",0.666760861870364,32
"c45-h48","c60-h36",0.624364651288301,32
"c50-h36","c60-h48",0.679946160567446,32
"c45-h60","c60-h48",0.652277990676857,32
"c55-h60","c60-h48",0.770721233192339,32
"c50-h60","c60-h48",0.701330900667666,32
"c55-h36","c60-h48",0.744421139652828,32
"c55-h48","c60-h48",0.857569681932654,32
"c55-h24","c60-h48",0.588012498884866,32
"c60-h24","c60-h48",0.689643136535264,32
"c60-h36","c60-h48",0.867050923866477,32
"c60-h48","c60-h48",1,32
"c60-h60","c60-h48",0.898700364006741,32
"c45-h24","c60-h48",0.496056896082067,32
"c45-h36","c60-h48",0.641399742631971,32
"c50-h24","c60-h48",0.53337198772645,32
"c50-h48","c60-h48",0.782903270195196,32
"c45-h48","c60-h48",0.737035651442717,32
"c50-h36","c60-h60",0.616804782326839,32
"c45-h60","c60-h60",0.741676221077542,32
"c55-h60","c60-h60",0.862102695119927,32
"c50-h60","c60-h60",0.787165547134334,32
"c55-h36","c60-h60",0.676174883213213,32
"c55-h48","c60-h60",0.779735580396398,32
"c55-h24","c60-h60",0.533478488609251,32
"c60-h24","c60-h60",0.619275600261061,32
"c60-h36","c60-h60",0.779110301609061,32
"c60-h48","c60-h60",0.898700364006741,32
"c60-h60","c60-h60",1,32
"c45-h24","c60-h60",0.455616136817732,32
"c45-h36","c60-h60",0.587228785871615,32
"c50-h24","c60-h60",0.484492578226233,32
"c50-h48","c60-h60",0.712365114725524,32
"c45-h48","c60-h60",0.67581410258685,32
"c50-h36","c45-h24",0.759143434166321,32
"c45-h60","c45-h24",0.615707774236962,32
"c55-h60","c45-h24",0.533301847583349,32
"c50-h60","c45-h24",0.587428077859006,32
"c55-h36","c45-h24",0.68671882889973,32
"c55-h48","c45-h24",0.588622533029442,32
"c55-h24","c45-h24",0.864391079559771,32
"c60-h24","c45-h24",0.72812556302574,32
"c60-h36","c45-h24",0.575526864888949,32
"c60-h48","c45-h24",0.496056896082067,32
"c60-h60","c45-h24",0.455616136817732,32
"c45-h24","c45-h24",1,32
"c45-h36","c45-h24",0.800193412091752,32
"c50-h24","c45-h24",0.951147939492618,32
"c50-h48","c45-h24",0.65129463923702,32
"c45-h48","c45-h24",0.687370517744377,32
"c50-h36","c45-h36",0.952396859923171,32
"c45-h60","c45-h36",0.772771474207849,32
"c55-h60","c45-h36",0.683048950439525,32
"c50-h60","c45-h36",0.742035765518748,32
"c55-h36","c45-h36",0.865895595441192,32
"c55-h48","c45-h36",0.750998837735396,32
"c55-h24","c45-h36",0.69616033544823,32
"c60-h24","c45-h36",0.584943612781222,32
"c60-h36","c45-h36",0.735055440616188,32
"c60-h48","c45-h36",0.641399742631971,32
"c60-h60","c45-h36",0.587228785871615,32
"c45-h24","c45-h36",0.800193412091752,32
"c45-h36","c45-h36",1,32
"c50-h24","c45-h36",0.763462462663664,32
"c50-h48","c45-h36",0.820586102767357,32
"c45-h48","c45-h36",0.86062161872348,32
"c50-h36","c50-h24",0.801538131778431,32
"c45-h60","c50-h24",0.581869700303225,32
"c55-h60","c50-h24",0.562626995631393,32
"c50-h60","c50-h24",0.616402968983439,32
"c55-h36","c50-h24",0.728314698447673,32
"c55-h48","c50-h24",0.628033863560914,32
"c55-h24","c50-h24",0.909983029491448,32
"c60-h24","c50-h24",0.766198264570721,32
"c60-h36","c50-h24",0.614388358931577,32
"c60-h48","c50-h24",0.53337198772645,32
"c60-h60","c50-h24",0.484492578226233,32
"c45-h24","c50-h24",0.951147939492618,32
"c45-h36","c50-h24",0.763462462663664,32
"c50-h24","c50-h24",1,32
"c50-h48","c50-h24",0.690958552774285,32
"c45-h48","c50-h24",0.657828981453301,32
"c50-h36","c50-h48",0.863807447616164,32
"c45-h60","c50-h48",0.849141701083037,32
"c55-h60","c50-h48",0.825406110556653,32
"c50-h60","c50-h48",0.899260832584562,32
"c55-h36","c50-h48",0.78929873908688,32
"c55-h48","c50-h48",0.914670768148551,32
"c55-h24","c50-h48",0.635475471154361,32
"c60-h24","c50-h48",0.52440383321019,32
"c60-h36","c50-h48",0.666760861870364,32
"c60-h48","c50-h48",0.782903270195196,32
"c60-h60","c50-h48",0.712365114725524,32
"c45-h24","c50-h48",0.65129463923702,32
"c45-h36","c50-h48",0.820586102767357,32
"c50-h24","c50-h48",0.690958552774285,32
"c50-h48","c50-h48",1,32
"c45-h48","c50-h48",0.952569070227873,32
"c50-h36","c45-h48",0.820479307621228,32
"c45-h60","c45-h48",0.896643168975523,32
"c55-h60","c45-h48",0.786330240028623,32
"c50-h60","c45-h48",0.861137531291296,32
"c55-h36","c45-h48",0.744755130577539,32
"c55-h48","c45-h48",0.865807596750328,32
"c55-h24","c45-h48",0.602105296905911,32
"c60-h24","c45-h48",0.495854896731142,32
"c60-h36","c45-h48",0.624364651288301,32
"c60-h48","c45-h48",0.737035651442717,32
"c60-h60","c45-h48",0.67581410258685,32
"c45-h24","c45-h48",0.687370517744377,32
"c45-h36","c45-h48",0.86062161872348,32
"c50-h24","c45-h48",0.657828981453301,32
"c50-h48","c45-h48",0.952569070227873,32
"c45-h48","c45-h48",1,32
"c60-h36","c60-h36",1,33
"c50-h60","c60-h36",0.589671946449078,33
"c60-h24","c60-h36",0.812550766557054,33
"c55-h60","c60-h36",0.651122559400162,33
"c45-h60","c60-h36",0.56258324950124,33
"c55-h36","c60-h36",0.851805170796579,33
"c50-h36","c60-h36",0.773647747802378,33
"c60-h60","c60-h36",0.765803391454071,33
"c55-h24","c60-h36",0.69479527297329,33
"c55-h48","c60-h36",0.729260338023121,33
"c50-h24","c60-h36",0.64170514487282,33
"c50-h48","c60-h36",0.662568974488022,33
"c45-h24","c60-h36",0.613594023637886,33
"c45-h36","c60-h36",0.740108946945893,33
"c45-h48","c60-h36",0.630860754721093,33
"c60-h48","c60-h36",0.860431746519105,33
"c60-h36","c50-h60",0.589671946449078,33
"c50-h60","c50-h60",1,33
"c60-h24","c50-h60",0.479800583608812,33
"c55-h60","c50-h60",0.916457089797081,33
"c45-h60","c50-h60",0.951663953410238,33
"c55-h36","c50-h60",0.70353275976359,33
"c50-h36","c50-h60",0.768879174193413,33
"c60-h60","c50-h60",0.785129128021287,33
"c55-h24","c50-h60",0.576252239396053,33
"c55-h48","c50-h60",0.817601083789478,33
"c50-h24","c50-h60",0.625754101948016,33
"c50-h48","c50-h60",0.891495016877529,33
"c45-h24","c50-h60",0.593871781764204,33
"c45-h36","c50-h60",0.730489318956569,33
"c45-h48","c50-h60",0.847318221286464,33
"c60-h48","c50-h60",0.694191196843974,33
"c60-h36","c60-h24",0.812550766557054,33
"c50-h60","c60-h24",0.479800583608812,33
"c60-h24","c60-h24",1,33
"c55-h60","c60-h24",0.53454486225997,33
"c45-h60","c60-h24",0.456237918683076,33
"c55-h36","c60-h24",0.691688432302523,33
"c50-h36","c60-h24",0.629758294427415,33
"c60-h60","c60-h24",0.633496653304007,33
"c55-h24","c60-h24",0.851093453102662,33
"c55-h48","c60-h24",0.598494023240616,33
"c50-h24","c60-h24",0.779163407202015,33
"c50-h48","c60-h24",0.542081259977849,33
"c45-h24","c60-h24",0.745884618391441,33
"c45-h36","c60-h24",0.601986562289747,33
"c45-h48","c60-h24",0.514684252088953,33
"c60-h48","c60-h24",0.70982511924436,33
"c60-h36","c55-h60",0.651122559400162,33
"c50-h60","c55-h60",0.916457089797081,33
"c60-h24","c55-h60",0.53454486225997,33
"c55-h60","c55-h60",1,33
"c45-h60","c55-h60",0.87530740558649,33
"c55-h36","c55-h60",0.771318662803815,33
"c50-h36","c55-h60",0.709149460874024,33
"c60-h60","c55-h60",0.855464898863595,33
"c55-h24","c55-h60",0.631159380581762,33
"c55-h48","c55-h60",0.892736517189812,33
"c50-h24","c55-h60",0.581338860627312,33
"c50-h48","c55-h60",0.818898648130201,33
"c45-h24","c55-h60",0.553358253209864,33
"c45-h36","c55-h60",0.675492971700076,33
"c45-h48","c55-h60",0.778329380724303,33
"c60-h48","c55-h60",0.760155511700475,33
"c60-h36","c45-h60",0.56258324950124,33
"c50-h60","c45-h60",0.951663953410238,33
"c60-h24","c45-h60",0.456237918683076,33
"c55-h60","c45-h60",0.87530740558649,33
"c45-h60","c45-h60",1,33
"c55-h36","c45-h60",0.666533398424208,33
"c50-h36","c45-h60",0.726460882506794,33
"c60-h60","c45-h60",0.753945584704,33
"c55-h24","c45-h60",0.54519819426624,33
"c55-h48","c45-h60",0.781211477857183,33
"c50-h24","c45-h60",0.590980602865496,33
"c50-h48","c45-h60",0.848579409411711,33
"c45-h24","c45-h60",0.618998581284449,33
"c45-h36","c45-h60",0.763360855729022,33
"c45-h48","c45-h60",0.89070396176572,33
"c60-h48","c45-h60",0.666671895021139,33
"c60-h36","c55-h36",0.851805170796579,33
"c50-h60","c55-h36",0.70353275976359,33
"c60-h24","c55-h36",0.691688432302523,33
"c55-h60","c55-h36",0.771318662803815,33
"c45-h60","c55-h36",0.666533398424208,33
"c55-h36","c55-h36",1,33
"c50-h36","c55-h36",0.916727566533215,33
"c60-h60","c55-h36",0.65984185881105,33
"c55-h24","c55-h36",0.819789839195385,33
"c55-h48","c55-h36",0.866482575455266,33
"c50-h24","c55-h36",0.759608895412655,33
"c50-h48","c55-h36",0.792782680024349,33
"c45-h24","c55-h36",0.723269728007391,33
"c45-h36","c55-h36",0.874431996797173,33
"c45-h48","c55-h36",0.75138576916555,33
"c60-h48","c55-h36",0.738981894793239,33
"c60-h36","c50-h36",0.773647747802378,33
"c50-h60","c50-h36",0.768879174193413,33
"c60-h24","c50-h36",0.629758294427415,33
"c55-h60","c50-h36",0.709149460874024,33
"c45-h60","c50-h36",0.726460882506794,33
"c55-h36","c50-h36",0.916727566533215,33
"c50-h36","c50-h36",1,33
"c60-h60","c50-h36",0.606229219064694,33
"c55-h24","c50-h36",0.756902372650611,33
"c55-h48","c50-h36",0.794143339376634,33
"c50-h24","c50-h36",0.826571218594317,33
"c50-h48","c50-h36",0.862927951833216,33
"c45-h24","c50-h36",0.784875800538058,33
"c45-h36","c50-h36",0.952030658924524,33
"c45-h48","c50-h36",0.818498176918477,33
"c60-h48","c50-h36",0.672952907701468,33
"c60-h36","c60-h60",0.765803391454071,33
"c50-h60","c60-h60",0.785129128021287,33
"c60-h24","c60-h60",0.633496653304007,33
"c55-h60","c60-h60",0.855464898863595,33
"c45-h60","c60-h60",0.753945584704,33
"c55-h36","c60-h60",0.65984185881105,33
"c50-h36","c60-h60",0.606229219064694,33
"c60-h60","c60-h60",1,33
"c55-h24","c60-h60",0.541811559077266,33
"c55-h48","c60-h60",0.760858950170751,33
"c50-h24","c60-h60",0.501357176800373,33
"c50-h48","c60-h60",0.698960910200906,33
"c45-h24","c60-h60",0.481384068912716,33
"c45-h36","c60-h60",0.577900578671248,33
"c45-h48","c60-h60",0.668881179589871,33
"c60-h48","c60-h60",0.891106100629659,33
"c60-h36","c55-h24",0.69479527297329,33
"c50-h60","c55-h24",0.576252239396053,33
"c60-h24","c55-h24",0.851093453102662,33
"c55-h60","c55-h24",0.631159380581762,33
"c45-h60","c55-h24",0.54519819426624,33
"c55-h36","c55-h24",0.819789839195385,33
"c50-h36","c55-h24",0.756902372650611,33
"c60-h60","c55-h24",0.541811559077266,33
"c55-h24","c55-h24",1,33
"c55-h48","c55-h24",0.713403377277769,33
"c50-h24","c55-h24",0.919270377968463,33
"c50-h48","c55-h24",0.654219515206864,33
"c45-h24","c55-h24",0.877389773061668,33
"c45-h36","c55-h24",0.721715207433967,33
"c45-h48","c55-h24",0.619658851198662,33
"c60-h48","c55-h24",0.60988434008123,33
"c60-h36","c55-h48",0.729260338023121,33
"c50-h60","c55-h48",0.817601083789478,33
"c60-h24","c55-h48",0.598494023240616,33
"c55-h60","c55-h48",0.892736517189812,33
"c45-h60","c55-h48",0.781211477857183,33
"c55-h36","c55-h48",0.866482575455266,33
"c50-h36","c55-h48",0.794143339376634,33
"c60-h60","c55-h48",0.760858950170751,33
"c55-h24","c55-h48",0.713403377277769,33
"c55-h48","c55-h48",1,33
"c50-h24","c55-h48",0.655602906902056,33
"c50-h48","c55-h48",0.917195967430769,33
"c45-h24","c55-h48",0.624163854896354,33
"c45-h36","c55-h48",0.756520544556368,33
"c45-h48","c55-h48",0.873167004147614,33
"c60-h48","c55-h48",0.848907164975731,33
"c60-h36","c50-h24",0.64170514487282,33
"c50-h60","c50-h24",0.625754101948016,33
"c60-h24","c50-h24",0.779163407202015,33
"c55-h60","c50-h24",0.581338860627312,33
"c45-h60","c50-h24",0.590980602865496,33
"c55-h36","c50-h24",0.759608895412655,33
"c50-h36","c50-h24",0.826571218594317,33
"c60-h60","c50-h24",0.501357176800373,33
"c55-h24","c50-h24",0.919270377968463,33
"c55-h48","c50-h24",0.655602906902056,33
"c50-h24","c50-h24",1,33
"c50-h48","c50-h24",0.708002715603301,33
"c45-h24","c50-h24",0.954062771258358,33
"c45-h36","c50-h24",0.787428833349258,33
"c45-h48","c50-h24",0.671531828604722,33
"c60-h48","c50-h24",0.561589862255557,33
"c60-h36","c50-h48",0.662568974488022,33
"c50-h60","c50-h48",0.891495016877529,33
"c60-h24","c50-h48",0.542081259977849,33
"c55-h60","c50-h48",0.818898648130201,33
"c45-h60","c50-h48",0.848579409411711,33
"c55-h36","c50-h48",0.792782680024349,33
"c50-h36","c50-h48",0.862927951833216,33
"c60-h60","c50-h48",0.698960910200906,33
"c55-h24","c50-h48",0.654219515206864,33
"c55-h48","c50-h48",0.917195967430769,33
"c50-h24","c50-h48",0.708002715603301,33
"c50-h48","c50-h48",1,33
"c45-h24","c50-h48",0.671522770591066,33
"c45-h36","c50-h48",0.820373720067265,33
"c45-h48","c50-h48",0.95220825112759,33
"c60-h48","c50-h48",0.776629751041209,33
"c60-h36","c45-h24",0.613594023637886,33
"c50-h60","c45-h24",0.593871781764204,33
"c60-h24","c45-h24",0.745884618391441,33
"c55-h60","c45-h24",0.553358253209864,33
"c45-h60","c45-h24",0.618998581284449,33
"c55-h36","c45-h24",0.723269728007391,33
"c50-h36","c45-h24",0.784875800538058,33
"c60-h60","c45-h24",0.481384068912716,33
"c55-h24","c45-h24",0.877389773061668,33
"c55-h48","c45-h24",0.624163854896354,33
"c50-h24","c45-h24",0.954062771258358,33
"c50-h48","c45-h24",0.671522770591066,33
"c45-h24","c45-h24",1,33
"c45-h36","c45-h24",0.822406195747842,33
"c45-h48","c45-h24",0.70138349054466,33
"c60-h48","c45-h24",0.538811488022668,33
"c60-h36","c45-h36",0.740108946945893,33
"c50-h60","c45-h36",0.730489318956569,33
"c60-h24","c45-h36",0.601986562289747,33
"c55-h60","c45-h36",0.675492971700076,33
"c45-h60","c45-h36",0.763360855729022,33
"c55-h36","c45-h36",0.874431996797173,33
"c50-h36","c45-h36",0.952030658924524,33
"c60-h60","c45-h36",0.577900578671248,33
"c55-h24","c45-h36",0.721715207433967,33
"c55-h48","c45-h36",0.756520544556368,33
"c50-h24","c45-h36",0.787428833349258,33
"c50-h48","c45-h36",0.820373720067265,33
"c45-h24","c45-h36",0.822406195747842,33
"c45-h36","c45-h36",1,33
"c45-h48","c45-h36",0.859037657864407,33
"c60-h48","c45-h36",0.642169335309308,33
"c60-h36","c45-h48",0.630860754721093,33
"c50-h60","c45-h48",0.847318221286464,33
"c60-h24","c45-h48",0.514684252088953,33
"c55-h60","c45-h48",0.778329380724303,33
"c45-h60","c45-h48",0.89070396176572,33
"c55-h36","c45-h48",0.75138576916555,33
"c50-h36","c45-h48",0.818498176918477,33
"c60-h60","c45-h48",0.668881179589871,33
"c55-h24","c45-h48",0.619658851198662,33
"c55-h48","c45-h48",0.873167004147614,33
"c50-h24","c45-h48",0.671531828604722,33
"c50-h48","c45-h48",0.95220825112759,33
"c45-h24","c45-h48",0.70138349054466,33
"c45-h36","c45-h48",0.859037657864407,33
"c45-h48","c45-h48",1,33
"c60-h48","c45-h48",0.74280903315784,33
"c60-h36","c60-h48",0.860431746519105,33
"c50-h60","c60-h48",0.694191196843974,33
"c60-h24","c60-h48",0.70982511924436,33
"c55-h60","c60-h48",0.760155511700475,33
"c45-h60","c60-h48",0.666671895021139,33
"c55-h36","c60-h48",0.738981894793239,33
"c50-h36","c60-h48",0.672952907701468,33
"c60-h60","c60-h48",0.891106100629659,33
"c55-h24","c60-h48",0.60988434008123,33
"c55-h48","c60-h48",0.848907164975731,33
"c50-h24","c60-h48",0.561589862255557,33
"c50-h48","c60-h48",0.776629751041209,33
"c45-h24","c60-h48",0.538811488022668,33
"c45-h36","c60-h48",0.642169335309308,33
"c45-h48","c60-h48",0.74280903315784,33
"c60-h48","c60-h48",1,33
"c55-h60","c55-h60",1,34
"c50-h60","c55-h60",0.915346735462646,34
"c55-h36","c55-h60",0.774558834976061,34
"c55-h24","c55-h60",0.642590140948568,34
"c60-h60","c55-h60",0.856007579524516,34
"c45-h60","c55-h60",0.874999405865824,34
"c50-h36","c55-h60",0.709861921482435,34
"c60-h48","c55-h60",0.763299337629736,34
"c50-h48","c55-h60",0.817275957518736,34
"c45-h24","c55-h60",0.557057044941143,34
"c60-h24","c55-h60",0.560792428021165,34
"c45-h36","c55-h60",0.676060966589109,34
"c60-h36","c55-h60",0.659492415370379,34
"c45-h48","c55-h60",0.77986364387128,34
"c55-h48","c55-h60",0.896017508994784,34
"c50-h24","c55-h60",0.591128681994557,34
"c55-h60","c50-h60",0.915346735462646,34
"c50-h60","c50-h60",1,34
"c55-h36","c50-h60",0.703298750316203,34
"c55-h24","c50-h60",0.586342809623445,34
"c60-h60","c50-h60",0.779818002554921,34
"c45-h60","c50-h60",0.959390413681541,34
"c50-h36","c50-h60",0.773666387140731,34
"c60-h48","c50-h60",0.696296975527578,34
"c50-h48","c50-h60",0.897031353997899,34
"c45-h24","c50-h60",0.609952301139988,34
"c60-h24","c50-h60",0.508490730617291,34
"c45-h36","c50-h60",0.738065443394567,34
"c60-h36","c50-h60",0.595526502417407,34
"c45-h48","c50-h60",0.858462282135689,34
"c55-h48","c50-h60",0.82026684054278,34
"c50-h24","c50-h60",0.643928708007523,34
"c55-h60","c55-h36",0.774558834976061,34
"c50-h60","c55-h36",0.703298750316203,34
"c55-h36","c55-h36",1,34
"c55-h24","c55-h36",0.829200399221191,34
"c60-h60","c55-h36",0.659946705152753,34
"c45-h60","c55-h36",0.675131044831452,34
"c50-h36","c55-h36",0.911957241972563,34
"c60-h48","c55-h36",0.73720958314233,34
"c50-h48","c55-h36",0.784726585108715,34
"c45-h24","c55-h36",0.729007494355498,34
"c60-h24","c55-h36",0.729036030252361,34
"c45-h36","c55-h36",0.873912772611418,34
"c60-h36","c55-h36",0.854245211119475,34
"c45-h48","c55-h36",0.752996504016524,34
"c55-h48","c55-h36",0.866712231863159,34
"c50-h24","c55-h36",0.760709491908235,34
"c55-h60","c55-h24",0.642590140948568,34
"c50-h60","c55-h24",0.586342809623445,34
"c55-h36","c55-h24",0.829200399221191,34
"c55-h24","c55-h24",1,34
"c60-h60","c55-h24",0.528159858501484,34
"c45-h60","c55-h24",0.561904886649294,34
"c50-h36","c55-h24",0.760392502963701,34
"c60-h48","c55-h24",0.58860924873461,34
"c50-h48","c55-h24",0.649355973819941,34
"c45-h24","c55-h24",0.87987279018411,34
"c60-h24","c55-h24",0.853180011219005,34
"c45-h36","c55-h24",0.72977103590954,34
"c60-h36","c55-h24",0.687177979608385,34
"c45-h48","c55-h24",0.623326000343361,34
"c55-h48","c55-h24",0.716943411009671,34
"c50-h24","c55-h24",0.915522116500346,34
"c55-h60","c60-h60",0.856007579524516,34
"c50-h60","c60-h60",0.779818002554921,34
"c55-h36","c60-h60",0.659946705152753,34
"c55-h24","c60-h60",0.528159858501484,34
"c60-h60","c60-h60",1,34
"c45-h60","c60-h60",0.747947813984198,34
"c50-h36","c60-h60",0.599028029799068,34
"c60-h48","c60-h60",0.894747541592827,34
"c50-h48","c60-h60",0.6962077794706,34
"c45-h24","c60-h60",0.459922489914682,34
"c60-h24","c60-h60",0.635480901764474,34
"c45-h36","c60-h60",0.573695102900571,34
"c60-h36","c60-h60",0.771393788190768,34
"c45-h48","c60-h60",0.668089172590039,34
"c55-h48","c60-h60",0.76935625910488,34
"c50-h24","c60-h60",0.485629860214488,34
"c55-h60","c45-h60",0.874999405865824,34
"c50-h60","c45-h60",0.959390413681541,34
"c55-h36","c45-h60",0.675131044831452,34
"c55-h24","c45-h60",0.561904886649294,34
"c60-h60","c45-h60",0.747947813984198,34
"c45-h60","c45-h60",1,34
"c50-h36","c45-h60",0.745959074983782,34
"c60-h48","c45-h60",0.66768040773938,34
"c50-h48","c45-h60",0.859024453241065,34
"c45-h24","c45-h60",0.635821127642491,34
"c60-h24","c45-h60",0.490046293640147,34
"c45-h36","c45-h60",0.772820544514489,34
"c60-h36","c45-h60",0.573754381393243,34
"c45-h48","c45-h60",0.894701509822096,34
"c55-h48","c45-h60",0.783100912185508,34
"c50-h24","c45-h60",0.618823225069874,34
"c55-h60","c50-h36",0.709861921482435,34
"c50-h60","c50-h36",0.773666387140731,34
"c55-h36","c50-h36",0.911957241972563,34
"c55-h24","c50-h36",0.760392502963701,34
"c60-h60","c50-h36",0.599028029799068,34
"c45-h60","c50-h36",0.745959074983782,34
"c50-h36","c50-h36",1,34
"c60-h48","c50-h36",0.671378959457377,34
"c50-h48","c50-h36",0.867630668635541,34
"c45-h24","c50-h36",0.802395066586553,34
"c60-h24","c50-h36",0.666977375345633,34
"c45-h36","c50-h36",0.959806752517744,34
"c60-h36","c50-h36",0.773251864813808,34
"c45-h48","c50-h36",0.835902862884048,34
"c55-h48","c50-h36",0.795459374073636,34
"c50-h24","c50-h36",0.835119553291464,34
"c55-h60","c60-h48",0.763299337629736,34
"c50-h60","c60-h48",0.696296975527578,34
"c55-h36","c60-h48",0.73720958314233,34
"c55-h24","c60-h48",0.58860924873461,34
"c60-h60","c60-h48",0.894747541592827,34
"c45-h60","c60-h48",0.66768040773938,34
"c50-h36","c60-h48",0.671378959457377,34
"c60-h48","c60-h48",1,34
"c50-h48","c60-h48",0.775138809866651,34
"c45-h24","c60-h48",0.516047880840749,34
"c60-h24","c60-h48",0.713833707007753,34
"c45-h36","c60-h48",0.64345290458315,34
"c60-h36","c60-h48",0.865943767629088,34
"c45-h48","c60-h48",0.745111418732611,34
"c55-h48","c60-h48",0.854746913465511,34
"c50-h24","c60-h48",0.542353104286443,34
"c55-h60","c50-h48",0.817275957518736,34
"c50-h60","c50-h48",0.897031353997899,34
"c55-h36","c50-h48",0.784726585108715,34
"c55-h24","c50-h48",0.649355973819941,34
"c60-h60","c50-h48",0.6962077794706,34
"c45-h60","c50-h48",0.859024453241065,34
"c50-h36","c50-h48",0.867630668635541,34
"c60-h48","c50-h48",0.775138809866651,34
"c50-h48","c50-h48",1,34
"c45-h24","c50-h48",0.681620638241866,34
"c60-h24","c50-h48",0.56846031125691,34
"c45-h36","c50-h48",0.827848465177259,34
"c60-h36","c50-h48",0.665138067955618,34
"c45-h48","c50-h48",0.958026036208746,34
"c55-h48","c50-h48",0.911708981482549,34
"c50-h24","c50-h48",0.718302100024604,34
"c55-h60","c45-h24",0.557057044941143,34
"c50-h60","c45-h24",0.609952301139988,34
"c55-h36","c45-h24",0.729007494355498,34
"c55-h24","c45-h24",0.87987279018411,34
"c60-h60","c45-h24",0.459922489914682,34
"c45-h60","c45-h24",0.635821127642491,34
"c50-h36","c45-h24",0.802395066586553,34
"c60-h48","c45-h24",0.516047880840749,34
"c50-h48","c45-h24",0.681620638241866,34
"c45-h24","c45-h24",1,34
"c60-h24","c45-h24",0.756610480528188,34
"c45-h36","c45-h24",0.832891316397759,34
"c60-h36","c45-h24",0.604540787063775,34
"c45-h48","c45-h24",0.711084364899761,34
"c55-h48","c45-h24",0.625943320443844,34
"c50-h24","c45-h24",0.96135785683874,34
"c55-h60","c60-h24",0.560792428021165,34
"c50-h60","c60-h24",0.508490730617291,34
"c55-h36","c60-h24",0.729036030252361,34
"c55-h24","c60-h24",0.853180011219005,34
"c60-h60","c60-h24",0.635480901764474,34
"c45-h60","c60-h24",0.490046293640147,34
"c50-h36","c60-h24",0.666977375345633,34
"c60-h48","c60-h24",0.713833707007753,34
"c50-h48","c60-h24",0.56846031125691,34
"c45-h24","c60-h24",0.756610480528188,34
"c60-h24","c60-h24",1,34
"c45-h36","c60-h24",0.643755416948797,34
"c60-h36","c60-h24",0.827499705620481,34
"c45-h48","c60-h24",0.549555984056031,34
"c55-h48","c60-h24",0.630662194626312,34
"c50-h24","c60-h24",0.782258913723299,34
"c55-h60","c45-h36",0.676060966589109,34
"c50-h60","c45-h36",0.738065443394567,34
"c55-h36","c45-h36",0.873912772611418,34
"c55-h24","c45-h36",0.72977103590954,34
"c60-h60","c45-h36",0.573695102900571,34
"c45-h60","c45-h36",0.772820544514489,34
"c50-h36","c45-h36",0.959806752517744,34
"c60-h48","c45-h36",0.64345290458315,34
"c50-h48","c45-h36",0.827848465177259,34
"c45-h24","c45-h36",0.832891316397759,34
"c60-h24","c45-h36",0.643755416948797,34
"c45-h36","c45-h36",1,34
"c60-h36","c45-h36",0.744478093780959,34
"c45-h48","c45-h36",0.866976386943445,34
"c55-h48","c45-h36",0.758789987805087,34
"c50-h24","c45-h36",0.800767144654362,34
"c55-h60","c60-h36",0.659492415370379,34
"c50-h60","c60-h36",0.595526502417407,34
"c55-h36","c60-h36",0.854245211119475,34
"c55-h24","c60-h36",0.687177979608385,34
"c60-h60","c60-h36",0.771393788190768,34
"c45-h60","c60-h36",0.573754381393243,34
"c50-h36","c60-h36",0.773251864813808,34
"c60-h48","c60-h36",0.865943767629088,34
"c50-h48","c60-h36",0.665138067955618,34
"c45-h24","c60-h36",0.604540787063775,34
"c60-h24","c60-h36",0.827499705620481,34
"c45-h36","c60-h36",0.744478093780959,34
"c60-h36","c60-h36",1,34
"c45-h48","c60-h36",0.641866545487995,34
"c55-h48","c60-h36",0.741283811289266,34
"c50-h24","c60-h36",0.626660235711631,34
"c55-h60","c45-h48",0.77986364387128,34
"c50-h60","c45-h48",0.858462282135689,34
"c55-h36","c45-h48",0.752996504016524,34
"c55-h24","c45-h48",0.623326000343361,34
"c60-h60","c45-h48",0.668089172590039,34
"c45-h60","c45-h48",0.894701509822096,34
"c50-h36","c45-h48",0.835902862884048,34
"c60-h48","c45-h48",0.745111418732611,34
"c50-h48","c45-h48",0.958026036208746,34
"c45-h24","c45-h48",0.711084364899761,34
"c60-h24","c45-h48",0.549555984056031,34
"c45-h36","c45-h48",0.866976386943445,34
"c60-h36","c45-h48",0.641866545487995,34
"c45-h48","c45-h48",1,34
"c55-h48","c45-h48",0.871367145270118,34
"c50-h24","c45-h48",0.69017840082446,34
"c55-h60","c55-h48",0.896017508994784,34
"c50-h60","c55-h48",0.82026684054278,34
"c55-h36","c55-h48",0.866712231863159,34
"c55-h24","c55-h48",0.716943411009671,34
"c60-h60","c55-h48",0.76935625910488,34
"c45-h60","c55-h48",0.783100912185508,34
"c50-h36","c55-h48",0.795459374073636,34
"c60-h48","c55-h48",0.854746913465511,34
"c50-h48","c55-h48",0.911708981482549,34
"c45-h24","c55-h48",0.625943320443844,34
"c60-h24","c55-h48",0.630662194626312,34
"c45-h36","c55-h48",0.758789987805087,34
"c60-h36","c55-h48",0.741283811289266,34
"c45-h48","c55-h48",0.871367145270118,34
"c55-h48","c55-h48",1,34
"c50-h24","c55-h48",0.66173853211425,34
"c55-h60","c50-h24",0.591128681994557,34
"c50-h60","c50-h24",0.643928708007523,34
"c55-h36","c50-h24",0.760709491908235,34
"c55-h24","c50-h24",0.915522116500346,34
"c60-h60","c50-h24",0.485629860214488,34
"c45-h60","c50-h24",0.618823225069874,34
"c50-h36","c50-h24",0.835119553291464,34
"c60-h48","c50-h24",0.542353104286443,34
"c50-h48","c50-h24",0.718302100024604,34
"c45-h24","c50-h24",0.96135785683874,34
"c60-h24","c50-h24",0.782258913723299,34
"c45-h36","c50-h24",0.800767144654362,34
"c60-h36","c50-h24",0.626660235711631,34
"c45-h48","c50-h24",0.69017840082446,34
"c55-h48","c50-h24",0.66173853211425,34
"c50-h24","c50-h24",1,34
"c60-h24","c60-h24",1,35
"c55-h36","c60-h24",0.689718703708465,35
"c50-h60","c60-h24",0.471862941960475,35
"c50-h36","c60-h24",0.633100508138196,35
"c55-h60","c60-h24",0.516902919386885,35
"c45-h60","c60-h24",0.445940359439082,35
"c60-h60","c60-h24",0.610841231996024,35
"c50-h48","c60-h24",0.52627946235201,35
"c45-h24","c60-h24",0.736976992907963,35
"c55-h24","c60-h24",0.840677081475402,35
"c45-h36","c60-h24",0.604065107087706,35
"c55-h48","c60-h24",0.58398629512236,35
"c45-h48","c60-h24",0.499927057669481,35
"c50-h24","c60-h24",0.767812576537736,35
"c60-h36","c60-h24",0.810789361319036,35
"c60-h48","c60-h24",0.691628873381465,35
"c60-h24","c55-h36",0.689718703708465,35
"c55-h36","c55-h36",1,35
"c50-h60","c55-h36",0.682964989274912,35
"c50-h36","c55-h36",0.908611304555067,35
"c55-h60","c55-h36",0.755338217831381,35
"c45-h60","c55-h36",0.645984896472527,35
"c60-h60","c55-h36",0.625240441008757,35
"c50-h48","c55-h36",0.76770747522391,35
"c45-h24","c55-h36",0.711794712637748,35
"c55-h24","c55-h36",0.817271772298668,35
"c45-h36","c55-h36",0.8639279781236,35
"c55-h48","c55-h36",0.854244452492631,35
"c45-h48","c55-h36",0.729196000141544,35
"c50-h24","c55-h36",0.745989535362269,35
"c60-h36","c55-h36",0.835411679707575,35
"c60-h48","c55-h36",0.712760166381527,35
"c60-h24","c50-h60",0.471862941960475,35
"c55-h36","c50-h60",0.682964989274912,35
"c50-h60","c50-h60",1,35
"c50-h36","c50-h60",0.757577326771576,35
"c55-h60","c50-h60",0.9075677593795,35
"c45-h60","c50-h60",0.946710944290495,35
"c60-h60","c50-h60",0.751309959714325,35
"c50-h48","c50-h60",0.895654678672536,35
"c45-h24","c50-h60",0.597209511925913,35
"c55-h24","c50-h60",0.564678199680384,35
"c45-h36","c50-h60",0.719386626538988,35
"c55-h48","c50-h60",0.814860602111674,35
"c45-h48","c50-h60",0.85279453433329,35
"c50-h24","c50-h60",0.626193234438617,35
"c60-h36","c50-h60",0.564742814900255,35
"c60-h48","c50-h60",0.675495126389843,35
"c60-h24","c50-h36",0.633100508138196,35
"c55-h36","c50-h36",0.908611304555067,35
"c50-h60","c50-h36",0.757577326771576,35
"c50-h36","c50-h36",1,35
"c55-h60","c50-h36",0.688082111583251,35
"c45-h60","c50-h36",0.714356873391727,35
"c60-h60","c50-h36",0.570854215355059,35
"c50-h48","c50-h36",0.854233739428614,35
"c45-h24","c50-h36",0.783840311910614,35
"c55-h24","c50-h36",0.748035560751374,35
"c45-h36","c50-h36",0.948399542609888,35
"c55-h48","c50-h36",0.784576614723371,35
"c45-h48","c50-h36",0.809453644786868,35
"c50-h24","c50-h36",0.82482466629956,35
"c60-h36","c50-h36",0.766302288561362,35
"c60-h48","c50-h36",0.655078957686546,35
"c60-h24","c55-h60",0.516902919386885,35
"c55-h36","c55-h60",0.755338217831381,35
"c50-h60","c55-h60",0.9075677593795,35
"c50-h36","c55-h60",0.688082111583251,35
"c55-h60","c55-h60",1,35
"c45-h60","c55-h60",0.860546505276365,35
"c60-h60","c55-h60",0.827671583120434,35
"c50-h48","c55-h60",0.810537772859239,35
"c45-h24","c55-h60",0.551212929121838,35
"c55-h24","c55-h60",0.62598587612544,35
"c45-h36","c55-h60",0.656074516484397,35
"c55-h48","c55-h60",0.892711257513164,35
"c45-h48","c55-h60",0.77256139748411,35
"c50-h24","c55-h60",0.574263568306617,35
"c60-h36","c55-h60",0.61563919774593,35
"c60-h48","c55-h60",0.737942645245568,35
"c60-h24","c45-h60",0.445940359439082,35
"c55-h36","c45-h60",0.645984896472527,35
"c50-h60","c45-h60",0.946710944290495,35
"c50-h36","c45-h60",0.714356873391727,35
"c55-h60","c45-h60",0.860546505276365,35
"c45-h60","c45-h60",1,35
"c60-h60","c45-h60",0.709189716453,35
"c50-h48","c45-h60",0.845217278262861,35
"c45-h24","c45-h60",0.629904393308104,35
"c55-h24","c45-h60",0.538448449014319,35
"c45-h36","c45-h60",0.758536043448218,35
"c55-h48","c45-h60",0.770056593502543,35
"c45-h48","c45-h60",0.897135646408175,35
"c50-h24","c45-h60",0.593932343475402,35
"c60-h36","c45-h60",0.529073992631432,35
"c60-h48","c45-h60",0.636194119672717,35
"c60-h24","c60-h60",0.610841231996024,35
"c55-h36","c60-h60",0.625240441008757,35
"c50-h60","c60-h60",0.751309959714325,35
"c50-h36","c60-h60",0.570854215355059,35
"c55-h60","c60-h60",0.827671583120434,35
"c45-h60","c60-h60",0.709189716453,35
"c60-h60","c60-h60",1,35
"c50-h48","c60-h60",0.670602927580371,35
"c45-h24","c60-h60",0.445642832628763,35
"c55-h24","c60-h60",0.501255048590278,35
"c45-h36","c60-h60",0.543438143184789,35
"c55-h48","c60-h60",0.741484867464892,35
"c45-h48","c60-h60",0.637866077786959,35
"c50-h24","c60-h60",0.462376876608002,35
"c60-h36","c60-h60",0.753474021522427,35
"c60-h48","c60-h60",0.894323374585905,35
"c60-h24","c50-h48",0.52627946235201,35
"c55-h36","c50-h48",0.76770747522391,35
"c50-h60","c50-h48",0.895654678672536,35
"c50-h36","c50-h48",0.854233739428614,35
"c55-h60","c50-h48",0.810537772859239,35
"c45-h60","c50-h48",0.845217278262861,35
"c60-h60","c50-h48",0.670602927580371,35
"c50-h48","c50-h48",1,35
"c45-h24","c50-h48",0.672349464095357,35
"c55-h24","c50-h48",0.630665221621918,35
"c45-h36","c50-h48",0.812360804038491,35
"c55-h48","c50-h48",0.91057670154755,35
"c45-h48","c50-h48",0.948370680122524,35
"c50-h24","c50-h48",0.702976457734165,35
"c60-h36","c50-h48",0.637513856275303,35
"c60-h48","c50-h48",0.75696793940856,35
"c60-h24","c45-h24",0.736976992907963,35
"c55-h36","c45-h24",0.711794712637748,35
"c50-h60","c45-h24",0.597209511925913,35
"c50-h36","c45-h24",0.783840311910614,35
"c55-h60","c45-h24",0.551212929121838,35
"c45-h60","c45-h24",0.629904393308104,35
"c60-h60","c45-h24",0.445642832628763,35
"c50-h48","c45-h24",0.672349464095357,35
"c45-h24","c45-h24",1,35
"c55-h24","c45-h24",0.870013053280001,35
"c45-h36","c45-h24",0.825492036904763,35
"c55-h48","c45-h24",0.624805657792639,35
"c45-h48","c45-h24",0.710817328221298,35
"c50-h24","c45-h24",0.951865003213669,35
"c60-h36","c45-h24",0.58924323519792,35
"c60-h48","c45-h24",0.515097706541535,35
"c60-h24","c55-h24",0.840677081475402,35
"c55-h36","c55-h24",0.817271772298668,35
"c50-h60","c55-h24",0.564678199680384,35
"c50-h36","c55-h24",0.748035560751374,35
"c55-h60","c55-h24",0.62598587612544,35
"c45-h60","c55-h24",0.538448449014319,35
"c60-h60","c55-h24",0.501255048590278,35
"c50-h48","c55-h24",0.630665221621918,35
"c45-h24","c55-h24",0.870013053280001,35
"c55-h24","c55-h24",1,35
"c45-h36","c55-h24",0.713951304013006,35
"c55-h48","c55-h24",0.702371643425716,35
"c45-h48","c55-h24",0.603182874402912,35
"c50-h24","c55-h24",0.909301059691728,35
"c60-h36","c55-h24",0.669623149279091,35
"c60-h48","c55-h24",0.573382578337497,35
"c60-h24","c45-h36",0.604065107087706,35
"c55-h36","c45-h36",0.8639279781236,35
"c50-h60","c45-h36",0.719386626538988,35
"c50-h36","c45-h36",0.948399542609888,35
"c55-h60","c45-h36",0.656074516484397,35
"c45-h60","c45-h36",0.758536043448218,35
"c60-h60","c45-h36",0.543438143184789,35
"c50-h48","c45-h36",0.812360804038491,35
"c45-h24","c45-h36",0.825492036904763,35
"c55-h24","c45-h36",0.713951304013006,35
"c45-h36","c45-h36",1,35
"c55-h48","c45-h36",0.749139116897233,35
"c45-h48","c45-h36",0.857580733622654,35
"c50-h24","c45-h36",0.784367155175948,35
"c60-h36","c45-h36",0.727352552552512,35
"c60-h48","c45-h36",0.627361476972922,35
"c60-h24","c55-h48",0.58398629512236,35
"c55-h36","c55-h48",0.854244452492631,35
"c50-h60","c55-h48",0.814860602111674,35
"c50-h36","c55-h48",0.784576614723371,35
"c55-h60","c55-h48",0.892711257513164,35
"c45-h60","c55-h48",0.770056593502543,35
"c60-h60","c55-h48",0.741484867464892,35
"c50-h48","c55-h48",0.91057670154755,35
"c45-h24","c55-h48",0.624805657792639,35
"c55-h24","c55-h48",0.702371643425716,35
"c45-h36","c55-h48",0.749139116897233,35
"c55-h48","c55-h48",1,35
"c45-h48","c55-h48",0.864898222146695,35
"c50-h24","c55-h48",0.648848197598782,35
"c60-h36","c55-h48",0.703752358039636,35
"c60-h48","c55-h48",0.832285221692727,35
"c60-h24","c45-h48",0.499927057669481,35
"c55-h36","c45-h48",0.729196000141544,35
"c50-h60","c45-h48",0.85279453433329,35
"c50-h36","c45-h48",0.809453644786868,35
"c55-h60","c45-h48",0.77256139748411,35
"c45-h60","c45-h48",0.897135646408175,35
"c60-h60","c45-h48",0.637866077786959,35
"c50-h48","c45-h48",0.948370680122524,35
"c45-h24","c45-h48",0.710817328221298,35
"c55-h24","c45-h48",0.603182874402912,35
"c45-h36","c45-h48",0.857580733622654,35
"c55-h48","c45-h48",0.864898222146695,35
"c45-h48","c45-h48",1,35
"c50-h24","c45-h48",0.670161409592902,35
"c60-h36","c45-h48",0.602910211494648,35
"c60-h48","c45-h48",0.719400612937961,35
"c60-h24","c50-h24",0.767812576537736,35
"c55-h36","c50-h24",0.745989535362269,35
"c50-h60","c50-h24",0.626193234438617,35
"c50-h36","c50-h24",0.82482466629956,35
"c55-h60","c50-h24",0.574263568306617,35
"c45-h60","c50-h24",0.593932343475402,35
"c60-h60","c50-h24",0.462376876608002,35
"c50-h48","c50-h24",0.702976457734165,35
"c45-h24","c50-h24",0.951865003213669,35
"c55-h24","c50-h24",0.909301059691728,35
"c45-h36","c50-h24",0.784367155175948,35
"c55-h48","c50-h24",0.648848197598782,35
"c45-h48","c50-h24",0.670161409592902,35
"c50-h24","c50-h24",1,35
"c60-h36","c50-h24",0.618769091337942,35
"c60-h48","c50-h24",0.531122251458417,35
"c60-h24","c60-h36",0.810789361319036,35
"c55-h36","c60-h36",0.835411679707575,35
"c50-h60","c60-h36",0.564742814900255,35
"c50-h36","c60-h36",0.766302288561362,35
"c55-h60","c60-h36",0.61563919774593,35
"c45-h60","c60-h36",0.529073992631432,35
"c60-h60","c60-h36",0.753474021522427,35
"c50-h48","c60-h36",0.637513856275303,35
"c45-h24","c60-h36",0.58924323519792,35
"c55-h24","c60-h36",0.669623149279091,35
"c45-h36","c60-h36",0.727352552552512,35
"c55-h48","c60-h36",0.703752358039636,35
"c45-h48","c60-h36",0.602910211494648,35
"c50-h24","c60-h36",0.618769091337942,35
"c60-h36","c60-h36",1,35
"c60-h48","c60-h36",0.851838308290687,35
"c60-h24","c60-h48",0.691628873381465,35
"c55-h36","c60-h48",0.712760166381527,35
"c50-h60","c60-h48",0.675495126389843,35
"c50-h36","c60-h48",0.655078957686546,35
"c55-h60","c60-h48",0.737942645245568,35
"c45-h60","c60-h48",0.636194119672717,35
"c60-h60","c60-h48",0.894323374585905,35
"c50-h48","c60-h48",0.75696793940856,35
"c45-h24","c60-h48",0.515097706541535,35
"c55-h24","c60-h48",0.573382578337497,35
"c45-h36","c60-h48",0.627361476972922,35
"c55-h48","c60-h48",0.832285221692727,35
"c45-h48","c60-h48",0.719400612937961,35
"c50-h24","c60-h48",0.531122251458417,35
"c60-h36","c60-h48",0.851838308290687,35
"c60-h48","c60-h48",1,35
"c55-h36","c55-h36",1,36
"c55-h60","c55-h36",0.768516636651447,36
"c50-h60","c55-h36",0.697813510704663,36
"c45-h36","c55-h36",0.867414933865289,36
"c50-h36","c55-h36",0.91183664304173,36
"c60-h24","c55-h36",0.692090592780777,36
"c60-h36","c55-h36",0.848049073039826,36
"c45-h60","c55-h36",0.659139690961844,36
"c45-h48","c55-h36",0.746323031593424,36
"c60-h60","c55-h36",0.639340206331116,36
"c55-h24","c55-h36",0.817427476044904,36
"c55-h48","c55-h36",0.869065497631899,36
"c60-h48","c55-h36",0.731757428715643,36
"c50-h24","c55-h36",0.745056759194897,36
"c45-h24","c55-h36",0.708471971323475,36
"c50-h48","c55-h36",0.79171888087924,36
"c55-h36","c55-h60",0.768516636651447,36
"c55-h60","c55-h60",1,36
"c50-h60","c55-h60",0.901656705873426,36
"c45-h36","c55-h60",0.665142620669868,36
"c50-h36","c55-h60",0.698729397486601,36
"c60-h24","c55-h60",0.508447351984953,36
"c60-h36","c55-h60",0.640641385584629,36
"c45-h60","c55-h60",0.858327633644465,36
"c45-h48","c55-h60",0.76367449451798,36
"c60-h60","c55-h60",0.836655064320756,36
"c55-h24","c55-h60",0.623060207704122,36
"c55-h48","c55-h60",0.888720603385513,36
"c60-h48","c55-h60",0.745058356362261,36
"c50-h24","c55-h60",0.565274948441668,36
"c45-h24","c55-h60",0.536861966175748,36
"c50-h48","c55-h60",0.802444448896651,36
"c55-h36","c50-h60",0.697813510704663,36
"c55-h60","c50-h60",0.901656705873426,36
"c50-h60","c50-h60",1,36
"c45-h36","c50-h60",0.736154091759606,36
"c50-h36","c50-h60",0.773824112061823,36
"c60-h24","c50-h60",0.460081720191756,36
"c60-h36","c50-h60",0.58142779708147,36
"c45-h60","c50-h60",0.95159489314901,36
"c45-h48","c50-h60",0.843697458745072,36
"c60-h60","c50-h60",0.753828737698113,36
"c55-h24","c50-h60",0.562886504016816,36
"c55-h48","c50-h60",0.796068098404055,36
"c60-h48","c50-h60",0.665114915330287,36
"c50-h24","c50-h60",0.627811912118478,36
"c45-h24","c50-h60",0.596297273901833,36
"c50-h48","c50-h60",0.88582848106948,36
"c55-h36","c45-h36",0.867414933865289,36
"c55-h60","c45-h36",0.665142620669868,36
"c50-h60","c45-h36",0.736154091759606,36
"c45-h36","c45-h36",1,36
"c50-h36","c45-h36",0.954846359496143,36
"c60-h24","c45-h36",0.597137900288758,36
"c60-h36","c45-h36",0.730810612735902,36
"c45-h60","c45-h36",0.770168064461276,36
"c45-h48","c45-h36",0.869926393522919,36
"c60-h60","c45-h36",0.546236520392539,36
"c55-h24","c45-h36",0.705694693345862,36
"c55-h48","c45-h36",0.751119803007023,36
"c60-h48","c45-h36",0.626856052177065,36
"c50-h24","c45-h36",0.779189069787294,36
"c45-h24","c45-h36",0.818496785113606,36
"c50-h48","c45-h36",0.831858520364587,36
"c55-h36","c50-h36",0.91183664304173,36
"c55-h60","c50-h36",0.698729397486601,36
"c50-h60","c50-h36",0.773824112061823,36
"c45-h36","c50-h36",0.954846359496143,36
"c50-h36","c50-h36",1,36
"c60-h24","c50-h36",0.634129961029541,36
"c60-h36","c50-h36",0.773353540805529,36
"c45-h60","c50-h36",0.735397281981708,36
"c45-h48","c50-h36",0.830495856105765,36
"c60-h60","c50-h36",0.579071374572494,36
"c55-h24","c50-h36",0.744913986139807,36
"c55-h48","c50-h36",0.790152416677289,36
"c60-h48","c50-h36",0.663123991278191,36
"c50-h24","c50-h36",0.818765932228516,36
"c45-h24","c50-h36",0.782382132243156,36
"c50-h48","c50-h36",0.874507325807212,36
"c55-h36","c60-h24",0.692090592780777,36
"c55-h60","c60-h24",0.508447351984953,36
"c50-h60","c60-h24",0.460081720191756,36
"c45-h36","c60-h24",0.597137900288758,36
"c50-h36","c60-h24",0.634129961029541,36
"c60-h24","c60-h24",1,36
"c60-h36","c60-h24",0.821045391222172,36
"c45-h60","c60-h24",0.431990126093094,36
"c45-h48","c60-h24",0.489726697647111,36
"c60-h60","c60-h24",0.608150140844091,36
"c55-h24","c60-h24",0.852159493151306,36
"c55-h48","c60-h24",0.57467288713553,36
"c60-h48","c60-h24",0.687710411894388,36
"c50-h24","c60-h24",0.780735975207985,36
"c45-h24","c60-h24",0.741222895983081,36
"c50-h48","c60-h24",0.528513849853867,36
"c55-h36","c60-h36",0.848049073039826,36
"c55-h60","c60-h36",0.640641385584629,36
"c50-h60","c60-h36",0.58142779708147,36
"c45-h36","c60-h36",0.730810612735902,36
"c50-h36","c60-h36",0.773353540805529,36
"c60-h24","c60-h36",0.821045391222172,36
"c60-h36","c60-h36",1,36
"c45-h60","c60-h36",0.543330255307584,36
"c45-h48","c60-h36",0.617543114161767,36
"c60-h60","c60-h36",0.75889393177573,36
"c55-h24","c60-h36",0.700887851118984,36
"c55-h48","c60-h36",0.72376687960229,36
"c60-h48","c60-h36",0.85948247123216,36
"c50-h24","c60-h36",0.641495842264248,36
"c45-h24","c60-h36",0.607064873523047,36
"c50-h48","c60-h36",0.661276517114414,36
"c55-h36","c45-h60",0.659139690961844,36
"c55-h60","c45-h60",0.858327633644465,36
"c50-h60","c45-h60",0.95159489314901,36
"c45-h36","c45-h60",0.770168064461276,36
"c50-h36","c45-h60",0.735397281981708,36
"c60-h24","c45-h60",0.431990126093094,36
"c60-h36","c45-h60",0.543330255307584,36
"c45-h60","c45-h60",1,36
"c45-h48","c45-h60",0.88712596198647,36
"c60-h60","c45-h60",0.708866248753175,36
"c55-h24","c45-h60",0.533300435214628,36
"c55-h48","c45-h60",0.755535233320028,36
"c60-h48","c45-h60",0.623604910241612,36
"c50-h24","c45-h60",0.598062776493694,36
"c45-h24","c45-h60",0.627518427519869,36
"c50-h48","c45-h60",0.842828297501173,36
"c55-h36","c45-h48",0.746323031593424,36
"c55-h60","c45-h48",0.76367449451798,36
"c50-h60","c45-h48",0.843697458745072,36
"c45-h36","c45-h48",0.869926393522919,36
"c50-h36","c45-h48",0.830495856105765,36
"c60-h24","c45-h48",0.489726697647111,36
"c60-h36","c45-h48",0.617543114161767,36
"c45-h60","c45-h48",0.88712596198647,36
"c45-h48","c45-h48",1,36
"c60-h60","c45-h48",0.62760128858518,36
"c55-h24","c45-h48",0.599146340114517,36
"c55-h48","c45-h48",0.855774869301961,36
"c60-h48","c45-h48",0.711080431702223,36
"c50-h24","c45-h48",0.668107661351201,36
"c45-h24","c45-h48",0.702752491846986,36
"c50-h48","c45-h48",0.951018226283576,36
"c55-h36","c60-h60",0.639340206331116,36
"c55-h60","c60-h60",0.836655064320756,36
"c50-h60","c60-h60",0.753828737698113,36
"c45-h36","c60-h60",0.546236520392539,36
"c50-h36","c60-h60",0.579071374572494,36
"c60-h24","c60-h60",0.608150140844091,36
"c60-h36","c60-h60",0.75889393177573,36
"c45-h60","c60-h60",0.708866248753175,36
"c45-h48","c60-h60",0.62760128858518,36
"c60-h60","c60-h60",1,36
"c55-h24","c60-h60",0.519348362511348,36
"c55-h48","c60-h60",0.735655068962268,36
"c60-h48","c60-h60",0.884895776809229,36
"c50-h24","c60-h60",0.471899478495151,36
"c45-h24","c60-h60",0.4461662803987,36
"c50-h48","c60-h60",0.666739853508404,36
"c55-h36","c55-h24",0.817427476044904,36
"c55-h60","c55-h24",0.623060207704122,36
"c50-h60","c55-h24",0.562886504016816,36
"c45-h36","c55-h24",0.705694693345862,36
"c50-h36","c55-h24",0.744913986139807,36
"c60-h24","c55-h24",0.852159493151306,36
"c60-h36","c55-h24",0.700887851118984,36
"c45-h60","c55-h24",0.533300435214628,36
"c45-h48","c55-h24",0.599146340114517,36
"c60-h60","c55-h24",0.519348362511348,36
"c55-h24","c55-h24",1,36
"c55-h48","c55-h24",0.699492060053133,36
"c60-h48","c55-h24",0.590446885186875,36
"c50-h24","c55-h24",0.910202200165153,36
"c45-h24","c55-h24",0.864410648488017,36
"c50-h48","c55-h24",0.639581735141546,36
"c55-h36","c55-h48",0.869065497631899,36
"c55-h60","c55-h48",0.888720603385513,36
"c50-h60","c55-h48",0.796068098404055,36
"c45-h36","c55-h48",0.751119803007023,36
"c50-h36","c55-h48",0.790152416677289,36
"c60-h24","c55-h48",0.57467288713553,36
"c60-h36","c55-h48",0.72376687960229,36
"c45-h60","c55-h48",0.755535233320028,36
"c45-h48","c55-h48",0.855774869301961,36
"c60-h60","c55-h48",0.735655068962268,36
"c55-h24","c55-h48",0.699492060053133,36
"c55-h48","c55-h48",1,36
"c60-h48","c55-h48",0.837398691053734,36
"c50-h24","c55-h48",0.632705392085692,36
"c45-h24","c55-h48",0.60022772490184,36
"c50-h48","c55-h48",0.902514547215662,36
"c55-h36","c60-h48",0.731757428715643,36
"c55-h60","c60-h48",0.745058356362261,36
"c50-h60","c60-h48",0.665114915330287,36
"c45-h36","c60-h48",0.626856052177065,36
"c50-h36","c60-h48",0.663123991278191,36
"c60-h24","c60-h48",0.687710411894388,36
"c60-h36","c60-h48",0.85948247123216,36
"c45-h60","c60-h48",0.623604910241612,36
"c45-h48","c60-h48",0.711080431702223,36
"c60-h60","c60-h48",0.884895776809229,36
"c55-h24","c60-h48",0.590446885186875,36
"c55-h48","c60-h48",0.837398691053734,36
"c60-h48","c60-h48",1,36
"c50-h24","c60-h48",0.534003973362358,36
"c45-h24","c60-h48",0.504576402048328,36
"c50-h48","c60-h48",0.755792276346447,36
"c55-h36","c50-h24",0.745056759194897,36
"c55-h60","c50-h24",0.565274948441668,36
"c50-h60","c50-h24",0.627811912118478,36
"c45-h36","c50-h24",0.779189069787294,36
"c50-h36","c50-h24",0.818765932228516,36
"c60-h24","c50-h24",0.780735975207985,36
"c60-h36","c50-h24",0.641495842264248,36
"c45-h60","c50-h24",0.598062776493694,36
"c45-h48","c50-h24",0.668107661351201,36
"c60-h60","c50-h24",0.471899478495151,36
"c55-h24","c50-h24",0.910202200165153,36
"c55-h48","c50-h24",0.632705392085692,36
"c60-h48","c50-h24",0.534003973362358,36
"c50-h24","c50-h24",1,36
"c45-h24","c50-h24",0.953235269228201,36
"c50-h48","c50-h24",0.707675841730998,36
"c55-h36","c45-h24",0.708471971323475,36
"c55-h60","c45-h24",0.536861966175748,36
"c50-h60","c45-h24",0.596297273901833,36
"c45-h36","c45-h24",0.818496785113606,36
"c50-h36","c45-h24",0.782382132243156,36
"c60-h24","c45-h24",0.741222895983081,36
"c60-h36","c45-h24",0.607064873523047,36
"c45-h60","c45-h24",0.627518427519869,36
"c45-h48","c45-h24",0.702752491846986,36
"c60-h60","c45-h24",0.4461662803987,36
"c55-h24","c45-h24",0.864410648488017,36
"c55-h48","c45-h24",0.60022772490184,36
"c60-h48","c45-h24",0.504576402048328,36
"c50-h24","c45-h24",0.953235269228201,36
"c45-h24","c45-h24",1,36
"c50-h48","c45-h24",0.673005994248838,36
"c55-h36","c50-h48",0.79171888087924,36
"c55-h60","c50-h48",0.802444448896651,36
"c50-h60","c50-h48",0.88582848106948,36
"c45-h36","c50-h48",0.831858520364587,36
"c50-h36","c50-h48",0.874507325807212,36
"c60-h24","c50-h48",0.528513849853867,36
"c60-h36","c50-h48",0.661276517114414,36
"c45-h60","c50-h48",0.842828297501173,36
"c45-h48","c50-h48",0.951018226283576,36
"c60-h60","c50-h48",0.666739853508404,36
"c55-h24","c50-h48",0.639581735141546,36
"c55-h48","c50-h48",0.902514547215662,36
"c60-h48","c50-h48",0.755792276346447,36
"c50-h24","c50-h48",0.707675841730998,36
"c45-h24","c50-h48",0.673005994248838,36
"c50-h48","c50-h48",1,36
