"truth_scenario","n","event_target","effect","candidate","c","h","score_key","lambda","expected_eligible","expected_treated","expected_control","expected_events","distance_from_70","population_r2","diagnostic_draws","scenario","K","analysis_scenario"
1,4000,35,"null","c50-h36",50,36,"higher",0.00030927963450513,NA,1366.00203752654,1435.84196247347,43.3155780335248,-26.6844219664752,0.00436578709361819,2000000,1,4,1
1,4000,35,"null","c50-h60",50,60,"higher",0.00030927963450513,NA,1366.00203752654,1435.84196247347,71.7042962253707,1.70429622537073,0.00721149193448875,2000000,1,4,1
1,4000,35,"null","c55-h36",55,36,"higher",0.00030927963450513,NA,1057.62194763893,942.64805236108,35.0116540231407,-34.9883459768593,0.00424492769146035,2000000,1,4,1
1,4000,35,"null","c55-h60",55,60,"higher",0.00030927963450513,NA,1057.62194763893,942.64805236108,57.9219283648,-12.0780716352,0.00701028539793882,2000000,1,4,1
1,4000,35,"null","c50-h36",50,36,"reduced",0.00030927963450513,NA,1366.00203752654,1435.84196247347,43.3155780335248,-26.6844219664752,0.0022003637441286,2000000,1,4,2
1,4000,35,"null","c50-h60",50,60,"reduced",0.00030927963450513,NA,1366.00203752654,1435.84196247347,71.7042962253707,1.70429622537073,0.00363076108623184,2000000,1,4,2
1,4000,35,"null","c55-h36",55,36,"reduced",0.00030927963450513,NA,1057.62194763893,942.64805236108,35.0116540231407,-34.9883459768593,0.00184562722501953,2000000,1,4,2
1,4000,35,"null","c55-h60",55,60,"reduced",0.00030927963450513,NA,1057.62194763893,942.64805236108,57.9219283648,-12.0780716352,0.0030435556517993,2000000,1,4,2
2,8000,35,"null","c50-h36",50,36,"higher",0.000153775122859788,NA,2732.00407505307,2871.68392494694,43.2953478856222,-26.7046521143778,0.00218540767063121,2000000,2,4,3
2,8000,35,"null","c50-h60",50,60,"higher",0.000153775122859788,NA,2732.00407505307,2871.68392494694,71.9146541080212,1.91465410802115,0.00362615027999467,2000000,2,4,3
2,8000,35,"null","c55-h36",55,36,"higher",0.000153775122859788,NA,2115.24389527785,1885.29610472216,35.0118305639458,-34.9881694360542,0.00212526133931118,2000000,2,4,3
2,8000,35,"null","c55-h60",55,60,"higher",0.000153775122859788,NA,2115.24389527785,1885.29610472216,58.1374123226874,-11.8625876773126,0.00352596692262785,2000000,2,4,3
2,8000,35,"null","c50-h36",50,36,"reduced",0.000153775122859788,NA,2732.00407505307,2871.68392494694,43.2953478856222,-26.7046521143778,0.00110233158142341,2000000,2,4,4
2,8000,35,"null","c50-h60",50,60,"reduced",0.000153775122859788,NA,2732.00407505307,2871.68392494694,71.9146541080212,1.91465410802115,0.00182808389927901,2000000,2,4,4
2,8000,35,"null","c55-h36",55,36,"reduced",0.000153775122859788,NA,2115.24389527785,1885.29610472216,35.0118305639458,-34.9881694360542,0.000925042583171992,2000000,2,4,4
2,8000,35,"null","c55-h60",55,60,"reduced",0.000153775122859788,NA,2115.24389527785,1885.29610472216,58.1374123226874,-11.8625876773126,0.00153360610113739,2000000,2,4,4
3,4000,70,"null","c50-h36",50,36,"higher",0.000625616841839842,NA,1366.00203752654,1435.84196247347,86.7130541777543,16.7130541777543,0.00871083880815358,2000000,3,4,5
3,4000,70,"null","c50-h60",50,60,"higher",0.000625616841839842,NA,1366.00203752654,1435.84196247347,142.569840599001,72.569840599001,0.0142585035855861,2000000,3,4,5
3,4000,70,"null","c55-h36",55,36,"higher",0.000625616841839842,NA,1057.62194763893,942.64805236108,70.0226084503385,0.0226084503384811,0.0084667733908582,2000000,3,4,5
3,4000,70,"null","c55-h60",55,60,"higher",0.000625616841839842,NA,1057.62194763893,942.64805236108,114.984602920403,44.9846029204031,0.0138525023582738,2000000,3,4,5
3,4000,70,"null","c50-h36",50,36,"reduced",0.000625616841839842,NA,1366.00203752654,1435.84196247347,86.7130541777543,16.7130541777543,0.00438316665344911,2000000,3,4,6
3,4000,70,"null","c50-h60",50,60,"reduced",0.000625616841839842,NA,1366.00203752654,1435.84196247347,142.569840599001,72.569840599001,0.00715948051062024,2000000,3,4,6
3,4000,70,"null","c55-h36",55,36,"reduced",0.000625616841839842,NA,1057.62194763893,942.64805236108,70.0226084503385,0.0226084503384811,0.00367306931135887,2000000,3,4,6
3,4000,70,"null","c55-h60",55,60,"reduced",0.000625616841839842,NA,1057.62194763893,942.64805236108,114.984602920403,44.9846029204031,0.00599212762991633,2000000,3,4,6
4,8000,70,"null","c50-h36",50,36,"higher",0.00030927963450513,NA,2732.00407505307,2871.68392494694,86.6311560670496,16.6311560670496,0.00436578709361819,2000000,4,4,7
4,8000,70,"null","c50-h60",50,60,"higher",0.00030927963450513,NA,2732.00407505307,2871.68392494694,143.408592450741,73.4085924507415,0.00721149193448875,2000000,4,4,7
4,8000,70,"null","c55-h36",55,36,"higher",0.00030927963450513,NA,2115.24389527785,1885.29610472216,70.0233080462814,0.0233080462814002,0.00424492769146035,2000000,4,4,7
4,8000,70,"null","c55-h60",55,60,"higher",0.00030927963450513,NA,2115.24389527785,1885.29610472216,115.8438567296,45.8438567296001,0.00701028539793882,2000000,4,4,7
4,8000,70,"null","c50-h36",50,36,"reduced",0.00030927963450513,NA,2732.00407505307,2871.68392494694,86.6311560670496,16.6311560670496,0.0022003637441286,2000000,4,4,8
4,8000,70,"null","c50-h60",50,60,"reduced",0.00030927963450513,NA,2732.00407505307,2871.68392494694,143.408592450741,73.4085924507415,0.00363076108623184,2000000,4,4,8
4,8000,70,"null","c55-h36",55,36,"reduced",0.00030927963450513,NA,2115.24389527785,1885.29610472216,70.0233080462814,0.0233080462814002,0.00184562722501953,2000000,4,4,8
4,8000,70,"null","c55-h60",55,60,"reduced",0.00030927963450513,NA,2115.24389527785,1885.29610472216,115.8438567296,45.8438567296001,0.0030435556517993,2000000,4,4,8
5,4000,140,"null","c50-h36",50,36,"higher",0.00128064302305361,NA,1366.00203752654,1435.84196247347,173.761797086952,103.761797086952,0.0173335128530038,2000000,5,4,9
5,4000,140,"null","c50-h60",50,60,"higher",0.00128064302305361,NA,1366.00203752654,1435.84196247347,281.805774208146,211.805774208146,0.0278488753214845,2000000,5,4,9
5,4000,140,"null","c55-h36",55,36,"higher",0.00128064302305361,NA,1057.62194763893,942.64805236108,140.042472650252,70.0424726502517,0.0168353265499884,2000000,5,4,9
5,4000,140,"null","c55-h60",55,60,"higher",0.00128064302305361,NA,1057.62194763893,942.64805236108,226.553330916337,156.553330916337,0.0270206652855262,2000000,5,4,9
5,4000,140,"null","c50-h36",50,36,"reduced",0.00128064302305361,NA,1366.00203752654,1435.84196247347,173.761797086952,103.761797086952,0.00869306522225134,2000000,5,4,10
5,4000,140,"null","c50-h60",50,60,"reduced",0.00128064302305361,NA,1366.00203752654,1435.84196247347,281.805774208146,211.805774208146,0.0139074480714937,2000000,5,4,10
5,4000,140,"null","c55-h36",55,36,"reduced",0.00128064302305361,NA,1057.62194763893,942.64805236108,140.042472650252,70.0424726502517,0.00727046026611717,2000000,5,4,10
5,4000,140,"null","c55-h60",55,60,"reduced",0.00128064302305361,NA,1057.62194763893,942.64805236108,226.553330916337,156.553330916337,0.0116014654224828,2000000,5,4,10
6,8000,140,"null","c50-h36",50,36,"higher",0.000625616841839842,NA,2732.00407505307,2871.68392494694,173.426108355509,103.426108355509,0.00871083880815358,2000000,6,4,11
6,8000,140,"null","c50-h60",50,60,"higher",0.000625616841839842,NA,2732.00407505307,2871.68392494694,285.139681198002,215.139681198002,0.0142585035855861,2000000,6,4,11
6,8000,140,"null","c55-h36",55,36,"higher",0.000625616841839842,NA,2115.24389527785,1885.29610472216,140.045216900677,70.045216900677,0.0084667733908582,2000000,6,4,11
6,8000,140,"null","c55-h60",55,60,"higher",0.000625616841839842,NA,2115.24389527785,1885.29610472216,229.969205840806,159.969205840806,0.0138525023582738,2000000,6,4,11
6,8000,140,"null","c50-h36",50,36,"reduced",0.000625616841839842,NA,2732.00407505307,2871.68392494694,173.426108355509,103.426108355509,0.00438316665344911,2000000,6,4,12
6,8000,140,"null","c50-h60",50,60,"reduced",0.000625616841839842,NA,2732.00407505307,2871.68392494694,285.139681198002,215.139681198002,0.00715948051062024,2000000,6,4,12
6,8000,140,"null","c55-h36",55,36,"reduced",0.000625616841839842,NA,2115.24389527785,1885.29610472216,140.045216900677,70.045216900677,0.00367306931135887,2000000,6,4,12
6,8000,140,"null","c55-h60",55,60,"reduced",0.000625616841839842,NA,2115.24389527785,1885.29610472216,229.969205840806,159.969205840806,0.00599212762991633,2000000,6,4,12
1,4000,35,"null","c45-h24",45,24,"higher",0.00030927963450513,NA,1565.69749885881,1865.86650114116,32.366035672989,-37.633964327011,0.00303572140605006,2000000,7,16,13
1,4000,35,"null","c45-h36",45,36,"higher",0.00030927963450513,NA,1565.69749885881,1865.86650114116,48.393017012046,-21.606982987954,0.0045337821398013,2000000,7,16,13
1,4000,35,"null","c45-h48",45,48,"higher",0.00030927963450513,NA,1565.69749885881,1865.86650114116,64.3171353335268,-5.68286466647321,0.00601878278823133,2000000,7,16,13
1,4000,35,"null","c45-h60",45,60,"higher",0.00030927963450513,NA,1565.69749885881,1865.86650114116,80.1392503667277,10.1392503667277,0.00749082718803319,2000000,7,16,13
1,4000,35,"null","c50-h24",50,24,"higher",0.00030927963450513,NA,1366.00203752654,1435.84196247347,28.9755662309586,-41.0244337690414,0.00292359206460526,2000000,7,16,13
1,4000,35,"null","c50-h36",50,36,"higher",0.00030927963450513,NA,1366.00203752654,1435.84196247347,43.3155780335248,-26.6844219664752,0.00436578709361819,2000000,7,16,13
1,4000,35,"null","c50-h48",50,48,"higher",0.00030927963450513,NA,1366.00203752654,1435.84196247347,57.55820852063,-12.44179147937,0.00579505287780681,2000000,7,16,13
1,4000,35,"null","c50-h60",50,60,"higher",0.00030927963450513,NA,1366.00203752654,1435.84196247347,71.7042962253707,1.70429622537073,0.00721149193448875,2000000,7,16,13
1,4000,35,"null","c55-h24",55,24,"higher",0.00030927963450513,NA,1057.62194763893,942.64805236108,23.4280590424402,-46.5719409575597,0.00284297114395641,2000000,7,16,13
1,4000,35,"null","c55-h36",55,36,"higher",0.00030927963450513,NA,1057.62194763893,942.64805236108,35.0116540231407,-34.9883459768593,0.00424492769146035,2000000,7,16,13
1,4000,35,"null","c55-h48",55,48,"higher",0.00030927963450513,NA,1057.62194763893,942.64805236108,46.5093497627415,-23.4906502372585,0.00563399918876302,2000000,7,16,13
1,4000,35,"null","c55-h60",55,60,"higher",0.00030927963450513,NA,1057.62194763893,942.64805236108,57.9219283648,-12.0780716352,0.00701028539793882,2000000,7,16,13
1,4000,35,"null","c60-h24",60,24,"higher",0.00030927963450513,NA,691.75501667064,507.844983329379,16.3050401209816,-53.6949598790184,0.00281662508450902,2000000,7,16,13
1,4000,35,"null","c60-h36",60,36,"higher",0.00030927963450513,NA,691.75501667064,507.844983329379,24.3556277255763,-45.6443722744237,0.0042049886434845,2000000,7,16,13
1,4000,35,"null","c60-h48",60,48,"higher",0.00030927963450513,NA,691.75501667064,507.844983329379,32.3391593195249,-37.6608406804751,0.00558018470317209,2000000,7,16,13
1,4000,35,"null","c60-h60",60,60,"higher",0.00030927963450513,NA,691.75501667064,507.844983329379,40.2562994403133,-29.7437005596867,0.00694231129269483,2000000,7,16,13
1,4000,35,"null","c45-h24",45,24,"reduced",0.00030927963450513,NA,1565.69749885881,1865.86650114116,32.366035672989,-37.633964327011,0.00169423298997293,2000000,7,16,14
1,4000,35,"null","c45-h36",45,36,"reduced",0.00030927963450513,NA,1565.69749885881,1865.86650114116,48.393017012046,-21.606982987954,0.00252946578995735,2000000,7,16,14
1,4000,35,"null","c45-h48",45,48,"reduced",0.00030927963450513,NA,1565.69749885881,1865.86650114116,64.3171353335268,-5.68286466647321,0.00335686694983884,2000000,7,16,14
1,4000,35,"null","c45-h60",45,60,"reduced",0.00030927963450513,NA,1565.69749885881,1865.86650114116,80.1392503667277,10.1392503667277,0.00417650383885276,2000000,7,16,14
1,4000,35,"null","c50-h24",50,24,"reduced",0.00030927963450513,NA,1366.00203752654,1435.84196247347,28.9755662309586,-41.0244337690414,0.00147427732011619,2000000,7,16,14
1,4000,35,"null","c50-h36",50,36,"reduced",0.00030927963450513,NA,1366.00203752654,1435.84196247347,43.3155780335248,-26.6844219664752,0.0022003637441286,2000000,7,16,14
1,4000,35,"null","c50-h48",50,48,"reduced",0.00030927963450513,NA,1366.00203752654,1435.84196247347,57.55820852063,-12.44179147937,0.0029191699327536,2000000,7,16,14
1,4000,35,"null","c50-h60",50,60,"reduced",0.00030927963450513,NA,1366.00203752654,1435.84196247347,71.7042962253707,1.70429622537073,0.00363076108623184,2000000,7,16,14
1,4000,35,"null","c55-h24",55,24,"reduced",0.00030927963450513,NA,1057.62194763893,942.64805236108,23.4280590424402,-46.5719409575597,0.00123697613352058,2000000,7,16,14
1,4000,35,"null","c55-h36",55,36,"reduced",0.00030927963450513,NA,1057.62194763893,942.64805236108,35.0116540231407,-34.9883459768593,0.00184562722501953,2000000,7,16,14
1,4000,35,"null","c55-h48",55,48,"reduced",0.00030927963450513,NA,1057.62194763893,942.64805236108,46.5093497627415,-23.4906502372585,0.00244780056489278,2000000,7,16,14
1,4000,35,"null","c55-h60",55,60,"reduced",0.00030927963450513,NA,1057.62194763893,942.64805236108,57.9219283648,-12.0780716352,0.0030435556517993,2000000,7,16,14
1,4000,35,"null","c60-h24",60,24,"reduced",0.00030927963450513,NA,691.75501667064,507.844983329379,16.3050401209816,-53.6949598790184,0.00100985235548571,2000000,7,16,14
1,4000,35,"null","c60-h36",60,36,"reduced",0.00030927963450513,NA,691.75501667064,507.844983329379,24.3556277255763,-45.6443722744237,0.00150631750390257,2000000,7,16,14
1,4000,35,"null","c60-h48",60,48,"reduced",0.00030927963450513,NA,691.75501667064,507.844983329379,32.3391593195249,-37.6608406804751,0.0019972112491607,2000000,7,16,14
1,4000,35,"null","c60-h60",60,60,"reduced",0.00030927963450513,NA,691.75501667064,507.844983329379,40.2562994403133,-29.7437005596867,0.00248258499670504,2000000,7,16,14
2,8000,35,"null","c45-h24",45,24,"higher",0.000153775122859788,NA,3131.39499771763,3731.73300228231,32.2896634827113,-37.7103365172887,0.00151600840406413,2000000,8,16,15
2,8000,35,"null","c45-h36",45,36,"higher",0.000153775122859788,NA,3131.39499771763,3731.73300228231,48.3568010544837,-21.6431989455163,0.00226908498842305,2000000,8,16,15
2,8000,35,"null","c45-h48",45,48,"higher",0.000153775122859788,NA,3131.39499771763,3731.73300228231,64.3724313778777,-5.62756862212228,0.00301889385152874,2000000,8,16,15
2,8000,35,"null","c45-h60",45,60,"higher",0.000153775122859788,NA,3131.39499771763,3731.73300228231,80.3367697015078,10.3367697015078,0.00376544794422601,2000000,8,16,15
2,8000,35,"null","c50-h24",50,24,"higher",0.000153775122859788,NA,2732.00407505307,2871.68392494694,28.912628168748,-41.087371831252,0.00146019044952863,2000000,8,16,15
2,8000,35,"null","c50-h36",50,36,"higher",0.000153775122859788,NA,2732.00407505307,2871.68392494694,43.2953478856222,-26.7046521143778,0.00218540767063121,2000000,8,16,15
2,8000,35,"null","c50-h48",50,48,"higher",0.000153775122859788,NA,2732.00407505307,2871.68392494694,57.6292865331842,-12.3707134668158,0.00290739001981597,2000000,8,16,15
2,8000,35,"null","c50-h60",50,60,"higher",0.000153775122859788,NA,2732.00407505307,2871.68392494694,71.9146541080212,1.91465410802115,0.00362615027999467,2000000,8,16,15
2,8000,35,"null","c55-h24",55,24,"higher",0.000153775122859788,NA,2115.24389527785,1885.29610472216,23.3845451536777,-46.6154548463223,0.00142008043132832,2000000,8,16,15
2,8000,35,"null","c55-h36",55,36,"higher",0.000153775122859788,NA,2115.24389527785,1885.29610472216,35.0118305639458,-34.9881694360542,0.00212526133931118,2000000,8,16,15
2,8000,35,"null","c55-h48",55,48,"higher",0.000153775122859788,NA,2115.24389527785,1885.29610472216,46.5960542917211,-23.4039457082789,0.00282721936009062,2000000,8,16,15
2,8000,35,"null","c55-h60",55,60,"higher",0.000153775122859788,NA,2115.24389527785,1885.29610472216,58.1374123226874,-11.8625876773126,0.00352596692262785,2000000,8,16,15
2,8000,35,"null","c60-h24",60,24,"higher",0.000153775122859788,NA,1383.51003334128,1015.68996665876,16.2822752635315,-53.7177247364685,0.00140712039649485,2000000,8,16,15
2,8000,35,"null","c60-h36",60,36,"higher",0.000153775122859788,NA,1383.51003334128,1015.68996665876,24.3725919991575,-45.6274080008425,0.00210571807136826,2000000,8,16,15
2,8000,35,"null","c60-h48",60,48,"higher",0.000153775122859788,NA,1383.51003334128,1015.68996665876,32.4292520374333,-37.5707479625667,0.00280102372540654,2000000,8,16,15
2,8000,35,"null","c60-h60",60,60,"higher",0.000153775122859788,NA,1383.51003334128,1015.68996665876,40.4524220978927,-29.5475779021073,0.00349304955297955,2000000,8,16,15
2,8000,35,"null","c45-h24",45,24,"reduced",0.000153775122859788,NA,3131.39499771763,3731.73300228231,32.2896634827113,-37.7103365172887,0.00084636372925843,2000000,8,16,16
2,8000,35,"null","c45-h36",45,36,"reduced",0.000153775122859788,NA,3131.39499771763,3731.73300228231,48.3568010544837,-21.6431989455163,0.00126658647998218,2000000,8,16,16
2,8000,35,"null","c45-h48",45,48,"reduced",0.000153775122859788,NA,3131.39499771763,3731.73300228231,64.3724313778777,-5.62756862212228,0.00168484776354857,2000000,8,16,16
2,8000,35,"null","c45-h60",45,60,"reduced",0.000153775122859788,NA,3131.39499771763,3731.73300228231,80.3367697015078,10.3367697015078,0.00210115599024907,2000000,8,16,16
2,8000,35,"null","c50-h24",50,24,"reduced",0.000153775122859788,NA,2732.00407505307,2871.68392494694,28.912628168748,-41.087371831252,0.000736722980754472,2000000,8,16,16
2,8000,35,"null","c50-h36",50,36,"reduced",0.000153775122859788,NA,2732.00407505307,2871.68392494694,43.2953478856222,-26.7046521143778,0.00110233158142341,2000000,8,16,16
2,8000,35,"null","c50-h48",50,48,"reduced",0.000153775122859788,NA,2732.00407505307,2871.68392494694,57.6292865331842,-12.3707134668158,0.00146611584010193,2000000,8,16,16
2,8000,35,"null","c50-h60",50,60,"reduced",0.000153775122859788,NA,2732.00407505307,2871.68392494694,71.9146541080212,1.91465410802115,0.00182808389927901,2000000,8,16,16
2,8000,35,"null","c55-h24",55,24,"reduced",0.000153775122859788,NA,2115.24389527785,1885.29610472216,23.3845451536777,-46.6154548463223,0.000618328826612353,2000000,8,16,16
2,8000,35,"null","c55-h36",55,36,"reduced",0.000153775122859788,NA,2115.24389527785,1885.29610472216,35.0118305639458,-34.9881694360542,0.000925042583171992,2000000,8,16,16
2,8000,35,"null","c55-h48",55,48,"reduced",0.000153775122859788,NA,2115.24389527785,1885.29610472216,46.5960542917211,-23.4039457082789,0.00123013253126507,2000000,8,16,16
2,8000,35,"null","c55-h60",55,60,"reduced",0.000153775122859788,NA,2115.24389527785,1885.29610472216,58.1374123226874,-11.8625876773126,0.00153360610113739,2000000,8,16,16
2,8000,35,"null","c60-h24",60,24,"reduced",0.000153775122859788,NA,1383.51003334128,1015.68996665876,16.2822752635315,-53.7177247364685,0.000504940534768904,2000000,8,16,16
2,8000,35,"null","c60-h36",60,36,"reduced",0.000153775122859788,NA,1383.51003334128,1015.68996665876,24.3725919991575,-45.6274080008425,0.000755302872060773,2000000,8,16,16
2,8000,35,"null","c60-h48",60,48,"reduced",0.000153775122859788,NA,1383.51003334128,1015.68996665876,32.4292520374333,-37.5707479625667,0.00100426852176778,2000000,8,16,16
2,8000,35,"null","c60-h60",60,60,"reduced",0.000153775122859788,NA,1383.51003334128,1015.68996665876,40.4524220978927,-29.5475779021073,0.00125184389883505,2000000,8,16,16
3,4000,70,"null","c45-h24",45,24,"higher",0.000625616841839842,NA,1565.69749885881,1865.86650114116,65.0414523146524,-4.95854768534763,0.00608624647652412,2000000,9,16,17
3,4000,70,"null","c45-h36",45,36,"higher",0.000625616841839842,NA,1565.69749885881,1865.86650114116,96.9327632371415,26.9327632371415,0.00904944438133556,2000000,9,16,17
3,4000,70,"null","c45-h48",45,48,"higher",0.000625616841839842,NA,1565.69749885881,1865.86650114116,128.413849945856,58.4138499458564,0.0119604947752772,2000000,9,16,17
3,4000,70,"null","c45-h60",45,60,"higher",0.000625616841839842,NA,1565.69749885881,1865.86650114116,159.491569928339,89.4915699283393,0.0148202319855514,2000000,9,16,17
3,4000,70,"null","c50-h24",50,24,"higher",0.000625616841839842,NA,1366.00203752654,1435.84196247347,58.2059148986812,-11.7940851013188,0.00585997599520456,2000000,9,16,17
3,4000,70,"null","c50-h36",50,36,"higher",0.000625616841839842,NA,1366.00203752654,1435.84196247347,86.7130541777543,16.7130541777543,0.00871083880815358,2000000,9,16,17
3,4000,70,"null","c50-h48",50,48,"higher",0.000625616841839842,NA,1366.00203752654,1435.84196247347,114.832134463744,44.8321344637439,0.0115100732825585,2000000,9,16,17
3,4000,70,"null","c50-h60",50,60,"higher",0.000625616841839842,NA,1366.00203752654,1435.84196247347,142.569840599001,72.569840599001,0.0142585035855861,2000000,9,16,17
3,4000,70,"null","c55-h24",55,24,"higher",0.000625616841839842,NA,1057.62194763893,942.64805236108,47.0320537162203,-22.9679462837797,0.00569708889730611,2000000,9,16,17
3,4000,70,"null","c55-h36",55,36,"higher",0.000625616841839842,NA,1057.62194763893,942.64805236108,70.0226084503385,0.0226084503384811,0.0084667733908582,2000000,9,16,17
3,4000,70,"null","c55-h48",55,48,"higher",0.000625616841839842,NA,1057.62194763893,942.64805236108,92.6713824767677,22.6713824767677,0.0111849767536325,2000000,9,16,17
3,4000,70,"null","c55-h60",55,60,"higher",0.000625616841839842,NA,1057.62194763893,942.64805236108,114.984602920403,44.9846029204031,0.0138525023582738,2000000,9,16,17
3,4000,70,"null","c60-h24",60,24,"higher",0.000625616841839842,NA,691.75501667064,507.844983329379,32.7019288026632,-37.2980711973368,0.00564263438559952,2000000,9,16,17
3,4000,70,"null","c60-h36",60,36,"higher",0.000625616841839842,NA,691.75501667064,507.844983329379,48.6428102264185,-21.3571897735815,0.00838335444792837,2000000,9,16,17
3,4000,70,"null","c60-h48",60,48,"higher",0.000625616841839842,NA,691.75501667064,507.844983329379,64.3175492125709,-5.68245078742913,0.0110714172551599,2000000,9,16,17
3,4000,70,"null","c60-h60",60,60,"higher",0.000625616841839842,NA,691.75501667064,507.844983329379,79.7314242569146,9.73142425691461,0.0137076146589931,2000000,9,16,17
3,4000,70,"null","c45-h24",45,24,"reduced",0.000625616841839842,NA,1565.69749885881,1865.86650114116,65.0414523146524,-4.95854768534763,0.00339444275948947,2000000,9,16,18
3,4000,70,"null","c45-h36",45,36,"reduced",0.000625616841839842,NA,1565.69749885881,1865.86650114116,96.9327632371415,26.9327632371415,0.00504374727800986,2000000,9,16,18
3,4000,70,"null","c45-h48",45,48,"reduced",0.000625616841839842,NA,1565.69749885881,1865.86650114116,128.413849945856,58.4138499458564,0.00666184388065371,2000000,9,16,18
3,4000,70,"null","c45-h60",45,60,"reduced",0.000625616841839842,NA,1565.69749885881,1865.86650114116,159.491569928339,89.4915699283393,0.00824927284618195,2000000,9,16,18
3,4000,70,"null","c50-h24",50,24,"reduced",0.000625616841839842,NA,1366.00203752654,1435.84196247347,58.2059148986812,-11.7940851013188,0.00295180272190791,2000000,9,16,18
3,4000,70,"null","c50-h36",50,36,"reduced",0.000625616841839842,NA,1366.00203752654,1435.84196247347,86.7130541777543,16.7130541777543,0.00438316665344911,2000000,9,16,18
3,4000,70,"null","c50-h48",50,48,"reduced",0.000625616841839842,NA,1366.00203752654,1435.84196247347,114.832134463744,44.8321344637439,0.00578555175194605,2000000,9,16,18
3,4000,70,"null","c50-h60",50,60,"reduced",0.000625616841839842,NA,1366.00203752654,1435.84196247347,142.569840599001,72.569840599001,0.00715948051062024,2000000,9,16,18
3,4000,70,"null","c55-h24",55,24,"reduced",0.000625616841839842,NA,1057.62194763893,942.64805236108,47.0320537162203,-22.9679462837797,0.00247512942791552,2000000,9,16,18
3,4000,70,"null","c55-h36",55,36,"reduced",0.000625616841839842,NA,1057.62194763893,942.64805236108,70.0226084503385,0.0226084503384811,0.00367306931135887,2000000,9,16,18
3,4000,70,"null","c55-h48",55,48,"reduced",0.000625616841839842,NA,1057.62194763893,942.64805236108,92.6713824767677,22.6713824767677,0.00484524310474491,2000000,9,16,18
3,4000,70,"null","c55-h60",55,60,"reduced",0.000625616841839842,NA,1057.62194763893,942.64805236108,114.984602920403,44.9846029204031,0.00599212762991633,2000000,9,16,18
3,4000,70,"null","c60-h24",60,24,"reduced",0.000625616841839842,NA,691.75501667064,507.844983329379,32.7019288026632,-37.2980711973368,0.00201948294127267,2000000,9,16,18
3,4000,70,"null","c60-h36",60,36,"reduced",0.000625616841839842,NA,691.75501667064,507.844983329379,48.6428102264185,-21.3571897735815,0.00299514437151899,2000000,9,16,18
3,4000,70,"null","c60-h48",60,48,"reduced",0.000625616841839842,NA,691.75501667064,507.844983329379,64.3175492125709,-5.68245078742913,0.0039486479938417,2000000,9,16,18
3,4000,70,"null","c60-h60",60,60,"reduced",0.000625616841839842,NA,691.75501667064,507.844983329379,79.7314242569146,9.73142425691461,0.00488040635761939,2000000,9,16,18
4,8000,70,"null","c45-h24",45,24,"higher",0.00030927963450513,NA,3131.39499771763,3731.73300228231,64.7320713459781,-5.26792865402194,0.00303572140605006,2000000,10,16,19
4,8000,70,"null","c45-h36",45,36,"higher",0.00030927963450513,NA,3131.39499771763,3731.73300228231,96.786034024092,26.7860340240919,0.0045337821398013,2000000,10,16,19
4,8000,70,"null","c45-h48",45,48,"higher",0.00030927963450513,NA,3131.39499771763,3731.73300228231,128.634270667054,58.6342706670536,0.00601878278823133,2000000,10,16,19
4,8000,70,"null","c45-h60",45,60,"higher",0.00030927963450513,NA,3131.39499771763,3731.73300228231,160.278500733455,90.2785007334554,0.00749082718803319,2000000,10,16,19
4,8000,70,"null","c50-h24",50,24,"higher",0.00030927963450513,NA,2732.00407505307,2871.68392494694,57.9511324619172,-12.0488675380828,0.00292359206460526,2000000,10,16,19
4,8000,70,"null","c50-h36",50,36,"higher",0.00030927963450513,NA,2732.00407505307,2871.68392494694,86.6311560670496,16.6311560670496,0.00436578709361819,2000000,10,16,19
4,8000,70,"null","c50-h48",50,48,"higher",0.00030927963450513,NA,2732.00407505307,2871.68392494694,115.11641704126,45.11641704126,0.00579505287780681,2000000,10,16,19
4,8000,70,"null","c50-h60",50,60,"higher",0.00030927963450513,NA,2732.00407505307,2871.68392494694,143.408592450741,73.4085924507415,0.00721149193448875,2000000,10,16,19
4,8000,70,"null","c55-h24",55,24,"higher",0.00030927963450513,NA,2115.24389527785,1885.29610472216,46.8561180848805,-23.1438819151195,0.00284297114395641,2000000,10,16,19
4,8000,70,"null","c55-h36",55,36,"higher",0.00030927963450513,NA,2115.24389527785,1885.29610472216,70.0233080462814,0.0233080462814002,0.00424492769146035,2000000,10,16,19
4,8000,70,"null","c55-h48",55,48,"higher",0.00030927963450513,NA,2115.24389527785,1885.29610472216,93.0186995254831,23.0186995254831,0.00563399918876302,2000000,10,16,19
4,8000,70,"null","c55-h60",55,60,"higher",0.00030927963450513,NA,2115.24389527785,1885.29610472216,115.8438567296,45.8438567296001,0.00701028539793882,2000000,10,16,19
4,8000,70,"null","c60-h24",60,24,"higher",0.00030927963450513,NA,1383.51003334128,1015.68996665876,32.6100802419632,-37.3899197580368,0.00281662508450902,2000000,10,16,19
4,8000,70,"null","c60-h36",60,36,"higher",0.00030927963450513,NA,1383.51003334128,1015.68996665876,48.7112554511527,-21.2887445488473,0.0042049886434845,2000000,10,16,19
4,8000,70,"null","c60-h48",60,48,"higher",0.00030927963450513,NA,1383.51003334128,1015.68996665876,64.6783186390499,-5.32168136095014,0.00558018470317209,2000000,10,16,19
4,8000,70,"null","c60-h60",60,60,"higher",0.00030927963450513,NA,1383.51003334128,1015.68996665876,80.5125988806267,10.5125988806267,0.00694231129269483,2000000,10,16,19
4,8000,70,"null","c45-h24",45,24,"reduced",0.00030927963450513,NA,3131.39499771763,3731.73300228231,64.7320713459781,-5.26792865402194,0.00169423298997293,2000000,10,16,20
4,8000,70,"null","c45-h36",45,36,"reduced",0.00030927963450513,NA,3131.39499771763,3731.73300228231,96.786034024092,26.7860340240919,0.00252946578995735,2000000,10,16,20
4,8000,70,"null","c45-h48",45,48,"reduced",0.00030927963450513,NA,3131.39499771763,3731.73300228231,128.634270667054,58.6342706670536,0.00335686694983884,2000000,10,16,20
4,8000,70,"null","c45-h60",45,60,"reduced",0.00030927963450513,NA,3131.39499771763,3731.73300228231,160.278500733455,90.2785007334554,0.00417650383885276,2000000,10,16,20
4,8000,70,"null","c50-h24",50,24,"reduced",0.00030927963450513,NA,2732.00407505307,2871.68392494694,57.9511324619172,-12.0488675380828,0.00147427732011619,2000000,10,16,20
4,8000,70,"null","c50-h36",50,36,"reduced",0.00030927963450513,NA,2732.00407505307,2871.68392494694,86.6311560670496,16.6311560670496,0.0022003637441286,2000000,10,16,20
4,8000,70,"null","c50-h48",50,48,"reduced",0.00030927963450513,NA,2732.00407505307,2871.68392494694,115.11641704126,45.11641704126,0.0029191699327536,2000000,10,16,20
4,8000,70,"null","c50-h60",50,60,"reduced",0.00030927963450513,NA,2732.00407505307,2871.68392494694,143.408592450741,73.4085924507415,0.00363076108623184,2000000,10,16,20
4,8000,70,"null","c55-h24",55,24,"reduced",0.00030927963450513,NA,2115.24389527785,1885.29610472216,46.8561180848805,-23.1438819151195,0.00123697613352058,2000000,10,16,20
4,8000,70,"null","c55-h36",55,36,"reduced",0.00030927963450513,NA,2115.24389527785,1885.29610472216,70.0233080462814,0.0233080462814002,0.00184562722501953,2000000,10,16,20
4,8000,70,"null","c55-h48",55,48,"reduced",0.00030927963450513,NA,2115.24389527785,1885.29610472216,93.0186995254831,23.0186995254831,0.00244780056489278,2000000,10,16,20
4,8000,70,"null","c55-h60",55,60,"reduced",0.00030927963450513,NA,2115.24389527785,1885.29610472216,115.8438567296,45.8438567296001,0.0030435556517993,2000000,10,16,20
4,8000,70,"null","c60-h24",60,24,"reduced",0.00030927963450513,NA,1383.51003334128,1015.68996665876,32.6100802419632,-37.3899197580368,0.00100985235548571,2000000,10,16,20
4,8000,70,"null","c60-h36",60,36,"reduced",0.00030927963450513,NA,1383.51003334128,1015.68996665876,48.7112554511527,-21.2887445488473,0.00150631750390257,2000000,10,16,20
4,8000,70,"null","c60-h48",60,48,"reduced",0.00030927963450513,NA,1383.51003334128,1015.68996665876,64.6783186390499,-5.32168136095014,0.0019972112491607,2000000,10,16,20
4,8000,70,"null","c60-h60",60,60,"reduced",0.00030927963450513,NA,1383.51003334128,1015.68996665876,80.5125988806267,10.5125988806267,0.00248258499670504,2000000,10,16,20
5,4000,140,"null","c45-h24",45,24,"higher",0.00128064302305361,NA,1565.69749885881,1865.86650114116,131.352760550029,61.3527605500286,0.0122315314931604,2000000,11,16,21
5,4000,140,"null","c45-h36",45,36,"higher",0.00128064302305361,NA,1565.69749885881,1865.86650114116,194.467923054202,124.467923054202,0.0180216359850642,2000000,11,16,21
5,4000,140,"null","c45-h48",45,48,"higher",0.00128064302305361,NA,1565.69749885881,1865.86650114116,255.952279984495,185.952279984495,0.0236040017775436,2000000,11,16,21
5,4000,140,"null","c45-h60",45,60,"higher",0.00128064302305361,NA,1565.69749885881,1865.86650114116,315.860362149834,245.860362149834,0.0289853600234568,2000000,11,16,21
5,4000,140,"null","c50-h24",50,24,"higher",0.00128064302305361,NA,1366.00203752654,1435.84196247347,117.456092693173,47.4560926931732,0.0117706237243459,2000000,11,16,21
5,4000,140,"null","c50-h36",50,36,"higher",0.00128064302305361,NA,1366.00203752654,1435.84196247347,173.761797086952,103.761797086952,0.0173335128530038,2000000,11,16,21
5,4000,140,"null","c50-h48",50,48,"higher",0.00128064302305361,NA,1366.00203752654,1435.84196247347,228.527324855913,158.527324855913,0.022690711220407,2000000,11,16,21
5,4000,140,"null","c50-h60",50,60,"higher",0.00128064302305361,NA,1366.00203752654,1435.84196247347,281.805774208146,211.805774208146,0.0278488753214845,2000000,11,16,21
5,4000,140,"null","c55-h24",55,24,"higher",0.00128064302305361,NA,1057.62194763893,942.64805236108,94.7834019305115,24.7834019305115,0.011437915700798,2000000,11,16,21
5,4000,140,"null","c55-h36",55,36,"higher",0.00128064302305361,NA,1057.62194763893,942.64805236108,140.042472650252,70.0424726502517,0.0168353265499884,2000000,11,16,21
5,4000,140,"null","c55-h48",55,48,"higher",0.00128064302305361,NA,1057.62194763893,942.64805236108,183.949338171711,113.949338171711,0.0220274061053646,2000000,11,16,21
5,4000,140,"null","c55-h60",55,60,"higher",0.00128064302305361,NA,1057.62194763893,942.64805236108,226.553330916337,156.553330916337,0.0270206652855262,2000000,11,16,21
5,4000,140,"null","c60-h24",60,24,"higher",0.00128064302305361,NA,691.75501667064,507.844983329379,65.7777459165927,-4.22225408340732,0.0113214615628017,2000000,11,16,21
5,4000,140,"null","c60-h36",60,36,"higher",0.00128064302305361,NA,691.75501667064,507.844983329379,97.0070007556778,27.0070007556778,0.0166532291611855,2000000,11,16,21
5,4000,140,"null","c60-h48",60,48,"higher",0.00128064302305361,NA,691.75501667064,507.844983329379,127.188711724316,57.1887117243164,0.0217746083132703,2000000,11,16,21
5,4000,140,"null","c60-h60",60,60,"higher",0.00128064302305361,NA,691.75501667064,507.844983329379,156.364490107681,86.3644901076809,0.0266920565863005,2000000,11,16,21
5,4000,140,"null","c45-h24",45,24,"reduced",0.00128064302305361,NA,1565.69749885881,1865.86650114116,131.352760550029,61.3527605500286,0.00681238713167906,2000000,11,16,22
5,4000,140,"null","c45-h36",45,36,"reduced",0.00128064302305361,NA,1565.69749885881,1865.86650114116,194.467923054202,124.467923054202,0.0100237883268237,2000000,11,16,22
5,4000,140,"null","c45-h48",45,48,"reduced",0.00128064302305361,NA,1565.69749885881,1865.86650114116,255.952279984495,185.952279984495,0.013111387604462,2000000,11,16,22
5,4000,140,"null","c45-h60",45,60,"reduced",0.00128064302305361,NA,1565.69749885881,1865.86650114116,315.860362149834,245.860362149834,0.0160795261574472,2000000,11,16,22
5,4000,140,"null","c50-h24",50,24,"reduced",0.00128064302305361,NA,1366.00203752654,1435.84196247347,117.456092693173,47.4560926931732,0.00591592843214606,2000000,11,16,22
5,4000,140,"null","c50-h36",50,36,"reduced",0.00128064302305361,NA,1366.00203752654,1435.84196247347,173.761797086952,103.761797086952,0.00869306522225134,2000000,11,16,22
5,4000,140,"null","c50-h48",50,48,"reduced",0.00128064302305361,NA,1366.00203752654,1435.84196247347,228.527324855913,158.527324855913,0.0113555078722679,2000000,11,16,22
5,4000,140,"null","c50-h60",50,60,"reduced",0.00128064302305361,NA,1366.00203752654,1435.84196247347,281.805774208146,211.805774208146,0.0139074480714937,2000000,11,16,22
5,4000,140,"null","c55-h24",55,24,"reduced",0.00128064302305361,NA,1057.62194763893,942.64805236108,94.7834019305115,24.7834019305115,0.00495413956567861,2000000,11,16,22
5,4000,140,"null","c55-h36",55,36,"reduced",0.00128064302305361,NA,1057.62194763893,942.64805236108,140.042472650252,70.0424726502517,0.00727046026611717,2000000,11,16,22
5,4000,140,"null","c55-h48",55,48,"reduced",0.00128064302305361,NA,1057.62194763893,942.64805236108,183.949338171711,113.949338171711,0.0094849604344453,2000000,11,16,22
5,4000,140,"null","c55-h60",55,60,"reduced",0.00128064302305361,NA,1057.62194763893,942.64805236108,226.553330916337,156.553330916337,0.0116014654224828,2000000,11,16,22
5,4000,140,"null","c60-h24",60,24,"reduced",0.00128064302305361,NA,691.75501667064,507.844983329379,65.7777459165927,-4.22225408340732,0.00403716896821423,2000000,11,16,22
5,4000,140,"null","c60-h36",60,36,"reduced",0.00128064302305361,NA,691.75501667064,507.844983329379,97.0070007556778,27.0070007556778,0.00591752323500157,2000000,11,16,22
5,4000,140,"null","c60-h48",60,48,"reduced",0.00128064302305361,NA,691.75501667064,507.844983329379,127.188711724316,57.1887117243164,0.00771035285134246,2000000,11,16,22
5,4000,140,"null","c60-h60",60,60,"reduced",0.00128064302305361,NA,691.75501667064,507.844983329379,156.364490107681,86.3644901076809,0.00941897674458901,2000000,11,16,22
6,8000,140,"null","c45-h24",45,24,"higher",0.000625616841839842,NA,3131.39499771763,3731.73300228231,130.082904629305,60.0829046293047,0.00608624647652412,2000000,12,16,23
6,8000,140,"null","c45-h36",45,36,"higher",0.000625616841839842,NA,3131.39499771763,3731.73300228231,193.865526474283,123.865526474283,0.00904944438133556,2000000,12,16,23
6,8000,140,"null","c45-h48",45,48,"higher",0.000625616841839842,NA,3131.39499771763,3731.73300228231,256.827699891713,186.827699891713,0.0119604947752772,2000000,12,16,23
6,8000,140,"null","c45-h60",45,60,"higher",0.000625616841839842,NA,3131.39499771763,3731.73300228231,318.983139856679,248.983139856679,0.0148202319855514,2000000,12,16,23
6,8000,140,"null","c50-h24",50,24,"higher",0.000625616841839842,NA,2732.00407505307,2871.68392494694,116.411829797362,46.4118297973624,0.00585997599520456,2000000,12,16,23
6,8000,140,"null","c50-h36",50,36,"higher",0.000625616841839842,NA,2732.00407505307,2871.68392494694,173.426108355509,103.426108355509,0.00871083880815358,2000000,12,16,23
6,8000,140,"null","c50-h48",50,48,"higher",0.000625616841839842,NA,2732.00407505307,2871.68392494694,229.664268927488,159.664268927488,0.0115100732825585,2000000,12,16,23
6,8000,140,"null","c50-h60",50,60,"higher",0.000625616841839842,NA,2732.00407505307,2871.68392494694,285.139681198002,215.139681198002,0.0142585035855861,2000000,12,16,23
6,8000,140,"null","c55-h24",55,24,"higher",0.000625616841839842,NA,2115.24389527785,1885.29610472216,94.0641074324407,24.0641074324407,0.00569708889730611,2000000,12,16,23
6,8000,140,"null","c55-h36",55,36,"higher",0.000625616841839842,NA,2115.24389527785,1885.29610472216,140.045216900677,70.045216900677,0.0084667733908582,2000000,12,16,23
6,8000,140,"null","c55-h48",55,48,"higher",0.000625616841839842,NA,2115.24389527785,1885.29610472216,185.342764953535,115.342764953535,0.0111849767536325,2000000,12,16,23
6,8000,140,"null","c55-h60",55,60,"higher",0.000625616841839842,NA,2115.24389527785,1885.29610472216,229.969205840806,159.969205840806,0.0138525023582738,2000000,12,16,23
6,8000,140,"null","c60-h24",60,24,"higher",0.000625616841839842,NA,1383.51003334128,1015.68996665876,65.4038576053264,-4.59614239467358,0.00564263438559952,2000000,12,16,23
6,8000,140,"null","c60-h36",60,36,"higher",0.000625616841839842,NA,1383.51003334128,1015.68996665876,97.285620452837,27.285620452837,0.00838335444792837,2000000,12,16,23
6,8000,140,"null","c60-h48",60,48,"higher",0.000625616841839842,NA,1383.51003334128,1015.68996665876,128.635098425142,58.6350984251417,0.0110714172551599,2000000,12,16,23
6,8000,140,"null","c60-h60",60,60,"higher",0.000625616841839842,NA,1383.51003334128,1015.68996665876,159.462848513829,89.4628485138292,0.0137076146589931,2000000,12,16,23
6,8000,140,"null","c45-h24",45,24,"reduced",0.000625616841839842,NA,3131.39499771763,3731.73300228231,130.082904629305,60.0829046293047,0.00339444275948947,2000000,12,16,24
6,8000,140,"null","c45-h36",45,36,"reduced",0.000625616841839842,NA,3131.39499771763,3731.73300228231,193.865526474283,123.865526474283,0.00504374727800986,2000000,12,16,24
6,8000,140,"null","c45-h48",45,48,"reduced",0.000625616841839842,NA,3131.39499771763,3731.73300228231,256.827699891713,186.827699891713,0.00666184388065371,2000000,12,16,24
6,8000,140,"null","c45-h60",45,60,"reduced",0.000625616841839842,NA,3131.39499771763,3731.73300228231,318.983139856679,248.983139856679,0.00824927284618195,2000000,12,16,24
6,8000,140,"null","c50-h24",50,24,"reduced",0.000625616841839842,NA,2732.00407505307,2871.68392494694,116.411829797362,46.4118297973624,0.00295180272190791,2000000,12,16,24
6,8000,140,"null","c50-h36",50,36,"reduced",0.000625616841839842,NA,2732.00407505307,2871.68392494694,173.426108355509,103.426108355509,0.00438316665344911,2000000,12,16,24
6,8000,140,"null","c50-h48",50,48,"reduced",0.000625616841839842,NA,2732.00407505307,2871.68392494694,229.664268927488,159.664268927488,0.00578555175194605,2000000,12,16,24
6,8000,140,"null","c50-h60",50,60,"reduced",0.000625616841839842,NA,2732.00407505307,2871.68392494694,285.139681198002,215.139681198002,0.00715948051062024,2000000,12,16,24
6,8000,140,"null","c55-h24",55,24,"reduced",0.000625616841839842,NA,2115.24389527785,1885.29610472216,94.0641074324407,24.0641074324407,0.00247512942791552,2000000,12,16,24
6,8000,140,"null","c55-h36",55,36,"reduced",0.000625616841839842,NA,2115.24389527785,1885.29610472216,140.045216900677,70.045216900677,0.00367306931135887,2000000,12,16,24
6,8000,140,"null","c55-h48",55,48,"reduced",0.000625616841839842,NA,2115.24389527785,1885.29610472216,185.342764953535,115.342764953535,0.00484524310474491,2000000,12,16,24
6,8000,140,"null","c55-h60",55,60,"reduced",0.000625616841839842,NA,2115.24389527785,1885.29610472216,229.969205840806,159.969205840806,0.00599212762991633,2000000,12,16,24
6,8000,140,"null","c60-h24",60,24,"reduced",0.000625616841839842,NA,1383.51003334128,1015.68996665876,65.4038576053264,-4.59614239467358,0.00201948294127267,2000000,12,16,24
6,8000,140,"null","c60-h36",60,36,"reduced",0.000625616841839842,NA,1383.51003334128,1015.68996665876,97.285620452837,27.285620452837,0.00299514437151899,2000000,12,16,24
6,8000,140,"null","c60-h48",60,48,"reduced",0.000625616841839842,NA,1383.51003334128,1015.68996665876,128.635098425142,58.6350984251417,0.0039486479938417,2000000,12,16,24
6,8000,140,"null","c60-h60",60,60,"reduced",0.000625616841839842,NA,1383.51003334128,1015.68996665876,159.462848513829,89.4628485138292,0.00488040635761939,2000000,12,16,24
7,4000,35,"homogeneous","c50-h36",50,36,"higher",0.00030927963450513,NA,1366.00203752654,1435.84196247347,37.230625060479,-32.769374939521,0.00317994275433998,2000000,13,4,25
7,4000,35,"homogeneous","c50-h60",50,60,"higher",0.00030927963450513,NA,1366.00203752654,1435.84196247347,61.6978747701457,-8.30212522985427,0.00526030416990814,2000000,13,4,25
7,4000,35,"homogeneous","c55-h36",55,36,"higher",0.00030927963450513,NA,1057.62194763893,942.64805236108,29.8295209213794,-40.1704790786206,0.00307039199398848,2000000,13,4,25
7,4000,35,"homogeneous","c55-h60",55,60,"higher",0.00030927963450513,NA,1057.62194763893,942.64805236108,49.4079955314972,-20.5920044685028,0.00507805800082928,2000000,13,4,25
7,4000,35,"homogeneous","c50-h36",50,36,"reduced",0.00030927963450513,NA,1366.00203752654,1435.84196247347,37.230625060479,-32.769374939521,0.00158464263807398,2000000,13,4,26
7,4000,35,"homogeneous","c50-h60",50,60,"reduced",0.00030927963450513,NA,1366.00203752654,1435.84196247347,61.6978747701457,-8.30212522985427,0.00261918379491932,2000000,13,4,26
7,4000,35,"homogeneous","c55-h36",55,36,"reduced",0.00030927963450513,NA,1057.62194763893,942.64805236108,29.8295209213794,-40.1704790786206,0.00131726911279763,2000000,13,4,26
7,4000,35,"homogeneous","c55-h60",55,60,"reduced",0.00030927963450513,NA,1057.62194763893,942.64805236108,49.4079955314972,-20.5920044685028,0.00217617029104414,2000000,13,4,26
8,8000,35,"homogeneous","c50-h36",50,36,"higher",0.000153775122859788,NA,2732.00407505307,2871.68392494694,37.182703635404,-32.817296364596,0.0015900598471145,2000000,14,4,27
8,8000,35,"homogeneous","c50-h60",50,60,"higher",0.000153775122859788,NA,2732.00407505307,2871.68392494694,61.794869715523,-8.20513028447694,0.00264022276929435,2000000,14,4,27
8,8000,35,"homogeneous","c55-h36",55,36,"higher",0.000153775122859788,NA,2115.24389527785,1885.29610472216,29.8024985651827,-40.1975014348173,0.00153551284625107,2000000,14,4,27
8,8000,35,"homogeneous","c55-h60",55,60,"higher",0.000153775122859788,NA,2115.24389527785,1885.29610472216,49.5170531331966,-20.4829468668034,0.00254939698819012,2000000,14,4,27
8,8000,35,"homogeneous","c50-h36",50,36,"reduced",0.000153775122859788,NA,2732.00407505307,2871.68392494694,37.182703635404,-32.817296364596,0.000792858483124547,2000000,14,4,28
8,8000,35,"homogeneous","c50-h60",50,60,"reduced",0.000153775122859788,NA,2732.00407505307,2871.68392494694,61.794869715523,-8.20513028447694,0.00131596570824727,2000000,14,4,28
8,8000,35,"homogeneous","c55-h36",55,36,"reduced",0.000153775122859788,NA,2115.24389527785,1885.29610472216,29.8024985651827,-40.1975014348173,0.000659328166917023,2000000,14,4,28
8,8000,35,"homogeneous","c55-h60",55,60,"reduced",0.000153775122859788,NA,2115.24389527785,1885.29610472216,49.5170531331966,-20.4829468668034,0.00109406529709064,2000000,14,4,28
9,4000,70,"homogeneous","c50-h36",50,36,"higher",0.000625616841839842,NA,1366.00203752654,1435.84196247347,74.6548762749179,4.65487627491792,0.00635888383141125,2000000,15,4,29
9,4000,70,"homogeneous","c50-h60",50,60,"higher",0.000625616841839842,NA,1366.00203752654,1435.84196247347,123.007566134458,53.0075661344576,0.0104389946595651,2000000,15,4,29
9,4000,70,"homogeneous","c55-h36",55,36,"higher",0.000625616841839842,NA,1057.62194763893,942.64805236108,59.7679911582108,-10.2320088417892,0.0061379082733933,2000000,15,4,29
9,4000,70,"homogeneous","c55-h60",55,60,"higher",0.000625616841839842,NA,1057.62194763893,942.64805236108,98.3792529472565,28.3792529472565,0.0100720153390815,2000000,15,4,29
9,4000,70,"homogeneous","c50-h36",50,36,"reduced",0.000625616841839842,NA,1366.00203752654,1435.84196247347,74.6548762749179,4.65487627491792,0.00316479762356826,2000000,15,4,30
9,4000,70,"homogeneous","c50-h60",50,60,"reduced",0.000625616841839842,NA,1366.00203752654,1435.84196247347,123.007566134458,53.0075661344576,0.00518690050650232,2000000,15,4,30
9,4000,70,"homogeneous","c55-h36",55,36,"reduced",0.000625616841839842,NA,1057.62194763893,942.64805236108,59.7679911582108,-10.2320088417892,0.00262879733923112,2000000,15,4,30
9,4000,70,"homogeneous","c55-h60",55,60,"reduced",0.000625616841839842,NA,1057.62194763893,942.64805236108,98.3792529472565,28.3792529472565,0.00430407252866471,2000000,15,4,30
10,8000,70,"homogeneous","c50-h36",50,36,"higher",0.00030927963450513,NA,2732.00407505307,2871.68392494694,74.4612501209579,4.46125012095791,0.00317994275433998,2000000,16,4,31
10,8000,70,"homogeneous","c50-h60",50,60,"higher",0.00030927963450513,NA,2732.00407505307,2871.68392494694,123.395749540291,53.3957495402915,0.00526030416990814,2000000,16,4,31
10,8000,70,"homogeneous","c55-h36",55,36,"higher",0.00030927963450513,NA,2115.24389527785,1885.29610472216,59.6590418427588,-10.3409581572412,0.00307039199398848,2000000,16,4,31
10,8000,70,"homogeneous","c55-h60",55,60,"higher",0.00030927963450513,NA,2115.24389527785,1885.29610472216,98.8159910629944,28.8159910629944,0.00507805800082928,2000000,16,4,31
10,8000,70,"homogeneous","c50-h36",50,36,"reduced",0.00030927963450513,NA,2732.00407505307,2871.68392494694,74.4612501209579,4.46125012095791,0.00158464263807398,2000000,16,4,32
10,8000,70,"homogeneous","c50-h60",50,60,"reduced",0.00030927963450513,NA,2732.00407505307,2871.68392494694,123.395749540291,53.3957495402915,0.00261918379491932,2000000,16,4,32
10,8000,70,"homogeneous","c55-h36",55,36,"reduced",0.00030927963450513,NA,2115.24389527785,1885.29610472216,59.6590418427588,-10.3409581572412,0.00131726911279763,2000000,16,4,32
10,8000,70,"homogeneous","c55-h60",55,60,"reduced",0.00030927963450513,NA,2115.24389527785,1885.29610472216,98.8159910629944,28.8159910629944,0.00217617029104414,2000000,16,4,32
11,4000,140,"homogeneous","c50-h36",50,36,"higher",0.00128064302305361,NA,1366.00203752654,1435.84196247347,150.100293876463,80.1002938764632,0.0127112591872459,2000000,17,4,33
11,4000,140,"homogeneous","c50-h60",50,60,"higher",0.00128064302305361,NA,1366.00203752654,1435.84196247347,244.460574447781,174.460574447781,0.0205428555189624,2000000,17,4,33
11,4000,140,"homogeneous","c55-h36",55,36,"higher",0.00128064302305361,NA,1057.62194763893,942.64805236108,119.978848481926,49.9788484819263,0.0122614165086133,2000000,17,4,33
11,4000,140,"homogeneous","c55-h60",55,60,"higher",0.00128064302305361,NA,1057.62194763893,942.64805236108,195.007247440173,125.007247440173,0.0197980565494179,2000000,17,4,33
11,4000,140,"homogeneous","c50-h36",50,36,"reduced",0.00128064302305361,NA,1366.00203752654,1435.84196247347,150.100293876463,80.1002938764632,0.00631004085676085,2000000,17,4,34
11,4000,140,"homogeneous","c50-h60",50,60,"reduced",0.00128064302305361,NA,1366.00203752654,1435.84196247347,244.460574447781,174.460574447781,0.0101640149943858,2000000,17,4,34
11,4000,140,"homogeneous","c55-h36",55,36,"reduced",0.00128064302305361,NA,1057.62194763893,942.64805236108,119.978848481926,49.9788484819263,0.00523301778668835,2000000,17,4,34
11,4000,140,"homogeneous","c55-h60",55,60,"reduced",0.00128064302305361,NA,1057.62194763893,942.64805236108,195.007247440173,125.007247440173,0.0084115752619598,2000000,17,4,34
12,8000,140,"homogeneous","c50-h36",50,36,"higher",0.000625616841839842,NA,2732.00407505307,2871.68392494694,149.309752549836,79.3097525498358,0.00635888383141125,2000000,18,4,35
12,8000,140,"homogeneous","c50-h60",50,60,"higher",0.000625616841839842,NA,2732.00407505307,2871.68392494694,246.015132268915,176.015132268915,0.0104389946595651,2000000,18,4,35
12,8000,140,"homogeneous","c55-h36",55,36,"higher",0.000625616841839842,NA,2115.24389527785,1885.29610472216,119.535982316422,49.5359823164217,0.0061379082733933,2000000,18,4,35
12,8000,140,"homogeneous","c55-h60",55,60,"higher",0.000625616841839842,NA,2115.24389527785,1885.29610472216,196.758505894513,126.758505894513,0.0100720153390815,2000000,18,4,35
12,8000,140,"homogeneous","c50-h36",50,36,"reduced",0.000625616841839842,NA,2732.00407505307,2871.68392494694,149.309752549836,79.3097525498358,0.00316479762356826,2000000,18,4,36
12,8000,140,"homogeneous","c50-h60",50,60,"reduced",0.000625616841839842,NA,2732.00407505307,2871.68392494694,246.015132268915,176.015132268915,0.00518690050650232,2000000,18,4,36
12,8000,140,"homogeneous","c55-h36",55,36,"reduced",0.000625616841839842,NA,2115.24389527785,1885.29610472216,119.535982316422,49.5359823164217,0.00262879733923112,2000000,18,4,36
12,8000,140,"homogeneous","c55-h60",55,60,"reduced",0.000625616841839842,NA,2115.24389527785,1885.29610472216,196.758505894513,126.758505894513,0.00430407252866471,2000000,18,4,36
7,4000,35,"homogeneous","c45-h24",45,24,"higher",0.00030927963450513,NA,1565.69749885881,1865.86650114116,27.9725793385176,-42.0274206614824,0.00222523070446475,2000000,19,16,37
7,4000,35,"homogeneous","c45-h36",45,36,"higher",0.00030927963450513,NA,1565.69749885881,1865.86650114116,41.8453917772318,-28.1546082227682,0.0033257002305375,2000000,19,16,37
7,4000,35,"homogeneous","c45-h48",45,48,"higher",0.00030927963450513,NA,1565.69749885881,1865.86650114116,55.6432531643169,-14.3567468356831,0.0044181437973001,2000000,19,16,37
7,4000,35,"homogeneous","c45-h60",45,60,"higher",0.00030927963450513,NA,1565.69749885881,1865.86650114116,69.3666832122534,-0.633316787746608,0.00550261438299131,2000000,19,16,37
7,4000,35,"homogeneous","c50-h24",50,24,"higher",0.00030927963450513,NA,1366.00203752654,1435.84196247347,24.8915586831857,-45.1084413168143,0.00212793450752362,2000000,19,16,37
7,4000,35,"homogeneous","c50-h36",50,36,"higher",0.00030927963450513,NA,1366.00203752654,1435.84196247347,37.230625060479,-32.769374939521,0.00317994275433998,2000000,19,16,37
7,4000,35,"homogeneous","c50-h48",50,48,"higher",0.00030927963450513,NA,1366.00203752654,1435.84196247347,49.4992290399721,-20.5007709600279,0.00422404856678345,2000000,19,16,37
7,4000,35,"homogeneous","c50-h60",50,60,"higher",0.00030927963450513,NA,1366.00203752654,1435.84196247347,61.6978747701457,-8.30212522985427,0.00526030416990814,2000000,19,16,37
7,4000,35,"homogeneous","c55-h24",55,24,"higher",0.00030927963450513,NA,1057.62194763893,942.64805236108,19.9483910309057,-50.0516089690943,0.00205483164523036,2000000,19,16,37
7,4000,35,"homogeneous","c55-h36",55,36,"higher",0.00030927963450513,NA,1057.62194763893,942.64805236108,29.8295209213794,-40.1704790786206,0.00307039199398848,2000000,19,16,37
7,4000,35,"homogeneous","c55-h48",55,48,"higher",0.00030927963450513,NA,1057.62194763893,942.64805236108,39.6492340935171,-30.3507659064829,0.00407811714081146,2000000,19,16,37
7,4000,35,"homogeneous","c55-h60",55,60,"higher",0.00030927963450513,NA,1057.62194763893,942.64805236108,49.4079955314972,-20.5920044685028,0.00507805800082928,2000000,19,16,37
7,4000,35,"homogeneous","c60-h24",60,24,"higher",0.00030927963450513,NA,691.75501667064,507.844983329379,13.7311817097321,-56.2688182902679,0.00202296830697805,2000000,19,16,37
7,4000,35,"homogeneous","c60-h36",60,36,"higher",0.00030927963450513,NA,691.75501667064,507.844983329379,20.5252514564119,-49.4747485435881,0.00302240155660397,2000000,19,16,37
7,4000,35,"homogeneous","c60-h48",60,48,"higher",0.00030927963450513,NA,691.75501667064,507.844983329379,27.2721640960169,-42.7278359039831,0.00401386847050992,2000000,19,16,37
7,4000,35,"homogeneous","c60-h60",60,60,"higher",0.00030927963450513,NA,691.75501667064,507.844983329379,33.9723076612412,-36.0276923387588,0.00499741937061729,2000000,19,16,37
7,4000,35,"homogeneous","c45-h24",45,24,"reduced",0.00030927963450513,NA,1565.69749885881,1865.86650114116,27.9725793385176,-42.0274206614824,0.0012311525367588,2000000,19,16,38
7,4000,35,"homogeneous","c45-h36",45,36,"reduced",0.00030927963450513,NA,1565.69749885881,1865.86650114116,41.8453917772318,-28.1546082227682,0.00183953894481582,2000000,19,16,38
7,4000,35,"homogeneous","c45-h48",45,48,"reduced",0.00030927963450513,NA,1565.69749885881,1865.86650114116,55.6432531643169,-14.3567468356831,0.00244317766395469,2000000,19,16,38
7,4000,35,"homogeneous","c45-h60",45,60,"reduced",0.00030927963450513,NA,1565.69749885881,1865.86650114116,69.3666832122534,-0.633316787746608,0.00304210254045176,2000000,19,16,38
7,4000,35,"homogeneous","c50-h24",50,24,"reduced",0.00030927963450513,NA,1366.00203752654,1435.84196247347,24.8915586831857,-45.1084413168143,0.00106083859243435,2000000,19,16,38
7,4000,35,"homogeneous","c50-h36",50,36,"reduced",0.00030927963450513,NA,1366.00203752654,1435.84196247347,37.230625060479,-32.769374939521,0.00158464263807398,2000000,19,16,38
7,4000,35,"homogeneous","c50-h48",50,48,"reduced",0.00030927963450513,NA,1366.00203752654,1435.84196247347,49.4992290399721,-20.5007709600279,0.00210408021776012,2000000,19,16,38
7,4000,35,"homogeneous","c50-h60",50,60,"reduced",0.00030927963450513,NA,1366.00203752654,1435.84196247347,61.6978747701457,-8.30212522985427,0.00261918379491932,2000000,19,16,38
7,4000,35,"homogeneous","c55-h24",55,24,"reduced",0.00030927963450513,NA,1057.62194763893,942.64805236108,19.9483910309057,-50.0516089690943,0.000882064677023938,2000000,19,16,38
7,4000,35,"homogeneous","c55-h36",55,36,"reduced",0.00030927963450513,NA,1057.62194763893,942.64805236108,29.8295209213794,-40.1704790786206,0.00131726911279763,2000000,19,16,38
7,4000,35,"homogeneous","c55-h48",55,48,"reduced",0.00030927963450513,NA,1057.62194763893,942.64805236108,39.6492340935171,-30.3507659064829,0.00174862785244591,2000000,19,16,38
7,4000,35,"homogeneous","c55-h60",55,60,"reduced",0.00030927963450513,NA,1057.62194763893,942.64805236108,49.4079955314972,-20.5920044685028,0.00217617029104414,2000000,19,16,38
7,4000,35,"homogeneous","c60-h24",60,24,"reduced",0.00030927963450513,NA,691.75501667064,507.844983329379,13.7311817097321,-56.2688182902679,0.000714625427865163,2000000,19,16,38
7,4000,35,"homogeneous","c60-h36",60,36,"reduced",0.00030927963450513,NA,691.75501667064,507.844983329379,20.5252514564119,-49.4747485435881,0.00106696922290523,2000000,19,16,38
7,4000,35,"homogeneous","c60-h48",60,48,"reduced",0.00030927963450513,NA,691.75501667064,507.844983329379,27.2721640960169,-42.7278359039831,0.00141603443961602,2000000,19,16,38
7,4000,35,"homogeneous","c60-h60",60,60,"reduced",0.00030927963450513,NA,691.75501667064,507.844983329379,33.9723076612412,-36.0276923387588,0.00176184636693848,2000000,19,16,38
8,8000,35,"homogeneous","c45-h24",45,24,"higher",0.000153775122859788,NA,3131.39499771763,3731.73300228231,27.8921685664204,-42.1078314335796,0.00111046041745867,2000000,20,16,39
8,8000,35,"homogeneous","c45-h36",45,36,"higher",0.000153775122859788,NA,3131.39499771763,3731.73300228231,41.7818181739904,-28.2181818260096,0.00166267132883077,2000000,20,16,39
8,8000,35,"homogeneous","c45-h48",45,48,"higher",0.000153775122859788,NA,3131.39499771763,3731.73300228231,55.6340185342265,-14.3659814657735,0.00221287820351419,2000000,20,16,39
8,8000,35,"homogeneous","c45-h60",45,60,"higher",0.000153775122859788,NA,3131.39499771763,3731.73300228231,69.4488993533132,-0.551100646686834,0.00276108763392497,2000000,20,16,39
8,8000,35,"homogeneous","c50-h24",50,24,"higher",0.000153775122859788,NA,2732.00407505307,2871.68392494694,24.8238560942765,-45.1761439057235,0.00106202181325613,2000000,20,16,39
8,8000,35,"homogeneous","c50-h36",50,36,"higher",0.000153775122859788,NA,2732.00407505307,2871.68392494694,37.182703635404,-32.817296364596,0.0015900598471145,2000000,20,16,39
8,8000,35,"homogeneous","c50-h48",50,48,"higher",0.000153775122859788,NA,2732.00407505307,2871.68392494694,49.5063328915468,-20.4936671084532,0.00211612466658218,2000000,20,16,39
8,8000,35,"homogeneous","c50-h60",50,60,"higher",0.000153775122859788,NA,2732.00407505307,2871.68392494694,61.794869715523,-8.20513028447694,0.00264022276929435,2000000,20,16,39
8,8000,35,"homogeneous","c55-h24",55,24,"higher",0.000153775122859788,NA,2115.24389527785,1885.29610472216,19.8992046034418,-50.1007953965582,0.00102563980040048,2000000,20,16,39
8,8000,35,"homogeneous","c55-h36",55,36,"higher",0.000153775122859788,NA,2115.24389527785,1885.29610472216,29.8024985651827,-40.1975014348173,0.00153551284625107,2000000,20,16,39
8,8000,35,"homogeneous","c55-h48",55,48,"higher",0.000153775122859788,NA,2115.24389527785,1885.29610472216,39.6750760284438,-30.3249239715562,0.00204342979850515,2000000,20,16,39
8,8000,35,"homogeneous","c55-h60",55,60,"higher",0.000153775122859788,NA,2115.24389527785,1885.29610472216,49.5170531331966,-20.4829468668034,0.00254939698819012,2000000,20,16,39
8,8000,35,"homogeneous","c60-h24",60,24,"higher",0.000153775122859788,NA,1383.51003334128,1015.68996665876,13.7023452008213,-56.2976547991787,0.00100986213623437,2000000,20,16,39
8,8000,35,"homogeneous","c60-h36",60,36,"higher",0.000153775122859788,NA,1383.51003334128,1015.68996665876,20.5179100306058,-49.4820899693942,0.00151179824356638,2000000,20,16,39
8,8000,35,"homogeneous","c60-h48",60,48,"higher",0.000153775122859788,NA,1383.51003334128,1015.68996665876,27.3098664773118,-42.6901335226882,0.00201174607588328,2000000,20,16,39
8,8000,35,"homogeneous","c60-h60",60,60,"higher",0.000153775122859788,NA,1383.51003334128,1015.68996665876,34.078311556651,-35.921688443349,0.00250971188399421,2000000,20,16,39
8,8000,35,"homogeneous","c45-h24",45,24,"reduced",0.000153775122859788,NA,3131.39499771763,3731.73300228231,27.8921685664204,-42.1078314335796,0.000614542199368702,2000000,20,16,40
8,8000,35,"homogeneous","c45-h36",45,36,"reduced",0.000153775122859788,NA,3131.39499771763,3731.73300228231,41.7818181739904,-28.2181818260096,0.00092002519766985,2000000,20,16,40
8,8000,35,"homogeneous","c45-h48",45,48,"reduced",0.000153775122859788,NA,3131.39499771763,3731.73300228231,55.6340185342265,-14.3659814657735,0.00122432177471867,2000000,20,16,40
8,8000,35,"homogeneous","c45-h60",45,60,"reduced",0.000153775122859788,NA,3131.39499771763,3731.73300228231,69.4488993533132,-0.551100646686834,0.00152743614566773,2000000,20,16,40
8,8000,35,"homogeneous","c50-h24",50,24,"reduced",0.000153775122859788,NA,2732.00407505307,2871.68392494694,24.8238560942765,-45.1761439057235,0.000529669401271057,2000000,20,16,40
8,8000,35,"homogeneous","c50-h36",50,36,"reduced",0.000153775122859788,NA,2732.00407505307,2871.68392494694,37.182703635404,-32.817296364596,0.000792858483124547,2000000,20,16,40
8,8000,35,"homogeneous","c50-h48",50,48,"reduced",0.000153775122859788,NA,2732.00407505307,2871.68392494694,49.5063328915468,-20.4936671084532,0.00105495590399987,2000000,20,16,40
8,8000,35,"homogeneous","c50-h60",50,60,"reduced",0.000153775122859788,NA,2732.00407505307,2871.68392494694,61.794869715523,-8.20513028447694,0.00131596570824727,2000000,20,16,40
8,8000,35,"homogeneous","c55-h24",55,24,"reduced",0.000153775122859788,NA,2115.24389527785,1885.29610472216,19.8992046034418,-50.1007953965582,0.000440518783868348,2000000,20,16,40
8,8000,35,"homogeneous","c55-h36",55,36,"reduced",0.000153775122859788,NA,2115.24389527785,1885.29610472216,29.8024985651827,-40.1975014348173,0.000659328166917023,2000000,20,16,40
8,8000,35,"homogeneous","c55-h48",55,48,"reduced",0.000153775122859788,NA,2115.24389527785,1885.29610472216,39.6750760284438,-30.3249239715562,0.000877175783885169,2000000,20,16,40
8,8000,35,"homogeneous","c55-h60",55,60,"reduced",0.000153775122859788,NA,2115.24389527785,1885.29610472216,49.5170531331966,-20.4829468668034,0.00109406529709064,2000000,20,16,40
8,8000,35,"homogeneous","c60-h24",60,24,"reduced",0.000153775122859788,NA,1383.51003334128,1015.68996665876,13.7023452008213,-56.2976547991787,0.000356979574604828,2000000,20,16,40
8,8000,35,"homogeneous","c60-h36",60,36,"reduced",0.000153775122859788,NA,1383.51003334128,1015.68996665876,20.5179100306058,-49.4820899693942,0.00053423300466497,2000000,20,16,40
8,8000,35,"homogeneous","c60-h48",60,48,"reduced",0.000153775122859788,NA,1383.51003334128,1015.68996665876,27.3098664773118,-42.6901335226882,0.000710666415249928,2000000,20,16,40
8,8000,35,"homogeneous","c60-h60",60,60,"reduced",0.000153775122859788,NA,1383.51003334128,1015.68996665876,34.078311556651,-35.921688443349,0.000886282955751825,2000000,20,16,40
9,4000,70,"homogeneous","c45-h24",45,24,"higher",0.000625616841839842,NA,1565.69749885881,1865.86650114116,56.2711908233012,-13.7288091766988,0.00446781094780982,2000000,21,16,41
9,4000,70,"homogeneous","c45-h36",45,36,"higher",0.000625616841839842,NA,1565.69749885881,1865.86650114116,83.9479276005876,13.9479276005876,0.00665257490985103,2000000,21,16,41
9,4000,70,"homogeneous","c45-h48",45,48,"higher",0.000625616841839842,NA,1565.69749885881,1865.86650114116,111.324443067984,41.3244430679844,0.0088051582740798,2000000,21,16,41
9,4000,70,"homogeneous","c45-h60",45,60,"higher",0.000625616841839842,NA,1565.69749885881,1865.86650114116,138.404909260785,68.4049092607845,0.0109259887243029,2000000,21,16,41
9,4000,70,"homogeneous","c50-h24",50,24,"higher",0.000625616841839842,NA,1366.00203752654,1435.84196247347,50.0574801038643,-19.9425198961357,0.00427151257620103,2000000,21,16,41
9,4000,70,"homogeneous","c50-h36",50,36,"higher",0.000625616841839842,NA,1366.00203752654,1435.84196247347,74.6548762749179,4.65487627491792,0.00635888383141125,2000000,21,16,41
9,4000,70,"homogeneous","c50-h48",50,48,"higher",0.000625616841839842,NA,1366.00203752654,1435.84196247347,98.9702232659757,28.9702232659757,0.00841457061157467,2000000,21,16,41
9,4000,70,"homogeneous","c50-h60",50,60,"higher",0.000625616841839842,NA,1366.00203752654,1435.84196247347,123.007566134458,53.0075661344576,0.0104389946595651,2000000,21,16,41
9,4000,70,"homogeneous","c55-h24",55,24,"higher",0.000625616841839842,NA,1057.62194763893,942.64805236108,40.0959359644954,-29.9040640355046,0.00412392236378951,2000000,21,16,41
9,4000,70,"homogeneous","c55-h36",55,36,"higher",0.000625616841839842,NA,1057.62194763893,942.64805236108,59.7679911582108,-10.2320088417892,0.0061379082733933,2000000,21,16,41
9,4000,70,"homogeneous","c55-h48",55,48,"higher",0.000625616841839842,NA,1057.62194763893,942.64805236108,79.1945212737133,9.19452127371332,0.00812046871792482,2000000,21,16,41
9,4000,70,"homogeneous","c55-h60",55,60,"higher",0.000625616841839842,NA,1057.62194763893,942.64805236108,98.3792529472565,28.3792529472565,0.0100720153390815,2000000,21,16,41
9,4000,70,"homogeneous","c60-h24",60,24,"higher",0.000625616841839842,NA,691.75501667064,507.844983329379,27.5789660873568,-42.4210339126432,0.00405892854880514,2000000,21,16,41
9,4000,70,"homogeneous","c60-h36",60,36,"higher",0.000625616841839842,NA,691.75501667064,507.844983329379,41.0798838695387,-28.9201161304613,0.00603961146182461,2000000,21,16,41
9,4000,70,"homogeneous","c60-h48",60,48,"higher",0.000625616841839842,NA,691.75501667064,507.844983329379,54.3926645045889,-15.6073354954111,0.00798832535038359,2000000,21,16,41
9,4000,70,"homogeneous","c60-h60",60,60,"higher",0.000625616841839842,NA,691.75501667064,507.844983329379,67.5204116365027,-2.47958836349726,0.00990547790734149,2000000,21,16,41
9,4000,70,"homogeneous","c45-h24",45,24,"reduced",0.000625616841839842,NA,1565.69749885881,1865.86650114116,56.2711908233012,-13.7288091766988,0.00247061426737773,2000000,21,16,42
9,4000,70,"homogeneous","c45-h36",45,36,"reduced",0.000625616841839842,NA,1565.69749885881,1865.86650114116,83.9479276005876,13.9479276005876,0.00367685774500691,2000000,21,16,42
9,4000,70,"homogeneous","c45-h48",45,48,"reduced",0.000625616841839842,NA,1565.69749885881,1865.86650114116,111.324443067984,41.3244430679844,0.0048640960786537,2000000,21,16,42
9,4000,70,"homogeneous","c45-h60",45,60,"reduced",0.000625616841839842,NA,1565.69749885881,1865.86650114116,138.404909260785,68.4049092607845,0.0060326020452504,2000000,21,16,42
9,4000,70,"homogeneous","c50-h24",50,24,"reduced",0.000625616841839842,NA,1366.00203752654,1435.84196247347,50.0574801038643,-19.9425198961357,0.00212768305756418,2000000,21,16,42
9,4000,70,"homogeneous","c50-h36",50,36,"reduced",0.000625616841839842,NA,1366.00203752654,1435.84196247347,74.6548762749179,4.65487627491792,0.00316479762356826,2000000,21,16,42
9,4000,70,"homogeneous","c50-h48",50,48,"reduced",0.000625616841839842,NA,1366.00203752654,1435.84196247347,98.9702232659757,28.9702232659757,0.00418444962473295,2000000,21,16,42
9,4000,70,"homogeneous","c50-h60",50,60,"reduced",0.000625616841839842,NA,1366.00203752654,1435.84196247347,123.007566134458,53.0075661344576,0.00518690050650232,2000000,21,16,42
9,4000,70,"homogeneous","c55-h24",55,24,"reduced",0.000625616841839842,NA,1057.62194763893,942.64805236108,40.0959359644954,-29.9040640355046,0.00176822325731014,2000000,21,16,42
9,4000,70,"homogeneous","c55-h36",55,36,"reduced",0.000625616841839842,NA,1057.62194763893,942.64805236108,59.7679911582108,-10.2320088417892,0.00262879733923112,2000000,21,16,42
9,4000,70,"homogeneous","c55-h48",55,48,"reduced",0.000625616841839842,NA,1057.62194763893,942.64805236108,79.1945212737133,9.19452127371332,0.00347400152886185,2000000,21,16,42
9,4000,70,"homogeneous","c55-h60",55,60,"reduced",0.000625616841839842,NA,1057.62194763893,942.64805236108,98.3792529472565,28.3792529472565,0.00430407252866471,2000000,21,16,42
9,4000,70,"homogeneous","c60-h24",60,24,"reduced",0.000625616841839842,NA,691.75501667064,507.844983329379,27.5789660873568,-42.4210339126432,0.0014318875333217,2000000,21,16,42
9,4000,70,"homogeneous","c60-h36",60,36,"reduced",0.000625616841839842,NA,691.75501667064,507.844983329379,41.0798838695387,-28.9201161304613,0.00212776532965435,2000000,21,16,42
9,4000,70,"homogeneous","c60-h48",60,48,"reduced",0.000625616841839842,NA,691.75501667064,507.844983329379,54.3926645045889,-15.6073354954111,0.00281054273439588,2000000,21,16,42
9,4000,70,"homogeneous","c60-h60",60,60,"reduced",0.000625616841839842,NA,691.75501667064,507.844983329379,67.5204116365027,-2.47958836349726,0.00348042355841074,2000000,21,16,42
10,8000,70,"homogeneous","c45-h24",45,24,"higher",0.00030927963450513,NA,3131.39499771763,3731.73300228231,55.9451586770353,-14.0548413229647,0.00222523070446475,2000000,22,16,43
10,8000,70,"homogeneous","c45-h36",45,36,"higher",0.00030927963450513,NA,3131.39499771763,3731.73300228231,83.6907835544637,13.6907835544637,0.0033257002305375,2000000,22,16,43
10,8000,70,"homogeneous","c45-h48",45,48,"higher",0.00030927963450513,NA,3131.39499771763,3731.73300228231,111.286506328634,41.2865063286337,0.0044181437973001,2000000,22,16,43
10,8000,70,"homogeneous","c45-h60",45,60,"higher",0.00030927963450513,NA,3131.39499771763,3731.73300228231,138.733366424507,68.7333664245068,0.00550261438299131,2000000,22,16,43
10,8000,70,"homogeneous","c50-h24",50,24,"higher",0.00030927963450513,NA,2732.00407505307,2871.68392494694,49.7831173663713,-20.2168826336287,0.00212793450752362,2000000,22,16,43
10,8000,70,"homogeneous","c50-h36",50,36,"higher",0.00030927963450513,NA,2732.00407505307,2871.68392494694,74.4612501209579,4.46125012095791,0.00317994275433998,2000000,22,16,43
10,8000,70,"homogeneous","c50-h48",50,48,"higher",0.00030927963450513,NA,2732.00407505307,2871.68392494694,98.9984580799442,28.9984580799442,0.00422404856678345,2000000,22,16,43
10,8000,70,"homogeneous","c50-h60",50,60,"higher",0.00030927963450513,NA,2732.00407505307,2871.68392494694,123.395749540291,53.3957495402915,0.00526030416990814,2000000,22,16,43
10,8000,70,"homogeneous","c55-h24",55,24,"higher",0.00030927963450513,NA,2115.24389527785,1885.29610472216,39.8967820618114,-30.1032179381886,0.00205483164523036,2000000,22,16,43
10,8000,70,"homogeneous","c55-h36",55,36,"higher",0.00030927963450513,NA,2115.24389527785,1885.29610472216,59.6590418427588,-10.3409581572412,0.00307039199398848,2000000,22,16,43
10,8000,70,"homogeneous","c55-h48",55,48,"higher",0.00030927963450513,NA,2115.24389527785,1885.29610472216,79.2984681870342,9.29846818703425,0.00407811714081146,2000000,22,16,43
10,8000,70,"homogeneous","c55-h60",55,60,"higher",0.00030927963450513,NA,2115.24389527785,1885.29610472216,98.8159910629944,28.8159910629944,0.00507805800082928,2000000,22,16,43
10,8000,70,"homogeneous","c60-h24",60,24,"higher",0.00030927963450513,NA,1383.51003334128,1015.68996665876,27.4623634194642,-42.5376365805358,0.00202296830697805,2000000,22,16,43
10,8000,70,"homogeneous","c60-h36",60,36,"higher",0.00030927963450513,NA,1383.51003334128,1015.68996665876,41.0505029128238,-28.9494970871762,0.00302240155660397,2000000,22,16,43
10,8000,70,"homogeneous","c60-h48",60,48,"higher",0.00030927963450513,NA,1383.51003334128,1015.68996665876,54.5443281920337,-15.4556718079663,0.00401386847050992,2000000,22,16,43
10,8000,70,"homogeneous","c60-h60",60,60,"higher",0.00030927963450513,NA,1383.51003334128,1015.68996665876,67.9446153224824,-2.05538467751762,0.00499741937061729,2000000,22,16,43
10,8000,70,"homogeneous","c45-h24",45,24,"reduced",0.00030927963450513,NA,3131.39499771763,3731.73300228231,55.9451586770353,-14.0548413229647,0.0012311525367588,2000000,22,16,44
10,8000,70,"homogeneous","c45-h36",45,36,"reduced",0.00030927963450513,NA,3131.39499771763,3731.73300228231,83.6907835544637,13.6907835544637,0.00183953894481582,2000000,22,16,44
10,8000,70,"homogeneous","c45-h48",45,48,"reduced",0.00030927963450513,NA,3131.39499771763,3731.73300228231,111.286506328634,41.2865063286337,0.00244317766395469,2000000,22,16,44
10,8000,70,"homogeneous","c45-h60",45,60,"reduced",0.00030927963450513,NA,3131.39499771763,3731.73300228231,138.733366424507,68.7333664245068,0.00304210254045176,2000000,22,16,44
10,8000,70,"homogeneous","c50-h24",50,24,"reduced",0.00030927963450513,NA,2732.00407505307,2871.68392494694,49.7831173663713,-20.2168826336287,0.00106083859243435,2000000,22,16,44
10,8000,70,"homogeneous","c50-h36",50,36,"reduced",0.00030927963450513,NA,2732.00407505307,2871.68392494694,74.4612501209579,4.46125012095791,0.00158464263807398,2000000,22,16,44
10,8000,70,"homogeneous","c50-h48",50,48,"reduced",0.00030927963450513,NA,2732.00407505307,2871.68392494694,98.9984580799442,28.9984580799442,0.00210408021776012,2000000,22,16,44
10,8000,70,"homogeneous","c50-h60",50,60,"reduced",0.00030927963450513,NA,2732.00407505307,2871.68392494694,123.395749540291,53.3957495402915,0.00261918379491932,2000000,22,16,44
10,8000,70,"homogeneous","c55-h24",55,24,"reduced",0.00030927963450513,NA,2115.24389527785,1885.29610472216,39.8967820618114,-30.1032179381886,0.000882064677023938,2000000,22,16,44
10,8000,70,"homogeneous","c55-h36",55,36,"reduced",0.00030927963450513,NA,2115.24389527785,1885.29610472216,59.6590418427588,-10.3409581572412,0.00131726911279763,2000000,22,16,44
10,8000,70,"homogeneous","c55-h48",55,48,"reduced",0.00030927963450513,NA,2115.24389527785,1885.29610472216,79.2984681870342,9.29846818703425,0.00174862785244591,2000000,22,16,44
10,8000,70,"homogeneous","c55-h60",55,60,"reduced",0.00030927963450513,NA,2115.24389527785,1885.29610472216,98.8159910629944,28.8159910629944,0.00217617029104414,2000000,22,16,44
10,8000,70,"homogeneous","c60-h24",60,24,"reduced",0.00030927963450513,NA,1383.51003334128,1015.68996665876,27.4623634194642,-42.5376365805358,0.000714625427865163,2000000,22,16,44
10,8000,70,"homogeneous","c60-h36",60,36,"reduced",0.00030927963450513,NA,1383.51003334128,1015.68996665876,41.0505029128238,-28.9494970871762,0.00106696922290523,2000000,22,16,44
10,8000,70,"homogeneous","c60-h48",60,48,"reduced",0.00030927963450513,NA,1383.51003334128,1015.68996665876,54.5443281920337,-15.4556718079663,0.00141603443961602,2000000,22,16,44
10,8000,70,"homogeneous","c60-h60",60,60,"reduced",0.00030927963450513,NA,1383.51003334128,1015.68996665876,67.9446153224824,-2.05538467751762,0.00176184636693848,2000000,22,16,44
11,4000,140,"homogeneous","c45-h24",45,24,"higher",0.00128064302305361,NA,1565.69749885881,1865.86650114116,113.883014073797,43.8830140737971,0.00900589832393459,2000000,23,16,45
11,4000,140,"homogeneous","c45-h36",45,36,"higher",0.00128064302305361,NA,1565.69749885881,1865.86650114116,168.948037944698,98.948037944698,0.0133076640656191,2000000,23,16,45
11,4000,140,"homogeneous","c45-h48",45,48,"higher",0.00128064302305361,NA,1565.69749885881,1865.86650114116,222.808899914817,152.808899914817,0.0174801239533941,2000000,23,16,45
11,4000,140,"homogeneous","c45-h60",45,60,"higher",0.00128064302305361,NA,1565.69749885881,1865.86650114116,275.499209902206,205.499209902206,0.0215267623115516,2000000,23,16,45
11,4000,140,"homogeneous","c50-h24",50,24,"higher",0.00128064302305361,NA,1366.00203752654,1435.84196247347,101.241922093508,31.241922093508,0.0086062260260695,2000000,23,16,45
11,4000,140,"homogeneous","c50-h36",50,36,"higher",0.00128064302305361,NA,1366.00203752654,1435.84196247347,150.100293876463,80.1002938764632,0.0127112591872459,2000000,23,16,45
11,4000,140,"homogeneous","c50-h48",50,48,"higher",0.00128064302305361,NA,1366.00203752654,1435.84196247347,197.82899375837,127.82899375837,0.0166889895963196,2000000,23,16,45
11,4000,140,"homogeneous","c50-h60",50,60,"higher",0.00128064302305361,NA,1366.00203752654,1435.84196247347,244.460574447781,174.460574447781,0.0205428555189624,2000000,23,16,45
11,4000,140,"homogeneous","c55-h24",55,24,"higher",0.00128064302305361,NA,1057.62194763893,942.64805236108,81.0084546458677,11.0084546458677,0.00830526196117154,2000000,23,16,45
11,4000,140,"homogeneous","c55-h36",55,36,"higher",0.00128064302305361,NA,1057.62194763893,942.64805236108,119.978848481926,49.9788484819263,0.0122614165086133,2000000,23,16,45
11,4000,140,"homogeneous","c55-h48",55,48,"higher",0.00128064302305361,NA,1057.62194763893,942.64805236108,157.968472658506,87.9684726585064,0.0160912267437563,2000000,23,16,45
11,4000,140,"homogeneous","c55-h60",55,60,"higher",0.00128064302305361,NA,1057.62194763893,942.64805236108,195.007247440173,125.007247440173,0.0197980565494179,2000000,23,16,45
11,4000,140,"homogeneous","c60-h24",60,24,"higher",0.00128064302305361,NA,691.75501667064,507.844983329379,55.6347298328592,-14.3652701671408,0.00816990833842852,2000000,23,16,45
11,4000,140,"homogeneous","c60-h36",60,36,"higher",0.00128064302305361,NA,691.75501667064,507.844983329379,82.27738334709,12.27738334709,0.0120549614355551,2000000,23,16,45
11,4000,140,"homogeneous","c60-h48",60,48,"higher",0.00128064302305361,NA,691.75501667064,507.844983329379,108.171653672728,38.171653672728,0.0158113484077311,2000000,23,16,45
11,4000,140,"homogeneous","c60-h60",60,60,"higher",0.00128064302305361,NA,691.75501667064,507.844983329379,133.342355449593,63.3423554495927,0.0194424149540593,2000000,23,16,45
11,4000,140,"homogeneous","c45-h24",45,24,"reduced",0.00128064302305361,NA,1565.69749885881,1865.86650114116,113.883014073797,43.8830140737971,0.00497474920493379,2000000,23,16,46
11,4000,140,"homogeneous","c45-h36",45,36,"reduced",0.00128064302305361,NA,1565.69749885881,1865.86650114116,168.948037944698,98.948037944698,0.00734335951920702,2000000,23,16,46
11,4000,140,"homogeneous","c45-h48",45,48,"reduced",0.00128064302305361,NA,1565.69749885881,1865.86650114116,222.808899914817,152.808899914817,0.00963586236330823,2000000,23,16,46
11,4000,140,"homogeneous","c45-h60",45,60,"reduced",0.00128064302305361,NA,1565.69749885881,1865.86650114116,275.499209902206,205.499209902206,0.0118544722173149,2000000,23,16,46
11,4000,140,"homogeneous","c50-h24",50,24,"reduced",0.00128064302305361,NA,1366.00203752654,1435.84196247347,101.241922093508,31.241922093508,0.00427942569538947,2000000,23,16,46
11,4000,140,"homogeneous","c50-h36",50,36,"reduced",0.00128064302305361,NA,1366.00203752654,1435.84196247347,150.100293876463,80.1002938764632,0.00631004085676085,2000000,23,16,46
11,4000,140,"homogeneous","c50-h48",50,48,"reduced",0.00128064302305361,NA,1366.00203752654,1435.84196247347,197.82899375837,127.82899375837,0.00827086417839717,2000000,23,16,46
11,4000,140,"homogeneous","c50-h60",50,60,"reduced",0.00128064302305361,NA,1366.00203752654,1435.84196247347,244.460574447781,174.460574447781,0.0101640149943858,2000000,23,16,46
11,4000,140,"homogeneous","c55-h24",55,24,"reduced",0.00128064302305361,NA,1057.62194763893,942.64805236108,81.0084546458677,11.0084546458677,0.0035526832539859,2000000,23,16,46
11,4000,140,"homogeneous","c55-h36",55,36,"reduced",0.00128064302305361,NA,1057.62194763893,942.64805236108,119.978848481926,49.9788484819263,0.00523301778668835,2000000,23,16,46
11,4000,140,"homogeneous","c55-h48",55,48,"reduced",0.00128064302305361,NA,1057.62194763893,942.64805236108,157.968472658506,87.9684726585064,0.00685200906760027,2000000,23,16,46
11,4000,140,"homogeneous","c55-h60",55,60,"reduced",0.00128064302305361,NA,1057.62194763893,942.64805236108,195.007247440173,125.007247440173,0.0084115752619598,2000000,23,16,46
11,4000,140,"homogeneous","c60-h24",60,24,"reduced",0.00128064302305361,NA,691.75501667064,507.844983329379,55.6347298328592,-14.3652701671408,0.00287406909546686,2000000,23,16,46
11,4000,140,"homogeneous","c60-h36",60,36,"reduced",0.00128064302305361,NA,691.75501667064,507.844983329379,82.27738334709,12.27738334709,0.00422927842761039,2000000,23,16,46
11,4000,140,"homogeneous","c60-h48",60,48,"reduced",0.00128064302305361,NA,691.75501667064,507.844983329379,108.171653672728,38.171653672728,0.00553223040823587,2000000,23,16,46
11,4000,140,"homogeneous","c60-h60",60,60,"reduced",0.00128064302305361,NA,691.75501667064,507.844983329379,133.342355449593,63.3423554495927,0.00678457941908956,2000000,23,16,46
12,8000,140,"homogeneous","c45-h24",45,24,"higher",0.000625616841839842,NA,3131.39499771763,3731.73300228231,112.542381646602,42.5423816466025,0.00446781094780982,2000000,24,16,47
12,8000,140,"homogeneous","c45-h36",45,36,"higher",0.000625616841839842,NA,3131.39499771763,3731.73300228231,167.895855201175,97.8958552011752,0.00665257490985103,2000000,24,16,47
12,8000,140,"homogeneous","c45-h48",45,48,"higher",0.000625616841839842,NA,3131.39499771763,3731.73300228231,222.648886135969,152.648886135969,0.0088051582740798,2000000,24,16,47
12,8000,140,"homogeneous","c45-h60",45,60,"higher",0.000625616841839842,NA,3131.39499771763,3731.73300228231,276.809818521569,206.809818521569,0.0109259887243029,2000000,24,16,47
12,8000,140,"homogeneous","c50-h24",50,24,"higher",0.000625616841839842,NA,2732.00407505307,2871.68392494694,100.114960207729,30.1149602077286,0.00427151257620103,2000000,24,16,47
12,8000,140,"homogeneous","c50-h36",50,36,"higher",0.000625616841839842,NA,2732.00407505307,2871.68392494694,149.309752549836,79.3097525498358,0.00635888383141125,2000000,24,16,47
12,8000,140,"homogeneous","c50-h48",50,48,"higher",0.000625616841839842,NA,2732.00407505307,2871.68392494694,197.940446531951,127.940446531951,0.00841457061157467,2000000,24,16,47
12,8000,140,"homogeneous","c50-h60",50,60,"higher",0.000625616841839842,NA,2732.00407505307,2871.68392494694,246.015132268915,176.015132268915,0.0104389946595651,2000000,24,16,47
12,8000,140,"homogeneous","c55-h24",55,24,"higher",0.000625616841839842,NA,2115.24389527785,1885.29610472216,80.1918719289908,10.1918719289908,0.00412392236378951,2000000,24,16,47
12,8000,140,"homogeneous","c55-h36",55,36,"higher",0.000625616841839842,NA,2115.24389527785,1885.29610472216,119.535982316422,49.5359823164217,0.0061379082733933,2000000,24,16,47
12,8000,140,"homogeneous","c55-h48",55,48,"higher",0.000625616841839842,NA,2115.24389527785,1885.29610472216,158.389042547427,88.3890425474266,0.00812046871792482,2000000,24,16,47
12,8000,140,"homogeneous","c55-h60",55,60,"higher",0.000625616841839842,NA,2115.24389527785,1885.29610472216,196.758505894513,126.758505894513,0.0100720153390815,2000000,24,16,47
12,8000,140,"homogeneous","c60-h24",60,24,"higher",0.000625616841839842,NA,1383.51003334128,1015.68996665876,55.1579321747137,-14.8420678252863,0.00405892854880514,2000000,24,16,47
12,8000,140,"homogeneous","c60-h36",60,36,"higher",0.000625616841839842,NA,1383.51003334128,1015.68996665876,82.1597677390774,12.1597677390774,0.00603961146182461,2000000,24,16,47
12,8000,140,"homogeneous","c60-h48",60,48,"higher",0.000625616841839842,NA,1383.51003334128,1015.68996665876,108.785329009178,38.7853290091777,0.00798832535038359,2000000,24,16,47
12,8000,140,"homogeneous","c60-h60",60,60,"higher",0.000625616841839842,NA,1383.51003334128,1015.68996665876,135.040823273005,65.0408232730055,0.00990547790734149,2000000,24,16,47
12,8000,140,"homogeneous","c45-h24",45,24,"reduced",0.000625616841839842,NA,3131.39499771763,3731.73300228231,112.542381646602,42.5423816466025,0.00247061426737773,2000000,24,16,48
12,8000,140,"homogeneous","c45-h36",45,36,"reduced",0.000625616841839842,NA,3131.39499771763,3731.73300228231,167.895855201175,97.8958552011752,0.00367685774500691,2000000,24,16,48
12,8000,140,"homogeneous","c45-h48",45,48,"reduced",0.000625616841839842,NA,3131.39499771763,3731.73300228231,222.648886135969,152.648886135969,0.0048640960786537,2000000,24,16,48
12,8000,140,"homogeneous","c45-h60",45,60,"reduced",0.000625616841839842,NA,3131.39499771763,3731.73300228231,276.809818521569,206.809818521569,0.0060326020452504,2000000,24,16,48
12,8000,140,"homogeneous","c50-h24",50,24,"reduced",0.000625616841839842,NA,2732.00407505307,2871.68392494694,100.114960207729,30.1149602077286,0.00212768305756418,2000000,24,16,48
12,8000,140,"homogeneous","c50-h36",50,36,"reduced",0.000625616841839842,NA,2732.00407505307,2871.68392494694,149.309752549836,79.3097525498358,0.00316479762356826,2000000,24,16,48
12,8000,140,"homogeneous","c50-h48",50,48,"reduced",0.000625616841839842,NA,2732.00407505307,2871.68392494694,197.940446531951,127.940446531951,0.00418444962473295,2000000,24,16,48
12,8000,140,"homogeneous","c50-h60",50,60,"reduced",0.000625616841839842,NA,2732.00407505307,2871.68392494694,246.015132268915,176.015132268915,0.00518690050650232,2000000,24,16,48
12,8000,140,"homogeneous","c55-h24",55,24,"reduced",0.000625616841839842,NA,2115.24389527785,1885.29610472216,80.1918719289908,10.1918719289908,0.00176822325731014,2000000,24,16,48
12,8000,140,"homogeneous","c55-h36",55,36,"reduced",0.000625616841839842,NA,2115.24389527785,1885.29610472216,119.535982316422,49.5359823164217,0.00262879733923112,2000000,24,16,48
12,8000,140,"homogeneous","c55-h48",55,48,"reduced",0.000625616841839842,NA,2115.24389527785,1885.29610472216,158.389042547427,88.3890425474266,0.00347400152886185,2000000,24,16,48
12,8000,140,"homogeneous","c55-h60",55,60,"reduced",0.000625616841839842,NA,2115.24389527785,1885.29610472216,196.758505894513,126.758505894513,0.00430407252866471,2000000,24,16,48
12,8000,140,"homogeneous","c60-h24",60,24,"reduced",0.000625616841839842,NA,1383.51003334128,1015.68996665876,55.1579321747137,-14.8420678252863,0.0014318875333217,2000000,24,16,48
12,8000,140,"homogeneous","c60-h36",60,36,"reduced",0.000625616841839842,NA,1383.51003334128,1015.68996665876,82.1597677390774,12.1597677390774,0.00212776532965435,2000000,24,16,48
12,8000,140,"homogeneous","c60-h48",60,48,"reduced",0.000625616841839842,NA,1383.51003334128,1015.68996665876,108.785329009178,38.7853290091777,0.00281054273439588,2000000,24,16,48
12,8000,140,"homogeneous","c60-h60",60,60,"reduced",0.000625616841839842,NA,1383.51003334128,1015.68996665876,135.040823273005,65.0408232730055,0.00348042355841074,2000000,24,16,48
13,4000,35,"heterogeneous","c50-h36",50,36,"higher",0.00030927963450513,NA,1366.00203752654,1435.84196247347,41.2897342872387,-28.7102657127613,0.00480877801037441,2000000,25,4,49
13,4000,35,"heterogeneous","c50-h60",50,60,"higher",0.00030927963450513,NA,1366.00203752654,1435.84196247347,68.3455315558746,-1.65446844412538,0.00793330946042529,2000000,25,4,49
13,4000,35,"heterogeneous","c55-h36",55,36,"higher",0.00030927963450513,NA,1057.62194763893,942.64805236108,34.0367409168087,-35.9632590831913,0.004745346069649,2000000,25,4,49
13,4000,35,"heterogeneous","c55-h60",55,60,"higher",0.00030927963450513,NA,1057.62194763893,942.64805236108,56.3009158560453,-13.6990841439547,0.00782648890966635,2000000,25,4,49
13,4000,35,"heterogeneous","c50-h36",50,36,"reduced",0.00030927963450513,NA,1366.00203752654,1435.84196247347,41.2897342872387,-28.7102657127613,0.00293847080055957,2000000,25,4,50
13,4000,35,"heterogeneous","c50-h60",50,60,"reduced",0.00030927963450513,NA,1366.00203752654,1435.84196247347,68.3455315558746,-1.65446844412538,0.00484222260106036,2000000,25,4,50
13,4000,35,"heterogeneous","c55-h36",55,36,"reduced",0.00030927963450513,NA,1057.62194763893,942.64805236108,34.0367409168087,-35.9632590831913,0.00257062922626304,2000000,25,4,50
13,4000,35,"heterogeneous","c55-h60",55,60,"reduced",0.00030927963450513,NA,1057.62194763893,942.64805236108,56.3009158560453,-13.6990841439547,0.0042325730892734,2000000,25,4,50
14,8000,35,"heterogeneous","c50-h36",50,36,"higher",0.000153775122859788,NA,2732.00407505307,2871.68392494694,41.2729866562039,-28.7270133437961,0.00240945863979351,2000000,26,4,51
14,8000,35,"heterogeneous","c50-h60",50,60,"higher",0.000153775122859788,NA,2732.00407505307,2871.68392494694,68.5526567012981,-1.44734329870188,0.0039953865856789,2000000,26,4,51
14,8000,35,"heterogeneous","c55-h36",55,36,"higher",0.000153775122859788,NA,2115.24389527785,1885.29610472216,34.040783321707,-35.959216678293,0.00237816697537323,2000000,26,4,51
14,8000,35,"heterogeneous","c55-h60",55,60,"higher",0.000153775122859788,NA,2115.24389527785,1885.29610472216,56.5207187480356,-13.4792812519644,0.00394296258109806,2000000,26,4,51
14,8000,35,"heterogeneous","c50-h36",50,36,"reduced",0.000153775122859788,NA,2732.00407505307,2871.68392494694,41.2729866562039,-28.7270133437961,0.00147360719466746,2000000,26,4,52
14,8000,35,"heterogeneous","c50-h60",50,60,"reduced",0.000153775122859788,NA,2732.00407505307,2871.68392494694,68.5526567012981,-1.44734329870188,0.00244215553270043,2000000,26,4,52
14,8000,35,"heterogeneous","c55-h36",55,36,"reduced",0.000153775122859788,NA,2115.24389527785,1885.29610472216,34.040783321707,-35.959216678293,0.00128994005063191,2000000,26,4,52
14,8000,35,"heterogeneous","c55-h60",55,60,"reduced",0.000153775122859788,NA,2115.24389527785,1885.29610472216,56.5207187480356,-13.4792812519644,0.00213689578765759,2000000,26,4,52
15,4000,70,"heterogeneous","c50-h36",50,36,"higher",0.000625616841839842,NA,1366.00203752654,1435.84196247347,82.6480992401541,12.6480992401541,0.00957640535092271,2000000,27,4,53
15,4000,70,"heterogeneous","c50-h60",50,60,"higher",0.000625616841839842,NA,1366.00203752654,1435.84196247347,135.868871151464,65.868871151464,0.0156369258127354,2000000,27,4,53
15,4000,70,"heterogeneous","c55-h36",55,36,"higher",0.000625616841839842,NA,1057.62194763893,942.64805236108,68.0578648280235,-1.94213517197655,0.00944604305363263,2000000,27,4,53
15,4000,70,"heterogeneous","c55-h60",55,60,"higher",0.000625616841839842,NA,1057.62194763893,942.64805236108,111.728577331216,41.7285773312163,0.0154151316743518,2000000,27,4,53
15,4000,70,"heterogeneous","c50-h36",50,36,"reduced",0.000625616841839842,NA,1366.00203752654,1435.84196247347,82.6480992401541,12.6480992401541,0.00584155611295282,2000000,27,4,54
15,4000,70,"heterogeneous","c50-h60",50,60,"reduced",0.000625616841839842,NA,1366.00203752654,1435.84196247347,135.868871151464,65.868871151464,0.00951659837653958,2000000,27,4,54
15,4000,70,"heterogeneous","c55-h36",55,36,"reduced",0.000625616841839842,NA,1057.62194763893,942.64805236108,68.0578648280235,-1.94213517197655,0.0051038336253476,2000000,27,4,54
15,4000,70,"heterogeneous","c55-h60",55,60,"reduced",0.000625616841839842,NA,1057.62194763893,942.64805236108,111.728577331216,41.7285773312163,0.00830083245643378,2000000,27,4,54
16,8000,70,"heterogeneous","c50-h36",50,36,"higher",0.00030927963450513,NA,2732.00407505307,2871.68392494694,82.5794685744774,12.5794685744774,0.00480877801037441,2000000,28,4,55
16,8000,70,"heterogeneous","c50-h60",50,60,"higher",0.00030927963450513,NA,2732.00407505307,2871.68392494694,136.691063111749,66.6910631117492,0.00793330946042529,2000000,28,4,55
16,8000,70,"heterogeneous","c55-h36",55,36,"higher",0.00030927963450513,NA,2115.24389527785,1885.29610472216,68.0734818336175,-1.92651816638254,0.004745346069649,2000000,28,4,55
16,8000,70,"heterogeneous","c55-h60",55,60,"higher",0.00030927963450513,NA,2115.24389527785,1885.29610472216,112.601831712091,42.6018317120907,0.00782648890966635,2000000,28,4,55
16,8000,70,"heterogeneous","c50-h36",50,36,"reduced",0.00030927963450513,NA,2732.00407505307,2871.68392494694,82.5794685744774,12.5794685744774,0.00293847080055957,2000000,28,4,56
16,8000,70,"heterogeneous","c50-h60",50,60,"reduced",0.00030927963450513,NA,2732.00407505307,2871.68392494694,136.691063111749,66.6910631117492,0.00484222260106036,2000000,28,4,56
16,8000,70,"heterogeneous","c55-h36",55,36,"reduced",0.00030927963450513,NA,2115.24389527785,1885.29610472216,68.0734818336175,-1.92651816638254,0.00257062922626304,2000000,28,4,56
16,8000,70,"heterogeneous","c55-h60",55,60,"reduced",0.00030927963450513,NA,2115.24389527785,1885.29610472216,112.601831712091,42.6018317120907,0.0042325730892734,2000000,28,4,56
17,4000,140,"heterogeneous","c50-h36",50,36,"higher",0.00128064302305361,NA,1366.00203752654,1435.84196247347,165.584298388,95.5842983880001,0.0189832565154791,2000000,29,4,57
17,4000,140,"heterogeneous","c50-h60",50,60,"higher",0.00128064302305361,NA,1366.00203752654,1435.84196247347,268.498438812931,198.498438812931,0.0303561366641833,2000000,29,4,57
17,4000,140,"heterogeneous","c55-h36",55,36,"higher",0.00128064302305361,NA,1057.62194763893,942.64805236108,136.057810134715,66.0578101347155,0.0187076722015654,2000000,29,4,57
17,4000,140,"heterogeneous","c55-h60",55,60,"higher",0.00128064302305361,NA,1057.62194763893,942.64805236108,220.010725742531,150.010725742531,0.0298778467860694,2000000,29,4,57
17,4000,140,"heterogeneous","c50-h36",50,36,"reduced",0.00128064302305361,NA,1366.00203752654,1435.84196247347,165.584298388,95.5842983880001,0.0115381648185696,2000000,29,4,58
17,4000,140,"heterogeneous","c50-h60",50,60,"reduced",0.00128064302305361,NA,1366.00203752654,1435.84196247347,268.498438812931,198.498438812931,0.0183658096211144,2000000,29,4,58
17,4000,140,"heterogeneous","c55-h36",55,36,"reduced",0.00128064302305361,NA,1057.62194763893,942.64805236108,136.057810134715,66.0578101347155,0.0100544874740708,2000000,29,4,58
17,4000,140,"heterogeneous","c55-h60",55,60,"reduced",0.00128064302305361,NA,1057.62194763893,942.64805236108,220.010725742531,150.010725742531,0.0159488949788821,2000000,29,4,58
18,8000,140,"heterogeneous","c50-h36",50,36,"higher",0.000625616841839842,NA,2732.00407505307,2871.68392494694,165.296198480308,95.2961984803082,0.00957640535092271,2000000,30,4,59
18,8000,140,"heterogeneous","c50-h60",50,60,"higher",0.000625616841839842,NA,2732.00407505307,2871.68392494694,271.737742302928,201.737742302928,0.0156369258127354,2000000,30,4,59
18,8000,140,"heterogeneous","c55-h36",55,36,"higher",0.000625616841839842,NA,2115.24389527785,1885.29610472216,136.115729656047,66.1157296560469,0.00944604305363263,2000000,30,4,59
18,8000,140,"heterogeneous","c55-h60",55,60,"higher",0.000625616841839842,NA,2115.24389527785,1885.29610472216,223.457154662433,153.457154662433,0.0154151316743518,2000000,30,4,59
18,8000,140,"heterogeneous","c50-h36",50,36,"reduced",0.000625616841839842,NA,2732.00407505307,2871.68392494694,165.296198480308,95.2961984803082,0.00584155611295282,2000000,30,4,60
18,8000,140,"heterogeneous","c50-h60",50,60,"reduced",0.000625616841839842,NA,2732.00407505307,2871.68392494694,271.737742302928,201.737742302928,0.00951659837653958,2000000,30,4,60
18,8000,140,"heterogeneous","c55-h36",55,36,"reduced",0.000625616841839842,NA,2115.24389527785,1885.29610472216,136.115729656047,66.1157296560469,0.0051038336253476,2000000,30,4,60
18,8000,140,"heterogeneous","c55-h60",55,60,"reduced",0.000625616841839842,NA,2115.24389527785,1885.29610472216,223.457154662433,153.457154662433,0.00830083245643378,2000000,30,4,60
13,4000,35,"heterogeneous","c45-h24",45,24,"higher",0.00030927963450513,NA,1565.69749885881,1865.86650114116,30.5505978962205,-39.4494021037795,0.00330457110778169,2000000,31,16,61
13,4000,35,"heterogeneous","c45-h36",45,36,"higher",0.00030927963450513,NA,1565.69749885881,1865.86650114116,45.6771734442707,-24.3228265557293,0.00493235455354471,2000000,31,16,61
13,4000,35,"heterogeneous","c45-h48",45,48,"higher",0.00030927963450513,NA,1565.69749885881,1865.86650114116,60.7057990366451,-9.29420096335488,0.00654402215635083,2000000,31,16,61
13,4000,35,"heterogeneous","c45-h60",45,60,"higher",0.00030927963450513,NA,1565.69749885881,1865.86650114116,75.6373605960595,5.63736059605945,0.00813973574030686,2000000,31,16,61
13,4000,35,"heterogeneous","c50-h24",50,24,"higher",0.00030927963450513,NA,1366.00203752654,1435.84196247347,27.6215105972368,-42.3784894027632,0.00322228129578556,2000000,31,16,61
13,4000,35,"heterogeneous","c50-h36",50,36,"higher",0.00030927963450513,NA,1366.00203752654,1435.84196247347,41.2897342872387,-28.7102657127613,0.00480877801037441,2000000,31,16,61
13,4000,35,"heterogeneous","c50-h48",50,48,"higher",0.00030927963450513,NA,1366.00203752654,1435.84196247347,54.864117264029,-15.135882735971,0.00637906629930948,2000000,31,16,61
13,4000,35,"heterogeneous","c50-h60",50,60,"higher",0.00030927963450513,NA,1366.00203752654,1435.84196247347,68.3455315558746,-1.65446844412538,0.00793330946042529,2000000,31,16,61
13,4000,35,"heterogeneous","c55-h24",55,24,"higher",0.00030927963450513,NA,1057.62194763893,942.64805236108,22.7774027876076,-47.2225972123924,0.00318021295934759,2000000,31,16,61
13,4000,35,"heterogeneous","c55-h36",55,36,"higher",0.00030927963450513,NA,1057.62194763893,942.64805236108,34.0367409168087,-35.9632590831913,0.004745346069649,2000000,31,16,61
13,4000,35,"heterogeneous","c55-h48",55,48,"higher",0.00030927963450513,NA,1057.62194763893,942.64805236108,45.2109670610536,-24.7890329389464,0.00629405043195376,2000000,31,16,61
13,4000,35,"heterogeneous","c55-h60",55,60,"higher",0.00030927963450513,NA,1057.62194763893,942.64805236108,56.3009158560453,-13.6990841439547,0.00782648890966635,2000000,31,16,61
13,4000,35,"heterogeneous","c60-h24",60,24,"higher",0.00030927963450513,NA,691.75501667064,507.844983329379,16.3747248985823,-53.6252751014177,0.0032113172341886,2000000,31,16,61
13,4000,35,"heterogeneous","c60-h36",60,36,"higher",0.00030927963450513,NA,691.75501667064,507.844983329379,24.4555931700978,-45.5444068299022,0.00479101533416555,2000000,31,16,61
13,4000,35,"heterogeneous","c60-h48",60,48,"higher",0.00030927963450513,NA,691.75501667064,507.844983329379,32.466482490468,-37.533517509532,0.00635362609068382,2000000,31,16,61
13,4000,35,"heterogeneous","c60-h60",60,60,"higher",0.00030927963450513,NA,691.75501667064,507.844983329379,40.4081433991038,-29.5918566008962,0.0078993121841751,2000000,31,16,61
13,4000,35,"heterogeneous","c45-h24",45,24,"reduced",0.00030927963450513,NA,1565.69749885881,1865.86650114116,30.5505978962205,-39.4494021037795,0.00216832146169667,2000000,31,16,62
13,4000,35,"heterogeneous","c45-h36",45,36,"reduced",0.00030927963450513,NA,1565.69749885881,1865.86650114116,45.6771734442707,-24.3228265557293,0.00323531217211633,2000000,31,16,62
13,4000,35,"heterogeneous","c45-h48",45,48,"reduced",0.00030927963450513,NA,1565.69749885881,1865.86650114116,60.7057990366451,-9.29420096335488,0.00429101770135868,2000000,31,16,62
13,4000,35,"heterogeneous","c45-h60",45,60,"reduced",0.00030927963450513,NA,1565.69749885881,1865.86650114116,75.6373605960595,5.63736059605945,0.00533555740458759,2000000,31,16,62
13,4000,35,"heterogeneous","c50-h24",50,24,"reduced",0.00030927963450513,NA,1366.00203752654,1435.84196247347,27.6215105972368,-42.3784894027632,0.00197014861812084,2000000,31,16,62
13,4000,35,"heterogeneous","c50-h36",50,36,"reduced",0.00030927963450513,NA,1366.00203752654,1435.84196247347,41.2897342872387,-28.7102657127613,0.00293847080055957,2000000,31,16,62
13,4000,35,"heterogeneous","c50-h48",50,48,"reduced",0.00030927963450513,NA,1366.00203752654,1435.84196247347,54.864117264029,-15.135882735971,0.00389578850140557,2000000,31,16,62
13,4000,35,"heterogeneous","c50-h60",50,60,"reduced",0.00030927963450513,NA,1366.00203752654,1435.84196247347,68.3455315558746,-1.65446844412538,0.00484222260106036,2000000,31,16,62
13,4000,35,"heterogeneous","c55-h24",55,24,"reduced",0.00030927963450513,NA,1057.62194763893,942.64805236108,22.7774027876076,-47.2225972123924,0.00172423288201212,2000000,31,16,62
13,4000,35,"heterogeneous","c55-h36",55,36,"reduced",0.00030927963450513,NA,1057.62194763893,942.64805236108,34.0367409168087,-35.9632590831913,0.00257062922626304,2000000,31,16,62
13,4000,35,"heterogeneous","c55-h48",55,48,"reduced",0.00030927963450513,NA,1057.62194763893,942.64805236108,45.2109670610536,-24.7890329389464,0.00340670367468375,2000000,31,16,62
13,4000,35,"heterogeneous","c55-h60",55,60,"reduced",0.00030927963450513,NA,1057.62194763893,942.64805236108,56.3009158560453,-13.6990841439547,0.0042325730892734,2000000,31,16,62
13,4000,35,"heterogeneous","c60-h24",60,24,"reduced",0.00030927963450513,NA,691.75501667064,507.844983329379,16.3747248985823,-53.6252751014177,0.00144426403169445,2000000,31,16,62
13,4000,35,"heterogeneous","c60-h36",60,36,"reduced",0.00030927963450513,NA,691.75501667064,507.844983329379,24.4555931700978,-45.5444068299022,0.00215234737239387,2000000,31,16,62
13,4000,35,"heterogeneous","c60-h48",60,48,"reduced",0.00030927963450513,NA,691.75501667064,507.844983329379,32.466482490468,-37.533517509532,0.00285120817058002,2000000,31,16,62
13,4000,35,"heterogeneous","c60-h60",60,60,"reduced",0.00030927963450513,NA,691.75501667064,507.844983329379,40.4081433991038,-29.5918566008962,0.00354095230416006,2000000,31,16,62
14,8000,35,"heterogeneous","c45-h24",45,24,"higher",0.000153775122859788,NA,3131.39499771763,3731.73300228231,30.4795215117705,-39.5204784882295,0.00165126898883806,2000000,32,16,63
14,8000,35,"heterogeneous","c45-h36",45,36,"higher",0.000153775122859788,NA,3131.39499771763,3731.73300228231,45.6451854478637,-24.3548145521363,0.00247079476491696,2000000,32,16,63
14,8000,35,"heterogeneous","c45-h48",45,48,"higher",0.000153775122859788,NA,3131.39499771763,3731.73300228231,60.7617502534553,-9.23824974654474,0.00328627532025768,2000000,32,16,63
14,8000,35,"heterogeneous","c45-h60",45,60,"higher",0.000153775122859788,NA,3131.39499771763,3731.73300228231,75.8294383297282,5.82943832972818,0.00409773095236348,2000000,32,16,63
14,8000,35,"heterogeneous","c50-h24",50,24,"higher",0.000153775122859788,NA,2732.00407505307,2871.68392494694,27.5626755992553,-42.4373244007447,0.00161040191857267,2000000,32,16,63
14,8000,35,"heterogeneous","c50-h36",50,36,"higher",0.000153775122859788,NA,2732.00407505307,2871.68392494694,41.2729866562039,-28.7270133437961,0.00240945863979351,2000000,32,16,63
14,8000,35,"heterogeneous","c50-h48",50,48,"higher",0.000153775122859788,NA,2732.00407505307,2871.68392494694,54.936240703057,-15.063759296943,0.00320444670251037,2000000,32,16,63
14,8000,35,"heterogeneous","c50-h60",50,60,"higher",0.000153775122859788,NA,2732.00407505307,2871.68392494694,68.5526567012981,-1.44734329870188,0.0039953865856789,2000000,32,16,63
14,8000,35,"heterogeneous","c55-h24",55,24,"higher",0.000153775122859788,NA,2115.24389527785,1885.29610472216,22.7368505594387,-47.2631494405613,0.00158959498164664,2000000,32,16,63
14,8000,35,"heterogeneous","c55-h36",55,36,"higher",0.000153775122859788,NA,2115.24389527785,1885.29610472216,34.040783321707,-35.959216678293,0.00237816697537323,2000000,32,16,63
14,8000,35,"heterogeneous","c55-h48",55,48,"higher",0.000153775122859788,NA,2115.24389527785,1885.29610472216,45.302002821744,-24.697997178256,0.00316261603850413,2000000,32,16,63
14,8000,35,"heterogeneous","c55-h60",55,60,"higher",0.000153775122859788,NA,2115.24389527785,1885.29610472216,56.5207187480356,-13.4792812519644,0.00394296258109806,2000000,32,16,63
14,8000,35,"heterogeneous","c60-h24",60,24,"higher",0.000153775122859788,NA,1383.51003334128,1015.68996665876,16.3546717933543,-53.6453282066457,0.00160538903218544,2000000,32,16,63
14,8000,35,"heterogeneous","c60-h36",60,36,"higher",0.000153775122859788,NA,1383.51003334128,1015.68996665876,24.4788751574431,-45.5211248425569,0.00240161417211024,2000000,32,16,63
14,8000,35,"heterogeneous","c60-h48",60,48,"higher",0.000153775122859788,NA,1383.51003334128,1015.68996665876,32.5679105972147,-37.4320894027853,0.00319355370548637,2000000,32,16,63
14,8000,35,"heterogeneous","c60-h60",60,60,"higher",0.000153775122859788,NA,1383.51003334128,1015.68996665876,40.6219668950905,-29.3780331049095,0.00398122798694803,2000000,32,16,63
14,8000,35,"heterogeneous","c45-h24",45,24,"reduced",0.000153775122859788,NA,3131.39499771763,3731.73300228231,30.4795215117705,-39.5204784882295,0.0010838624715566,2000000,32,16,64
14,8000,35,"heterogeneous","c45-h36",45,36,"reduced",0.000153775122859788,NA,3131.39499771763,3731.73300228231,45.6451854478637,-24.3548145521363,0.00162151106605846,2000000,32,16,64
14,8000,35,"heterogeneous","c45-h48",45,48,"reduced",0.000153775122859788,NA,3131.39499771763,3731.73300228231,60.7617502534553,-9.23824974654474,0.00215632468267782,2000000,32,16,64
14,8000,35,"heterogeneous","c45-h60",45,60,"reduced",0.000153775122859788,NA,3131.39499771763,3731.73300228231,75.8294383297282,5.82943832972818,0.00268831829856678,2000000,32,16,64
14,8000,35,"heterogeneous","c50-h24",50,24,"reduced",0.000153775122859788,NA,2732.00407505307,2871.68392494694,27.5626755992553,-42.4373244007447,0.000985191352543727,2000000,32,16,64
14,8000,35,"heterogeneous","c50-h36",50,36,"reduced",0.000153775122859788,NA,2732.00407505307,2871.68392494694,41.2729866562039,-28.7270133437961,0.00147360719466746,2000000,32,16,64
14,8000,35,"heterogeneous","c50-h48",50,48,"reduced",0.000153775122859788,NA,2732.00407505307,2871.68392494694,54.936240703057,-15.063759296943,0.00195925686347499,2000000,32,16,64
14,8000,35,"heterogeneous","c50-h60",50,60,"reduced",0.000153775122859788,NA,2732.00407505307,2871.68392494694,68.5526567012981,-1.44734329870188,0.00244215553270043,2000000,32,16,64
14,8000,35,"heterogeneous","c55-h24",55,24,"reduced",0.000153775122859788,NA,2115.24389527785,1885.29610472216,22.7368505594387,-47.2631494405613,0.000862575650794733,2000000,32,16,64
14,8000,35,"heterogeneous","c55-h36",55,36,"reduced",0.000153775122859788,NA,2115.24389527785,1885.29610472216,34.040783321707,-35.959216678293,0.00128994005063191,2000000,32,16,64
14,8000,35,"heterogeneous","c55-h48",55,48,"reduced",0.000153775122859788,NA,2115.24389527785,1885.29610472216,45.302002821744,-24.697997178256,0.00171470853962279,2000000,32,16,64
14,8000,35,"heterogeneous","c55-h60",55,60,"reduced",0.000153775122859788,NA,2115.24389527785,1885.29610472216,56.5207187480356,-13.4792812519644,0.00213689578765759,2000000,32,16,64
14,8000,35,"heterogeneous","c60-h24",60,24,"reduced",0.000153775122859788,NA,1383.51003334128,1015.68996665876,16.3546717933543,-53.6453282066457,0.000722813063416855,2000000,32,16,64
14,8000,35,"heterogeneous","c60-h36",60,36,"reduced",0.000153775122859788,NA,1383.51003334128,1015.68996665876,24.4788751574431,-45.5211248425569,0.0010807128882746,2000000,32,16,64
14,8000,35,"heterogeneous","c60-h48",60,48,"reduced",0.000153775122859788,NA,1383.51003334128,1015.68996665876,32.5679105972147,-37.4320894027853,0.00143629274795282,2000000,32,16,64
14,8000,35,"heterogeneous","c60-h60",60,60,"reduced",0.000153775122859788,NA,1383.51003334128,1015.68996665876,40.6219668950905,-29.3780331049095,0.0017895659255149,2000000,32,16,64
15,4000,70,"heterogeneous","c45-h24",45,24,"higher",0.000625616841839842,NA,1565.69749885881,1865.86650114116,61.3893644829789,-8.61063551702108,0.00661719480449212,2000000,33,16,65
15,4000,70,"heterogeneous","c45-h36",45,36,"higher",0.000625616841839842,NA,1565.69749885881,1865.86650114116,91.4848401354694,21.4848401354694,0.00982724005754571,2000000,33,16,65
15,4000,70,"heterogeneous","c45-h48",45,48,"higher",0.000625616841839842,NA,1565.69749885881,1865.86650114116,121.190501677112,51.1905016771122,0.0129733485148369,2000000,33,16,65
15,4000,70,"heterogeneous","c45-h60",45,60,"higher",0.000625616841839842,NA,1565.69749885881,1865.86650114116,150.513378056303,80.5133780563028,0.0160568057684273,2000000,33,16,65
15,4000,70,"heterogeneous","c50-h24",50,24,"higher",0.000625616841839842,NA,1366.00203752654,1435.84196247347,55.4814106730892,-14.5185893269108,0.00645034826086981,2000000,33,16,65
15,4000,70,"heterogeneous","c50-h36",50,36,"higher",0.000625616841839842,NA,1366.00203752654,1435.84196247347,82.6480992401541,12.6480992401541,0.00957640535092271,2000000,33,16,65
15,4000,70,"heterogeneous","c50-h48",50,48,"higher",0.000625616841839842,NA,1366.00203752654,1435.84196247347,109.441614209407,39.4416142094073,0.0126381652923573,2000000,33,16,65
15,4000,70,"heterogeneous","c50-h60",50,60,"higher",0.000625616841839842,NA,1366.00203752654,1435.84196247347,135.868871151464,65.868871151464,0.0156369258127354,2000000,33,16,65
15,4000,70,"heterogeneous","c55-h24",55,24,"higher",0.000625616841839842,NA,1057.62194763893,942.64805236108,45.7189279025669,-24.2810720974331,0.00636434206498618,2000000,33,16,65
15,4000,70,"heterogeneous","c55-h36",55,36,"higher",0.000625616841839842,NA,1057.62194763893,942.64805236108,68.0578648280235,-1.94213517197655,0.00944604305363263,2000000,33,16,65
15,4000,70,"heterogeneous","c55-h48",55,48,"higher",0.000625616841839842,NA,1057.62194763893,942.64805236108,90.058877463378,20.058877463378,0.0124625408855594,2000000,33,16,65
15,4000,70,"heterogeneous","c55-h60",55,60,"higher",0.000625616841839842,NA,1057.62194763893,942.64805236108,111.728577331216,41.7285773312163,0.0154151316743518,2000000,33,16,65
15,4000,70,"heterogeneous","c60-h24",60,24,"higher",0.000625616841839842,NA,691.75501667064,507.844983329379,32.8304322104442,-37.1695677895558,0.00642453667641043,2000000,33,16,65
15,4000,70,"heterogeneous","c60-h36",60,36,"higher",0.000625616841839842,NA,691.75501667064,507.844983329379,48.8178135485504,-21.1821864514496,0.00953229284372738,2000000,33,16,65
15,4000,70,"heterogeneous","c60-h48",60,48,"higher",0.000625616841839842,NA,691.75501667064,507.844983329379,64.5281435018792,-5.47185649812083,0.0125721507612903,2000000,33,16,65
15,4000,70,"heterogeneous","c60-h60",60,60,"higher",0.000625616841839842,NA,691.75501667064,507.844983329379,79.9673531639924,9.9673531639924,0.0155454092460175,2000000,33,16,65
15,4000,70,"heterogeneous","c45-h24",45,24,"reduced",0.000625616841839842,NA,1565.69749885881,1865.86650114116,61.3893644829789,-8.61063551702108,0.00433893148879799,2000000,33,16,66
15,4000,70,"heterogeneous","c45-h36",45,36,"reduced",0.000625616841839842,NA,1565.69749885881,1865.86650114116,91.4848401354694,21.4848401354694,0.00643939910690688,2000000,33,16,66
15,4000,70,"heterogeneous","c45-h48",45,48,"reduced",0.000625616841839842,NA,1565.69749885881,1865.86650114116,121.190501677112,51.1905016771122,0.00849516915584795,2000000,33,16,66
15,4000,70,"heterogeneous","c45-h60",45,60,"reduced",0.000625616841839842,NA,1565.69749885881,1865.86650114116,150.513378056303,80.5133780563028,0.0105071889577877,2000000,33,16,66
15,4000,70,"heterogeneous","c50-h24",50,24,"reduced",0.000625616841839842,NA,1366.00203752654,1435.84196247347,55.4814106730892,-14.5185893269108,0.0039392187109479,2000000,33,16,66
15,4000,70,"heterogeneous","c50-h36",50,36,"reduced",0.000625616841839842,NA,1366.00203752654,1435.84196247347,82.6480992401541,12.6480992401541,0.00584155611295282,2000000,33,16,66
15,4000,70,"heterogeneous","c50-h48",50,48,"reduced",0.000625616841839842,NA,1366.00203752654,1435.84196247347,109.441614209407,39.4416142094073,0.0077003630859639,2000000,33,16,66
15,4000,70,"heterogeneous","c50-h60",50,60,"reduced",0.000625616841839842,NA,1366.00203752654,1435.84196247347,135.868871151464,65.868871151464,0.00951659837653958,2000000,33,16,66
15,4000,70,"heterogeneous","c55-h24",55,24,"reduced",0.000625616841839842,NA,1057.62194763893,942.64805236108,45.7189279025669,-24.2810720974331,0.00344461671143505,2000000,33,16,66
15,4000,70,"heterogeneous","c55-h36",55,36,"reduced",0.000625616841839842,NA,1057.62194763893,942.64805236108,68.0578648280235,-1.94213517197655,0.0051038336253476,2000000,33,16,66
15,4000,70,"heterogeneous","c55-h48",55,48,"reduced",0.000625616841839842,NA,1057.62194763893,942.64805236108,90.058877463378,20.058877463378,0.00672226328199481,2000000,33,16,66
15,4000,70,"heterogeneous","c55-h60",55,60,"reduced",0.000625616841839842,NA,1057.62194763893,942.64805236108,111.728577331216,41.7285773312163,0.00830083245643378,2000000,33,16,66
15,4000,70,"heterogeneous","c60-h24",60,24,"reduced",0.000625616841839842,NA,691.75501667064,507.844983329379,32.8304322104442,-37.1695677895558,0.00288288499566562,2000000,33,16,66
15,4000,70,"heterogeneous","c60-h36",60,36,"reduced",0.000625616841839842,NA,691.75501667064,507.844983329379,48.8178135485504,-21.1821864514496,0.00426795912818502,2000000,33,16,66
15,4000,70,"heterogeneous","c60-h48",60,48,"reduced",0.000625616841839842,NA,691.75501667064,507.844983329379,64.5281435018792,-5.47185649812083,0.0056166087303156,2000000,33,16,66
15,4000,70,"heterogeneous","c60-h60",60,60,"reduced",0.000625616841839842,NA,691.75501667064,507.844983329379,79.9673531639924,9.9673531639924,0.00692967444870963,2000000,33,16,66
16,8000,70,"heterogeneous","c45-h24",45,24,"higher",0.00030927963450513,NA,3131.39499771763,3731.73300228231,61.101195792441,-8.89880420755903,0.00330457110778169,2000000,34,16,67
16,8000,70,"heterogeneous","c45-h36",45,36,"higher",0.00030927963450513,NA,3131.39499771763,3731.73300228231,91.3543468885415,21.3543468885415,0.00493235455354471,2000000,34,16,67
16,8000,70,"heterogeneous","c45-h48",45,48,"higher",0.00030927963450513,NA,3131.39499771763,3731.73300228231,121.41159807329,51.4115980732902,0.00654402215635083,2000000,34,16,67
16,8000,70,"heterogeneous","c45-h60",45,60,"higher",0.00030927963450513,NA,3131.39499771763,3731.73300228231,151.274721192119,81.2747211921189,0.00813973574030686,2000000,34,16,67
16,8000,70,"heterogeneous","c50-h24",50,24,"higher",0.00030927963450513,NA,2732.00407505307,2871.68392494694,55.2430211944737,-14.7569788055263,0.00322228129578556,2000000,34,16,67
16,8000,70,"heterogeneous","c50-h36",50,36,"higher",0.00030927963450513,NA,2732.00407505307,2871.68392494694,82.5794685744774,12.5794685744774,0.00480877801037441,2000000,34,16,67
16,8000,70,"heterogeneous","c50-h48",50,48,"higher",0.00030927963450513,NA,2732.00407505307,2871.68392494694,109.728234528058,39.7282345280581,0.00637906629930948,2000000,34,16,67
16,8000,70,"heterogeneous","c50-h60",50,60,"higher",0.00030927963450513,NA,2732.00407505307,2871.68392494694,136.691063111749,66.6910631117492,0.00793330946042529,2000000,34,16,67
16,8000,70,"heterogeneous","c55-h24",55,24,"higher",0.00030927963450513,NA,2115.24389527785,1885.29610472216,45.5548055752151,-24.4451944247849,0.00318021295934759,2000000,34,16,67
16,8000,70,"heterogeneous","c55-h36",55,36,"higher",0.00030927963450513,NA,2115.24389527785,1885.29610472216,68.0734818336175,-1.92651816638254,0.004745346069649,2000000,34,16,67
16,8000,70,"heterogeneous","c55-h48",55,48,"higher",0.00030927963450513,NA,2115.24389527785,1885.29610472216,90.4219341221071,20.4219341221071,0.00629405043195376,2000000,34,16,67
16,8000,70,"heterogeneous","c55-h60",55,60,"higher",0.00030927963450513,NA,2115.24389527785,1885.29610472216,112.601831712091,42.6018317120907,0.00782648890966635,2000000,34,16,67
16,8000,70,"heterogeneous","c60-h24",60,24,"higher",0.00030927963450513,NA,1383.51003334128,1015.68996665876,32.7494497971645,-37.2505502028355,0.0032113172341886,2000000,34,16,67
16,8000,70,"heterogeneous","c60-h36",60,36,"higher",0.00030927963450513,NA,1383.51003334128,1015.68996665876,48.9111863401956,-21.0888136598044,0.00479101533416555,2000000,34,16,67
16,8000,70,"heterogeneous","c60-h48",60,48,"higher",0.00030927963450513,NA,1383.51003334128,1015.68996665876,64.932964980936,-5.06703501906398,0.00635362609068382,2000000,34,16,67
16,8000,70,"heterogeneous","c60-h60",60,60,"higher",0.00030927963450513,NA,1383.51003334128,1015.68996665876,80.8162867982075,10.8162867982075,0.0078993121841751,2000000,34,16,67
16,8000,70,"heterogeneous","c45-h24",45,24,"reduced",0.00030927963450513,NA,3131.39499771763,3731.73300228231,61.101195792441,-8.89880420755903,0.00216832146169667,2000000,34,16,68
16,8000,70,"heterogeneous","c45-h36",45,36,"reduced",0.00030927963450513,NA,3131.39499771763,3731.73300228231,91.3543468885415,21.3543468885415,0.00323531217211633,2000000,34,16,68
16,8000,70,"heterogeneous","c45-h48",45,48,"reduced",0.00030927963450513,NA,3131.39499771763,3731.73300228231,121.41159807329,51.4115980732902,0.00429101770135868,2000000,34,16,68
16,8000,70,"heterogeneous","c45-h60",45,60,"reduced",0.00030927963450513,NA,3131.39499771763,3731.73300228231,151.274721192119,81.2747211921189,0.00533555740458759,2000000,34,16,68
16,8000,70,"heterogeneous","c50-h24",50,24,"reduced",0.00030927963450513,NA,2732.00407505307,2871.68392494694,55.2430211944737,-14.7569788055263,0.00197014861812084,2000000,34,16,68
16,8000,70,"heterogeneous","c50-h36",50,36,"reduced",0.00030927963450513,NA,2732.00407505307,2871.68392494694,82.5794685744774,12.5794685744774,0.00293847080055957,2000000,34,16,68
16,8000,70,"heterogeneous","c50-h48",50,48,"reduced",0.00030927963450513,NA,2732.00407505307,2871.68392494694,109.728234528058,39.7282345280581,0.00389578850140557,2000000,34,16,68
16,8000,70,"heterogeneous","c50-h60",50,60,"reduced",0.00030927963450513,NA,2732.00407505307,2871.68392494694,136.691063111749,66.6910631117492,0.00484222260106036,2000000,34,16,68
16,8000,70,"heterogeneous","c55-h24",55,24,"reduced",0.00030927963450513,NA,2115.24389527785,1885.29610472216,45.5548055752151,-24.4451944247849,0.00172423288201212,2000000,34,16,68
16,8000,70,"heterogeneous","c55-h36",55,36,"reduced",0.00030927963450513,NA,2115.24389527785,1885.29610472216,68.0734818336175,-1.92651816638254,0.00257062922626304,2000000,34,16,68
16,8000,70,"heterogeneous","c55-h48",55,48,"reduced",0.00030927963450513,NA,2115.24389527785,1885.29610472216,90.4219341221071,20.4219341221071,0.00340670367468375,2000000,34,16,68
16,8000,70,"heterogeneous","c55-h60",55,60,"reduced",0.00030927963450513,NA,2115.24389527785,1885.29610472216,112.601831712091,42.6018317120907,0.0042325730892734,2000000,34,16,68
16,8000,70,"heterogeneous","c60-h24",60,24,"reduced",0.00030927963450513,NA,1383.51003334128,1015.68996665876,32.7494497971645,-37.2505502028355,0.00144426403169445,2000000,34,16,68
16,8000,70,"heterogeneous","c60-h36",60,36,"reduced",0.00030927963450513,NA,1383.51003334128,1015.68996665876,48.9111863401956,-21.0888136598044,0.00215234737239387,2000000,34,16,68
16,8000,70,"heterogeneous","c60-h48",60,48,"reduced",0.00030927963450513,NA,1383.51003334128,1015.68996665876,64.932964980936,-5.06703501906398,0.00285120817058002,2000000,34,16,68
16,8000,70,"heterogeneous","c60-h60",60,60,"reduced",0.00030927963450513,NA,1383.51003334128,1015.68996665876,80.8162867982075,10.8162867982075,0.00354095230416006,2000000,34,16,68
17,4000,140,"heterogeneous","c45-h24",45,24,"higher",0.00128064302305361,NA,1565.69749885881,1865.86650114116,123.963547969024,53.963547969024,0.013265894734862,2000000,35,16,69
17,4000,140,"heterogeneous","c45-h36",45,36,"higher",0.00128064302305361,NA,1565.69749885881,1865.86650114116,183.512737516225,113.512737516225,0.019500187497798,2000000,35,16,69
17,4000,140,"heterogeneous","c45-h48",45,48,"higher",0.00128064302305361,NA,1565.69749885881,1865.86650114116,241.518550237048,171.518550237048,0.0254830492246147,2000000,35,16,69
17,4000,140,"heterogeneous","c45-h60",45,60,"higher",0.00128064302305361,NA,1565.69749885881,1865.86650114116,298.036297984794,228.036297984794,0.0312246172019309,2000000,35,16,69
17,4000,140,"heterogeneous","c50-h24",50,24,"higher",0.00128064302305361,NA,1366.00203752654,1435.84196247347,111.941720650677,41.9417206506774,0.0129227632135549,2000000,35,16,69
17,4000,140,"heterogeneous","c50-h36",50,36,"higher",0.00128064302305361,NA,1366.00203752654,1435.84196247347,165.584298388,95.5842983880001,0.0189832565154791,2000000,35,16,69
17,4000,140,"heterogeneous","c50-h48",50,48,"higher",0.00128064302305361,NA,1366.00203752654,1435.84196247347,217.751748603961,147.751748603961,0.0247909677887404,2000000,35,16,69
17,4000,140,"heterogeneous","c50-h60",50,60,"higher",0.00128064302305361,NA,1366.00203752654,1435.84196247347,268.498438812931,198.498438812931,0.0303561366641833,2000000,35,16,69
17,4000,140,"heterogeneous","c55-h24",55,24,"higher",0.00128064302305361,NA,1057.62194763893,942.64805236108,92.1102086197562,22.1102086197562,0.0127428367337315,2000000,35,16,69
17,4000,140,"heterogeneous","c55-h36",55,36,"higher",0.00128064302305361,NA,1057.62194763893,942.64805236108,136.057810134715,66.0578101347155,0.0187076722015654,2000000,35,16,69
17,4000,140,"heterogeneous","c55-h48",55,48,"higher",0.00128064302305361,NA,1057.62194763893,942.64805236108,178.674031394849,108.674031394849,0.024415923469562,2000000,35,16,69
17,4000,140,"heterogeneous","c55-h60",55,60,"higher",0.00128064302305361,NA,1057.62194763893,942.64805236108,220.010725742531,150.010725742531,0.0298778467860694,2000000,35,16,69
17,4000,140,"heterogeneous","c60-h24",60,24,"higher",0.00128064302305361,NA,691.75501667064,507.844983329379,65.9911490248467,-4.00885097515329,0.0128545043318067,2000000,35,16,69
17,4000,140,"heterogeneous","c60-h36",60,36,"higher",0.00128064302305361,NA,691.75501667064,507.844983329379,97.2601021956858,27.2601021956858,0.0188582498379534,2000000,35,16,69
17,4000,140,"heterogeneous","c60-h48",60,48,"higher",0.00128064302305361,NA,691.75501667064,507.844983329379,127.443922671264,57.4439226712638,0.0245941866114655,2000000,35,16,69
17,4000,140,"heterogeneous","c60-h60",60,60,"higher",0.00128064302305361,NA,691.75501667064,507.844983329379,156.588894325932,86.5888943259316,0.0300726591055334,2000000,35,16,69
17,4000,140,"heterogeneous","c45-h24",45,24,"reduced",0.00128064302305361,NA,1565.69749885881,1865.86650114116,123.963547969024,53.963547969024,0.00868618216065711,2000000,35,16,70
17,4000,140,"heterogeneous","c45-h36",45,36,"reduced",0.00128064302305361,NA,1565.69749885881,1865.86650114116,183.512737516225,113.512737516225,0.0127506972038093,2000000,35,16,70
17,4000,140,"heterogeneous","c45-h48",45,48,"reduced",0.00128064302305361,NA,1565.69749885881,1865.86650114116,241.518550237048,171.518550237048,0.0166400543434119,2000000,35,16,70
17,4000,140,"heterogeneous","c45-h60",45,60,"reduced",0.00128064302305361,NA,1565.69749885881,1865.86650114116,298.036297984794,228.036297984794,0.0203617077799592,2000000,35,16,70
17,4000,140,"heterogeneous","c50-h24",50,24,"reduced",0.00128064302305361,NA,1366.00203752654,1435.84196247347,111.941720650677,41.9417206506774,0.00787291863366207,2000000,35,16,70
17,4000,140,"heterogeneous","c50-h36",50,36,"reduced",0.00128064302305361,NA,1366.00203752654,1435.84196247347,165.584298388,95.5842983880001,0.0115381648185696,2000000,35,16,70
17,4000,140,"heterogeneous","c50-h48",50,48,"reduced",0.00128064302305361,NA,1366.00203752654,1435.84196247347,217.751748603961,147.751748603961,0.0150332842993026,2000000,35,16,70
17,4000,140,"heterogeneous","c50-h60",50,60,"reduced",0.00128064302305361,NA,1366.00203752654,1435.84196247347,268.498438812931,198.498438812931,0.0183658096211144,2000000,35,16,70
17,4000,140,"heterogeneous","c55-h24",55,24,"reduced",0.00128064302305361,NA,1057.62194763893,942.64805236108,92.1102086197562,22.1102086197562,0.0068723591753123,2000000,35,16,70
17,4000,140,"heterogeneous","c55-h36",55,36,"reduced",0.00128064302305361,NA,1057.62194763893,942.64805236108,136.057810134715,66.0578101347155,0.0100544874740708,2000000,35,16,70
17,4000,140,"heterogeneous","c55-h48",55,48,"reduced",0.00128064302305361,NA,1057.62194763893,942.64805236108,178.674031394849,108.674031394849,0.0130775731254251,2000000,35,16,70
17,4000,140,"heterogeneous","c55-h60",55,60,"reduced",0.00128064302305361,NA,1057.62194763893,942.64805236108,220.010725742531,150.010725742531,0.0159488949788821,2000000,35,16,70
17,4000,140,"heterogeneous","c60-h24",60,24,"reduced",0.00128064302305361,NA,691.75501667064,507.844983329379,65.9911490248467,-4.00885097515329,0.0057415619403286,2000000,35,16,70
17,4000,140,"heterogeneous","c60-h36",60,36,"reduced",0.00128064302305361,NA,691.75501667064,507.844983329379,97.2601021956858,27.2601021956858,0.00838550026033214,2000000,35,16,70
17,4000,140,"heterogeneous","c60-h48",60,48,"reduced",0.00128064302305361,NA,691.75501667064,507.844983329379,127.443922671264,57.4439226712638,0.010887581656054,2000000,35,16,70
17,4000,140,"heterogeneous","c60-h60",60,60,"reduced",0.00128064302305361,NA,691.75501667064,507.844983329379,156.588894325932,86.5888943259316,0.0132544230215458,2000000,35,16,70
18,8000,140,"heterogeneous","c45-h24",45,24,"higher",0.000625616841839842,NA,3131.39499771763,3731.73300228231,122.778728965958,52.7787289659578,0.00661719480449212,2000000,36,16,71
18,8000,140,"heterogeneous","c45-h36",45,36,"higher",0.000625616841839842,NA,3131.39499771763,3731.73300228231,182.969680270939,112.969680270939,0.00982724005754571,2000000,36,16,71
18,8000,140,"heterogeneous","c45-h48",45,48,"higher",0.000625616841839842,NA,3131.39499771763,3731.73300228231,242.381003354224,172.381003354224,0.0129733485148369,2000000,36,16,71
18,8000,140,"heterogeneous","c45-h60",45,60,"higher",0.000625616841839842,NA,3131.39499771763,3731.73300228231,301.026756112606,231.026756112606,0.0160568057684273,2000000,36,16,71
18,8000,140,"heterogeneous","c50-h24",50,24,"higher",0.000625616841839842,NA,2732.00407505307,2871.68392494694,110.962821346178,40.9628213461785,0.00645034826086981,2000000,36,16,71
18,8000,140,"heterogeneous","c50-h36",50,36,"higher",0.000625616841839842,NA,2732.00407505307,2871.68392494694,165.296198480308,95.2961984803082,0.00957640535092271,2000000,36,16,71
18,8000,140,"heterogeneous","c50-h48",50,48,"higher",0.000625616841839842,NA,2732.00407505307,2871.68392494694,218.883228418815,148.883228418815,0.0126381652923573,2000000,36,16,71
18,8000,140,"heterogeneous","c50-h60",50,60,"higher",0.000625616841839842,NA,2732.00407505307,2871.68392494694,271.737742302928,201.737742302928,0.0156369258127354,2000000,36,16,71
18,8000,140,"heterogeneous","c55-h24",55,24,"higher",0.000625616841839842,NA,2115.24389527785,1885.29610472216,91.4378558051339,21.4378558051339,0.00636434206498618,2000000,36,16,71
18,8000,140,"heterogeneous","c55-h36",55,36,"higher",0.000625616841839842,NA,2115.24389527785,1885.29610472216,136.115729656047,66.1157296560469,0.00944604305363263,2000000,36,16,71
18,8000,140,"heterogeneous","c55-h48",55,48,"higher",0.000625616841839842,NA,2115.24389527785,1885.29610472216,180.117754926756,110.117754926756,0.0124625408855594,2000000,36,16,71
18,8000,140,"heterogeneous","c55-h60",55,60,"higher",0.000625616841839842,NA,2115.24389527785,1885.29610472216,223.457154662433,153.457154662433,0.0154151316743518,2000000,36,16,71
18,8000,140,"heterogeneous","c60-h24",60,24,"higher",0.000625616841839842,NA,1383.51003334128,1015.68996665876,65.6608644208884,-4.33913557911156,0.00642453667641043,2000000,36,16,71
18,8000,140,"heterogeneous","c60-h36",60,36,"higher",0.000625616841839842,NA,1383.51003334128,1015.68996665876,97.6356270971008,27.6356270971008,0.00953229284372738,2000000,36,16,71
18,8000,140,"heterogeneous","c60-h48",60,48,"higher",0.000625616841839842,NA,1383.51003334128,1015.68996665876,129.056287003758,59.0562870037583,0.0125721507612903,2000000,36,16,71
18,8000,140,"heterogeneous","c60-h60",60,60,"higher",0.000625616841839842,NA,1383.51003334128,1015.68996665876,159.934706327985,89.9347063279848,0.0155454092460175,2000000,36,16,71
18,8000,140,"heterogeneous","c45-h24",45,24,"reduced",0.000625616841839842,NA,3131.39499771763,3731.73300228231,122.778728965958,52.7787289659578,0.00433893148879799,2000000,36,16,72
18,8000,140,"heterogeneous","c45-h36",45,36,"reduced",0.000625616841839842,NA,3131.39499771763,3731.73300228231,182.969680270939,112.969680270939,0.00643939910690688,2000000,36,16,72
18,8000,140,"heterogeneous","c45-h48",45,48,"reduced",0.000625616841839842,NA,3131.39499771763,3731.73300228231,242.381003354224,172.381003354224,0.00849516915584795,2000000,36,16,72
18,8000,140,"heterogeneous","c45-h60",45,60,"reduced",0.000625616841839842,NA,3131.39499771763,3731.73300228231,301.026756112606,231.026756112606,0.0105071889577877,2000000,36,16,72
18,8000,140,"heterogeneous","c50-h24",50,24,"reduced",0.000625616841839842,NA,2732.00407505307,2871.68392494694,110.962821346178,40.9628213461785,0.0039392187109479,2000000,36,16,72
18,8000,140,"heterogeneous","c50-h36",50,36,"reduced",0.000625616841839842,NA,2732.00407505307,2871.68392494694,165.296198480308,95.2961984803082,0.00584155611295282,2000000,36,16,72
18,8000,140,"heterogeneous","c50-h48",50,48,"reduced",0.000625616841839842,NA,2732.00407505307,2871.68392494694,218.883228418815,148.883228418815,0.0077003630859639,2000000,36,16,72
18,8000,140,"heterogeneous","c50-h60",50,60,"reduced",0.000625616841839842,NA,2732.00407505307,2871.68392494694,271.737742302928,201.737742302928,0.00951659837653958,2000000,36,16,72
18,8000,140,"heterogeneous","c55-h24",55,24,"reduced",0.000625616841839842,NA,2115.24389527785,1885.29610472216,91.4378558051339,21.4378558051339,0.00344461671143505,2000000,36,16,72
18,8000,140,"heterogeneous","c55-h36",55,36,"reduced",0.000625616841839842,NA,2115.24389527785,1885.29610472216,136.115729656047,66.1157296560469,0.0051038336253476,2000000,36,16,72
18,8000,140,"heterogeneous","c55-h48",55,48,"reduced",0.000625616841839842,NA,2115.24389527785,1885.29610472216,180.117754926756,110.117754926756,0.00672226328199481,2000000,36,16,72
18,8000,140,"heterogeneous","c55-h60",55,60,"reduced",0.000625616841839842,NA,2115.24389527785,1885.29610472216,223.457154662433,153.457154662433,0.00830083245643378,2000000,36,16,72
18,8000,140,"heterogeneous","c60-h24",60,24,"reduced",0.000625616841839842,NA,1383.51003334128,1015.68996665876,65.6608644208884,-4.33913557911156,0.00288288499566562,2000000,36,16,72
18,8000,140,"heterogeneous","c60-h36",60,36,"reduced",0.000625616841839842,NA,1383.51003334128,1015.68996665876,97.6356270971008,27.6356270971008,0.00426795912818502,2000000,36,16,72
18,8000,140,"heterogeneous","c60-h48",60,48,"reduced",0.000625616841839842,NA,1383.51003334128,1015.68996665876,129.056287003758,59.0562870037583,0.0056166087303156,2000000,36,16,72
18,8000,140,"heterogeneous","c60-h60",60,60,"reduced",0.000625616841839842,NA,1383.51003334128,1015.68996665876,159.934706327985,89.9347063279848,0.00692967444870963,2000000,36,16,72
