"scenario","n","event_target","event_regime","K","effect","method","selector","candidate","mean_truth","bias","bias_mcse","empse","empse_mcse","modse","modse_mcse","relerror_modse","relerror_modse_mcse","mse","mse_mcse","coverage","coverage_mcse","coverage_conditional","coverage_conditional_mcse","bias_eliminated_coverage","bias_eliminated_coverage_mcse","rejection","rejection_mcse","convergence","convergence_mcse","failure_probability","median_width","median_ess1","median_ess0","median_max_weight","n_used","n_attempted"
1,4000,35,"below",4,"null","bonferroni","effect_seeking",NA,0,-0.00290700729722957,0.000134534502844002,0.00601656587356654,9.51540507515502e-05,0.00652178473542683,2.95672969180329e-05,8.39713006517451,1.78338408613863,4.4631656804656e-05,1.47095957217715e-06,0.987,0.00253288373203351,0.987,0.00253288373203351,0.993,0.00186426929385215,0.013,0.00253288373203351,1,0,0,0.0313105212696259,1152.98550358694,1208.68766764577,6.63082728820165,2000,2000
2,8000,35,"below",4,"null","bonferroni","effect_seeking",NA,0,-0.00136734062925149,7.14445588521449e-05,0.00319509780431761,5.0531566514368e-05,0.00328323387165527,1.50215653854848e-05,2.75847791634314,1.691798537135,1.20731660505675e-05,3.98703080475914e-07,0.989,0.00233227356885937,0.989,0.00233227356885937,0.9885,0.00238408787589719,0.011,0.00233227356885937,1,0,0,0.0158258960105842,2360.07799061391,2482.51254402288,6.99815023955758,2000,2000
3,4000,70,"boundary",4,"null","bonferroni","effect_seeking",NA,0,-0.00435080649337182,0.000200536260027608,0.00896825418750609,0.000141836012775988,0.00904930525956753,3.64196176029683e-05,0.903755294696751,1.64668707132047,9.93188855229011e-05,3.47865583490564e-06,0.9795,0.00316857617866448,0.9795,0.00316857617866448,0.9885,0.00238408787589719,0.0205,0.00316857617866448,1,0,0,0.0438101981927289,1165.19869403013,1221.88406214204,6.62209515370114,2000,2000
4,8000,70,"boundary",4,"null","bonferroni","effect_seeking",NA,0,-0.0020904375564421,9.83449867551898e-05,0.00439812151261842,6.95577986541842e-05,0.00458085065833713,1.90944150119112e-05,4.15470889547849,1.70349440546578,2.37037302807206e-05,7.90900239189593e-07,0.9895,0.00227922684259377,0.9895,0.00227922684259377,0.9935,0.00179690706493129,0.0105,0.00227922684259378,1,0,0,0.0222323145908475,2361.24880591187,2492.66283531481,7.00772497055785,2000,2000
5,4000,140,"above",4,"null","bonferroni","effect_seeking",NA,0,-0.0051763834353208,0.000266513578486465,0.0119188495684492,0.000188500689690615,0.0123977520795437,4.64476108778493e-05,4.01802630651737,1.69060809487738,0.000168782891017267,5.48002196715355e-06,0.9885,0.00238408787589719,0.9885,0.00238408787589719,0.995,0.00157718102955875,0.0115,0.0023840878758972,1,0,0,0.0603470448434149,1129.75459738199,1190.63075044335,6.54617371916526,2000,2000
6,8000,140,"above",4,"null","bonferroni","effect_seeking",NA,0,-0.00296126424325589,0.000136243414567225,0.00609299072918001,9.63627360285907e-05,0.00638117000149509,2.50419005813475e-05,4.7296850614748,1.70656541843778,4.58750596762465e-05,1.60354963085971e-06,0.984,0.00280570846668003,0.984,0.00280570846668003,0.9905,0.00216907238237915,0.016,0.00280570846668003,1,0,0,0.0309370048906992,2056.67794143916,1797.83800321856,6.97530564939704,2000,2000
7,4000,35,"below",16,"null","bonferroni","effect_seeking",NA,0,-0.00573524893908269,0.000150582200910801,0.00673424074876165,0.000106504324800315,0.0072206068141035,6.46778484478583e-05,7.2222850873173,1.94885179552579,7.82204038562999e-05,2.95205989929281e-06,0.9965,0.00132055859392909,0.9965,0.00132055859392909,0.997,0.00122290637417588,0.0035,0.0013205585939291,1,0,0,0.0353611406415104,1006.7947960766,882.118894551806,6.80966216852599,2000,2000
8,8000,35,"below",16,"null","bonferroni","effect_seeking",NA,0,-0.00276211051180518,7.36125615481916e-05,0.00329205383239287,5.20649593185048e-05,0.00362295804469891,3.22399200781978e-05,10.0516039273124,1.99710586604752,1.84614541055796e-05,7.26845919625658e-07,0.996,0.00141138230115019,0.996,0.00141138230115019,0.999,0.000706753139363385,0.004,0.00141138230115019,1,0,0,0.0181284460915027,1985.32344300172,1734.49563564589,7.30300559235971,2000,2000
9,4000,70,"boundary",16,"null","bonferroni","effect_seeking",NA,0,-0.00790053975016364,0.000203951720896109,0.00912099824103529,0.000144251712317378,0.0098922979627565,8.2466931176329e-05,8.45630819498617,1.93897901303316,0.000145569540952428,5.31197030221066e-06,0.9945,0.00165374574829385,0.9945,0.00165374574829385,0.998,0.000998999499499375,0.0055,0.00165374574829385,1,0,0,0.04926714390621,1001.38843375447,875.222976033008,6.78320865278892,2000,2000
10,8000,70,"boundary",16,"null","bonferroni","effect_seeking",NA,0,-0.00409118392121662,0.000106134009865847,0.00474645721569336,7.50668471488734e-05,0.0050797074874485,4.29377430022234e-05,7.02103182671303,1.9191555663556,3.92553775495787e-05,1.56322085271876e-06,0.9945,0.00165374574829385,0.9945,0.00165374574829385,0.9985,0.000865375640979091,0.0055,0.00165374574829385,1,0,0,0.0253187348941462,1975.87416569541,1725.97915803323,7.26521031875274,2000,2000
11,4000,140,"above",16,"null","bonferroni","effect_seeking",NA,0,-0.0108926351122883,0.000277644700411982,0.0124166484742751,0.000196373549947515,0.0135214485665149,0.00010406327926243,8.89773190026832,1.91534981086185,0.000272745572443508,1.10881263688133e-05,0.989,0.00233227356885937,0.989,0.00233227356885937,0.9945,0.00165374574829385,0.011,0.00233227356885937,1,0,0,0.0687769424810438,996.296671625966,877.42271794565,6.81835669919845,2000,2000
12,8000,140,"above",16,"null","bonferroni","effect_seeking",NA,0,-0.00562409717776446,0.000148625250457301,0.00664672326390915,0.000105120205791183,0.00706628147964323,5.70872828209086e-05,6.31225641681565,1.88803068997079,7.57873097468559e-05,2.94134590633938e-06,0.9955,0.00149662119455792,0.9955,0.00149662119455792,0.999,0.000706753139363385,0.0045,0.00149662119455793,1,0,0,0.0357750644288609,1976.2875877482,1726.89122058564,7.2588362734712,2000,2000
13,4000,35,"below",4,"homogeneous","bonferroni","effect_seeking",NA,-0.00567812430651534,-0.00273972447747492,0.000129652606318762,0.0057982408237754,9.17011652842053e-05,0.00621705977567924,2.73954875095345e-05,7.22320725600931,1.76036318725201,4.11088770646456e-05,1.41653126136955e-06,0.9935,0.00179690706493129,0.9935,0.00179690706493129,0.9915,0.00205277251540447,0.0955,0.00657190041007926,1,0,0,0.0299261140245708,1191.68518249027,1258.10000929281,6.66299922707709,2000,2000
14,8000,35,"below",4,"homogeneous","bonferroni","effect_seeking",NA,-0.00288138300622662,-0.00127727985796409,6.6933581633223e-05,0.00299336077018836,4.73410261982819e-05,0.00315726483901417,1.40227655903762e-05,5.4755868540195,1.73266357960219,1.05871724317132e-05,3.53620780509375e-07,0.9925,0.00192921616207204,0.9925,0.00192921616207204,0.9915,0.00205277251540447,0.092,0.00646281672337998,1,0,0,0.0152329005658813,2397.81838861524,2526.47854692319,7.06305458292807,2000,2000
15,4000,70,"boundary",4,"homogeneous","bonferroni","effect_seeking",NA,-0.0114760127806963,-0.0034207484354521,0.000180284941764338,0.008062587702093,0.0001275125869999,0.00866124008441553,3.33312379363334e-05,7.42506505903957,1.74853769810923,7.66743376523624e-05,2.52184916634921e-06,0.9885,0.00238408787589719,0.9885,0.00238408787589719,0.9905,0.00216907238237915,0.206,0.00904334009091774,1,0,0,0.0418598044799968,1193.23747160287,1264.28041985393,6.61551699727957,2000,2000
16,8000,70,"boundary",4,"homogeneous","bonferroni","effect_seeking",NA,-0.00577840470569028,-0.00180963327756535,9.23029824335176e-05,0.00412791486494629,6.52843879401154e-05,0.00440864869278927,1.75813134102651e-05,6.80086283336265,1.74196274780912,2.03059338909503e-05,6.60195616705068e-07,0.9935,0.00179690706493129,0.9935,0.00179690706493129,0.995,0.00157718102955875,0.204,0.00901066035315947,1,0,0,0.0212849458032548,2407.70200068909,2531.3435045223,7.06331748790397,2000,2000
17,4000,140,"above",4,"homogeneous","bonferroni","effect_seeking",NA,-0.0224275241313714,-0.00426380920752441,0.000257384237445429,0.0115105730252985,0.000182043656272546,0.0118588726194761,3.99412284909791e-05,3.02591012117346,1.6659286365866,0.000150607113683214,4.88769473075105e-06,0.988,0.00243474844696531,0.988,0.00243474844696531,0.9895,0.00227922684259377,0.406,0.0109809835625048,1,0,0,0.0571672806445665,1199.3572728611,1261.93700975766,6.64029105215566,2000,2000
18,8000,140,"above",4,"homogeneous","bonferroni","effect_seeking",NA,-0.0116633804820244,-0.0021799755632296,0.000132475029167607,0.00592446341080072,9.36974187457633e-05,0.00610171724831892,2.08757004654589e-05,2.99189690656307,1.66652931665095,3.98340105288417e-05,1.41602300421457e-06,0.985,0.00271799558498538,0.985,0.00271799558498538,0.9865,0.00258047960658479,0.409,0.0109936117813938,1,0,0,0.0295741176566793,2416.01698256344,2551.71133958876,7.071457343514,2000,2000
19,4000,35,"below",16,"homogeneous","bonferroni","effect_seeking",NA,-0.005133797185903,-0.00465499256677713,0.000128116502546588,0.0057295441746739,9.06147042410737e-05,0.00646080759600219,5.7912450691553e-05,12.7630296413572,2.04990712413974,5.44802184080652e-05,2.06128443824291e-06,0.9955,0.00149662119455792,0.9955,0.00149662119455792,0.9975,0.00111663557170635,0.054,0.00505390937789747,1,0,0,0.0320429574132613,1223.29747286387,1297.74932860327,7.01590001941356,2000,2000
20,8000,35,"below",16,"homogeneous","bonferroni","effect_seeking",NA,-0.0025931160862462,-0.0024275179518495,6.88645082540819e-05,0.00307971443386445,4.87067389767487e-05,0.00326633006119112,3.03047531172586e-05,6.05951075445976,1.94469559017287,1.53727420802075e-05,6.80278724136125e-07,0.996,0.00141138230115019,0.996,0.00141138230115019,0.9965,0.00132055859392909,0.0505,0.00489641450451246,1,0,0,0.0160402190856199,2452.18461832272,2586.05670539744,7.4759935284171,2000,2000
21,4000,70,"boundary",16,"homogeneous","bonferroni","effect_seeking",NA,-0.0102315051577353,-0.00608505760189204,0.000188703117603624,0.00843905997055683,0.00013346662491667,0.00873856293401405,7.65598694120019e-05,3.54900859221485,1.87215585049731,0.000108210050338405,4.79056721666327e-06,0.996,0.00141138230115019,0.996,0.00141138230115019,0.9975,0.00111663557170635,0.13,0.00751997340420829,1,0,0,0.0435871120374993,1251.23447215722,1331.91597391345,7.05215919072922,2000,2000
22,8000,70,"boundary",16,"homogeneous","bonferroni","effect_seeking",NA,-0.00522714352848365,-0.00294571863336116,9.27995782649136e-05,0.00415012330567318,6.56356220395082e-05,0.00441202423424748,3.76063136540048e-05,6.31067824457858,1.90997646557234,2.58921699574966e-05,1.07104849728834e-06,0.9935,0.00179690706493129,0.9935,0.00179690706493129,0.998,0.000998999499499375,0.1235,0.00735689302627135,1,0,0,0.0220594780590985,2488.57212103395,2624.92977478438,7.50335000903264,2000,2000
23,4000,140,"above",16,"homogeneous","bonferroni","effect_seeking",NA,-0.0203590093985643,-0.00772228011825105,0.000246499213515916,0.0110237799564365,0.000174344857098169,0.0114239918410217,8.47207501622522e-05,3.63044151975778,1.81019177925301,0.000181096572890402,6.72249966648735e-06,0.992,0.0019919839356782,0.992,0.0019919839356782,0.9975,0.00111663557170635,0.3375,0.0105734041349038,1,0,0,0.0587831126509964,1297.12044597721,1598.83272254289,7.16626357444706,2000,2000
24,8000,140,"above",16,"homogeneous","bonferroni","effect_seeking",NA,-0.010656939524643,-0.00383757417562794,0.000132704667627869,0.00593473315494861,9.38598382681935e-05,0.00596567158452041,4.63307176384808e-05,0.521311215922116,1.7711137188528,4.99304226450825e-05,2.23290778725708e-06,0.9925,0.00192921616207204,0.9925,0.00192921616207204,0.9995,0.000499874984371065,0.311,0.0103508212234586,1,0,0,0.0304960363551933,2615.38501048321,3225.33651400215,7.58221773695997,2000,2000
25,4000,35,"below",4,"heterogeneous","bonferroni","effect_seeking",NA,-0.00201720211871755,-0.00259279549903116,0.000130014751589052,0.00581443645261739,9.19573047034635e-05,0.00615597158637618,2.72362848512104e-05,5.87391635529952,1.7387195170651,4.05133559256913e-05,1.38242401828456e-06,0.9885,0.00238408787589719,0.9885,0.00238408787589719,0.992,0.0019919839356782,0.0265,0.00359150038284837,1,0,0,0.0299135553304045,1204.08285649745,1265.16519039616,6.66904802273297,2000,2000
26,8000,35,"below",4,"heterogeneous","bonferroni","effect_seeking",NA,-0.00100859151407869,-0.00103813930967228,6.51666814091691e-05,0.00291434258997948,4.6091326604212e-05,0.00309410960233243,1.36765850691639e-05,6.16835553140016,1.74343580636165,9.56687926168924e-06,3.110096731109e-07,0.992,0.0019919839356782,0.992,0.0019919839356782,0.991,0.00211175282644537,0.0235,0.0033873108803297,1,0,0,0.0150278904767784,2415.81667316554,2547.39919159966,7.05264191097116,2000,2000
27,4000,70,"boundary",4,"heterogeneous","bonferroni","effect_seeking",NA,-0.00417369180101068,-0.00342890869692027,0.000181363382495725,0.00811081703779473,0.000128275350468881,0.00849559948533199,3.28384444857077e-05,4.74406518781345,1.70532208346384,7.75098751958864e-05,2.6928188579071e-06,0.989,0.00233227356885937,0.989,0.00233227356885937,0.9935,0.00179690706493129,0.042,0.00448530935387962,1,0,0,0.0420101927006667,1206.29198935972,1269.5734930199,6.69853830913946,2000,2000
28,8000,70,"boundary",4,"heterogeneous","bonferroni","effect_seeking",NA,-0.00207149075300636,-0.00166547545787067,9.27343475152618e-05,0.00414720609786428,6.55894853984851e-05,0.00428356405673176,1.74213051840741e-05,3.28794749163059,1.68668189415983,1.99645272597231e-05,7.29145968981435e-07,0.9855,0.00267298989897081,0.9855,0.00267298989897081,0.9905,0.00216907238237915,0.037,0.00422084114839685,1,0,0,0.0212454039552577,2419.17124317339,2553.60228846606,7.12039934659573,2000,2000
29,4000,140,"above",4,"heterogeneous","bonferroni","effect_seeking",NA,-0.00859677505786426,-0.00386627806827128,0.00024181098834712,0.0108141161530114,0.000171028952209713,0.01144339656516,3.78123258169376e-05,5.81906466737343,1.70970146943492,0.000131834741717932,4.42979016225177e-06,0.9905,0.00216907238237915,0.9905,0.00216907238237915,0.9955,0.00149662119455792,0.069,0.00566740681440816,1,0,0,0.0575120649842622,1208.92558210537,1277.35601345732,6.6489648843598,2000,2000
30,8000,140,"above",4,"heterogeneous","bonferroni","effect_seeking",NA,-0.00433136562120449,-0.00222295357348011,0.000126201074245968,0.00564388361694965,8.92599531707147e-05,0.00589904156440737,2.051919892618e-05,4.52096401654059,1.69254362555894,3.67790181603797e-05,1.20681255258992e-06,0.9895,0.00227922684259377,0.9895,0.00227922684259377,0.9945,0.00165374574829385,0.071,0.00574277807337181,1,0,0,0.0297679608444454,2428.56217584891,2563.06750493134,7.08591450806598,2000,2000
31,4000,35,"below",16,"heterogeneous","bonferroni","effect_seeking",NA,-0.00176904519448594,-0.00420481853973075,0.000126879593151392,0.00567422790488059,8.97398584812318e-05,0.0060735879285397,6.03142306773743e-05,7.03813858649578,1.99889651684849,4.98612628374308e-05,2.13089341186308e-06,0.995,0.00157718102955875,0.995,0.00157718102955875,0.998,0.000998999499499375,0.009,0.00211175282644537,1,0,0,0.0301460264462446,1299.41335793443,1607.40795128202,7.13752824388362,2000,2000
32,8000,35,"below",16,"heterogeneous","bonferroni","effect_seeking",NA,-0.000892513997127303,-0.00231925324384287,6.41643989184271e-05,0.00286951915434034,4.5382428611687e-05,0.00303062335566743,2.93646646651901e-05,5.6143274417042,1.95887642414319,1.36089587161132e-05,5.58231719201894e-07,0.998,0.000998999499499375,0.998,0.000998999499499375,0.9955,0.00149662119455792,0.015,0.00271799558498538,1,0,0,0.0152202666162648,2640.88266624408,3253.66693087084,7.58069964249146,2000,2000
33,4000,70,"boundary",16,"heterogeneous","bonferroni","effect_seeking",NA,-0.00402451012226479,-0.00543900915511303,0.000170608004703458,0.00762982192045071,0.000120668247884318,0.00787728784475092,6.79561188133453e-05,3.24340367154452,1.85995067180713,8.77678960359246e-05,3.97675259237793e-06,0.9955,0.00149662119455792,0.9955,0.00149662119455792,0.9975,0.00111663557170635,0.034,0.00405240669232494,1,0,0,0.0419816626746942,1326.08303002463,1633.24319400892,7.26139027968974,2000,2000
34,8000,70,"boundary",16,"heterogeneous","bonferroni","effect_seeking",NA,-0.0019477858190463,-0.00283901330334486,9.19853687800138e-05,0.00411371075054996,6.50597450041696e-05,0.00407229314147582,3.91937057948261e-05,-1.00681869936046,1.83272631530675,2.49741513676898e-05,1.16004041346957e-06,0.9965,0.00132055859392909,0.9965,0.00132055859392909,0.9965,0.00132055859392909,0.0245,0.00345685912353975,1,0,0,0.021152664273583,2670.32286352541,3291.08967488657,7.69148490887219,2000,2000
35,4000,140,"above",16,"heterogeneous","bonferroni","effect_seeking",NA,-0.00887230429197506,-0.00643107069728269,0.000223512360531075,0.0099957766391785,0.000158086632410081,0.0102333678328678,7.3957487236113e-05,2.37691579419683,1.78016917798184,0.000141224263158484,5.54227987973003e-06,0.993,0.00186426929385215,0.993,0.00186426929385215,0.999,0.000706753139363385,0.0685,0.00564835152942874,1,0,0,0.0573417553574839,1336.84245888044,1648.89057713449,7.38439026286425,2000,2000
36,8000,140,"above",16,"heterogeneous","bonferroni","effect_seeking",NA,-0.00444575396233309,-0.00312214856438772,0.000110226561159595,0.00492948167357783,7.79614416601424e-05,0.00520226261600655,3.61579542825961e-05,5.53366379047173,1.82311815323212,3.40354513334629e-05,1.25378488401566e-06,0.997,0.00122290637417588,0.997,0.00122290637417588,0.999,0.000706753139363385,0.055,0.00509779364038993,1,0,0,0.0293952713044882,2690.93427673828,3313.95961197426,7.85923545320708,2000,2000
1,4000,35,"below",4,"null","bonferroni","outcome_blinded",NA,0,-4.00039112170642e-05,0.000148022319024944,0.00661975935053871,0.00010469376226256,0.00677051941474294,2.05730158127078e-05,2.27742514827158,1.6471373862822,4.38009035650279e-05,1.38524150589053e-06,0.9895,0.00227922684259377,0.9895,0.00227922684259377,0.9895,0.00227922684259377,0.0105,0.00227922684259378,1,0,0,0.0325487976065648,1207.57012132986,1272.046977119,6.67948825814818,2000,2000
2,8000,35,"below",4,"null","bonferroni","outcome_blinded",NA,0,-2.37617676177109e-05,7.85311920086817e-05,0.00351202167371001,5.55438260967044e-05,0.00339733254401992,1.07025978197691e-05,-3.26561565803031,1.55994330560348,1.23286937100909e-05,4.04172428954242e-07,0.984,0.00280570846668003,0.984,0.00280570846668003,0.984,0.00280570846668003,0.016,0.00280570846668003,1,0,0,0.016307939749571,2426.55797434871,2556.55598515341,7.03855015834734,2000,2000
3,4000,70,"boundary",4,"null","bonferroni","outcome_blinded",NA,0,-0.000667655099197831,0.000215795516914252,0.00965066890119945,0.000152628635289384,0.00934988870507711,2.55023237005454e-05,-3.11667718788852,1.55486297387108,9.35346058669428e-05,3.09304332666184e-06,0.9855,0.00267298989897081,0.9855,0.00267298989897081,0.9845,0.00276222283677476,0.0145,0.00267298989897081,1,0,0,0.0446934361913736,1209.74663938904,1271.72746869501,6.6971978503439,2000,2000
4,8000,70,"boundary",4,"null","bonferroni","outcome_blinded",NA,0,-8.38508706526833e-05,0.00010873350719934,0.00486271027059372,7.6905429044006e-05,0.00478493300939124,1.3333296971606e-05,-1.59946319797869,1.58020888437247,2.3641159168659e-05,7.27229376868045e-07,0.989,0.00233227356885937,0.989,0.00233227356885937,0.988,0.00243474844696531,0.011,0.00233227356885937,1,0,0,0.0227962727586362,2425.26564184471,2556.30438413153,7.07434276542826,2000,2000
5,4000,140,"above",4,"null","bonferroni","outcome_blinded",NA,0,0.000405430627715572,0.00028850249297833,0.012902223719554,0.000204053088824661,0.0127221968479003,3.14257122646339e-05,-1.39531661802563,1.57837331638245,0.000166548517214858,5.3438757753714e-06,0.9905,0.00216907238237915,0.9905,0.00216907238237915,0.9905,0.00216907238237915,0.0095,0.00216907238237916,1,0,0,0.060584831932722,1208.83954663675,1273.93928264071,6.64475427476376,2000,2000
6,8000,140,"above",4,"null","bonferroni","outcome_blinded",NA,0,-6.3619395595621e-05,0.000147487335354247,0.0065958341534481,0.000104315377073062,0.00663822229325939,1.74338018611609e-05,0.642650176234882,1.61349468917164,4.34873230931985e-05,1.4390996426205e-06,0.987,0.00253288373203351,0.987,0.00253288373203351,0.987,0.00253288373203351,0.013,0.00253288373203351,1,0,0,0.0314922657862907,2421.87868914595,2557.67035643999,7.02437110806686,2000,2000
7,4000,35,"below",16,"null","bonferroni","outcome_blinded",NA,0,-0.000178731092073079,0.000136449137412467,0.00610219093450974,9.65082404281545e-05,0.00604632790052876,3.19518505238429e-05,-0.915458637406152,1.65222115393083,3.7250060637386e-05,1.36604162916712e-06,0.9985,0.000865375640979091,0.9985,0.000865375640979091,0.9985,0.000865375640979091,0.0015,0.000865375640979107,1,0,0,0.0336203401205324,1336.13341456094,1646.61467765049,7.36638735310344,2000,2000
8,8000,35,"below",16,"null","bonferroni","outcome_blinded",NA,0,1.90691608382954e-05,6.58762411834062e-05,0.00294607506776535,4.65931866129215e-05,0.00301316426061329,1.42100371732467e-05,2.27723976153904,1.68793262446329,8.67538225865125e-06,2.8383001327819e-07,0.997,0.00122290637417588,0.997,0.00122290637417588,0.997,0.00122290637417588,0.003,0.00122290637417588,1,0,0,0.0168484335415854,2690.25848469905,3307.47692068607,7.87699537643542,2000,2000
9,4000,70,"boundary",16,"null","bonferroni","outcome_blinded",NA,0,-6.63764272551772e-05,0.000190268953707977,0.00850908628997594,0.00013457411515146,0.0083548393976225,4.06429940477239e-05,-1.8127315565615,1.62466389362497,7.23727530456065e-05,2.69734588988721e-06,0.9935,0.00179690706493129,0.9935,0.00179690706493129,0.9935,0.00179690706493129,0.0065,0.00179690706493129,1,0,0,0.0463681074355539,1337.52503206186,1648.39589974265,7.33874183365848,2000,2000
10,8000,70,"boundary",16,"null","bonferroni","outcome_blinded",NA,0,-0.000101080910068955,9.53673430483342e-05,0.00426495723779235,6.74517600216209e-05,0.00428308541716707,2.07136899006995e-05,0.425049499068497,1.66085397063992,1.81909826604576e-05,6.33263947769012e-07,0.998,0.000998999499499375,0.998,0.000998999499499375,0.998,0.000998999499499375,0.002,0.000998999499499374,1,0,0,0.0236052238319462,2679.46789405283,3310.3865190047,7.81495540222319,2000,2000
11,4000,140,"above",16,"null","bonferroni","outcome_blinded",NA,0,7.86746988250627e-05,0.00025056900504256,0.011205786566593,0.000177223353998875,0.0114471687305201,5.53167612659065e-05,2.15408496755307,1.68933547687219,0.000125513057457984,4.12233764545634e-06,0.996,0.00141138230115019,0.996,0.00141138230115019,0.9965,0.00132055859392909,0.004,0.00141138230115019,1,0,0,0.0626831364146624,1333.95128733567,1643.17361078841,7.36240029703913,2000,2000
12,8000,140,"above",16,"null","bonferroni","outcome_blinded",NA,0,1.21890100895256e-05,0.000135209535777215,0.00604675426408083,9.56314904910077e-05,0.00595271170441268,2.95125368370612e-05,-1.55525684625194,1.63164595694962,3.65451040835817e-05,1.29954560337697e-06,0.9975,0.00111663557170635,0.9975,0.00111663557170635,0.9975,0.00111663557170635,0.0025,0.00111663557170636,1,0,0,0.0325229349756105,2684.86270677847,3306.5683798868,7.8090050754906,2000,2000
13,4000,35,"below",4,"homogeneous","bonferroni","outcome_blinded",NA,-0.00649099925726144,-0.000267765572618033,0.00014142778833313,0.00632484297240659,0.000100029558694951,0.00639927368901824,2.04036147570193e-05,1.17679943891678,1.63233998499556,4.00553352081677e-05,1.32336052062071e-06,0.988,0.00243474844696531,0.988,0.00243474844696531,0.9875,0.00248432586429397,0.058,0.00522666241496426,1,0,0,0.0307722964594082,1209.62634305269,1273.53852765948,6.70337935685161,2000,2000
14,8000,35,"below",4,"homogeneous","bonferroni","outcome_blinded",NA,-0.00327885284541353,-7.83888589636397e-05,7.22664803562195e-05,0.0032318552514232,5.11128981345784e-05,0.0032341910000433,1.05426921830977e-05,0.0722726866890788,1.61594600528862,1.04458107351782e-05,3.30811955040244e-07,0.99,0.0022248595461287,0.99,0.0022248595461287,0.989,0.00233227356885937,0.063,0.00543281694887652,1,0,0,0.0155460286093374,2424.07412804189,2555.64561266526,7.09168598744771,2000,2000
15,4000,70,"boundary",4,"homogeneous","bonferroni","outcome_blinded",NA,-0.0127198327807558,-0.000188855807859261,0.000194576778279656,0.0087017380615243,0.000137620968926939,0.00883723434768826,2.46061583711006e-05,1.55711750004364,1.63086247922134,7.57180516848974e-05,2.51014499608951e-06,0.9875,0.00248432586429397,0.9875,0.00248432586429397,0.987,0.00253288373203351,0.1445,0.00786192565469809,1,0,0,0.0423772308637618,1208.32306346061,1276.03773676225,6.66532377531885,2000,2000
16,8000,70,"boundary",4,"homogeneous","bonferroni","outcome_blinded",NA,-0.00649305926960935,-0.000132524720868627,9.94023072601049e-05,0.00444540632307831,7.03056241328424e-05,0.00452442317887796,1.28841061724915e-05,1.77749456533225,1.63553089658661,1.97693193602173e-05,6.37108414285959e-07,0.9905,0.00216907238237915,0.9905,0.00216907238237915,0.99,0.0022248595461287,0.1425,0.00781644900194455,1,0,0,0.0216016235105655,2425.10718258357,2557.14282766051,7.08261454652157,2000,2000
17,4000,140,"above",4,"homogeneous","bonferroni","outcome_blinded",NA,-0.024481797052954,0.000222105294877752,0.000274664957741116,0.0122833903309249,0.000194266026752079,0.012112900309065,3.11649168811141e-05,-1.38797202780953,1.58008573603988,0.00015085556794486,4.85099218935452e-06,0.9865,0.00258047960658479,0.9865,0.00258047960658479,0.986,0.00262716577322407,0.314,0.0103779574098182,1,0,0,0.0576142214849418,1208.98222965534,1273.16125128418,6.6679260235989,2000,2000
18,8000,140,"above",4,"homogeneous","bonferroni","outcome_blinded",NA,-0.0127547602896959,-0.000111142569971655,0.000142082592032688,0.00635412668408923,0.000100492690628715,0.00628867294774705,1.67981713164655e-05,-1.03009807006326,1.58741138947849,4.0367091125356e-05,1.40577332286653e-06,0.9835,0.00284848644019942,0.9835,0.00284848644019942,0.984,0.00280570846668003,0.328,0.0104979998094875,1,0,0,0.0299165117537752,2421.6627210692,2559.75054639417,7.08463054783937,2000,2000
19,4000,35,"below",16,"homogeneous","bonferroni","outcome_blinded",NA,-0.00601396018959385,-1.5728507071338e-06,0.000126321145545106,0.00564925336869003,8.93448776343314e-05,0.00570838864062444,3.25094712993771e-05,1.04678031015839,1.69854342606987,3.18981090657031e-05,1.1942418586613e-06,0.995,0.00157718102955875,0.995,0.00157718102955875,0.995,0.00157718102955875,0.02,0.00313049516849971,1,0,0,0.0316601755784507,1335.39916665775,1648.63699199998,7.36894709869888,2000,2000
20,8000,35,"below",16,"homogeneous","bonferroni","outcome_blinded",NA,-0.00303069902918666,-7.40426826923057e-05,6.39267664518632e-05,0.00285889190736238,4.5214355059508e-05,0.00287019082631352,1.63513131761505e-05,0.395220222284176,1.68765595686237,8.17465862537341e-06,3.3380377697612e-07,0.9995,0.000499874984371065,0.9995,0.000499874984371065,0.9995,0.000499874984371065,0.0265,0.00359150038284837,1,0,0,0.0159479359404884,2685.58196538891,3311.38499385155,7.86792342592675,2000,2000
21,4000,70,"boundary",16,"homogeneous","bonferroni","outcome_blinded",NA,-0.0118213402658169,0.000124026504985328,0.000182345683959326,0.00815474689473491,0.000128970116208114,0.00795089447101485,4.13241939826104e-05,-2.49980074613573,1.6231317974343,6.64820295426689e-05,2.75336832014226e-06,0.996,0.00141138230115019,0.996,0.00141138230115019,0.996,0.00141138230115019,0.0655,0.00553216729681958,1,0,0,0.0436700788682053,1335.74431636919,1649.10001353437,7.33854881789726,2000,2000
22,8000,70,"boundary",16,"homogeneous","bonferroni","outcome_blinded",NA,-0.00598251474676479,0.000147151170108619,8.80429461869144e-05,0.00393740025226593,6.22713340643914e-05,0.00396866031100309,1.71644759807767e-05,0.793926365986541,1.65262310417581,1.55170226530349e-05,5.34268799091489e-07,0.9975,0.00111663557170635,0.9975,0.00111663557170635,0.997,0.00122290637417588,0.061,0.00535158854920667,1,0,0,0.0221942460311063,2687.50989129057,3315.1085429274,7.82977243005285,2000,2000
23,4000,140,"above",16,"homogeneous","bonferroni","outcome_blinded",NA,-0.0227863749768472,-0.000365433605050231,0.000246044007386223,0.0110034225194411,0.000174022897257001,0.0108485262764491,5.54321854251758e-05,-1.40770967140772,1.63863114706479,0.000121148311207472,4.3226939432787e-06,0.995,0.00157718102955875,0.995,0.00157718102955875,0.995,0.00157718102955875,0.217,0.00921713079000184,1,0,0,0.0592171781220747,1337.67644608699,1647.03079702955,7.38142697853708,2000,2000
24,8000,140,"above",16,"homogeneous","bonferroni","outcome_blinded",NA,-0.0118045658584083,3.76432176404003e-05,0.000121873517123249,0.00545034937889138,8.61991428850221e-05,0.00556174078170348,2.4999023843902e-05,2.04374793372897,1.67776949629312,2.96928722096399e-05,1.01853870547883e-06,0.9995,0.000499874984371065,0.9995,0.000499874984371065,0.9995,0.000499874984371065,0.2045,0.00901886217878952,1,0,0,0.0306718174335741,2688.39170973881,3303.81533354139,7.80457376898302,2000,2000
25,4000,35,"below",4,"heterogeneous","bonferroni","outcome_blinded",NA,-0.00251757591573341,-0.00010467095416028,0.000147258104506417,0.00658558263828234,0.00010415324584823,0.00659951020199756,2.16728790846638e-05,0.211485672266187,1.61868633884976,4.33591697449478e-05,1.38776076802039e-06,0.9885,0.00238408787589719,0.9885,0.00238408787589719,0.988,0.00243474844696531,0.0155,0.00276222283677476,1,0,0,0.0315913493347729,1208.95713088107,1274.82840604335,6.67685374024649,2000,2000
26,8000,35,"below",4,"heterogeneous","bonferroni","outcome_blinded",NA,-0.00126044727828558,0.000196611248263465,7.29814936210599e-05,0.00326383161672314,5.16186153078863e-05,0.00330828620983295,1.03440706488892e-05,1.36203696544974,1.63410384048003,1.06859265068541e-05,3.43899410924897e-07,0.987,0.00253288373203351,0.987,0.00253288373203351,0.987,0.00253288373203351,0.0145,0.00267298989897081,1,0,0,0.0158655965609257,2426.53563929977,2559.20004710532,7.08116627003701,2000,2000
27,4000,70,"boundary",4,"heterogeneous","bonferroni","outcome_blinded",NA,-0.0050105205036855,-7.80306269514421e-05,0.000202620522286333,0.00906146522937505,0.000143310177340124,0.00914654625656914,2.67012186486105e-05,0.938932336442422,1.62335157557919,8.20751858058639e-05,2.67723789319785e-06,0.99,0.0022248595461287,0.99,0.0022248595461287,0.99,0.0022248595461287,0.0255,0.00352489361541593,1,0,0,0.0434217722001681,1208.84077118618,1273.87676637392,6.71801784708464,2000,2000
28,8000,70,"boundary",4,"heterogeneous","bonferroni","outcome_blinded",NA,-0.00250381601568706,7.06793971914252e-05,0.000104197914937558,0.00465987241828243,7.36974789111965e-05,0.00466874591218848,1.38490456949675e-05,0.190423537589668,1.61217625013623,2.17085493263793e-05,7.36892921233625e-07,0.9865,0.00258047960658479,0.9865,0.00258047960658479,0.9865,0.00258047960658479,0.0215,0.00324328151722912,1,0,0,0.0221807427940978,2419.84265713142,2554.90780435765,7.11562634691086,2000,2000
29,4000,140,"above",4,"heterogeneous","bonferroni","outcome_blinded",NA,-0.00998696055530527,0.00043040036642683,0.000275927297160637,0.0123398438659794,0.000195158858751689,0.0123730093574324,3.20293478847247e-05,0.26876751288929,1.60688686343673,0.000152380855238851,4.89792708474586e-06,0.9905,0.00216907238237915,0.9905,0.00216907238237915,0.9915,0.00205277251540447,0.046,0.00468422885862764,1,0,0,0.0588445335729381,1207.30704193133,1274.72072878121,6.6353841224565,2000,2000
30,8000,140,"above",4,"heterogeneous","bonferroni","outcome_blinded",NA,-0.00502031554834999,-4.42682416420237e-05,0.000144719180777816,0.00647203851734556,0.000102357506671896,0.00646717283808285,1.78044069599756e-05,-0.0751800108988343,1.60411025629047,4.18682986059376e-05,1.32847255810509e-06,0.9915,0.00205277251540447,0.9915,0.00205277251540447,0.992,0.0019919839356782,0.049,0.00482695556225661,1,0,0,0.030645341935577,2425.77219917247,2558.9529511534,7.07814307412475,2000,2000
31,4000,35,"below",16,"heterogeneous","bonferroni","outcome_blinded",NA,-0.00290785049126062,0.000233847422858404,0.000127460686524099,0.00570021519053355,9.01508563078791e-05,0.00584523608085353,3.21488432718928e-05,2.54413009812025,1.71704059197834,3.25308916089577e-05,1.18121770670816e-06,0.9965,0.00132055859392909,0.9965,0.00132055859392909,0.997,0.00122290637417588,0.0055,0.00165374574829385,1,0,0,0.0322750553219251,1334.45777542233,1646.76145440602,7.35474805147058,2000,2000
32,8000,35,"below",16,"heterogeneous","bonferroni","outcome_blinded",NA,-0.00145879575371903,-6.95112872603379e-05,6.69209440069102e-05,0.00299279559835817,4.73320878121421e-05,0.00293293984418337,1.56969400142393e-05,-1.99999472759301,1.63624327157246,8.95717889986182e-06,3.63370195566318e-07,0.9965,0.00132055859392909,0.9965,0.00132055859392909,0.997,0.00122290637417588,0.006,0.0017268468374468,1,0,0,0.0162651753248036,2687.65492965568,3309.63472488063,7.78074814684738,2000,2000
33,4000,70,"boundary",16,"heterogeneous","bonferroni","outcome_blinded",NA,-0.00580389656882158,-4.50943812112906e-05,0.000180827586949605,0.0080868555325314,0.000127896391053191,0.0080674451412665,4.13899064460639e-05,-0.24002396465248,1.65867855209002,6.53665672910486e-05,2.30017188009615e-06,0.9975,0.00111663557170635,0.9975,0.00111663557170635,0.9975,0.00111663557170635,0.016,0.00280570846668003,1,0,0,0.0445137203311523,1336.6613453993,1646.2008392629,7.3574256742201,2000,2000
34,8000,70,"boundary",16,"heterogeneous","bonferroni","outcome_blinded",NA,-0.0029074692384623,-3.0194932476451e-05,9.36415156054406e-05,0.00418777588819745,6.6231110533066e-05,0.00411978512663813,2.18479947224203e-05,-1.62355301177757,1.64099717645371,1.75296098902703e-05,6.29792736611524e-07,0.997,0.00122290637417588,0.997,0.00122290637417588,0.997,0.00122290637417588,0.012,0.00243474844696531,1,0,0,0.0226228291938309,2685.27433634706,3305.97054985652,7.79035498839546,2000,2000
35,4000,140,"above",16,"heterogeneous","bonferroni","outcome_blinded",NA,-0.0115392549452871,0.000145149907736664,0.000245343459360216,0.010972093059288,0.00017352741111024,0.0109430785093972,5.06352031026365e-05,-0.264439517000392,1.64347598408328,0.000120347701184342,4.19648649822035e-06,0.9955,0.00149662119455792,0.9955,0.00149662119455792,0.995,0.00157718102955875,0.0325,0.00396508196636589,1,0,0,0.0601489663966089,1334.92054308403,1647.03858953654,7.33673274368409,2000,2000
36,8000,140,"above",16,"heterogeneous","bonferroni","outcome_blinded",NA,-0.00579287812124655,0.00012500583067793,0.000127507208746107,0.00570229572755102,9.01837607136666e-05,0.00571381988720796,2.84468341649492e-05,0.202096843228627,1.66139651092839,3.25155449338679e-05,1.24003958196111e-06,0.9975,0.00111663557170635,0.9975,0.00111663557170635,0.998,0.000998999499499375,0.027,0.00362429303451032,1,0,0,0.0311870226408946,2684.43027516998,3305.8938869804,7.81171587847869,2000,2000
1,4000,35,"below",4,"null","bonferroni","prognostic_high",NA,0,-8.71305950989044e-05,0.00015167510037465,0.00678311669863642,0.000107277314693993,0.00696012922926572,2.34887042827335e-05,2.60960467722584,1.65934042190916,4.59952585518489e-05,1.46331188278245e-06,0.9875,0.00248432586429397,0.9875,0.00248432586429397,0.988,0.00243474844696531,0.0125,0.00248432586429397,1,0,0,0.0333858481149492,1180.5332156184,1237.64941996789,6.63204845023855,2000,2000
2,8000,35,"below",4,"null","bonferroni","prognostic_high",NA,0,2.03737576218125e-05,8.07880190276975e-05,0.00361295004626956,5.71400428899081e-05,0.00352176796258864,1.25043005304508e-05,-2.52375711020612,1.57999230927473,1.30472964228204e-05,4.30086448686296e-07,0.988,0.00243474844696531,0.988,0.00243474844696531,0.988,0.00243474844696531,0.012,0.00243474844696531,1,0,0,0.0169613159094918,2377.50672517482,2502.38688776819,6.99602160102179,2000,2000
3,4000,70,"boundary",4,"null","bonferroni","prognostic_high",NA,0,-0.000575055851888131,0.000223092947214048,0.00997701990542769,0.000157789988239176,0.00973190045459648,2.8660564609024e-05,-2.45684035067282,1.56919678773035,9.98218449629944e-05,3.3153980693071e-06,0.986,0.00262716577322407,0.986,0.00262716577322407,0.987,0.00253288373203351,0.014,0.00262716577322406,1,0,0,0.0459944778683453,1184.80780740993,1244.8285300971,6.63612405891511,2000,2000
4,8000,70,"boundary",4,"null","bonferroni","prognostic_high",NA,0,-5.33706305710974e-05,0.000112634385976311,0.00503716287293963,7.96644567229504e-05,0.00497041665369627,1.48847332213527e-05,-1.3250756611809,1.58830795192117,2.53631717278247e-05,7.83699489459679e-07,0.992,0.0019919839356782,0.992,0.0019919839356782,0.991,0.00211175282644537,0.008,0.0019919839356782,1,0,0,0.0234354038635897,2393.8130004507,2519.82551400999,7.04452801363931,2000,2000
5,4000,140,"above",4,"null","bonferroni","prognostic_high",NA,0,0.000415662133081644,0.000299277132467917,0.0133840802461894,0.000211673814892312,0.0132508570229904,3.51007358231201e-05,-0.995385717572372,1.58760296942312,0.000179216812243297,5.71329281927577e-06,0.989,0.00233227356885937,0.989,0.00233227356885937,0.989,0.00233227356885937,0.011,0.00233227356885937,1,0,0,0.0616729109421466,1186.51418494346,1249.81554584728,6.5775562817294,2000,2000
6,8000,140,"above",4,"null","bonferroni","prognostic_high",NA,0,-0.000126835894639358,0.000155005026262453,0.00693203551153972,0.000109632516744239,0.00693096716244977,1.86468591777783e-05,-0.0154117659693309,1.60400693756543,4.804517711925e-05,1.64404881823665e-06,0.985,0.00271799558498538,0.985,0.00271799558498538,0.9855,0.00267298989897081,0.015,0.00271799558498538,1,0,0,0.0323347426538982,2390.35088699078,2519.07677500474,6.97940387538127,2000,2000
7,4000,35,"below",16,"null","bonferroni","prognostic_high",NA,0,-0.000261189187873576,0.000182029953288329,0.00814062698987629,0.00012874680507486,0.00823148160071965,5.9826574069752e-05,1.11606404465343,1.75996911437847,6.63048926762703e-05,2.64186762489584e-06,0.9965,0.00132055859392909,0.9965,0.00132055859392909,0.9965,0.00132055859392909,0.0035,0.0013205585939291,1,0,0,0.041289137350496,990.765733252356,866.388855409724,6.85145709664652,2000,2000
8,8000,35,"below",16,"null","bonferroni","prognostic_high",NA,0,2.60980623217884e-06,9.22811867986433e-05,0.00412694013452245,6.52689722444897e-05,0.00412714146599216,3.05299438739563e-05,0.0048784683844838,1.74606905823189,1.70231258675838e-05,6.94554350147347e-07,0.997,0.00122290637417588,0.997,0.00122290637417588,0.997,0.00122290637417588,0.003,0.00122290637417588,1,0,0,0.0208561290060949,1978.37701339068,1720.54583057538,7.32510852893757,2000,2000
9,4000,70,"boundary",16,"null","bonferroni","prognostic_high",NA,0,7.07249646647718e-05,0.000256659423008188,0.0114781583382437,0.000181531006890502,0.0112776673459246,7.98012600953829e-05,-1.74671742984244,1.70235103956101,0.000131687246799,4.96922722795183e-06,0.992,0.0019919839356782,0.992,0.0019919839356782,0.992,0.0019919839356782,0.008,0.0019919839356782,1,0,0,0.0544616986934654,1161.71410710515,1216.06871838047,6.94269392009837,2000,2000
10,8000,70,"boundary",16,"null","bonferroni","prognostic_high",NA,0,-0.000100392659516144,0.000127840023628715,0.0057171796615797,9.04191552300253e-05,0.00578499399954544,4.11261653979185e-05,1.18615019957236,1.75453552763127,3.2679878897224e-05,1.35070180802226e-06,0.9985,0.000865375640979091,0.9985,0.000865375640979091,0.998,0.000998999499499375,0.0015,0.000865375640979107,1,0,0,0.0286602642285598,1998.63256041557,1764.58694757412,7.3685391553909,2000,2000
11,4000,140,"above",16,"null","bonferroni","prognostic_high",NA,0,0.000232379301881164,0.000349100388954898,0.0156122440134954,0.000246912988309908,0.0151366144969026,0.000103978434736261,-3.04651603050571,1.6717457008918,0.000243674292195296,1.07455658477192e-05,0.9955,0.00149662119455792,0.9955,0.00149662119455792,0.996,0.00141138230115019,0.0045,0.00149662119455793,1,0,0,0.071673976522309,1197.20774803109,1258.66842131085,6.97495311412387,2000,2000
12,8000,140,"above",16,"null","bonferroni","prognostic_high",NA,0,2.09974515275694e-05,0.000171345724320263,0.00766281374468093,0.000121190024888536,0.00779330723098481,5.62187164408647e-05,1.7029447752722,1.76788500921263,5.86897960213988e-05,2.24545512385284e-06,0.9965,0.00132055859392909,0.9965,0.00132055859392909,0.9965,0.00132055859392909,0.0035,0.0013205585939291,1,0,0,0.0365480359790434,2437.45714923772,2578.7544043397,7.43132701779839,2000,2000
13,4000,35,"below",4,"homogeneous","bonferroni","prognostic_high",NA,-0.00637388256319864,-0.000215622348529838,0.000146974384760853,0.00657289430552954,0.00010395257551833,0.00662920583463724,2.40325732750747e-05,0.856723484208888,1.63645293895125,4.32278310790723e-05,1.415507584298e-06,0.9885,0.00238408787589719,0.9885,0.00238408787589719,0.9885,0.00238408787589719,0.0515,0.00494205169944629,1,0,0,0.0318230363431122,1170.52830364645,1230.56068422506,6.63266516164197,2000,2000
14,8000,35,"below",4,"homogeneous","bonferroni","prognostic_high",NA,-0.00321359925532178,2.27828685226202e-06,7.5830401726292e-05,0.00339123866042213,5.36336013575698e-05,0.0033302057651404,1.24917613273321e-05,-1.79972279727829,1.59615608664084,1.14947545927067e-05,3.82280270344057e-07,0.987,0.00253288373203351,0.987,0.00253288373203351,0.987,0.00253288373203351,0.0525,0.00498717104178311,1,0,0,0.0159837542153166,2380.76909324511,2506.39454526906,7.04563170120171,2000,2000
15,4000,70,"boundary",4,"homogeneous","bonferroni","prognostic_high",NA,-0.0128132690081647,-0.000147432242109166,0.000202674911796608,0.0090638976022198,0.00014334864615007,0.0092176889114936,2.79055926675399e-05,1.69674588155251,1.63757084509122,8.21348988896673e-05,2.73356398691577e-06,0.9885,0.00238408787589719,0.9885,0.00238408787589719,0.987,0.00253288373203351,0.1355,0.00765309577883356,1,0,0,0.0437141280636434,1177.70287139685,1242.9103740016,6.58596990400985,2000,2000
16,8000,70,"boundary",4,"homogeneous","bonferroni","prognostic_high",NA,-0.00653059270188162,-6.62448019772397e-05,0.000102855528683734,0.00459983907997017,7.27480310965143e-05,0.00469770804416323,1.45755875000914e-05,2.12766060924223,1.64597291543482,2.1152328675629e-05,7.18629441408576e-07,0.9915,0.00205277251540447,0.9915,0.00205277251540447,0.9905,0.00216907238237915,0.1305,0.00753225563825339,1,0,0,0.0223118659444452,2393.45551777602,2517.98417921474,7.03655711091122,2000,2000
17,4000,140,"above",4,"homogeneous","bonferroni","prognostic_high",NA,-0.0249184369357965,0.000269290062231003,0.00028759562372815,0.0128616672937519,0.000203411675054717,0.0126206450583101,3.43244564782853e-05,-1.87395793979859,1.57467647476626,0.000165412291469995,5.36348994042153e-06,0.9845,0.00276222283677476,0.9845,0.00276222283677476,0.985,0.00271799558498538,0.2955,0.0102024445600062,1,0,0,0.0588682504621976,1187.11710194979,1246.60900754139,6.61787464177361,2000,2000
18,8000,140,"above",4,"homogeneous","bonferroni","prognostic_high",NA,-0.0130119344509763,3.31741714922621e-05,0.000146052664124431,0.00653167370554343,0.0001033006576061,0.00656545127295969,1.84718133551255e-05,0.517134947932152,1.61467182962767,4.26425305406439e-05,1.39337840218174e-06,0.986,0.00262716577322407,0.986,0.00262716577322407,0.9855,0.00267298989897081,0.304,0.0102855238077601,1,0,0,0.0306241898914285,2390.17893923202,2519.9436091547,7.02828232601932,2000,2000
19,4000,35,"below",16,"homogeneous","bonferroni","prognostic_high",NA,-0.00630978625536082,3.69711029214327e-05,0.000168424100422146,0.00753215475186339,0.000119123608149324,0.00764539705220981,5.86900236855437e-05,1.50345158957885,1.78442369925231,5.67063553908664e-05,2.37738004524907e-06,0.9915,0.00205277251540447,0.9915,0.00205277251540447,0.9915,0.00205277251540447,0.01,0.0022248595461287,1,0,0,0.0378087615451485,1003.71667265189,881.732255951506,6.88418224679455,2000,2000
20,8000,35,"below",16,"homogeneous","bonferroni","prognostic_high",NA,-0.003224353121283,-4.01960791467756e-05,9.02920038547167e-05,0.00403798116887639,6.3862055722711e-05,0.0039538508436941,3.09034485269632e-05,-2.08347492630092,1.72737492477237,1.6298754999019e-05,6.80009453987482e-07,0.996,0.00141138230115019,0.996,0.00141138230115019,0.996,0.00141138230115019,0.014,0.00262716577322406,1,0,0,0.0195347030412351,1961.32846616266,1708.76663210636,7.32763210008466,2000,2000
21,4000,70,"boundary",16,"homogeneous","bonferroni","prognostic_high",NA,-0.0127956666368136,0.000481450768036114,0.000248790965082084,0.0111262702022263,0.000175965775451656,0.0106562478297142,7.67819410413106e-05,-4.22443787513023,1.66451770821197,0.000123963786510686,5.35895329307031e-06,0.994,0.0017268468374468,0.994,0.0017268468374468,0.9945,0.00165374574829385,0.0445,0.00461084319837489,1,0,0,0.0525391665591994,1133.07328248608,1179.50008367371,6.85532027949912,2000,2000
22,8000,70,"boundary",16,"homogeneous","bonferroni","prognostic_high",NA,-0.00655350243898545,0.000173414086807226,0.000119088789521911,0.00532581257458316,8.42295506547363e-05,0.00540167615490726,3.95550220380585e-05,1.4244508093685,1.76766103022372,2.83801698853015e-05,1.10708611534005e-06,0.9965,0.00132055859392909,0.9965,0.00132055859392909,0.997,0.00122290637417588,0.04,0.00438178046004133,1,0,0,0.0260985237689852,2378.11444510694,2499.72458213876,7.35926310410891,2000,2000
23,4000,140,"above",16,"homogeneous","bonferroni","prognostic_high",NA,-0.0248847115653438,0.000180247374070921,0.000314169346907236,0.0140500803226259,0.000222206834293329,0.0142269741626731,0.000101701293685118,1.25902369228692,1.75743745699016,0.000197338543809562,7.33318093711325e-06,0.999,0.000706753139363385,0.999,0.000706753139363385,0.999,0.000706753139363385,0.1605,0.00820791538699078,1,0,0,0.0672492211231245,1214.70198168445,1275.61116738569,6.95792010785395,2000,2000
24,8000,140,"above",16,"homogeneous","bonferroni","prognostic_high",NA,-0.0130756675878547,0.000156522767805118,0.000163928518139867,0.00733110620023099,0.000115943956419821,0.00745299256109674,5.48895951303279e-05,1.66259166811566,1.77361146398479,5.37427449368471e-05,2.26076366896028e-06,0.9975,0.00111663557170635,0.9975,0.00111663557170635,0.997,0.00122290637417588,0.1435,0.00783925219647895,1,0,0,0.0347767943593879,2430.82571634592,2559.87348525689,7.41842431301118,2000,2000
25,4000,35,"below",4,"heterogeneous","bonferroni","prognostic_high",NA,-0.00223208612556143,-1.78557664902193e-05,0.000153011638587371,0.00684288850459983,0.000108222626284969,0.00687165594232439,2.44817095046292e-05,0.420399042089126,1.62798148090714,4.68020293532383e-05,1.57473826931632e-06,0.9885,0.00238408787589719,0.9885,0.00238408787589719,0.9885,0.00238408787589719,0.014,0.00262716577322406,1,0,0,0.0331057368325274,1176.14723245263,1232.77404105401,6.6147230712926,2000,2000
26,8000,35,"below",4,"heterogeneous","bonferroni","prognostic_high",NA,-0.00111201871133418,0.000238058255182226,7.61817149105411e-05,0.00340694986364959,5.3882079419755e-05,0.00347359754189418,1.24166387534888e-05,1.95622715073374,1.6531461259281,1.16581754525956e-05,3.75797374583148e-07,0.988,0.00243474844696531,0.988,0.00243474844696531,0.9875,0.00248432586429397,0.0145,0.00267298989897081,1,0,0,0.0166520741152279,2364.08749266719,2487.57632401309,7.01906318820038,2000,2000
27,4000,70,"boundary",4,"heterogeneous","bonferroni","prognostic_high",NA,-0.00456716770016462,6.19190362381861e-05,0.000216483846123602,0.00968145191925956,0.000153115479267216,0.00959621521952775,2.89985872664408e-05,-0.880412364205874,1.59596943618612,9.36874799763508e-05,3.10062928607773e-06,0.9885,0.00238408787589719,0.9885,0.00238408787589719,0.989,0.00233227356885937,0.021,0.00320616593457045,1,0,0,0.0453745264308135,1178.76420782485,1236.30375057025,6.65535324165882,2000,2000
28,8000,70,"boundary",4,"heterogeneous","bonferroni","prognostic_high",NA,-0.00228733978018332,0.00011939333436661,0.00011057129702432,0.00494489873013398,7.82052676919371e-05,0.00487951021335701,1.4883805529717e-05,-1.32234289002712,1.58938184121432,2.44540522078462e-05,8.29006902509521e-07,0.985,0.00271799558498538,0.985,0.00271799558498538,0.985,0.00271799558498538,0.0225,0.00331615364541512,1,0,0,0.0231180626699778,2377.02579582927,2504.523963959,7.06556171243511,2000,2000
29,4000,140,"above",4,"heterogeneous","bonferroni","prognostic_high",NA,-0.0092446667619988,0.0005901152438597,0.000289888491116077,0.0129642074406078,0.000205033382610662,0.013004133427088,3.63073645410212e-05,0.307970901137833,1.61093555388382,0.000168334875226865,5.46646046327412e-06,0.989,0.00233227356885937,0.989,0.00233227356885937,0.9905,0.00216907238237915,0.04,0.00438178046004133,1,0,0,0.0603040103067931,1185.07321191581,1243.82421365386,6.58113094621366,2000,2000
30,8000,140,"above",4,"heterogeneous","bonferroni","prognostic_high",NA,-0.00460494589101584,1.14534249906216e-05,0.000153994490028047,0.00688684295726254,0.000108917781013982,0.00682819811396659,1.96547490704611e-05,-0.851549013965902,1.59382681535644,4.74050227959816e-05,1.48233758007302e-06,0.9905,0.00216907238237915,0.9905,0.00216907238237915,0.9905,0.00216907238237915,0.0345,0.00408103847078167,1,0,0,0.0316127654449387,2381.88219180378,2514.08694229897,7.01615556975199,2000,2000
31,4000,35,"below",16,"heterogeneous","bonferroni","prognostic_high",NA,-0.001564660113873,0.000516447175700073,0.00017880795408484,0.00799653480502727,0.000126467937801045,0.00827685098900157,6.09242792575602e-05,3.50547069210614,1.80558908011213,6.4179314288857e-05,2.55493685247916e-06,0.998,0.000998999499499375,0.998,0.000998999499499375,0.998,0.000998999499499375,0.0025,0.00111663557170636,1,0,0,0.0417857394803145,977.4735371305,853.162154662322,6.76156480916316,2000,2000
32,8000,35,"below",16,"heterogeneous","bonferroni","prognostic_high",NA,-0.000794423804530332,-1.00323667443362e-05,9.52953873224058e-05,0.00426173927990142,6.74008669150043e-05,0.00416452236216204,3.1573308908719e-05,-2.28115591673707,1.71385631973154,1.81534411273922e-05,6.95415186006917e-07,0.994,0.0017268468374468,0.994,0.0017268468374468,0.994,0.0017268468374468,0.0065,0.00179690706493129,1,0,0,0.0211255850122704,1956.1126348356,1705.91713742287,7.24971315489998,2000,2000
33,4000,70,"boundary",16,"heterogeneous","bonferroni","prognostic_high",NA,-0.00340780063878184,0.000176381896671064,0.000251263163054434,0.0112368302566266,0.000177714320593281,0.0114651784075194,8.10767457880267e-05,2.03214025377074,1.76763750711906,0.000126234331612604,4.85353120072378e-06,0.9985,0.000865375640979091,0.9985,0.000865375640979091,0.9985,0.000865375640979091,0.0065,0.00179690706493129,1,0,0,0.0599304287481539,989.667762369709,864.720234253683,6.85129385050318,2000,2000
34,8000,70,"boundary",16,"heterogeneous","bonferroni","prognostic_high",NA,-0.00164135097116076,3.31196989598814e-05,0.000135310584835641,0.00605127331535491,9.57029608352737e-05,0.0059182183409205,4.14229519559988e-05,-2.19879300604036,1.69146399268949,3.6600696697217e-05,1.48422375800964e-06,0.994,0.0017268468374468,0.994,0.0017268468374468,0.9945,0.00165374574829385,0.0105,0.00227922684259378,1,0,0,0.0311764916409539,1958.23086656402,1707.75265652287,7.21283528129572,2000,2000
35,4000,140,"above",16,"heterogeneous","bonferroni","prognostic_high",NA,-0.00716133235045614,0.000791120732344983,0.000346108466433524,0.0154784411706713,0.000244796850505663,0.0153998483198586,0.000107097391854697,-0.50775688550363,1.71891203117617,0.000240088222016541,9.00672990163853e-06,0.998,0.000998999499499375,0.998,0.000998999499499375,0.9975,0.00111663557170635,0.016,0.00280570846668003,1,0,0,0.0793080949864593,1010.52047595951,895.375377647694,6.90825988739033,2000,2000
36,8000,140,"above",16,"heterogeneous","bonferroni","prognostic_high",NA,-0.00359087149194885,0.000407413613003808,0.000173812900253686,0.00777314920667263,0.000122935018024268,0.00805230316086818,5.70460956819054e-05,3.59125943389735,1.79519324155351,6.05576235169616e-05,2.24827196023074e-06,0.9985,0.000865375640979091,0.9985,0.000865375640979091,0.9985,0.000865375640979091,0.0145,0.00267298989897081,1,0,0,0.0417635976787268,2000.88026492927,1751.88737467165,7.37312414837011,2000,2000
1,4000,35,"below",4,"null","bonferroni","prognostic_low",NA,0,-4.85206584245888e-05,0.000145932702664363,0.0065263088659556,0.000103215810829859,0.00669190281253858,2.3367360646482e-05,2.53732929262347,1.66071963445063,4.25737653144377e-05,1.32168622257321e-06,0.991,0.00211175282644537,0.991,0.00211175282644537,0.991,0.00211175282644537,0.009,0.00211175282644537,1,0,0,0.0323327188169532,1192.09621576156,1256.30929087308,6.64634874019661,2000,2000
2,8000,35,"below",4,"null","bonferroni","prognostic_low",NA,0,-1.6529954146313e-05,7.69434076732169e-05,0.00344101379955584,5.44208122374677e-05,0.00337600413837011,1.22418726742163e-05,-1.88925895019998,1.59191736400501,1.18349289201334e-05,4.03037751222422e-07,0.9875,0.00248432586429397,0.9875,0.00248432586429397,0.9875,0.00248432586429397,0.0125,0.00248432586429397,1,0,0,0.0163224721982359,2404.61141577102,2531.44204392966,7.01626367522671,2000,2000
3,4000,70,"boundary",4,"null","bonferroni","prognostic_low",NA,0,-0.000326366149743269,0.000215246745713581,0.00962612710702356,0.000152240498405716,0.0092989797257252,2.677697966364e-05,-3.39853585622887,1.5529025168391,9.27225067827316e-05,3.12631751654672e-06,0.9845,0.00276222283677476,0.9845,0.00276222283677476,0.9845,0.00276222283677476,0.0155,0.00276222283677476,1,0,0,0.0447414960688272,1203.37807017523,1263.07444348741,6.67724815621278,2000,2000
4,8000,70,"boundary",4,"null","bonferroni","prognostic_low",NA,0,-2.39833788950394e-05,0.000105969874309185,0.00473911685044894,7.49507567574972e-05,0.00473983567829972,1.41745576000312e-05,0.0151679706044128,1.60980386763901,2.24485741104112e-05,6.81180573983849e-07,0.991,0.00211175282644537,0.991,0.00211175282644537,0.99,0.0022248595461287,0.009,0.00211175282644537,1,0,0,0.0227840098821152,2418.11231443828,2545.69899345625,7.06405093675875,2000,2000
5,4000,140,"above",4,"null","bonferroni","prognostic_low",NA,0,0.000407094366819238,0.000283532117461766,0.0126799417689793,0.000200537623615667,0.0125682461718576,2.9753576273385e-05,-0.880884148813199,1.58506764442298,0.000160866258626569,5.19034025596652e-06,0.9895,0.00227922684259377,0.9895,0.00227922684259377,0.9895,0.00227922684259377,0.0105,0.00227922684259378,1,0,0,0.0603778864946937,1209.51499916794,1274.3598503263,6.6450615270376,2000,2000
6,8000,140,"above",4,"null","bonferroni","prognostic_low",NA,0,-7.64103437395913e-05,0.000145071461517947,0.00648779299098748,0.000102606669070511,0.00658082077745529,1.66233356912007e-05,1.43388956147392,1.62454498003015,4.20762507055898e-05,1.42797387334879e-06,0.9855,0.00267298989897081,0.9855,0.00267298989897081,0.9855,0.00267298989897081,0.0145,0.00267298989897081,1,0,0,0.0314973479499504,2419.99176781089,2556.09018932414,7.03468174805328,2000,2000
7,4000,35,"below",16,"null","bonferroni","prognostic_low",NA,0,-0.000237637727855001,0.00016105925674929,0.0072027889299401,0.000113914574824715,0.0072278380731845,5.52833360658128e-05,0.34777005807114,1.76288839158338,5.19106999747831e-05,2.07602766813867e-06,0.9975,0.00111663557170635,0.9975,0.00111663557170635,0.9975,0.00111663557170635,0.0025,0.00111663557170636,1,0,0,0.0356381211349436,1214.52132399057,1286.55552566871,6.9979951942907,2000,2000
8,8000,35,"below",16,"null","bonferroni","prognostic_low",NA,0,5.51263581112574e-05,8.1242423376099e-05,0.00363327162651551,5.74614356442981e-05,0.00363991357118016,2.83825152063861e-05,0.182808921198863,1.76653658998274,1.31971012960452e-05,5.4109329730787e-07,0.996,0.00141138230115019,0.996,0.00141138230115019,0.996,0.00141138230115019,0.004,0.00141138230115019,1,0,0,0.0178006555584825,2436.5570910786,2573.00292660856,7.45380298228392,2000,2000
9,4000,70,"boundary",16,"null","bonferroni","prognostic_low",NA,0,2.99855472538215e-05,0.000217030053069731,0.00970587903648609,0.000153501802495638,0.00955113358225353,7.03636181688107e-05,-1.59434764899551,1.71688506894176,9.41578849600087e-05,3.75992150946374e-06,0.9935,0.00179690706493129,0.9935,0.00179690706493129,0.9935,0.00179690706493129,0.0065,0.00179690706493129,1,0,0,0.0472740830065998,1304.83765804513,1610.56297358907,7.16753025601028,2000,2000
10,8000,70,"boundary",16,"null","bonferroni","prognostic_low",NA,0,-0.000158060348797679,0.000108044653635535,0.00483190380268952,7.64182141988547e-05,0.00489772093568745,3.72718563793605e-05,1.36213665845932,1.77900738959342,2.33606037851283e-05,9.3543249674666e-07,0.998,0.000998999499499375,0.998,0.000998999499499375,0.998,0.000998999499499375,0.002,0.000998999499499374,1,0,0,0.0240173167832735,2636.67361144854,3250.45593304567,7.62291788604617,2000,2000
11,4000,140,"above",16,"null","bonferroni","prognostic_low",NA,0,-0.0001558303406832,0.000284538190851811,0.0127249347387892,0.00020124920284919,0.0123074346396117,8.62144909714669e-05,-3.28096063160823,1.67297694699788,0.000161867285219467,6.88328203218432e-06,0.9945,0.00165374574829385,0.9945,0.00165374574829385,0.995,0.00157718102955875,0.0055,0.00165374574829385,1,0,0,0.0625728644007888,1332.87405700142,1640.47108350363,7.32932649160498,2000,2000
12,8000,140,"above",16,"null","bonferroni","prognostic_low",NA,0,-1.46596005966868e-05,0.000143335190793743,0.00641014460365424,0.000101378633220103,0.00630657473218835,4.48219938541673e-05,-1.61571817594957,1.70587434209061,4.10696237667274e-05,1.70167561837027e-06,0.9965,0.00132055859392909,0.9965,0.00132055859392909,0.9965,0.00132055859392909,0.0035,0.0013205585939291,1,0,0,0.0323422292901193,2681.61076129186,3307.61094201946,7.82338514985052,2000,2000
13,4000,35,"below",4,"homogeneous","bonferroni","prognostic_low",NA,-0.00604137902495724,-0.000210695607729269,0.00014044537204077,0.0062809079801682,9.93347117392168e-05,0.00636399295370106,2.42984269858945e-05,1.32281787593778,1.64849150944218,3.94744727919292e-05,1.30668709667018e-06,0.9895,0.00227922684259377,0.9895,0.00227922684259377,0.989,0.00233227356885937,0.052,0.00496467521596328,1,0,0,0.0308594157675899,1184.83507048229,1251.15378830287,6.65586639091189,2000,2000
14,8000,35,"below",4,"homogeneous","bonferroni","prognostic_low",NA,-0.00306103910277884,1.69045848187927e-07,7.31265258354119e-05,0.00327031765452751,5.1721194218079e-05,0.00320085816287988,1.2136505812877e-05,-2.12393715183821,1.59180787042161,1.068963010131e-05,3.62811966652701e-07,0.987,0.00253288373203351,0.987,0.00253288373203351,0.987,0.00253288373203351,0.0535,0.00503178646208283,1,0,0,0.0155045959667712,2397.27224198352,2525.50236921981,7.04911200785426,2000,2000
15,4000,70,"boundary",4,"homogeneous","bonferroni","prognostic_low",NA,-0.0122077144959825,-6.74624881964446e-06,0.000194660933603724,0.00870550160202999,0.000137680490609541,0.00881842287426068,2.74500530841685e-05,1.29712539716667,1.63278471057876,7.57479107757485e-05,2.48162552051934e-06,0.9875,0.00248432586429397,0.9875,0.00248432586429397,0.9875,0.00248432586429397,0.1335,0.00760518737441754,1,0,0,0.042541672704894,1196.74437598919,1264.45086428479,6.61700058879118,2000,2000
16,8000,70,"boundary",4,"homogeneous","bonferroni","prognostic_low",NA,-0.00623017413955517,-4.27200869296067e-05,9.95447446375623e-05,0.00445177631624894,7.04063677573921e-05,0.00449374258996427,1.4700333364715e-05,0.942686036631168,1.6302365617204,1.98102282195573e-05,6.92126345320413e-07,0.9915,0.00205277251540447,0.9915,0.00205277251540447,0.991,0.00211175282644537,0.127,0.00744550199785078,1,0,0,0.0215764827197722,2413.39959247391,2542.68577289487,7.06603606767752,2000,2000
17,4000,140,"above",4,"homogeneous","bonferroni","prognostic_low",NA,-0.0239840115318326,0.000381149647245573,0.000277039324480896,0.0123895752395981,0.000195945377464972,0.0120627504769045,3.23044728134382e-05,-2.63790127081227,1.56173460777691,0.000153570098883948,5.17636990925689e-06,0.986,0.00262716577322407,0.986,0.00262716577322407,0.9865,0.00258047960658479,0.297,0.0102174116096005,1,0,0,0.0576383830589173,1204.08021472618,1267.85505149708,6.65061234321048,2000,2000
18,8000,140,"above",4,"homogeneous","bonferroni","prognostic_low",NA,-0.012547441014135,3.45088580332529e-05,0.00013851736357044,0.00619468482015113,9.7971062920832e-05,0.00625860645359501,1.70848105330737e-05,1.03187870407784,1.6214811678246,3.83561238222832e-05,1.29293357941319e-06,0.986,0.00262716577322407,0.986,0.00262716577322407,0.9855,0.00267298989897081,0.3065,0.0103091646121303,1,0,0,0.02988551417738,2419.00228335738,2553.54773916446,7.07305157595183,2000,2000
19,4000,35,"below",16,"homogeneous","bonferroni","prognostic_low",NA,-0.00575990706361195,0.000167272296642718,0.000154420433456454,0.00690589172647229,0.00010921904382573,0.00689008576726757,5.46718681386742e-05,-0.22887644102686,1.7653768600155,4.76954748887136e-05,2.00307769440603e-06,0.992,0.0019919839356782,0.992,0.0019919839356782,0.992,0.0019919839356782,0.011,0.00233227356885937,1,0,0,0.0338690917465514,1201.11893313707,1266.33860940782,6.93998391222083,2000,2000
20,8000,35,"below",16,"homogeneous","bonferroni","prognostic_low",NA,-0.00291938065852302,-2.74591737262849e-05,7.86579067980365e-05,0.00351768853136505,5.56334493921591e-05,0.00352797330299588,2.81996279179974e-05,0.292373004008972,1.77722937136911,1.23686995436171e-05,5.49326302606346e-07,0.997,0.00122290637417588,0.997,0.00122290637417588,0.997,0.00122290637417588,0.013,0.00253288373203351,1,0,0,0.0172199716929863,2405.93383211106,2535.26880879775,7.44669151916686,2000,2000
21,4000,70,"boundary",16,"homogeneous","bonferroni","prognostic_low",NA,-0.0116419289115189,0.000531738278300592,0.00021573250559333,0.0096478509492608,0.000152584068413957,0.00924800529674757,7.10086120699417e-05,-4.14440122070775,1.68520788407063,9.33172330217931e-05,3.9271428681797e-06,0.994,0.0017268468374468,0.994,0.0017268468374468,0.9945,0.00165374574829385,0.0495,0.0048502448391808,1,0,0,0.0450781867633344,1272.24595903567,1570.01216798748,7.07613861771952,2000,2000
22,8000,70,"boundary",16,"homogeneous","bonferroni","prognostic_low",NA,-0.00599410119909414,0.000340896966128373,0.000105819121870018,0.00473237499641389,7.48441320259658e-05,0.00474417715508265,3.5923335322043e-05,0.249391873587834,1.75783129706557,2.25003861616456e-05,8.96113887707555e-07,0.9975,0.00111663557170635,0.9975,0.00111663557170635,0.9985,0.000865375640979091,0.0485,0.00480352734977121,1,0,0,0.0231613657243412,2498.57740522548,2637.6164960816,7.5275434317434,2000,2000
23,4000,140,"above",16,"homogeneous","bonferroni","prognostic_low",NA,-0.0227800162191503,-0.000180319912481596,0.000274536614808314,0.0122776506604813,0.000194175251897426,0.0121394639082342,8.98894142072169e-05,-1.12551461243188,1.72664138186194,0.000150697850658783,5.96407795996792e-06,0.998,0.000998999499499375,0.998,0.000998999499499375,0.998,0.000998999499499375,0.1835,0.00865528018032923,1,0,0,0.059664979607749,1324.31839499068,1633.29510353198,7.23349248160242,2000,2000
24,8000,140,"above",16,"homogeneous","bonferroni","prognostic_low",NA,-0.0118696879659999,0.00021302302215666,0.000137551596577582,0.00615149440722203,9.72879917419903e-05,0.00623160454325263,4.72677192798082e-05,1.30228739111844,1.77686556646912,3.78673418083316e-05,1.80749295803696e-06,0.9965,0.00132055859392909,0.9965,0.00132055859392909,0.996,0.00141138230115019,0.17,0.00839940474081348,1,0,0,0.0308243535378643,2672.38601929547,3287.43054551051,7.7187978002014,2000,2000
25,4000,35,"below",4,"heterogeneous","bonferroni","prognostic_low",NA,-0.00225046649789986,0.000103859005184899,0.000147895407534297,0.00661408369613444,0.000104603999843503,0.0065755001852636,2.33525961526068e-05,-0.583353834687494,1.61146348498835,4.37350167808597e-05,1.47958938519142e-06,0.9875,0.00248432586429397,0.9875,0.00248432586429397,0.9865,0.00258047960658479,0.0135,0.00258047960658479,1,0,0,0.0316328818841468,1195.04310487199,1255.43837830787,6.6410354712798,2000,2000
26,8000,35,"below",4,"heterogeneous","bonferroni","prognostic_low",NA,-0.00112630868720848,0.00031513814378964,7.4392300406941e-05,0.00332692481425011,5.26164558444513e-05,0.00333799303461309,1.214658238556e-05,0.332686218683897,1.62825627897738,1.11622065549844e-05,3.68445776946081e-07,0.986,0.00262716577322407,0.986,0.00262716577322407,0.986,0.00262716577322407,0.0165,0.00284848644019943,1,0,0,0.0160299585295411,2403.66063086718,2532.93484027481,7.03604379459079,2000,2000
27,4000,70,"boundary",4,"heterogeneous","bonferroni","prognostic_low",NA,-0.00470980451199554,0.000126688788394877,0.000204996097392793,0.00916770417784903,0.000144990382710982,0.00915520609153475,2.74999426501204e-05,-0.136327329850738,1.60761150554392,8.40208265417091e-05,2.776230787027e-06,0.988,0.00243474844696531,0.988,0.00243474844696531,0.9885,0.00238408787589719,0.0225,0.00331615364541512,1,0,0,0.043722200082905,1199.59937635535,1262.50162368176,6.69572539641165,2000,2000
28,8000,70,"boundary",4,"heterogeneous","bonferroni","prognostic_low",NA,-0.00237191865180745,0.00017731945452106,0.000104964983899334,0.00469417678512163,7.42400142264929e-05,0.00466980352048505,1.3888642201189e-05,-0.519223407048142,1.60090059703853,2.20557202310814e-05,7.42524928467357e-07,0.9835,0.00284848644019942,0.9835,0.00284848644019942,0.9835,0.00284848644019942,0.022,0.00327993902382346,1,0,0,0.0223144746650029,2412.17571414373,2542.36379665932,7.10255975853035,2000,2000
29,4000,140,"above",4,"heterogeneous","bonferroni","prognostic_low",NA,-0.00977781653988576,0.00068123595828983,0.000275289199728186,0.0123113072812748,0.000194707542887073,0.0123994414208447,3.23593899113656e-05,0.715879618275039,1.61439680890863,0.00015195658526135,4.9727287563835e-06,0.9875,0.00248432586429397,0.9875,0.00248432586429397,0.9885,0.00238408787589719,0.044,0.00458606585212206,1,0,0,0.0589199807584945,1204.54110421364,1272.48236708488,6.62940643362162,2000,2000
30,8000,140,"above",4,"heterogeneous","bonferroni","prognostic_low",NA,-0.0049380331501943,5.34067567303734e-05,0.00014620706792452,0.0065385788534031,0.000103409864885418,0.00645049745267883,1.74187448206734e-05,-1.34710313508603,1.58280902022117,4.27344891971234e-05,1.34094566296806e-06,0.99,0.0022248595461287,0.99,0.0022248595461287,0.9905,0.00216907238237915,0.0435,0.00456112650559048,1,0,0,0.0306646757410349,2423.16685193665,2555.0506430896,7.07229614012501,2000,2000
31,4000,35,"below",16,"heterogeneous","bonferroni","prognostic_low",NA,-0.00189889292036682,0.000533431993213331,0.000152709704322835,0.00682938559379505,0.000108009073124078,0.00717129096230555,5.79298096308666e-05,5.00638547662542,1.86480053161575,4.69017370263244e-05,1.79129838917902e-06,0.9985,0.000865375640979091,0.9985,0.000865375640979091,0.9985,0.000865375640979091,0.0015,0.000865375640979107,1,0,0,0.0346902124602474,1215.33713242578,1291.31744396784,6.96834483664951,2000,2000
32,8000,35,"below",16,"heterogeneous","bonferroni","prognostic_low",NA,-0.000960093915161187,5.65290906180909e-05,8.20170643791976e-05,0.00366791462533725,5.80093265404241e-05,0.00364319889385966,2.99037311351706e-05,-0.67383606223701,1.76984041523114,1.34500664379996e-05,5.22981046491508e-07,0.996,0.00141138230115019,0.996,0.00141138230115019,0.996,0.00141138230115019,0.0045,0.00149662119455793,1,0,0,0.0174508078750143,2448.21443360034,2579.19038367272,7.41403221728417,2000,2000
33,4000,70,"boundary",16,"heterogeneous","bonferroni","prognostic_low",NA,-0.00444713091696351,0.000349557551274366,0.000214137768715858,0.00957653214797571,0.000151456137135611,0.00959687956427105,7.31390848069331e-05,0.212471654466695,1.75931182245635,9.17863034788748e-05,3.57394352086636e-06,0.9965,0.00132055859392909,0.9965,0.00132055859392909,0.9965,0.00132055859392909,0.012,0.00243474844696531,1,0,0,0.0462363307480158,1282.46615012627,1568.93842674566,7.09031952262895,2000,2000
34,8000,70,"boundary",16,"heterogeneous","bonferroni","prognostic_low",NA,-0.00224997835867425,0.000239896533731912,0.000110310444623253,0.00493323305611638,7.8020771060329e-05,0.00485964592993743,3.73659382865379e-05,-1.49166125625694,1.73230818280326,2.4382170338663e-05,1.05411358192936e-06,0.995,0.00157718102955875,0.995,0.00157718102955875,0.995,0.00157718102955875,0.009,0.00211175282644537,1,0,0,0.0235434536594034,2607.93566999006,3214.69216610216,7.54103104752117,2000,2000
35,4000,140,"above",16,"heterogeneous","bonferroni","prognostic_low",NA,-0.0101016522708047,0.000527579753091471,0.000278521118633242,0.0124558430886642,0.000196993426203363,0.0122414041142273,9.20643558949196e-05,-1.72159341531927,1.72109739831397,0.000155348793431772,6.31663642779097e-06,0.9955,0.00149662119455792,0.9955,0.00149662119455792,0.995,0.00157718102955875,0.0265,0.00359150038284837,1,0,0,0.0604138458695923,1325.8267080904,1637.19723706578,7.273508444052,2000,2000
36,8000,140,"above",16,"heterogeneous","bonferroni","prognostic_low",NA,-0.00517417800281032,0.000304731810650935,0.00013692720330822,0.0061235706913223,9.68463686075095e-05,0.00627570797212507,4.57107993037144e-05,2.48445373576505,1.78446104798854,3.75722304290382e-05,1.43798413141264e-06,0.9985,0.000865375640979091,0.9985,0.000865375640979091,0.9985,0.000865375640979091,0.022,0.00327993902382346,1,0,0,0.0314542297032003,2674.86245360432,3291.90584982584,7.72381796975843,2000,2000
1,4000,35,"below",4,"null","bonferroni","workability",NA,0,-8.04583553063456e-05,0.000143373511126491,0.00641185834103313,0.00010140573656393,0.00651106107207428,2.04400576526964e-05,1.54717596311025,1.63733652183353,4.1097844968722e-05,1.26325268460726e-06,0.99,0.0022248595461287,0.99,0.0022248595461287,0.99,0.0022248595461287,0.01,0.0022248595461287,1,0,0,0.0315475376277073,1215.92208304273,1283.21794698328,6.70955274209307,2000,2000
2,8000,35,"below",4,"null","bonferroni","workability",NA,0,-5.62384491117161e-06,7.58598620768695e-05,0.00339255616735277,5.36544381810964e-05,0.00327084916229284,1.01801377590121e-05,-3.58747207286173,1.55404313471375,1.15037142576006e-05,3.7595045620105e-07,0.985,0.00271799558498538,0.985,0.00271799558498538,0.985,0.00271799558498538,0.015,0.00271799558498538,1,0,0,0.0159006536191026,2439.7320472022,2570.7449486616,7.06380752899537,2000,2000
3,4000,70,"boundary",4,"null","bonferroni","workability",NA,0,-0.000473733016134369,0.000230514496162188,0.0103089216643553,0.000163039128276399,0.0100158903676432,2.30258264873221e-05,-2.84250192457441,1.55272801909644,0.000106445151919449,3.47855321699374e-06,0.9845,0.00276222283677476,0.9845,0.00276222283677476,0.9845,0.00276222283677476,0.0155,0.00276222283677476,1,0,0,0.0497604832303906,970.725447496571,843.194791588027,6.45747349352924,2000,2000
4,8000,70,"boundary",4,"null","bonferroni","workability",NA,0,-0.000107161686086526,0.000113939638247789,0.00509553552907583,8.05876402800174e-05,0.005094044311402,1.20274307011776e-05,-0.0292651805748112,1.59859346582375,2.5962983713875e-05,8.0781127793014e-07,0.9865,0.00258047960658479,0.9865,0.00258047960658479,0.9875,0.00248432586429397,0.0135,0.00258047960658479,1,0,0,0.0252807626534372,1943.7657198226,1689.91813182076,6.89541124054626,2000,2000
5,4000,140,"above",4,"null","bonferroni","workability",NA,0,0.000296781364871983,0.00027058566911624,0.0121009589976236,0.000191380812709316,0.0121651225205145,1.37776235718925e-05,0.530235024377101,1.59399155169038,0.000146448071236371,4.44826261763699e-06,0.9905,0.00216907238237915,0.9905,0.00216907238237915,0.99,0.0022248595461287,0.0095,0.00216907238237916,1,0,0,0.0607638374095723,968.960553616778,845.193469926543,6.4036756236171,2000,2000
6,8000,140,"above",4,"null","bonferroni","workability",NA,0,-0.000163231493062039,0.000140309087237527,0.00627481313848118,9.92383197296559e-05,0.00621645475286554,7.56501060118147e-06,-0.930041808858828,1.5714568740037,3.93802378032219e-05,1.21092279454147e-06,0.989,0.00233227356885937,0.989,0.00233227356885937,0.988,0.00243474844696531,0.011,0.00233227356885937,1,0,0,0.0309698259354925,1939.36461653195,1690.60978839043,6.84674100954475,2000,2000
7,4000,35,"below",16,"null","bonferroni","workability",NA,0,-0.000129889197044888,0.000141023362507241,0.00630675649963571,9.97435149310957e-05,0.00625155236625713,2.52259500695606e-05,-0.875317342310011,1.61791249997867,3.97721611604334e-05,1.4029208889908e-06,0.997,0.00122290637417588,0.997,0.00122290637417588,0.997,0.00122290637417588,0.003,0.00122290637417588,1,0,0,0.0366216807774895,1246.83201998296,1317.67591239422,7.01218015683275,2000,2000
8,8000,35,"below",16,"null","bonferroni","workability",NA,0,3.24445033274338e-05,6.87367770635202e-05,0.00307400212136559,4.86163967973647e-05,0.00314670168260133,1.32774032775526e-05,2.36498084143966,1.67556484846372,9.44581694343522e-06,3.23101470891576e-07,0.998,0.000998999499499375,0.998,0.000998999499499375,0.998,0.000998999499499375,0.002,0.000998999499499374,1,0,0,0.0183117720489565,2485.41617339139,2623.47816120905,7.5165486720004,2000,2000
9,4000,70,"boundary",16,"null","bonferroni","workability",NA,0,-3.24568762532453e-05,0.000329923919837456,0.0147546462431949,0.00023334978573315,0.0147330046861092,4.31441216839515e-05,-0.14667621797877,1.60605802359559,0.000217591789417759,7.10409662417841e-06,0.995,0.00157718102955875,0.995,0.00157718102955875,0.995,0.00157718102955875,0.005,0.00157718102955875,1,0,0,0.0892538446916643,652.519822041687,458.471105047584,6.36311760488471,2000,2000
10,8000,70,"boundary",16,"null","bonferroni","workability",NA,0,-8.95135328074751e-05,0.000170299759044325,0.0076160367554989,0.000120450230777383,0.00755691691991813,2.19071104493356e-05,-0.776254599061488,1.59540231692089,5.79830265257354e-05,1.91139846942627e-06,0.998,0.000998999499499375,0.998,0.000998999499499375,0.998,0.000998999499499375,0.002,0.000998999499499374,1,0,0,0.0457524442901803,1303.99512224714,912.548603342961,6.88537360404995,2000,2000
11,4000,140,"above",16,"null","bonferroni","workability",NA,0,0.000349555241122327,0.000363123665687072,0.016239384014304,0.000256831422300209,0.0162746541733761,2.79815271274899e-05,0.217189020476627,1.59430764433512,0.000263707923234047,8.71715710649314e-06,0.995,0.00157718102955875,0.995,0.00157718102955875,0.9965,0.00132055859392909,0.005,0.00157718102955875,1,0,0,0.096063256668808,648.014457988756,453.603325674486,6.3934864784078,2000,2000
12,8000,140,"above",16,"null","bonferroni","workability",NA,0,-0.000216227977698012,0.000182956961588129,0.0081820840613575,0.000129402462864807,0.00833414450329595,1.50108205089374e-05,1.85845611946969,1.62133933698441,6.69597808756664e-05,2.01931386460054e-06,0.998,0.000998999499499375,0.998,0.000998999499499375,0.9975,0.00111663557170635,0.002,0.000998999499499374,1,0,0,0.0491891171899151,1297.40265575372,907.640441087371,6.86506632597092,2000,2000
13,4000,35,"below",4,"homogeneous","bonferroni","workability",NA,-0.00631790174354342,-0.000292278251850195,0.000132545591817061,0.00592761906841776,9.37473265522026e-05,0.00602490614928768,1.15806153396012e-05,1.64125055518944,1.61931968965024,3.52045260628643e-05,1.11279446539615e-06,0.9865,0.00258047960658479,0.9865,0.00258047960658479,0.9865,0.00258047960658479,0.064,0.00547284204047586,1,0,0,0.0299682104061189,1219.54370510902,1287.36482692813,6.7609235264438,2000,2000
14,8000,35,"below",4,"homogeneous","bonferroni","workability",NA,-0.00318899207110694,-4.9228242823048e-05,6.82743369293231e-05,0.00305332116985381,4.8289320463274e-05,0.00304206410637712,6.3957279370597e-06,-0.368682586943059,1.58956537358741,9.32053220108577e-06,2.83557382214384e-07,0.9905,0.00216907238237915,0.9905,0.00216907238237915,0.99,0.0022248595461287,0.067,0.00559066185706129,1,0,0,0.0150981819253253,2440.85696999532,2575.55280863292,7.15303065433296,2000,2000
15,4000,70,"boundary",4,"homogeneous","bonferroni","workability",NA,-0.0134424349815218,-0.000263178871547962,0.000229605910090033,0.0102682884599404,0.000162396500226387,0.0103538435626684,1.6961194725362e-05,0.83319730509912,1.60324343750698,0.000105454292141025,3.35172269336135e-06,0.988,0.00243474844696531,0.988,0.00243474844696531,0.9875,0.00248432586429397,0.1105,0.00701034057660539,1,0,0,0.0518864189806124,969.486611190367,846.395693793415,6.42131657030519,2000,2000
16,8000,70,"boundary",4,"homogeneous","bonferroni","workability",NA,-0.00684804852940956,-0.000115607109376269,0.000117494368747111,0.00525450790983934,8.31018429506346e-05,0.00528760584011682,8.71874252352828e-06,0.629895907388511,1.60012274162595,2.76094134516153e-05,8.51495922771428e-07,0.992,0.0019919839356782,0.992,0.0019919839356782,0.9915,0.00205277251540447,0.1055,0.00686912476229687,1,0,0,0.0265091390337693,1940.54390184386,1690.51870494644,6.90647343675064,2000,2000
17,4000,140,"above",4,"homogeneous","bonferroni","workability",NA,-0.0169047267058082,0.000260716760058981,0.000263336509616375,0.0117767667291948,0.000186253600905842,0.0115785683792189,1.45923156236411e-05,-1.68296065068986,1.55984680283834,0.000138690861705549,4.34094781411879e-06,0.9865,0.00258047960658479,0.9865,0.00258047960658479,0.987,0.00253288373203351,0.14,0.00775886589650833,1,0,0,0.0577442352368185,969.753985197687,844.849280606127,6.42286525989833,2000,2000
18,8000,140,"above",4,"homogeneous","bonferroni","workability",NA,-0.00860621393419599,-5.89237212581466e-05,0.000133073516387724,0.00595122857295764,9.41207189558455e-05,0.00590276025351136,8.0589662144155e-06,-0.814425439253319,1.57448804717345,3.54028849717505e-05,1.13654426229986e-06,0.985,0.00271799558498538,0.985,0.00271799558498538,0.9845,0.00276222283677476,0.1425,0.00781644900194455,1,0,0,0.0294500264014936,1941.29253322039,1692.80836736126,6.88310426527201,2000,2000
19,4000,35,"below",16,"homogeneous","bonferroni","workability",NA,-0.00585090728400814,1.32683388790566e-05,0.000119897728703159,0.00536198943456183,8.48017000906074e-05,0.00536325935147834,1.58743943208509e-05,0.0236836892724135,1.60937367479868,2.87367312798212e-05,9.26938327199786e-07,0.995,0.00157718102955875,0.995,0.00157718102955875,0.995,0.00157718102955875,0.022,0.00327993902382346,1,0,0,0.0306428488896282,1346.38680186179,1659.35576405196,7.48676596950784,2000,2000
20,8000,35,"below",16,"homogeneous","bonferroni","workability",NA,-0.0029517000202483,-6.58757887580593e-05,5.98111333831151e-05,0.00267483520111905,4.23034351867634e-05,0.00270849457908686,8.79292006747304e-06,1.25837202806871,1.63482677159785,7.1555056010135e-06,2.37969418214384e-07,0.9985,0.000865375640979091,0.9985,0.000865375640979091,0.9985,0.000865375640979091,0.027,0.00362429303451032,1,0,0,0.0154256078996928,2699.06967194208,3329.54423258913,7.99008060012099,2000,2000
21,4000,70,"boundary",16,"homogeneous","bonferroni","workability",NA,-0.0133958698088123,-0.000135779251329905,0.000285650423726055,0.0127746753050616,0.000202035866947441,0.0122943357358318,7.08714825353752e-05,-3.76009219615542,1.62002171661974,0.000163129168990267,6.12957013389263e-06,0.994,0.0017268468374468,0.994,0.0017268468374468,0.994,0.0017268468374468,0.024,0.00342227994179319,1,0,0,0.0595230339934662,940.236832169905,815.650281188937,6.41183260780512,2000,2000
22,8000,70,"boundary",16,"homogeneous","bonferroni","workability",NA,-0.0068756648250102,-6.4314590623004e-05,0.000138230104657652,0.00618183821102842,9.77678893959118e-05,0.00628349550246639,3.67624942364018e-05,1.64445085697351,1.71401327676915,3.82001524720644e-05,1.3857106127535e-06,0.995,0.00157718102955875,0.995,0.00157718102955875,0.995,0.00157718102955875,0.024,0.00342227994179319,1,0,0,0.0302157140941069,1902.86592247385,1650.19370661652,6.82502438265102,2000,2000
23,4000,140,"above",16,"homogeneous","bonferroni","workability",NA,-0.0197049817585797,-0.000446860517670209,0.000369590576124917,0.0165285930411725,0.00026140536215207,0.0164486868282893,2.53414230015936e-05,-0.483442315290594,1.58133851459699,0.000273257475048988,8.43875239394634e-06,0.9975,0.00111663557170635,0.9975,0.00111663557170635,0.9975,0.00111663557170635,0.0265,0.00359150038284837,1,0,0,0.0967846422376237,648.864149013163,453.270835986259,6.40646280343255,2000,2000
24,8000,140,"above",16,"homogeneous","bonferroni","workability",NA,-0.0101117064338333,0.000198102910538418,0.000190282116387212,0.00850967494288665,0.000134583424898934,0.00841223018828983,1.3206765281085e-05,-1.14510548582434,1.57110814935272,7.24176051129397e-05,2.30559823417603e-06,0.995,0.00157718102955875,0.995,0.00157718102955875,0.9955,0.00149662119455792,0.027,0.00362429303451032,1,0,0,0.0496482549494298,1297.59445658568,907.859712857686,6.82407498503954,2000,2000
25,4000,35,"below",4,"heterogeneous","bonferroni","workability",NA,-0.00267194721498929,-0.000121379729299996,0.000140876714019268,0.00630019817987762,9.96397928570389e-05,0.00631279777510066,1.99458393941682e-05,0.199987283944147,1.61601195707033,3.96873838958655e-05,1.25008904240586e-06,0.9885,0.00238408787589719,0.9885,0.00238408787589719,0.988,0.00243474844696531,0.017,0.00289058817544112,1,0,0,0.0307467312509568,1217.94247074422,1284.16986948674,6.7293411855067,2000,2000
26,8000,35,"below",4,"heterogeneous","bonferroni","workability",NA,-0.00134134335306763,0.000179597608214656,7.052255751854e-05,0.00315386465117189,4.9879450069618e-05,0.00316086167335978,9.46405897582795e-06,0.221855499895751,1.61319811615653,9.97414410766904e-06,3.22381840106746e-07,0.9875,0.00248432586429397,0.9875,0.00248432586429397,0.988,0.00243474844696531,0.0155,0.00276222283677476,1,0,0,0.0154381724072893,2439.12574274297,2574.29688939474,7.11571150733201,2000,2000
27,4000,70,"boundary",4,"heterogeneous","bonferroni","workability",NA,-0.00302449974620923,-0.000102924606637116,0.000223733172698475,0.0100056516595098,0.000158242809240107,0.0100525336797096,2.1768693734203e-05,0.468555390444769,1.60377028043901,0.000100073602073537,3.24879730869493e-06,0.9875,0.00248432586429397,0.9875,0.00248432586429397,0.9875,0.00248432586429397,0.012,0.00243474844696531,1,0,0,0.0504701282531207,971.699767083588,844.459664752623,6.47190721597861,2000,2000
28,8000,70,"boundary",4,"heterogeneous","bonferroni","workability",NA,-0.00151439106721206,9.4822881281376e-05,0.00011295447874959,0.00505147785694278,7.98908530997154e-05,0.005110777191133,1.13400745324625e-05,1.17390070529004,1.61577089082144,2.55136612037281e-05,8.11362071634929e-07,0.9905,0.00216907238237915,0.9905,0.00216907238237915,0.9895,0.00227922684259377,0.012,0.00243474844696531,1,0,0,0.0257725857422185,1940.51782161352,1688.53945103678,6.8967753990812,2000,2000
29,4000,140,"above",4,"heterogeneous","bonferroni","workability",NA,-0.00441329385288844,0.000466168830245547,0.000261571158757394,0.0116978178386984,0.000185004997152316,0.0119658636886312,1.42666420595127e-05,2.2914175415349,1.6223644253866,0.00013698783609457,4.25022273755695e-06,0.989,0.00233227356885937,0.989,0.00233227356885937,0.989,0.00233227356885937,0.0115,0.0023840878758972,1,0,0,0.0596271535489106,969.810140051573,845.69113995535,6.42943172022987,2000,2000
30,8000,140,"above",4,"heterogeneous","bonferroni","workability",NA,-0.00219331162708183,-0.000137220733890349,0.000133550204400992,0.00597254670899218,9.44578725814828e-05,0.00611361894971355,7.62844719215457e-06,2.36201151024871,1.62392102010515,3.56723080638071e-05,1.09805361183477e-06,0.9895,0.00227922684259377,0.9895,0.00227922684259377,0.99,0.0022248595461287,0.0125,0.00248432586429397,1,0,0,0.0305203155105927,1942.36947818564,1692.06987567312,6.8559554802167,2000,2000
31,4000,35,"below",16,"heterogeneous","bonferroni","workability",NA,-0.00289443224925063,0.000155534992790444,0.000127278524947194,0.00569206867715657,9.00220164075754e-05,0.00588661556301457,2.49936095817775e-05,3.41785907536145,1.69350397301964,3.24076371365365e-05,1.10978280748756e-06,0.998,0.000998999499499375,0.998,0.000998999499499375,0.998,0.000998999499499375,0.0055,0.00165374574829385,1,0,0,0.0327961830954546,1306.31903530251,1616.02416964269,7.21852418645947,2000,2000
32,8000,35,"below",16,"heterogeneous","bonferroni","workability",NA,-0.00144600833226434,-7.41430668183008e-05,6.74708346441265e-05,0.00301738745525829,4.77210164549465e-05,0.00297849527499323,1.32147502071495e-05,-1.28893557230411,1.62141614419425,9.10557193597978e-06,3.21361056577288e-07,0.997,0.00122290637417588,0.997,0.00122290637417588,0.9965,0.00132055859392909,0.0035,0.0013205585939291,1,0,0,0.0164654652572431,2649.11536630672,3262.15229649139,7.64953995344851,2000,2000
33,4000,70,"boundary",16,"heterogeneous","bonferroni","workability",NA,-0.000538803914942318,3.93524231691338e-06,0.000328812453893064,0.0147049399750681,0.000232563664071824,0.014750231752646,4.12086172193778e-05,0.308003824937075,1.61096703125448,0.000216127157526654,7.0555622466182e-06,0.9975,0.00111663557170635,0.9975,0.00111663557170635,0.9975,0.00111663557170635,0.003,0.00122290637417588,1,0,0,0.0890337417386956,652.66980830234,457.154848579384,6.43770278777249,2000,2000
34,8000,70,"boundary",16,"heterogeneous","bonferroni","workability",NA,-0.000226459155750733,-7.28357450709952e-05,0.000173649615407739,0.00776584688636797,0.00012281952932665,0.00755062129684107,2.13368839888055e-05,-2.77143745783487,1.56205624919805,6.02835287193399e-05,1.96148068738624e-06,0.995,0.00157718102955875,0.995,0.00157718102955875,0.995,0.00157718102955875,0.005,0.00157718102955875,1,0,0,0.0454617055090894,1303.31158220152,913.637900058899,6.85217951686289,2000,2000
35,4000,140,"above",16,"heterogeneous","bonferroni","workability",NA,-0.000295401008649682,0.000403353617769284,0.000360346315735294,0.0161151771485144,0.000254867048160642,0.016142818188669,2.90048780261354e-05,0.171521789055284,1.59443811769336,0.000259731779201704,8.26558483877053e-06,0.995,0.00157718102955875,0.995,0.00157718102955875,0.995,0.00157718102955875,0.0045,0.00149662119455793,1,0,0,0.0950548266283875,648.303174313568,453.564565376522,6.36936779426442,2000,2000
36,8000,140,"above",16,"heterogeneous","bonferroni","workability",NA,-0.000108178889457449,6.48531554832447e-05,0.000184702601965945,0.0082601514723388,0.00013063712571778,0.00828530767799361,1.54287075343044e-05,0.30454896304315,1.59730944159244,6.8200193226584e-05,2.10373030391055e-06,0.9955,0.00149662119455792,0.9955,0.00149662119455792,0.9955,0.00149662119455792,0.0035,0.0013205585939291,1,0,0,0.0488282871262833,1298.1159171916,906.888035885355,6.8328497824318,2000,2000
7,4000,35,"below",16,"null","fixed","fixed","c45-h24",0,-3.07703861828353e-05,8.01627993928169e-05,0.00358498937418035,5.66978352806283e-05,0.00353843518763815,9.42746718174759e-06,-1.29858645823296,1.58299214703254,1.28466695552453e-05,4.04926562489838e-07,0.946,0.00505390937789747,0.946,0.00505390937789747,0.9455,0.00507591124823908,0.054,0.00505390937789747,1,0,0,0.0137777711254911,1355.24561586662,1669.3242281542,7.63859935813428,2000,2000
8,8000,35,"below",16,"null","fixed","fixed","c45-h24",0,-2.3824543275453e-05,3.97135955573668e-05,0.00177604598594412,2.80887757958568e-05,0.00176421780087287,4.81893666947156e-06,-0.665984167350175,1.59426014033078,3.15332978337841e-06,1.02038860779416e-07,0.95,0.00487339717240448,0.95,0.00487339717240448,0.9485,0.00494205169944629,0.05,0.00487339717240448,1,0,0,0.00685850957949094,2715.46161784992,3339.17323979431,8.11294428490164,2000,2000
9,4000,70,"boundary",16,"null","fixed","fixed","c45-h24",0,-0.00016288447891073,0.000114632371968736,0.0051265155228827,8.10775994967746e-05,0.00497101881200697,9.47938117377314e-06,-3.03318521482374,1.5446708340422,2.62945521791241e-05,8.44997722409923e-07,0.941,0.00526872849936301,0.941,0.00526872849936301,0.941,0.00526872849936301,0.059,0.00526872849936301,1,0,0,0.0193680003030141,1356.15473317293,1670.24656651934,7.5855013553698,2000,2000
10,8000,70,"boundary",16,"null","fixed","fixed","c45-h24",0,-3.94244659426835e-06,5.65646565564137e-05,0.0025296483436814,4.00072552908903e-05,0.00249687867739869,4.77385308800813e-06,-1.29542378349005,1.5724123289414,6.39593672520387e-06,2.02470965937345e-07,0.9485,0.00494205169944629,0.9485,0.00494205169944629,0.949,0.00491929873051028,0.0515,0.00494205169944629,1,0,0,0.00976520916578218,2712.68271620738,3343.83078572768,8.10737338597163,2000,2000
11,4000,140,"above",16,"null","fixed","fixed","c45-h24",0,9.67736016326888e-05,0.000150753650891782,0.00674190822500591,0.000106625588564232,0.00695989074446658,8.76071836030138e-06,3.23324661484079,1.63783213417539,4.54399649811181e-05,1.45081734437635e-06,0.957,0.00453602248671675,0.957,0.00453602248671675,0.958,0.00448530935387962,0.043,0.00453602248671675,1,0,0,0.027252969009968,1354.94035656843,1669.10286035071,7.6652040369601,2000,2000
12,8000,140,"above",16,"null","fixed","fixed","c45-h24",0,-5.90347000346324e-05,7.95150269978571e-05,0.00355602011199879,5.62396764734639e-05,0.00351198222376157,4.51698291467114e-06,-1.23840380116587,1.56710498825668,1.26424414932296e-05,4.01812395870528e-07,0.9475,0.00498717104178311,0.9475,0.00498717104178311,0.9455,0.00507591124823908,0.0525,0.00498717104178311,1,0,0,0.0137085576890107,2714.53577139227,3341.4138931647,8.08608910568842,2000,2000
19,4000,35,"below",16,"homogeneous","fixed","fixed","c45-h24",-0.00234705934566456,3.58807261790194e-05,7.55600901660319e-05,0.00337914995994521,5.34424144175656e-05,0.00333370769470295,9.65094791257123e-06,-1.34478391846801,1.58619012307547,1.1414232551083e-05,3.50931934809878e-07,0.947,0.0050095408971282,0.947,0.0050095408971282,0.9475,0.00498717104178311,0.0995,0.00669327087454258,1,0,0,0.0129726189199328,1354.5023147058,1670.72068698735,7.61705371993664,2000,2000
20,8000,35,"below",16,"homogeneous","fixed","fixed","c45-h24",-0.00117361289666922,-1.22532496090605e-05,3.68650552507371e-05,0.00164865539069867,2.60740498841018e-05,0.0016633114712693,4.82850364079463e-06,0.888971743477152,1.62224998937727,2.71685570710714e-06,8.91556305769464e-08,0.952,0.00477995815881269,0.952,0.00477995815881269,0.951,0.00482695556225661,0.0925,0.00647857044416436,1,0,0,0.00645446097209868,2711.58152608833,3342.62177170263,8.1192258352362,2000,2000
21,4000,70,"boundary",16,"homogeneous","fixed","fixed","c45-h24",-0.00468902521645792,5.37856996971677e-05,0.000103132777477194,0.00461223802294731,7.29441246279582e-05,0.00469521287110819,9.43996892680993e-06,1.79901487625005,1.62294380491634,2.12649961120226e-05,6.95610394922359e-07,0.9515,0.00480352734977121,0.9515,0.00480352734977121,0.952,0.00477995815881269,0.155,0.00809243473869268,1,0,0,0.0182894882238462,1355.53979519367,1671.89722223918,7.58952344729568,2000,2000
22,8000,70,"boundary",16,"homogeneous","fixed","fixed","c45-h24",-0.0023452313849407,9.48127331883649e-05,5.33583857004538e-05,0.00238625955191735,3.77395124197178e-05,0.00234506845509032,4.87649301204279e-06,-1.72617839471538,1.56761145920339,5.70037698616687e-06,1.82377993236834e-07,0.9465,0.00503178646208283,0.9465,0.00503178646208283,0.946,0.00505390937789747,0.1525,0.00803877322730278,1,0,0,0.00911781746319247,2713.49119757752,3341.96432018306,8.05939935752511,2000,2000
23,4000,140,"above",16,"homogeneous","fixed","fixed","c45-h24",-0.00937844571726644,-8.73672406985319e-05,0.000149076907794596,0.00666692199408371,0.000105439655629601,0.00656442948542071,9.04655486463185e-06,-1.53732875161804,1.56312171638519,4.44332579855069e-05,1.32962530883578e-06,0.949,0.00491929873051028,0.949,0.00491929873051028,0.948,0.00496467521596328,0.3,0.0102469507659596,1,0,0,0.0256902091175569,1354.52902227391,1669.73539778764,7.61119559247022,2000,2000
24,8000,140,"above",16,"homogeneous","fixed","fixed","c45-h24",-0.0046945900944412,0.000130122638543492,7.3907013249788e-05,0.00330522211281007,5.2273220185162e-05,0.00330292363593666,4.52744682714753e-06,-0.06954076897,1.58635941472146,1.09359628694627e-05,3.46564483932033e-07,0.949,0.00491929873051028,0.949,0.00491929873051028,0.95,0.00487339717240448,0.2775,0.0100123361409813,1,0,0,0.0129140008647162,2715.41465391411,3339.2481654551,8.02241924731167,2000,2000
31,4000,35,"below",16,"heterogeneous","fixed","fixed","c45-h24",-0.00126388019662158,8.23106160582197e-05,7.45850062911638e-05,0.00333554288338584,5.27527535606492e-05,0.00339003450882814,9.28916770057602e-06,1.63366586332077,1.63131825517498,1.11270584412583e-05,3.50343052448251e-07,0.9515,0.00480352734977121,0.9515,0.00480352734977121,0.9515,0.00480352734977121,0.053,0.0050095408971282,1,0,0,0.0131517680596091,1355.28763938762,1668.63111024333,7.58297389795785,2000,2000
32,8000,35,"below",16,"heterogeneous","fixed","fixed","c45-h24",-0.000629833273709184,-6.8633903028279e-05,3.66208295676859e-05,0.0016377332861156,2.59013130578705e-05,0.00170452001037891,4.64129431248037e-06,4.077997609838,1.67024735153897,2.68553984393767e-06,8.94836777734937e-08,0.9545,0.00465992220965114,0.9545,0.00465992220965114,0.9545,0.00465992220965114,0.059,0.00526872849936301,1,0,0,0.00663101080075244,2714.75388835707,3341.32239896825,8.07014979166929,2000,2000
33,4000,70,"boundary",16,"heterogeneous","fixed","fixed","c45-h24",-0.00254250425036052,9.07818637429944e-05,0.000107261072554767,0.00479686099143992,7.58640001321939e-05,0.00476842300709099,9.35108530197836e-06,-0.592845704715639,1.58419812910707,2.30066117802969e-05,7.28969971649471e-07,0.9515,0.00480352734977121,0.9515,0.00480352734977121,0.952,0.00477995815881269,0.084,0.00620258010830977,1,0,0,0.0185560840057855,1356.07751690386,1668.70525567158,7.61950886644516,2000,2000
34,8000,70,"boundary",16,"heterogeneous","fixed","fixed","c45-h24",-0.00126420252721531,-1.82226352784199e-05,5.54020348940781e-05,0.00247765432229948,3.91849520279793e-05,0.00239386254431717,4.62180741234377e-06,-3.38189945337272,1.53939236092909,6.13603361977537e-06,1.88947665703083e-07,0.9435,0.00516273909857936,0.9435,0.00516273909857936,0.943,0.00518415856238985,0.0895,0.00638317123379907,1,0,0,0.00935292736367138,2714.04446069901,3338.89238357233,8.02691543316758,2000,2000
35,4000,140,"above",16,"heterogeneous","fixed","fixed","c45-h24",-0.00513988103601887,0.000135792501552212,0.000151779354292905,0.00678777907559922,0.000107351051783134,0.00668798884311496,8.6754842657032e-06,-1.47014555678423,1.56351612194351,4.60693474102307e-05,1.46179794038036e-06,0.945,0.00509779364038993,0.945,0.00509779364038993,0.9445,0.00511955808639769,0.1175,0.00720047741472744,1,0,0,0.0261318840602342,1355.63097074575,1670.68919266542,7.61832057826522,2000,2000
36,8000,140,"above",16,"heterogeneous","fixed","fixed","c45-h24",-0.00254371289606629,5.99669244997835e-05,7.50590828386081e-05,0.00335674423111831,5.30880601392742e-05,0.00336678742451181,4.52799605179515e-06,0.2991944783995,1.59199127153217,1.12656939992634e-05,3.49365282384754e-07,0.955,0.00463546114210873,0.955,0.00463546114210873,0.9565,0.00456112650559048,0.1115,0.00703803061942757,1,0,0,0.0131727911764042,2712.97910962663,3339.78263289377,8.09674517249716,2000,2000
7,4000,35,"below",16,"null","fixed","fixed","c45-h36",0,-0.000140988657507891,9.46123088992042e-05,0.00423119108413658,6.69177367322289e-05,0.00431335333459506,9.31055050601982e-06,1.94182320828113,1.6271919277831,1.79139043030275e-05,5.63249087509856e-07,0.953,0.00473238840333293,0.953,0.00473238840333293,0.9515,0.00480352734977121,0.047,0.00473238840333293,1,0,0,0.0167898713121432,1355.24561586662,1669.3242281542,7.63859935813428,2000,2000
8,8000,35,"below",16,"null","fixed","fixed","c45-h36",0,2.64112899114142e-05,4.815329744997e-05,0.002153480928778,3.40580387376309e-05,0.00215308452692767,4.83290791480673e-06,-0.0184074929587275,1.59708972425352,4.63585892679004e-06,1.45885955736852e-07,0.954,0.00468422885862764,0.954,0.00468422885862764,0.955,0.00463546114210873,0.046,0.00468422885862764,1,0,0,0.00836497476849976,2715.46161784992,3339.17323979431,8.11294428490164,2000,2000
9,4000,70,"boundary",16,"null","fixed","fixed","c45-h36",0,-6.19452559597008e-05,0.000137227026516458,0.00613697919281932,9.70584286528511e-05,0.00603349022166165,9.23929550568632e-06,-1.6863177779511,1.56213619515583,3.76475195710267e-05,1.20945835065556e-06,0.949,0.00491929873051028,0.949,0.00491929873051028,0.949,0.00491929873051028,0.051,0.00491929873051027,1,0,0,0.0235413916038018,1356.15473317293,1670.24656651934,7.5855013553698,2000,2000
10,8000,70,"boundary",16,"null","fixed","fixed","c45-h36",0,-6.88585411128685e-06,6.85263321330254e-05,0.00306459073796346,4.84675525442297e-05,0.00303632669449814,4.70722678452435e-06,-0.922277911865654,1.5744584882539,9.38706794800266e-06,2.97116925875252e-07,0.9465,0.00503178646208283,0.9465,0.00503178646208283,0.947,0.0050095408971282,0.0535,0.00503178646208283,1,0,0,0.0118694743899159,2712.68271620738,3343.83078572768,8.10737338597163,2000,2000
11,4000,140,"above",16,"null","fixed","fixed","c45-h36",0,0.000161072880930592,0.000184487321248369,0.00825052382596388,0.000130484861191632,0.00836845076380822,8.2192000467125e-06,1.429326674668,1.60722989077502,6.80630523040674e-05,2.20270590707155e-06,0.955,0.00463546114210873,0.955,0.00463546114210873,0.9545,0.00465992220965114,0.045,0.00463546114210873,1,0,0,0.0327938497543659,1354.94035656843,1669.10286035071,7.6652040369601,2000,2000
12,8000,140,"above",16,"null","fixed","fixed","c45-h36",0,-2.5953099675403e-05,9.4426578972559e-05,0.00422288498930788,6.67863729965888e-05,0.00425616570733826,4.51065395716863e-06,0.788103822733599,1.59757322939404,1.78245148174881e-05,5.37038211769665e-07,0.953,0.00473238840333293,0.953,0.00473238840333293,0.9525,0.00475624589355933,0.047,0.00473238840333293,1,0,0,0.0166561477478666,2714.53577139227,3341.4138931647,8.08608910568842,2000,2000
19,4000,35,"below",16,"homogeneous","fixed","fixed","c45-h36",-0.00350078953136576,-8.11608661427466e-06,9.05206507989558e-05,0.00404820657107972,6.40237739620949e-05,0.00406572230344135,9.53470376589724e-06,0.432678818486454,1.60574473785262,1.63798483247739e-05,5.14134847683703e-07,0.953,0.00473238840333293,0.953,0.00473238840333293,0.953,0.00473238840333293,0.1255,0.00740775775791838,1,0,0,0.0158245866147429,1354.5023147058,1670.72068698735,7.61705371993664,2000,2000
20,8000,35,"below",16,"homogeneous","fixed","fixed","c45-h36",-0.00175547873845626,-3.25605117374095e-05,4.50167651489806e-05,0.00201321094000528,3.18396208043645e-05,0.0020324994590481,4.91719322519187e-06,0.95809726936833,1.6152601370941,4.05205196673707e-06,1.32256349056765e-07,0.949,0.00491929873051028,0.949,0.00491929873051028,0.946,0.00505390937789747,0.1255,0.00740775775791838,1,0,0,0.00789652588665338,2711.58152608833,3342.62177170263,8.1192258352362,2000,2000
21,4000,70,"boundary",16,"homogeneous","fixed","fixed","c45-h36",-0.00695422111916294,1.29619743761309e-07,0.000127179821079372,0.00568765450599472,8.99522047782196e-05,0.00569339866164176,9.22506700618995e-06,0.10099339966918,1.59141837757274,3.23332390894735e-05,1.01152181385766e-06,0.9525,0.00475624589355933,0.9525,0.00475624589355933,0.9525,0.00475624589355933,0.228,0.00938125791138907,1,0,0,0.0222453429104412,1355.53979519367,1671.89722223918,7.58952344729568,2000,2000
22,8000,70,"boundary",16,"homogeneous","fixed","fixed","c45-h36",-0.0034980777112541,0.000103710425853068,6.50182362328142e-05,0.00290770391987425,4.59863337618846e-05,0.00286078847352775,4.88728662443417e-06,-1.61348774288291,1.56506809280458,8.46127056703987e-06,2.73097111834894e-07,0.941,0.00526872849936301,0.941,0.00526872849936301,0.9445,0.00511955808639769,0.212,0.00913936540466569,1,0,0,0.0111537126357068,2713.49119757752,3341.96432018306,8.05939935752511,2000,2000
23,4000,140,"above",16,"homogeneous","fixed","fixed","c45-h36",-0.0137473860422454,-0.000142382882229112,0.000178506623475462,0.00798305889050188,0.000126254811595562,0.00789627827942363,8.83145392727208e-06,-1.08705963802288,1.56824885044765,6.37176375197483e-05,2.0632041672845e-06,0.9475,0.00498717104178311,0.9475,0.00498717104178311,0.9465,0.00503178646208283,0.4205,0.0110381101190376,1,0,0,0.0308582007977343,1354.52902227391,1669.73539778764,7.61119559247022,2000,2000
24,8000,140,"above",16,"homogeneous","fixed","fixed","c45-h36",-0.00696229486144805,0.000130739453344648,8.94226445992962e-05,0.00399910224103661,6.32471721578048e-05,0.00401000777968039,4.50045983881428e-06,0.272699670737886,1.58983507045882,1.60019151295578e-05,4.98432868352881e-07,0.9515,0.00480352734977121,0.9515,0.00480352734977121,0.9495,0.00489641450451246,0.3855,0.0108832382589007,1,0,0,0.0156911557381669,2715.41465391411,3339.2481654551,8.02241924731167,2000,2000
31,4000,35,"below",16,"heterogeneous","fixed","fixed","c45-h36",-0.0018903574360814,7.87027207537398e-05,9.08895148056522e-05,0.00406470267094824,6.42846654335883e-05,0.0041352017900288,8.9439770420127e-06,1.73442253438236,1.62394126270087,1.65197410175662e-05,5.1654172218395e-07,0.9505,0.0048502448391808,0.9505,0.0048502448391808,0.949,0.00491929873051028,0.058,0.00522666241496426,1,0,0,0.0160523229247751,1355.28763938762,1668.63111024333,7.58297389795785,2000,2000
32,8000,35,"below",16,"heterogeneous","fixed","fixed","c45-h36",-0.000943402663204668,-9.74107240375039e-05,4.51048795255953e-05,0.00201715153472339,3.19019426600007e-05,0.00208023788482725,4.75804128472975e-06,3.12749682003977,1.64796517897898,4.07635471303743e-06,1.29757837066602e-07,0.952,0.00477995815881269,0.952,0.00477995815881269,0.9505,0.0048502448391808,0.072,0.0057799653978203,1,0,0,0.00808844091502448,2714.75388835707,3341.32239896825,8.07014979166929,2000,2000
33,4000,70,"boundary",16,"heterogeneous","fixed","fixed","c45-h36",-0.00379132496472473,3.2173184131055e-05,0.000127323123534441,0.00569406318661228,9.00535602579979e-05,0.00577540069854283,9.15169262806611e-06,1.42846170238828,1.61215750963254,3.24071795091237e-05,1.03485529214198e-06,0.9575,0.00451075104611194,0.9575,0.00451075104611194,0.9575,0.00451075104611194,0.0955,0.00657190041007926,1,0,0,0.0225363770147347,1356.07751690386,1668.70525567158,7.61950886644516,2000,2000
34,8000,70,"boundary",16,"heterogeneous","fixed","fixed","c45-h36",-0.00189083491356822,6.53991687711447e-06,6.73322788750925e-05,0.0030111910528936,4.76230182284703e-05,0.00291678212938905,4.56750887342687e-06,-3.13526846507556,1.53944004847029,9.06278069176072e-06,2.74032484145646e-07,0.945,0.00509779364038993,0.945,0.00509779364038993,0.945,0.00509779364038993,0.103,0.00679672715356443,1,0,0,0.0114051520381935,2714.04446069901,3338.89238357233,8.02691543316758,2000,2000
35,4000,140,"above",16,"heterogeneous","fixed","fixed","c45-h36",-0.00761646067030564,9.68484134869827e-05,0.000180958173990354,0.00809269556253332,0.000127988753128645,0.00803453013589612,8.17087086194812e-06,-0.71873983381372,1.57340999116174,6.54683552223074e-05,2.14867697393065e-06,0.9445,0.00511955808639769,0.9445,0.00511955808639769,0.945,0.00509779364038993,0.154,0.00807105941001551,1,0,0,0.0314968581704641,1355.63097074575,1670.68919266542,7.61832057826522,2000,2000
36,8000,140,"above",16,"heterogeneous","fixed","fixed","c45-h36",-0.00379316745671582,4.86824819239606e-06,9.25051003606338e-05,0.00413695385343635,6.54273426401221e-05,0.00408642991989962,4.42947028497479e-06,-1.22128346910998,1.56588413817492,1.71058536917096e-05,5.3396136273587e-07,0.944,0.00514120608417908,0.944,0.00514120608417908,0.945,0.00509779364038993,0.1505,0.00799530330881825,1,0,0,0.0159828808029237,2712.97910962663,3339.78263289377,8.09674517249716,2000,2000
7,4000,35,"below",16,"null","fixed","fixed","c45-h48",0,-0.000174370926692233,0.000108863684493574,0.00486853197617444,7.6997501312461e-05,0.00495399575432023,9.26587693355694e-06,1.75543220346572,1.62051204741641,2.3721157521307e-05,7.37061794623483e-07,0.9535,0.00470838348055891,0.9535,0.00470838348055891,0.9545,0.00465992220965114,0.0465,0.00470838348055891,1,0,0,0.0193241072738988,1355.24561586662,1669.3242281542,7.63859935813428,2000,2000
8,8000,35,"below",16,"null","fixed","fixed","c45-h48",0,-4.3142420140492e-06,5.46070827437162e-05,0.0024421029813581,3.86226953900052e-05,0.00247899365396481,4.73217432968753e-06,1.51061085008755,1.61707708663395,5.96090365075653e-06,1.92492598362978e-07,0.955,0.00463546114210873,0.955,0.00463546114210873,0.955,0.00463546114210873,0.045,0.00463546114210873,1,0,0,0.00967422833771815,2715.46161784992,3339.17323979431,8.11294428490164,2000,2000
9,4000,70,"boundary",16,"null","fixed","fixed","c45-h48",0,-0.000129422308885465,0.000158423045255953,0.00708489396789671,0.000112050025605548,0.00689247670608773,8.85982411734991e-06,-2.71588061417533,1.54365529511571,5.01873748091082e-05,1.6336631331156e-06,0.9435,0.00516273909857936,0.9435,0.00516273909857936,0.9435,0.00516273909857936,0.0565,0.00516273909857936,1,0,0,0.0269739058454995,1356.15473317293,1670.24656651934,7.5855013553698,2000,2000
10,8000,70,"boundary",16,"null","fixed","fixed","c45-h48",0,-0.000108933885880894,7.74252660971878e-05,0.00346256316338644,5.47616228099256e-05,0.00349142432221034,4.59820398592873e-06,0.833520067708426,1.60023638256934,1.19952155801036e-05,3.73182678081695e-07,0.9525,0.00475624589355933,0.9525,0.00475624589355933,0.9515,0.00480352734977121,0.0475,0.00475624589355933,1,0,0,0.0136516302446495,2712.68271620738,3343.83078572768,8.10737338597163,2000,2000
11,4000,140,"above",16,"null","fixed","fixed","c45-h48",0,7.37094729135973e-05,0.000209974142372283,0.00939032911723286,0.00014851127240551,0.00948535919434496,7.92586157975105e-06,1.01199942968664,1.59976754407687,8.81396248758836e-05,2.79341814821295e-06,0.956,0.00458606585212206,0.956,0.00458606585212206,0.956,0.00458606585212206,0.044,0.00458606585212206,1,0,0,0.0371841201524904,1354.94035656843,1669.10286035071,7.6652040369601,2000,2000
12,8000,140,"above",16,"null","fixed","fixed","c45-h48",0,-8.39216441315622e-06,0.00010871782211555,0.00486200881232198,7.68943352410971e-05,0.00486686628490281,4.43319878212831e-06,0.099906700467578,1.58573794179674,2.36273805546745e-05,7.54667791407221e-07,0.949,0.00491929873051028,0.949,0.00491929873051028,0.9485,0.00494205169944629,0.051,0.00491929873051027,1,0,0,0.0190458158065913,2714.53577139227,3341.4138931647,8.08608910568842,2000,2000
19,4000,35,"below",16,"homogeneous","fixed","fixed","c45-h48",-0.00464151454693754,6.17744125614886e-05,0.000103433781322019,0.00462569932411765,7.31570197182242e-05,0.00466598643389701,9.22878534949275e-06,0.870940953064325,1.60773563774044,2.13902117680712e-05,6.46313826303568e-07,0.9525,0.00475624589355933,0.9525,0.00475624589355933,0.9535,0.00470838348055891,0.1605,0.00820791538699078,1,0,0,0.0181825302012308,1354.5023147058,1670.72068698735,7.61705371993664,2000,2000
20,8000,35,"below",16,"homogeneous","fixed","fixed","c45-h48",-0.00233407507255691,-3.63853196657638e-05,5.20318153250934e-05,0.00232693352119248,3.68012509168756e-05,0.0023447428367419,4.84004416200735e-06,0.765355580089255,1.6071553952448,5.41323619373041e-06,1.7736447980709e-07,0.9515,0.00480352734977121,0.9515,0.00480352734977121,0.952,0.00477995815881269,0.1625,0.00824905297594821,1,0,0,0.00912721003872333,2711.58152608833,3342.62177170263,8.1192258352362,2000,2000
21,4000,70,"boundary",16,"homogeneous","fixed","fixed","c45-h48",-0.00916809836151708,-3.17134961113319e-05,0.00014540207984922,0.00650257869225416,0.000102840510002081,0.00651817767304079,9.24081479168118e-06,0.239889150518335,1.59168487144682,4.22633936299689e-05,1.33069463206238e-06,0.948,0.00496467521596328,0.948,0.00496467521596328,0.948,0.00496467521596328,0.2865,0.0101098405031929,1,0,0,0.0254926512941439,1355.53979519367,1671.89722223918,7.58952344729568,2000,2000
22,8000,70,"boundary",16,"homogeneous","fixed","fixed","c45-h48",-0.0046379385430832,0.000128855425373867,7.29238559746959e-05,0.00326125398281648,5.15778491444756e-05,0.00329394983208798,4.76240498681049e-06,1.00255452178126,1.60405098286999,1.06470633723144e-05,3.3800035054518e-07,0.95,0.00487339717240448,0.95,0.00487339717240448,0.95,0.00487339717240448,0.264,0.00985657141200732,1,0,0,0.0128653273942365,2713.49119757752,3341.96432018306,8.05939935752511,2000,2000
23,4000,140,"above",16,"homogeneous","fixed","fixed","c45-h48",-0.0179154737812322,-0.000168514321771394,0.000202860436626829,0.00907219452485756,0.000143479864824368,0.00896234993128247,8.31011003634635e-06,-1.21078305005606,1.56506817412026,8.2291958216749e-05,2.64971503048877e-06,0.942,0.00522666241496426,0.942,0.00522666241496426,0.941,0.00526872849936301,0.519,0.0111722647659282,1,0,0,0.0350884268798969,1354.52902227391,1669.73539778764,7.61119559247022,2000,2000
24,8000,140,"above",16,"homogeneous","fixed","fixed","c45-h48",-0.00917850833262007,4.47912333929345e-05,0.00010227324209156,0.0045737984319204,7.23361893252778e-05,0.00459545882568741,4.45807132500134e-06,0.473575608751031,1.59201058596561,2.09111785343785e-05,6.49570545637102e-07,0.956,0.00458606585212206,0.956,0.00458606585212206,0.9545,0.00465992220965114,0.5095,0.0111783216539872,1,0,0,0.0179794012331343,2715.41465391411,3339.2481654551,8.02241924731167,2000,2000
31,4000,35,"below",16,"heterogeneous","fixed","fixed","c45-h48",-0.00251319383682007,0.00011981339697668,0.000102687903681989,0.00459234266199756,7.26294726777734e-05,0.00475289320521772,8.89721700175355e-06,3.49604885865207,1.64825147437366,2.10934215697353e-05,6.63773280907369e-07,0.9545,0.00465992220965114,0.9545,0.00465992220965114,0.956,0.00458606585212206,0.068,0.00562920953598283,1,0,0,0.0185513591057004,1355.28763938762,1668.63111024333,7.58297389795785,2000,2000
32,8000,35,"below",16,"heterogeneous","fixed","fixed","c45-h48",-0.00125607389178641,-8.2535460165882e-05,5.27349623228047e-05,0.00235837921089363,3.72985752737627e-05,0.00239441566847203,4.7835080733943e-06,1.52801794605153,1.61846034308364,5.56598362830888e-06,1.7623545371118e-07,0.95,0.00487339717240448,0.95,0.00487339717240448,0.947,0.0050095408971282,0.079,0.00603154209137265,1,0,0,0.00935344365565947,2714.75388835707,3341.32239896825,8.07014979166929,2000,2000
33,4000,70,"boundary",16,"heterogeneous","fixed","fixed","c45-h48",-0.00502521695392814,4.79952132335933e-05,0.000148290145818296,0.00663173692886133,0.000104883191767621,0.00661399538546769,9.02228225957081e-06,-0.26752483676532,1.58315962314382,4.39602482667697e-05,1.38407273828099e-06,0.947,0.0050095408971282,0.947,0.0050095408971282,0.947,0.0050095408971282,0.113,0.00707923018413726,1,0,0,0.0258841157841486,1356.07751690386,1668.70525567158,7.61950886644516,2000,2000
34,8000,70,"boundary",16,"heterogeneous","fixed","fixed","c45-h48",-0.00251382261105506,3.2070283648328e-05,7.65700957826361e-05,0.00342431878427289,5.41567748505405e-05,0.00335239473530388,4.48620654757317e-06,-2.10038998995465,1.55384868019866,1.17211246598493e-05,3.70724539440958e-07,0.9465,0.00503178646208283,0.9465,0.00503178646208283,0.947,0.0050095408971282,0.1195,0.00725326650551322,1,0,0,0.013131385699156,2714.04446069901,3338.89238357233,8.02691543316758,2000,2000
35,4000,140,"above",16,"heterogeneous","fixed","fixed","c45-h48",-0.0100311871541865,0.00013224077897142,0.000207618193554021,0.00928496788304999,0.000146844948386898,0.00910681681143988,7.83571607726422e-06,-1.91870423090343,1.5534832314911,8.6185010898598e-05,2.76093487899354e-06,0.9485,0.00494205169944629,0.9485,0.00494205169944629,0.9485,0.00494205169944629,0.185,0.00868259753760359,1,0,0,0.0356517599899489,1355.63097074575,1670.68919266542,7.61832057826522,2000,2000
36,8000,140,"above",16,"heterogeneous","fixed","fixed","c45-h48",-0.00502771026755517,-5.8000304057752e-06,0.000101725481491367,0.00454930183317187,7.19487672227792e-05,0.00467471893264025,4.35939437133617e-06,2.75684278747754,1.62795738763718,2.0685832736069e-05,6.52570695566446e-07,0.956,0.00458606585212206,0.956,0.00458606585212206,0.956,0.00458606585212206,0.1805,0.00859999273255507,1,0,0,0.0183144103836683,2712.97910962663,3339.78263289377,8.09674517249716,2000,2000
7,4000,35,"below",16,"null","fixed","fixed","c45-h60",0,-0.000131252552230236,0.000122253303353546,0.00546733393544864,8.64677594664083e-05,0.00550695907845612,9.16803321890863e-06,0.72476171156417,1.60179814822851,2.98940217239943e-05,9.33068909166045e-07,0.9505,0.0048502448391808,0.9505,0.0048502448391808,0.9485,0.00494205169944629,0.0495,0.0048502448391808,1,0,0,0.0215291111949292,1355.24561586662,1669.3242281542,7.63859935813428,2000,2000
8,8000,35,"below",16,"null","fixed","fixed","c45-h60",0,2.91914018043793e-05,6.05339666304033e-05,0.00270716128666571,4.28146833055982e-05,0.00276914814502844,4.61289931421482e-06,2.28973643602415,1.62669633150364,7.32591000884486e-06,2.3037167621996e-07,0.957,0.00453602248671675,0.957,0.00453602248671675,0.9575,0.00451075104611194,0.043,0.00453602248671675,1,0,0,0.0108100157909561,2715.46161784992,3339.17323979431,8.11294428490164,2000,2000
9,4000,70,"boundary",16,"null","fixed","fixed","c45-h60",0,-8.14848677887038e-05,0.000175358366784814,0.00784226457108369,0.000124028101193485,0.00763212896087194,8.59852834688061e-06,-2.67952717365044,1.54305696344276,6.14770028297514e-05,1.96089637935542e-06,0.946,0.00505390937789747,0.946,0.00505390937789747,0.9465,0.00503178646208283,0.054,0.00505390937789747,1,0,0,0.0298527260734815,1356.15473317293,1670.24656651934,7.5855013553698,2000,2000
10,8000,70,"boundary",16,"null","fixed","fixed","c45-h60",0,-0.000111801171369692,8.53422813961325e-05,0.00381662285113336,6.03611980834158e-05,0.00388515840675102,4.54847961984096e-06,1.79571202843138,1.61433902637426,1.4571826184719e-05,4.50717330266022e-07,0.9585,0.00445969449626317,0.9585,0.00445969449626317,0.9575,0.00451075104611194,0.0415,0.00445969449626317,1,0,0,0.015184836447938,2712.68271620738,3343.83078572768,8.10737338597163,2000,2000
11,4000,140,"above",16,"null","fixed","fixed","c45-h60",0,2.45107211270629e-05,0.000231828532945158,0.0103676871757885,0.000163968524974592,0.01040751597127,7.70357354586544e-06,0.384162781980746,1.58934776701021,0.000107435793681771,3.34618009276543e-06,0.955,0.00463546114210873,0.955,0.00463546114210873,0.9545,0.00465992220965114,0.045,0.00463546114210873,1,0,0,0.0407968949361035,1354.94035656843,1669.10286035071,7.6652040369601,2000,2000
12,8000,140,"above",16,"null","fixed","fixed","c45-h60",0,3.66640732341434e-06,0.000120372843175858,0.00538323719972282,8.51377407767682e-05,0.00539179131157273,4.3557038047806e-06,0.158902748152068,1.58611249966046,2.8964766569648e-05,8.9969621444018e-07,0.952,0.00477995815881269,0.952,0.00477995815881269,0.9515,0.00480352734977121,0.048,0.00477995815881269,1,0,0,0.0211230983906718,2714.53577139227,3341.4138931647,8.08608910568842,2000,2000
19,4000,35,"below",16,"homogeneous","fixed","fixed","c45-h60",-0.00576937803444244,5.37072488475831e-05,0.000115697870646165,0.00517416607233605,8.18312092629278e-05,0.00518629394586912,9.10197193059088e-06,0.234392815451301,1.59497174088968,2.67614930154202e-05,8.17265308802447e-07,0.956,0.00458606585212206,0.956,0.00458606585212206,0.955,0.00463546114210873,0.1905,0.00878093816172281,1,0,0,0.0202414217043156,1354.5023147058,1670.72068698735,7.61705371993664,2000,2000
20,8000,35,"below",16,"homogeneous","fixed","fixed","c45-h60",-0.00290941993318624,-5.27288809915001e-05,5.78885180992505e-05,0.00258885323173302,4.0943600880848e-05,0.00261470861655952,4.74125663312651e-06,0.998719607182696,1.60779406853794,6.7015903098174e-06,2.15935756713205e-07,0.9515,0.00480352734977121,0.9515,0.00480352734977121,0.952,0.00477995815881269,0.189,0.00875439889427024,1,0,0,0.010198434832482,2711.58152608833,3342.62177170263,8.1192258352362,2000,2000
21,4000,70,"boundary",16,"homogeneous","fixed","fixed","c45-h60",-0.0113317906749274,4.54619941371244e-05,0.000163663727055251,0.00731926438293026,0.000115756674021838,0.0072168519599792,9.06373423606281e-06,-1.39921742941675,1.5643143227678,5.35469120845888e-05,1.68532841228948e-06,0.945,0.00509779364038993,0.945,0.00509779364038993,0.9445,0.00511955808639769,0.3515,0.0106758547667154,1,0,0,0.0282277294507238,1355.53979519367,1671.89722223918,7.58952344729568,2000,2000
22,8000,70,"boundary",16,"homogeneous","fixed","fixed","c45-h60",-0.00576495722390466,0.000146520183491811,8.10190881916224e-05,0.00362328377343036,5.730347432561e-05,0.00366461627525232,4.66491741532174e-06,1.14074702415117,1.60474861928459,1.31430893743229e-05,3.97897274894634e-07,0.9545,0.00465992220965114,0.9545,0.00465992220965114,0.953,0.00473238840333293,0.335,0.0105540276671989,1,0,0,0.0143345903348569,2713.49119757752,3341.96432018306,8.05939935752511,2000,2000
23,4000,140,"above",16,"homogeneous","fixed","fixed","c45-h60",-0.0218916300874799,-0.000272500465859142,0.000224969895213817,0.010060959571782,0.000159117522822889,0.00985398471626583,7.91469718460172e-06,-2.0572079038729,1.55099512968774,0.000101246552555172,3.29654837473793e-06,0.939,0.00535158854920668,0.939,0.00535158854920668,0.938,0.00539240206216117,0.6225,0.0108395975478797,1,0,0,0.0385871311519038,1354.52902227391,1669.73539778764,7.61119559247022,2000,2000
24,8000,140,"above",16,"homogeneous","fixed","fixed","c45-h60",-0.0113443712327637,7.4466909397857e-05,0.000110631944606538,0.00494761097246421,7.82481627336876e-05,0.00509455671550725,4.30689820735816e-06,2.97003430263343,1.63083129726053,2.44721602282761e-05,7.38851862000942e-07,0.962,0.00427527776875375,0.962,0.00427527776875375,0.9605,0.00435544199823623,0.603,0.010940543862167,1,0,0,0.019938960021558,2715.41465391411,3339.2481654551,8.02241924731167,2000,2000
31,4000,35,"below",16,"heterogeneous","fixed","fixed","c45-h60",-0.00313239084036802,0.000146213665908068,0.000114606298243511,0.00512534947044209,8.1059157977901e-05,0.00529247789583678,8.94554934330535e-06,3.26082009350814,1.64240535946721,2.62774510266623e-05,8.54243534439673e-07,0.9585,0.00445969449626317,0.9585,0.00445969449626317,0.9595,0.00440793318914885,0.073,0.00581682903307292,1,0,0,0.020660699830968,1355.28763938762,1668.63111024333,7.58297389795785,2000,2000
32,8000,35,"below",16,"heterogeneous","fixed","fixed","c45-h60",-0.00156784700364979,-7.19439187521168e-05,5.96153396580539e-05,0.00266607903954295,4.21649534913064e-05,0.00266748385198904,4.71401195828432e-06,0.0526920779636564,1.59221561908947,7.10959938381313e-06,2.25154441860504e-07,0.948,0.00496467521596328,0.948,0.00496467521596328,0.946,0.00505390937789747,0.0925,0.00647857044416436,1,0,0,0.0104226148380583,2714.75388835707,3341.32239896825,8.07014979166929,2000,2000
33,4000,70,"boundary",16,"heterogeneous","fixed","fixed","c45-h60",-0.00624420904146077,-4.02716766011258e-05,0.000165952030616973,0.00742160042927356,0.000117375153658245,0.00733109848437927,8.66401135313918e-06,-1.21943973886436,1.56660410415746,5.50542346632638e-05,1.68729702637187e-06,0.9405,0.00528960064655168,0.9405,0.00528960064655168,0.9405,0.00528960064655168,0.127,0.00744550199785078,1,0,0,0.0287267551075211,1356.07751690386,1668.70525567158,7.61950886644516,2000,2000
34,8000,70,"boundary",16,"heterogeneous","fixed","fixed","c45-h60",-0.00313316717883158,-7.75954886364728e-06,8.58000092080745e-05,0.00383709306118725,6.06849414691436e-05,0.00373122237572185,4.46445291944708e-06,-2.75913781024211,1.54229250706127,1.47159817292298e-05,4.54645362506657e-07,0.946,0.00505390937789747,0.946,0.00505390937789747,0.945,0.00509779364038993,0.135,0.00764117137617002,1,0,0,0.0146101432864283,2714.04446069901,3338.89238357233,8.02691543316758,2000,2000
35,4000,140,"above",16,"heterogeneous","fixed","fixed","c45-h60",-0.0123844947604364,0.000158893760198975,0.000228654459406011,0.0102257382918061,0.000161723554738344,0.00999532962337302,7.39718135422867e-06,-2.25322281734639,1.54759036018614,0.000104538687977734,3.42903204334952e-06,0.9425,0.00520546587732549,0.9425,0.00520546587732549,0.9435,0.00516273909857936,0.235,0.00948090185583629,1,0,0,0.0391538857646474,1355.63097074575,1670.68919266542,7.61832057826522,2000,2000
36,8000,140,"above",16,"heterogeneous","fixed","fixed","c45-h60",-0.00624736828753326,6.83136934822234e-05,0.000113555541098499,0.00507835818236028,8.0315974656222e-05,0.00517996945478026,4.26357563721787e-06,2.00086856364174,1.61536189259048,2.57814937281487e-05,8.15197728197032e-07,0.9555,0.00461084319837489,0.9555,0.00461084319837489,0.9555,0.00461084319837489,0.2095,0.00909971840223641,1,0,0,0.0202625389746674,2712.97910962663,3339.78263289377,8.09674517249716,2000,2000
7,4000,35,"below",16,"null","fixed","fixed","c50-h24",0,-1.4541404912697e-05,9.27439087715858e-05,0.0041476336902461,6.55962479185098e-05,0.00409815044104124,1.1568751185648e-05,-1.19304772070944,1.58736356490221,1.71944752483071e-05,5.40901678765125e-07,0.9455,0.00507591124823908,0.9455,0.00507591124823908,0.9465,0.00503178646208283,0.0545,0.00507591124823908,1,0,0,0.0159266739635356,1218.36692646782,1287.65128409444,6.70045842113001,2000,2000
8,8000,35,"below",16,"null","fixed","fixed","c50-h24",0,-2.81628590128229e-05,4.61850829785524e-05,0.00206545970173023,3.26659528730823e-05,0.00204429397629079,5.87626751371054e-06,-1.02474647274458,1.59097188308015,4.26478386420957e-06,1.39530732592347e-07,0.945,0.00509779364038993,0.945,0.00509779364038993,0.945,0.00509779364038993,0.055,0.00509779364038993,1,0,0,0.00794465843903658,2442.29849752245,2574.42386887527,7.14513612833203,2000,2000
9,4000,70,"boundary",16,"null","fixed","fixed","c50-h24",0,-0.000129839741498839,0.00013299445223987,0.00594769271677395,9.4064798178807e-05,0.00574562904700581,1.13058634601525e-05,-3.39734548152212,1.53958398296386,3.53742194873119e-05,1.12499321444929e-06,0.9385,0.00537204569973116,0.9385,0.00537204569973116,0.936,0.00547284204047586,0.0615,0.00537204569973116,1,0,0,0.0223720345999978,1220.1528309512,1288.12371163704,6.69818171439063,2000,2000
10,8000,70,"boundary",16,"null","fixed","fixed","c50-h24",0,-2.18446968089037e-05,6.51958686894003e-05,0.00291564788483298,4.61119702895545e-05,0.00288782167921294,5.76870268078822e-06,-0.954374695407811,1.57888623092572,8.49722927781553e-06,2.71452885062983e-07,0.9505,0.0048502448391808,0.9505,0.0048502448391808,0.9505,0.0048502448391808,0.0495,0.0048502448391808,1,0,0,0.0112833284255803,2439.22436061499,2577.7354282771,7.1483934535734,2000,2000
11,4000,140,"above",16,"null","fixed","fixed","c50-h24",0,2.84584581059393e-05,0.0001748141324893,0.00781792567347457,0.00012364317318854,0.00803025896736774,1.04204488870245e-05,2.71597995122412,1.6299474288098,6.10902117388925e-05,1.94885004214421e-06,0.9515,0.00480352734977121,0.9515,0.00480352734977121,0.9515,0.00480352734977121,0.0485,0.00480352734977121,1,0,0,0.0314388292914285,1219.85469748105,1287.8870475415,6.70390251076434,2000,2000
12,8000,140,"above",16,"null","fixed","fixed","c50-h24",0,-8.25973867272913e-05,9.18222566364057e-05,0.00410641615372869,6.49443784560874e-05,0.00405725412550431,5.51741831095713e-06,-1.19720034170777,1.56836603511297,1.68610446290843e-05,5.22419307988207e-07,0.948,0.00496467521596328,0.948,0.00496467521596328,0.9505,0.0048502448391808,0.052,0.00496467521596328,1,0,0,0.0158506588311124,2441.86141431155,2576.17977033789,7.12925126660215,2000,2000
19,4000,35,"below",16,"homogeneous","fixed","fixed","c50-h24",-0.00257206071203665,1.52698651807741e-05,8.73737905911228e-05,0.00390747470427164,6.17980512694457e-05,0.00386798482977247,1.16406032709139e-05,-1.01062393202445,1.59364287995125,1.52609575540231e-05,4.75390496271897e-07,0.9445,0.00511955808639769,0.9445,0.00511955808639769,0.9435,0.00516273909857936,0.0825,0.0061519813881383,1,0,0,0.0149904120272673,1218.74221095005,1287.99218251129,6.73928277593017,2000,2000
20,8000,35,"below",16,"homogeneous","fixed","fixed","c50-h24",-0.00128650662394766,-1.93746736126917e-05,4.33125094726537e-05,0.00193699430913915,3.06342286730473e-05,0.0019337512936873,5.89307119451437e-06,-0.167425140927968,1.60793124969416,3.75044635813822e-06,1.25319297516301e-07,0.9445,0.00511955808639769,0.9445,0.00511955808639769,0.942,0.00522666241496426,0.0825,0.0061519813881383,1,0,0,0.0074916945092941,2438.90674147012,2576.45314471697,7.18313371961166,2000,2000
21,4000,70,"boundary",16,"homogeneous","fixed","fixed","c50-h24",-0.00513557101797908,6.87155504767005e-05,0.000120659000526212,0.00539603454547588,8.53401351846183e-05,0.00544981776159597,1.16328098706956e-05,0.996717416592219,1.61178005850516,2.91073520484384e-05,9.16328377195613e-07,0.9515,0.00480352734977121,0.9515,0.00480352734977121,0.9505,0.0048502448391808,0.136,0.00766498532288223,1,0,0,0.0212107879595151,1217.85001253866,1288.45866796906,6.70483374968213,2000,2000
22,8000,70,"boundary",16,"homogeneous","fixed","fixed","c50-h24",-0.00256999201571909,0.00010170345412618,6.21476658775421e-05,0.00277932811090256,4.39560263574845e-05,0.0027168877198337,5.94017327743436e-06,-2.24660020614087,1.56070691244713,7.73114600826039e-06,2.453147464623e-07,0.9445,0.00511955808639769,0.9445,0.00511955808639769,0.942,0.00522666241496426,0.142,0.00780499839846236,1,0,0,0.010553696245809,2440.44459850444,2578.14255710741,7.11368902923134,2000,2000
23,4000,140,"above",16,"homogeneous","fixed","fixed","c50-h24",-0.0102572352441359,-3.59933872085337e-05,0.000172329228775607,0.00770679740104741,0.00012188564148413,0.00761330785982196,1.10610076543223e-05,-1.21307900494105,1.56892740023804,5.93663243416234e-05,1.78311288191752e-06,0.9465,0.00503178646208283,0.9465,0.00503178646208283,0.946,0.00505390937789747,0.2755,0.00998998873873239,1,0,0,0.0297832613230749,1219.89323749715,1287.61583792099,6.7043968982979,2000,2000
24,8000,140,"above",16,"homogeneous","fixed","fixed","c50-h24",-0.00514120781712805,0.00016550044778861,8.43888552175086e-05,0.00377398433619474,5.96868553603909e-05,0.0038303069419201,5.60138008913868e-06,1.49239108348156,1.61198428856447,1.42632266891766e-05,4.67380403153412e-07,0.955,0.00463546114210873,0.955,0.00463546114210873,0.9555,0.00461084319837489,0.247,0.00964341744403922,1,0,0,0.0149750263919834,2442.87858317906,2575.62437461783,7.09695111091667,2000,2000
31,4000,35,"below",16,"heterogeneous","fixed","fixed","c50-h24",-0.00109718881998844,0.000102477567502531,8.76282674796296e-05,0.00391885525669972,6.19780386054241e-05,0.00395680735437767,1.13577923296283e-05,0.968448569593638,1.62293867896145,1.53602494615428e-05,4.8902418010513e-07,0.9475,0.00498717104178311,0.9475,0.00498717104178311,0.9485,0.00494205169944629,0.05,0.00487339717240448,1,0,0,0.0153569461400041,1218.52742772228,1287.59643784716,6.72716748649688,2000,2000
32,8000,35,"below",16,"heterogeneous","fixed","fixed","c50-h24",-0.000546840444352999,-8.72852667136256e-05,4.33766718049662e-05,0.00193986373587206,3.06796096399825e-05,0.0019922788935219,5.57531819554927e-06,2.70200203656443,1.6494992049473,3.76880849587989e-06,1.28268573893382e-07,0.9505,0.0048502448391808,0.9505,0.0048502448391808,0.9505,0.0048502448391808,0.055,0.00509779364038993,1,0,0,0.00772868415627975,2441.91831842052,2578.51429796014,7.14003746775486,2000,2000
33,4000,70,"boundary",16,"heterogeneous","fixed","fixed","c50-h24",-0.00220858254507771,0.00010033731106789,0.000126313441332944,0.00564890882584789,8.9339428571232e-05,0.00556603494729734,1.12468439257775e-05,-1.46707764464771,1.570999129467,3.19042834132731e-05,1.0317490996571e-06,0.944,0.00514120608417908,0.944,0.00514120608417908,0.945,0.00509779364038993,0.062,0.00539240206216117,1,0,0,0.0216632354287785,1220.5569952287,1285.32310000066,6.74718813592725,2000,2000
34,8000,70,"boundary",16,"heterogeneous","fixed","fixed","c50-h24",-0.0010977884538745,-8.98347751139649e-06,6.54325768290491e-05,0.00292623379465463,4.62793900804431e-05,0.00279755021927483,5.72812885432197e-06,-4.39758352920628,1.52460387349956,8.55864350173653e-06,2.66315644902195e-07,0.9415,0.0052477495176504,0.9415,0.0052477495176504,0.9405,0.00528960064655168,0.0745,0.00587153089066216,1,0,0,0.0109096220543549,2441.44561708456,2576.70286310023,7.10748931540615,2000,2000
35,4000,140,"above",16,"heterogeneous","fixed","fixed","c50-h24",-0.00445950812381693,0.00015082647310404,0.000175196887059832,0.00783504297824277,0.000123913889228366,0.00780643408450908,1.04748639824859e-05,-0.365140227221905,1.58142072550329,6.13799531466649e-05,1.94375388641537e-06,0.9445,0.00511955808639769,0.9445,0.00511955808639769,0.946,0.00505390937789747,0.0805,0.00608357419614489,1,0,0,0.0305336861837062,1219.6582790704,1287.81407080734,6.7014105322113,2000,2000
36,8000,140,"above",16,"heterogeneous","fixed","fixed","c50-h24",-0.00220813996331801,7.0090825560752e-05,8.84160892081318e-05,0.00395408771548137,6.25352520127833e-05,0.00393195792698297,5.55206992888184e-06,-0.559668628790078,1.57893871669213,1.56319049807176e-05,4.89290281734525e-07,0.9515,0.00480352734977121,0.9515,0.00480352734977121,0.95,0.00487339717240448,0.0825,0.0061519813881383,1,0,0,0.0153831959255468,2441.62460393379,2576.16856749116,7.14533017983533,2000,2000
1,4000,35,"below",4,"null","fixed","fixed","c50-h36",0,-0.000120484479440798,0.000109847569212203,0.00491253263843198,7.76933868620485e-05,0.00495924153401901,1.13263135331736e-05,0.950810895822096,1.61313321998241,2.41354269449838e-05,7.5920430247238e-07,0.954,0.00468422885862764,0.954,0.00468422885862764,0.953,0.00473238840333293,0.046,0.00468422885862764,1,0,0,0.019255925991919,1219.37401052189,1286.08983754516,6.73410682174674,2000,2000
2,8000,35,"below",4,"null","fixed","fixed","c50-h36",0,6.86765429884557e-05,5.66747408203501e-05,0.0025345714616297,4.00851160880548e-05,0.00249041158153261,5.771694046572e-06,-1.74230163819079,1.57057539434156,6.42555693541751e-06,2.01190258077659e-07,0.948,0.00496467521596328,0.948,0.00496467521596328,0.9515,0.00480352734977121,0.052,0.00496467521596328,1,0,0,0.00971986175939527,2443.55201814246,2575.57595233687,7.07074805898802,2000,2000
3,4000,70,"boundary",4,"null","fixed","fixed","c50-h36",0,-0.000331705626724623,0.000160372645747298,0.00717208275244903,0.00011342894610681,0.00694306766817465,1.0750486392872e-05,-3.19314614985695,1.53835361134658,5.15230802452736e-05,1.62509269303707e-06,0.9485,0.00494205169944629,0.9485,0.00494205169944629,0.9445,0.00511955808639769,0.0515,0.00494205169944629,1,0,0,0.0271731773690932,1221.04408275452,1286.15503375307,6.75111823495609,2000,2000
4,8000,70,"boundary",4,"null","fixed","fixed","c50-h36",0,-8.45106977029952e-05,7.92297395555718e-05,0.00354326166971725,5.60378973373454e-05,0.00350470835435089,5.43875584600351e-06,-1.08807418023515,1.57183865856059,1.25555679664837e-05,4.01879721546956e-07,0.9455,0.00507591124823908,0.9455,0.00507591124823908,0.9445,0.00511955808639769,0.0545,0.00507591124823908,1,0,0,0.0136976796456287,2443.90449536696,2575.52332203023,7.12203349595458,2000,2000
5,4000,140,"above",4,"null","fixed","fixed","c50-h36",0,0.00019912602777009,0.000218011961339565,0.00974979130926645,0.000154196290135358,0.00965599570016524,9.8604017915686e-06,-0.962026838585406,1.56958112105056,9.5050552533896e-05,2.96086733709897e-06,0.9505,0.0048502448391808,0.9505,0.0048502448391808,0.952,0.00477995815881269,0.0495,0.0048502448391808,1,0,0,0.0377757683116143,1219.5734800439,1287.43863408827,6.70311562486807,2000,2000
6,8000,140,"above",4,"null","fixed","fixed","c50-h36",0,-0.000147071475973168,0.000110297539886566,0.00493265593874711,7.80116437513957e-05,0.00492521837272343,5.32196505883188e-06,-0.150782177310405,1.58283107751344,2.4340559081797e-05,7.76314161666785e-07,0.9515,0.00480352734977121,0.9515,0.00480352734977121,0.9505,0.0048502448391808,0.0485,0.00480352734977121,1,0,0,0.0192903395668503,2438.50089994094,2576.76544510931,7.08120839117159,2000,2000
7,4000,35,"below",16,"null","fixed","fixed","c50-h36",0,-0.000117281575620579,0.000110091575991835,0.00492344495335654,7.78659688614761e-05,0.00499292326434207,1.13151096678772e-05,1.41117269805484,1.62023465685956,2.42419450216076e-05,7.83979991939638e-07,0.9525,0.00475624589355933,0.9525,0.00475624589355933,0.9515,0.00480352734977121,0.0475,0.00475624589355933,1,0,0,0.0194644300352986,1218.36692646782,1287.65128409444,6.70045842113001,2000,2000
8,8000,35,"below",16,"null","fixed","fixed","c50-h36",0,2.32393150240258e-05,5.59672489686863e-05,0.00250293146415275,3.95847186871175e-05,0.0024922093499881,5.93136808262322e-06,-0.42838225170041,1.59249010198665,6.26207364705149e-06,1.96556002070624e-07,0.9505,0.0048502448391808,0.9505,0.0048502448391808,0.9505,0.0048502448391808,0.0495,0.0048502448391808,1,0,0,0.00969370364684641,2442.29849752245,2574.42386887527,7.14513612833203,2000,2000
9,4000,70,"boundary",16,"null","fixed","fixed","c50-h36",0,-6.83194504464555e-06,0.000158138050811149,0.00707214862886092,0.00011184845370175,0.00696894054594271,1.09612922937215e-05,-1.45935964208987,1.56614222898005,4.99903252610581e-05,1.59969019860849e-06,0.9445,0.00511955808639769,0.9445,0.00511955808639769,0.9445,0.00511955808639769,0.0555,0.00511955808639769,1,0,0,0.027288910549488,1220.1528309512,1288.12371163704,6.69818171439063,2000,2000
10,8000,70,"boundary",16,"null","fixed","fixed","c50-h36",0,-1.14227673270857e-05,7.99357116028949e-05,0.00357483369947783,5.65372198055605e-05,0.00351115070723356,5.62833029636481e-06,-1.78142530807999,1.56131896456205,1.27731767405463e-05,4.11884894723275e-07,0.9465,0.00503178646208283,0.9465,0.00503178646208283,0.947,0.0050095408971282,0.0535,0.00503178646208283,1,0,0,0.0137169567336872,2439.22436061499,2577.7354282771,7.1483934535734,2000,2000
11,4000,140,"above",16,"null","fixed","fixed","c50-h36",0,0.000130634397255421,0.000214142332801183,0.00957673626007655,0.000151459365238421,0.00964582294628482,9.84001871794509e-06,0.721401157263557,1.59625383094221,9.16850858021136e-05,2.95153364628038e-06,0.952,0.00477995815881269,0.952,0.00477995815881269,0.9525,0.00475624589355933,0.048,0.00477995815881269,1,0,0,0.0377680158974402,1219.85469748105,1287.8870475415,6.70390251076434,2000,2000
12,8000,140,"above",16,"null","fixed","fixed","c50-h36",0,-5.62130481899031e-05,0.000109068038160548,0.00487767094999051,7.71420373146566e-05,0.00491653268400649,5.48583739613746e-06,0.796727258037944,1.59809725153136,2.378293796622e-05,7.27708174749876e-07,0.9515,0.00480352734977121,0.9515,0.00480352734977121,0.9515,0.00480352734977121,0.0485,0.00480352734977121,1,0,0,0.0192337212429562,2441.86141431155,2576.17977033789,7.12925126660215,2000,2000
13,4000,35,"below",4,"homogeneous","fixed","fixed","c50-h36",-0.00383513927374293,-0.000171802926054707,0.000102420585772825,0.00458038784166768,7.24404030981661e-05,0.00471297938575748,1.14777852705894e-05,2.8947667462482,1.64649640145872,2.0998979049108e-05,6.69963766366882e-07,0.957,0.00453602248671675,0.957,0.00453602248671675,0.9545,0.00465992220965114,0.1135,0.00709287494602858,1,0,0,0.01837432155708,1219.65227257544,1287.38508178785,6.7609235264438,2000,2000
14,8000,35,"below",4,"homogeneous","fixed","fixed","c50-h36",-0.0019240314235497,2.28175690251565e-05,5.21105306279962e-05,0.00233045377655568,3.68569249615927e-05,0.00236156800024696,5.85152057992816e-06,1.33511438863458,1.6221995691977,5.42881993871654e-06,1.76156072586011e-07,0.953,0.00473238840333293,0.953,0.00473238840333293,0.953,0.00473238840333293,0.1125,0.00706554138053129,1,0,0,0.00918395191094251,2441.08667636116,2576.04117442837,7.15384387453099,2000,2000
15,4000,70,"boundary",4,"homogeneous","fixed","fixed","c50-h36",-0.00761143746013485,-4.31234641758429e-05,0.000144118921245168,0.00644519409496271,0.000101932952934184,0.00657238934817086,1.13022600285235e-05,1.97348987996446,1.62225139467688,4.15216162914438e-05,1.31970081351996e-06,0.945,0.00509779364038993,0.945,0.00509779364038993,0.945,0.00509779364038993,0.2065,0.0090514570650255,1,0,0,0.0257229945987524,1218.89955166924,1288.25416952966,6.72571480799932,2000,2000
16,8000,70,"boundary",4,"homogeneous","fixed","fixed","c50-h36",-0.00383207140079365,-0.000108241732275588,7.42167072319999e-05,0.00331907204873904,5.2492261667294e-05,0.00331760917063432,5.67427962266027e-06,-0.0440749126033424,1.59005456618217,1.10224474176944e-05,3.45477883679069e-07,0.948,0.00496467521596328,0.948,0.00496467521596328,0.9495,0.00489641450451246,0.219,0.00924767538357613,1,0,0,0.012948273420449,2440.5102982072,2575.88118345064,7.132034364757,2000,2000
17,4000,140,"above",4,"homogeneous","fixed","fixed","c50-h36",-0.0150151377825194,0.000315965009413637,0.000206662466898344,0.00924222648764994,0.000146168978574126,0.009157210573388,1.01033772333168e-05,-0.919864000038695,1.57079482783883,8.54758749609673e-05,2.65280098405086e-06,0.9505,0.0048502448391808,0.9505,0.0048502448391808,0.9475,0.00498717104178311,0.352,0.0106793258214178,1,0,0,0.0358556480790493,1218.9873803102,1287.35898894358,6.72440965918434,2000,2000
18,8000,140,"above",4,"homogeneous","fixed","fixed","c50-h36",-0.00761960148934478,-6.83839359162867e-05,0.00010479417703095,0.00468653806974703,7.41192053255841e-05,0.00465408721045182,5.67101386011441e-06,-0.692427092498971,1.5752378990896,2.195733362234e-05,7.01451853279547e-07,0.9465,0.00503178646208283,0.9465,0.00503178646208283,0.9485,0.00494205169944629,0.375,0.0108253175473055,1,0,0,0.0182270517521105,2441.0865986663,2579.03388800986,7.13824877478299,2000,2000
19,4000,35,"below",16,"homogeneous","fixed","fixed","c50-h36",-0.00383513927374293,-6.28341551186482e-05,0.000104819822836984,0.00468768498505962,7.41373441842214e-05,0.00471439481720438,1.15180611784162e-05,0.569787266633504,1.60941241749512,2.19673514549433e-05,7.06819385530652e-07,0.9565,0.00456112650559048,0.9565,0.00456112650559048,0.9555,0.00461084319837489,0.1175,0.00720047741472744,1,0,0,0.0183813241287262,1218.74221095005,1287.99218251129,6.73928277593017,2000,2000
20,8000,35,"below",16,"homogeneous","fixed","fixed","c50-h36",-0.0019240314235497,-5.22135362142543e-05,5.27743427166377e-05,0.00236014035564545,3.73264283814353e-05,0.00236142490391894,6.01014569878006e-06,0.0544267746794391,1.6027544199759,5.57020362046109e-06,1.82952048227556e-07,0.948,0.00496467521596328,0.948,0.00496467521596328,0.946,0.00505390937789747,0.114,0.00710647591989166,1,0,0,0.00916267429384252,2438.90674147012,2576.45314471697,7.18313371961166,2000,2000
21,4000,70,"boundary",16,"homogeneous","fixed","fixed","c50-h36",-0.00761143746013485,3.95471925114863e-05,0.000148155917182275,0.00662573404176793,0.000104788254051464,0.0066046305597021,1.13634564568861e-05,-0.31850783524956,1.58579839869225,4.38799653968818e-05,1.37538211269173e-06,0.948,0.00496467521596328,0.948,0.00496467521596328,0.9485,0.00494205169944629,0.2,0.00894427190999916,1,0,0,0.0257368711003948,1217.85001253866,1288.45866796906,6.70483374968213,2000,2000
22,8000,70,"boundary",16,"homogeneous","fixed","fixed","c50-h36",-0.00383207140079365,9.87502629761178e-05,7.56359735147013e-05,0.00338254356646492,5.3496085467429e-05,0.00331566364753357,5.91963874702061e-06,-1.97720790929053,1.56011074665014,1.14456317929815e-05,3.71540107717221e-07,0.939,0.00535158854920668,0.939,0.00535158854920668,0.942,0.00522666241496426,0.1875,0.00872765002735559,1,0,0,0.0129177809742492,2440.44459850444,2578.14255710741,7.11368902923134,2000,2000
23,4000,140,"above",16,"homogeneous","fixed","fixed","c50-h36",-0.0150151377825194,-1.47820250666335e-05,0.000205760333404435,0.00920188185130677,0.000145530914327041,0.00915135994462916,1.08132990116275e-05,-0.549038854160433,1.57723472465765,8.4632510798871e-05,2.78603393980949e-06,0.9425,0.00520546587732549,0.9425,0.00520546587732549,0.9425,0.00520546587732549,0.3805,0.0108563287993686,1,0,0,0.0357809726665124,1219.89323749715,1287.61583792099,6.7043968982979,2000,2000
24,8000,140,"above",16,"homogeneous","fixed","fixed","c50-h36",-0.00761960148934478,0.000184205138581065,0.000103572670319883,0.00463191062892867,7.32552536319952e-05,0.00464733336853442,5.48325207824611e-06,0.332967123964512,1.59120986857744,2.14778003094249e-05,6.91407125463604e-07,0.9485,0.00494205169944629,0.9485,0.00494205169944629,0.9495,0.00489641450451246,0.354,0.0106930818756802,1,0,0,0.0181774210446072,2442.87858317906,2575.62437461783,7.09695111091667,2000,2000
25,4000,35,"below",4,"heterogeneous","fixed","fixed","c50-h36",-0.00164087238321937,-9.51551570649399e-05,0.000106514615851858,0.00476347843284063,7.53360435300516e-05,0.00483155963084043,1.17253417925427e-05,1.42923283813858,1.6229137931759,2.26884359206637e-05,7.30062076664024e-07,0.9535,0.00470838348055891,0.9535,0.00470838348055891,0.952,0.00477995815881269,0.05,0.00487339717240448,1,0,0,0.018786974333073,1220.11231301919,1286.89414844683,6.74137009204158,2000,2000
26,8000,35,"below",4,"heterogeneous","fixed","fixed","c50-h36",-0.000819051477066565,0.000132806944633029,5.56497970705622e-05,0.00248873458367691,3.93601901581028e-05,0.00241257038186299,5.69390767013771e-06,-3.06035855785785,1.55011044141813,6.20834061261828e-06,1.95075502863631e-07,0.9385,0.00537204569973116,0.9385,0.00537204569973116,0.9405,0.00528960064655168,0.0575,0.00520546587732549,1,0,0,0.00938745183068904,2441.70927019447,2576.94848691673,7.12638418602912,2000,2000
27,4000,70,"boundary",4,"heterogeneous","fixed","fixed","c50-h36",-0.0032926150031595,-2.18199767055214e-05,0.00014950907973672,0.00668624931089486,0.000105745323767105,0.0067621588294057,1.06484466372202e-05,1.13530792797611,1.60739858337428,4.46840529939017e-05,1.39180601732826e-06,0.9565,0.00456112650559048,0.9565,0.00456112650559048,0.9565,0.00456112650559048,0.064,0.00547284204047586,1,0,0,0.0263935622377211,1220.43256416153,1286.64559879782,6.76712878299203,2000,2000
28,8000,70,"boundary",4,"heterogeneous","fixed","fixed","c50-h36",-0.00164176641384618,-3.35903321245148e-05,7.55703519996003e-05,0.00337960888309387,5.34496724444028e-05,0.00340563758327686,5.52671404181164e-06,0.770169007224419,1.60208275324903,1.14171736349979e-05,3.55557089980168e-07,0.9575,0.00451075104611194,0.9575,0.00451075104611194,0.957,0.00453602248671675,0.069,0.00566740681440816,1,0,0,0.0132842208865531,2441.2180436733,2575.85534995439,7.15882936056849,2000,2000
29,4000,140,"above",4,"heterogeneous","fixed","fixed","c50-h36",-0.00660462997001182,0.000385875416002344,0.000204872670225367,0.00916218434711636,0.00014490308469668,0.00938444188172748,1.01194511644044e-05,2.42581382551064,1.62366025892919,8.40525490362137e-05,2.52903571944318e-06,0.955,0.00463546114210873,0.955,0.00463546114210873,0.956,0.00458606585212206,0.0945,0.00654101482951996,1,0,0,0.036755854250237,1219.48923996314,1287.39458653825,6.70617175001365,2000,2000
30,8000,140,"above",4,"heterogeneous","fixed","fixed","c50-h36",-0.00329200892158468,-0.00012273363942344,0.000105396008401452,0.00471345278685569,7.45448707984701e-05,0.00477977766012054,5.3686985587521e-06,1.40713986676191,1.60782824006009,2.22205924015769e-05,6.8017775590044e-07,0.954,0.00468422885862764,0.954,0.00468422885862764,0.955,0.00463546114210873,0.093,0.00649426670225361,1,0,0,0.0187383878460053,2441.54098499549,2578.85176881805,7.13118969454093,2000,2000
31,4000,35,"below",16,"heterogeneous","fixed","fixed","c50-h36",-0.00164087238321937,8.61418754051405e-05,0.000106287829466264,0.00475333623734942,7.51756412333291e-05,0.0048292093040108,1.09433262641332e-05,1.59620659832997,1.62318862452827,2.25903287053048e-05,7.07176363528464e-07,0.9505,0.0048502448391808,0.9505,0.0048502448391808,0.9515,0.00480352734977121,0.0555,0.00511955808639769,1,0,0,0.018771493689711,1218.52742772228,1287.59643784716,6.72716748649688,2000,2000
32,8000,35,"below",16,"heterogeneous","fixed","fixed","c50-h36",-0.000819051477066565,-0.0001167970031981,5.35256296528304e-05,0.00239373892884415,3.78578013284804e-05,0.00243200690280671,5.68487331540326e-06,1.59866949154066,1.624273529849,5.74076260639024e-06,1.84552199319995e-07,0.9435,0.00516273909857936,0.9435,0.00516273909857936,0.943,0.00518415856238985,0.061,0.00535158854920667,1,0,0,0.00945414996629781,2441.91831842052,2578.51429796014,7.14003746775486,2000,2000
33,4000,70,"boundary",16,"heterogeneous","fixed","fixed","c50-h36",-0.0032926150031595,4.30920855130825e-05,0.000149836470089788,0.00670089065258759,0.000105976881602551,0.00673922457019237,1.09624318493655e-05,0.57207197658089,1.59897287366022,4.48813414980007e-05,1.4449209529431e-06,0.9505,0.0048502448391808,0.9505,0.0048502448391808,0.95,0.00487339717240448,0.069,0.00566740681440816,1,0,0,0.0263318994577428,1220.5569952287,1285.32310000066,6.74718813592725,2000,2000
34,8000,70,"boundary",16,"heterogeneous","fixed","fixed","c50-h36",-0.00164176641384618,1.86124351993936e-05,7.84529230544935e-05,0.00350852137966816,5.54884677471238e-05,0.00340856678536682,5.65184183062274e-06,-2.84890936907413,1.54489923587397,1.23039138331968e-05,3.8631381304794e-07,0.939,0.00535158854920668,0.939,0.00535158854920668,0.94,0.0053103672189407,0.0815,0.0061179142687684,1,0,0,0.0132981570791995,2441.44561708456,2576.70286310023,7.10748931540615,2000,2000
35,4000,140,"above",16,"heterogeneous","fixed","fixed","c50-h36",-0.00660462997001182,0.000141358032132645,0.000208984948616992,0.0093460910276379,0.000147811631861231,0.00937384297913549,9.86434141868113e-06,0.296936456273711,1.58973793371702,8.73257248813936e-05,2.84142477666266e-06,0.9505,0.0048502448391808,0.9505,0.0048502448391808,0.9505,0.0048502448391808,0.0985,0.00666324808182916,1,0,0,0.0367126359123206,1219.6582790704,1287.81407080734,6.7014105322113,2000,2000
36,8000,140,"above",16,"heterogeneous","fixed","fixed","c50-h36",-0.00329200892158468,2.78995984481133e-05,0.000109133271381032,0.00488058826829838,7.71881757032587e-05,0.00477363989522879,5.40022638992069e-06,-2.19130086764874,1.55083029038466,2.3809010161323e-05,7.45819116178798e-07,0.9375,0.00541265877365274,0.9375,0.00541265877365274,0.9375,0.00541265877365274,0.1025,0.00678209960115597,1,0,0,0.0186672261260473,2441.62460393379,2576.16856749116,7.14533017983533,2000,2000
7,4000,35,"below",16,"null","fixed","fixed","c50-h48",0,-0.000142417197755919,0.000126990360867738,0.00567918158774983,8.98182026730934e-05,0.00573042012264615,1.11336075631614e-05,0.902216879397577,1.60779982728077,3.22572596131e-05,1.01022001032401e-06,0.949,0.00491929873051028,0.949,0.00491929873051028,0.9475,0.00498717104178311,0.051,0.00491929873051027,1,0,0,0.0223940720993392,1218.36692646782,1287.65128409444,6.70045842113001,2000,2000
8,8000,35,"below",16,"null","fixed","fixed","c50-h48",0,-5.71753533798979e-06,6.30336632813451e-05,0.0028189511193584,4.45826778122787e-05,0.0028692310780537,5.8218591059954e-06,1.78364067223493,1.62293742541196,7.94254486083565e-06,2.55758632839405e-07,0.9555,0.00461084319837489,0.9555,0.00461084319837489,0.955,0.00463546114210873,0.0445,0.00461084319837489,1,0,0,0.0111957270094649,2442.29849752245,2574.42386887527,7.14513612833203,2000,2000
9,4000,70,"boundary",16,"null","fixed","fixed","c50-h48",0,-6.97082204729801e-05,0.000181955486318039,0.00813729672572337,0.000128694135806231,0.00795926265019646,1.06331459198774e-05,-2.18787739378006,1.55244144215073,6.61873494394686e-05,2.13751616415535e-06,0.9425,0.00520546587732549,0.9425,0.00520546587732549,0.9425,0.00520546587732549,0.0575,0.00520546587732549,1,0,0,0.0310903738715093,1220.1528309512,1288.12371163704,6.69818171439063,2000,2000
10,8000,70,"boundary",16,"null","fixed","fixed","c50-h48",0,-0.000113014956250481,9.03094244972922e-05,0.0040387602436966,6.38743770579278e-05,0.00403740156713377,5.53774850595748e-06,-0.0336409313961061,1.58693684810533,1.63162008942475e-05,5.15469951470834e-07,0.9505,0.0048502448391808,0.9505,0.0048502448391808,0.9495,0.00489641450451246,0.0495,0.0048502448391808,1,0,0,0.0157989167295414,2439.22436061499,2577.7354282771,7.1483934535734,2000,2000
11,4000,140,"above",16,"null","fixed","fixed","c50-h48",0,2.21057911764712e-05,0.000244031238022045,0.0109134087370145,0.000172599298446425,0.0109229757446994,9.4229243170775e-06,0.0876628734014506,1.58527377252769,0.000119043427682017,3.81869381968228e-06,0.9515,0.00480352734977121,0.9515,0.00480352734977121,0.951,0.00482695556225661,0.0485,0.00480352734977121,1,0,0,0.0428330416912167,1219.85469748105,1287.8870475415,6.70390251076434,2000,2000
12,8000,140,"above",16,"null","fixed","fixed","c50-h48",0,-1.65654896801753e-05,0.000125069631843404,0.00559328397445448,8.8459702487655e-05,0.00562022175702278,5.36494366718474e-06,0.48160942107216,1.59204313517222,3.12694576215282e-05,9.85951211180257e-07,0.9455,0.00507591124823908,0.9455,0.00507591124823908,0.9455,0.00507591124823908,0.0545,0.00507591124823908,1,0,0,0.0219976864230394,2441.86141431155,2576.17977033789,7.12925126660215,2000,2000
19,4000,35,"below",16,"homogeneous","fixed","fixed","c50-h48",-0.00508314887755319,-9.56419228105547e-06,0.000119981562728271,0.00536573860614139,8.48609945237199e-05,0.00540719310816741,1.11226613920227e-05,0.772577739410818,1.60717685490301,2.87768466878154e-05,8.93709604978607e-07,0.9615,0.00430219420761081,0.9615,0.00430219420761081,0.9615,0.00430219420761081,0.1515,0.00801709891419583,1,0,0,0.0210570871538062,1218.74221095005,1287.99218251129,6.73928277593017,2000,2000
20,8000,35,"below",16,"homogeneous","fixed","fixed","c50-h48",-0.00255776615093107,-6.42317008696197e-05,6.06612231537705e-05,0.0027128523714023,4.29046897606485e-05,0.00272379980552454,5.94823256483755e-06,0.4035396189501,1.6029828144573,7.36001391642518e-06,2.46041232200194e-07,0.9505,0.0048502448391808,0.9505,0.0048502448391808,0.9495,0.00489641450451246,0.1495,0.00797338541649656,1,0,0,0.0105927841019607,2438.90674147012,2576.45314471697,7.18313371961166,2000,2000
21,4000,70,"boundary",16,"homogeneous","fixed","fixed","c50-h48",-0.0100278863987146,4.33037150775614e-05,0.00016829539499909,0.00752639887036285,0.000119032576911251,0.00755719194934937,1.1358454550219e-05,0.409134295390223,1.59515978450675,5.66202318275608e-05,1.77036545555394e-06,0.9525,0.00475624589355933,0.9525,0.00475624589355933,0.953,0.00473238840333293,0.247,0.00964341744403922,1,0,0,0.029525391755745,1217.85001253866,1288.45866796906,6.70483374968213,2000,2000
22,8000,70,"boundary",16,"homogeneous","fixed","fixed","c50-h48",-0.00507910479174905,0.000117952784419377,8.45659716507431e-05,0.00378190522388763,5.98121269131945e-05,0.00381607141875848,5.75845475890868e-06,0.903412244575752,1.60306958542557,1.43095685782596e-05,4.65047213026519e-07,0.954,0.00468422885862764,0.954,0.00468422885862764,0.955,0.00463546114210873,0.237,0.00950870653664314,1,0,0,0.0149020808732421,2440.44459850444,2578.14255710741,7.11368902923134,2000,2000
23,4000,140,"above",16,"homogeneous","fixed","fixed","c50-h48",-0.0195410118622658,-7.67016467797535e-05,0.000232941965882492,0.0104174814105138,0.000164756037857813,0.0103745743018747,1.00290700475823e-05,-0.411876027883062,1.57795981046761,0.00010847554012155,3.53442740437708e-06,0.949,0.00491929873051028,0.949,0.00491929873051028,0.9495,0.00489641450451246,0.4775,0.0111690140567554,1,0,0,0.0406035934609983,1219.89323749715,1287.61583792099,6.7043968982979,2000,2000
24,8000,140,"above",16,"homogeneous","fixed","fixed","c50-h48",-0.0100383942550164,9.03771336942102e-05,0.000118680923920954,0.0053075722703947,8.39410739943048e-05,0.00532572032235808,5.4100053927026e-06,0.341927552538701,1.59021209652355,2.81644062700548e-05,8.69696373082585e-07,0.948,0.00496467521596328,0.948,0.00496467521596328,0.9495,0.00489641450451246,0.461,0.0111462774054839,1,0,0,0.0208295213656655,2442.87858317906,2575.62437461783,7.09695111091667,2000,2000
31,4000,35,"below",16,"heterogeneous","fixed","fixed","c50-h48",-0.00218127580333215,0.000145124145031351,0.000121097700995079,0.00541565382687881,8.56504208421769e-05,0.00555297143484028,1.08741305118977e-05,2.53556841613349,1.63401880729736,2.93357027368719e-05,9.16108419930854e-07,0.955,0.00463546114210873,0.955,0.00463546114210873,0.9565,0.00456112650559048,0.053,0.0050095408971282,1,0,0,0.0216629022023998,1218.52742772228,1287.59643784716,6.72716748649688,2000,2000
32,8000,35,"below",16,"heterogeneous","fixed","fixed","c50-h48",-0.0010904554578851,-9.99042121656901e-05,6.2383659396484e-05,0.00278988206191463,4.41229407088496e-05,0.00280034725264445,5.76299842154117e-06,0.375112298569036,1.60085011163344,7.7895310500418e-06,2.50056288374601e-07,0.944,0.00514120608417908,0.944,0.00514120608417908,0.9435,0.00516273909857936,0.0665,0.00557125434709276,1,0,0,0.0109434656655759,2441.91831842052,2578.51429796014,7.14003746775486,2000,2000
33,4000,70,"boundary",16,"heterogeneous","fixed","fixed","c50-h48",-0.00436311119525586,5.05339774221209e-05,0.000173547245674022,0.00776126877269941,0.000122747124890378,0.00771584471280684,1.08964883040449e-05,-0.585265904620524,1.5785339157087,6.02097279984719e-05,1.83205492318654e-06,0.949,0.00491929873051028,0.949,0.00491929873051028,0.9505,0.0048502448391808,0.087,0.0063020234845643,1,0,0,0.0301161524294152,1220.5569952287,1285.32310000066,6.74718813592725,2000,2000
34,8000,70,"boundary",16,"heterogeneous","fixed","fixed","c50-h48",-0.00218246078384116,4.94578768016643e-05,8.96532178483398e-05,0.00400941379020971,6.34102528410321e-05,0.00391595715149141,5.49954094507543e-06,-2.3309302458753,1.5507479587026,1.60698073232309e-05,5.13567732758493e-07,0.947,0.0050095408971282,0.947,0.0050095408971282,0.9465,0.00503178646208283,0.09,0.00639921870231046,1,0,0,0.0153309529210719,2441.44561708456,2576.70286310023,7.10748931540615,2000,2000
35,4000,140,"above",16,"heterogeneous","fixed","fixed","c50-h48",-0.00869328767037585,0.000159349254987657,0.000239440086508998,0.010708086199451,0.000169352052165022,0.0106155165651193,9.49062979374124e-06,-0.864483462380705,1.57036528244247,0.00011463117068491,3.5777414294254e-06,0.942,0.00522666241496426,0.942,0.00522666241496426,0.9445,0.00511955808639769,0.1265,0.0074329586975847,1,0,0,0.0415546505599641,1219.6582790704,1287.81407080734,6.7014105322113,2000,2000
36,8000,140,"above",16,"heterogeneous","fixed","fixed","c50-h48",-0.0043623763841553,1.13841429568094e-06,0.000119918873954536,0.00536293507895142,8.48166557806356e-05,0.00545787291066504,5.297742172184e-06,1.77025882871926,1.61256009038761,2.87466934207042e-05,8.87823736174937e-07,0.9525,0.00475624589355933,0.9525,0.00475624589355933,0.9525,0.00475624589355933,0.113,0.00707923018413726,1,0,0,0.0213719879668486,2441.62460393379,2576.16856749116,7.14533017983533,2000,2000
1,4000,35,"below",4,"null","fixed","fixed","c50-h60",0,-8.36617372672358e-05,0.000139969126273377,0.00625960962197047,9.89978709068451e-05,0.00635049789968889,1.12347248012055e-05,1.45197996692015,1.61450494193459,3.91701205494381e-05,1.16929419491826e-06,0.957,0.00453602248671675,0.957,0.00453602248671675,0.9575,0.00451075104611194,0.043,0.00453602248671675,1,0,0,0.0247512449331043,1219.37401052189,1286.08983754516,6.73410682174674,2000,2000
2,8000,35,"below",4,"null","fixed","fixed","c50-h60",0,-4.09594690025329e-06,7.37490899791434e-05,0.00329815956944226,5.21615236419549e-05,0.00319651775163747,5.81549715846006e-06,-3.08177380944563,1.54290345217847,1.08724343940118e-05,3.46533078614762e-07,0.9465,0.00503178646208283,0.9465,0.00503178646208283,0.9465,0.00503178646208283,0.0535,0.00503178646208283,1,0,0,0.0124723318724288,2443.55201814246,2575.57595233687,7.07074805898802,2000,2000
3,4000,70,"boundary",4,"null","fixed","fixed","c50-h60",0,-0.000552953808833387,0.000202197114735817,0.00904252986807222,0.000143010708113281,0.00879670694328728,1.00894712292871e-05,-2.71851935654535,1.54258056999839,8.2032220656474e-05,2.56314683467343e-06,0.9475,0.00498717104178311,0.9475,0.00498717104178311,0.9455,0.00507591124823908,0.0525,0.00498717104178311,1,0,0,0.0344049508561409,1221.04408275452,1286.15503375307,6.75111823495609,2000,2000
4,8000,70,"boundary",4,"null","fixed","fixed","c50-h60",0,-6.0699750972585e-05,0.00010228300175128,0.00457423489717186,7.23430921727761e-05,0.00448482744079649,5.33593173216915e-06,-1.95458821825381,1.55500339923814,2.09168475418258e-05,6.19921459906415e-07,0.944,0.00514120608417908,0.944,0.00514120608417908,0.9445,0.00511955808639769,0.056,0.00514120608417908,1,0,0,0.0175488327768187,2443.90449536696,2575.52332203023,7.12203349595458,2000,2000
5,4000,140,"above",4,"null","fixed","fixed","c50-h60",0,0.00036725563451432,0.000271723708411449,0.0121518536621266,0.000192185729266514,0.0119831559007048,9.02252588617188e-06,-1.38824714411794,1.5613450547876,0.00014772859035311,4.52998119754779e-06,0.947,0.0050095408971282,0.947,0.0050095408971282,0.9485,0.00494205169944629,0.053,0.0050095408971282,1,0,0,0.0469552051547324,1219.5734800439,1287.43863408827,6.70311562486807,2000,2000
6,8000,140,"above",4,"null","fixed","fixed","c50-h60",0,-2.98709192395975e-05,0.000138806676081779,0.00620762326899303,9.81756889223785e-05,0.00622735268738717,5.02701816122996e-06,0.317825640171887,1.588626168928,3.85162116282351e-05,1.28585133049792e-06,0.951,0.00482695556225661,0.951,0.00482695556225661,0.951,0.00482695556225661,0.049,0.00482695556225661,1,0,0,0.0243883386211282,2438.50089994094,2576.76544510931,7.08120839117159,2000,2000
7,4000,35,"below",16,"null","fixed","fixed","c50-h60",0,-8.39096274777959e-05,0.0001423778559999,0.00636733129012904,0.00010070152599754,0.00636764944954294,1.10727830131089e-05,0.00499674666514238,1.59114479873768,4.05296771299607e-05,1.3200299235527e-06,0.9455,0.00507591124823908,0.9455,0.00507591124823908,0.946,0.00505390937789747,0.0545,0.00507591124823908,1,0,0,0.0248665769050133,1218.36692646782,1287.65128409444,6.70045842113001,2000,2000
8,8000,35,"below",16,"null","fixed","fixed","c50-h60",0,2.34990597273029e-05,6.96277766592324e-05,0.00311384883464434,4.92465862205814e-05,0.00320280491068691,5.64679777338103e-06,2.85678852013822,1.63679220241262,9.69175874354145e-06,3.0020875252906e-07,0.958,0.00448530935387962,0.958,0.00448530935387962,0.958,0.00448530935387962,0.042,0.00448530935387962,1,0,0,0.0125037660929236,2442.29849752245,2574.42386887527,7.14513612833203,2000,2000
9,4000,70,"boundary",16,"null","fixed","fixed","c50-h60",0,-3.71182405389184e-05,0.0002014481980077,0.0090090372938011,0.000142481011575594,0.00880764729048596,1.02153603262386e-05,-2.2354220184404,1.55033249285603,8.11235493483992e-05,2.63023447190666e-06,0.9455,0.00507591124823908,0.9455,0.00507591124823908,0.9465,0.00503178646208283,0.0545,0.00507591124823908,1,0,0,0.0344390836860565,1220.1528309512,1288.12371163704,6.69818171439063,2000,2000
10,8000,70,"boundary",16,"null","fixed","fixed","c50-h60",0,-0.000105716647477111,0.000100186098927686,0.0044804585520565,7.08599871441076e-05,0.0044918281012138,5.47061583902532e-06,0.253758605847976,1.59024189608301,2.00756475918317e-05,6.49048684340955e-07,0.9505,0.0048502448391808,0.9505,0.0048502448391808,0.951,0.00482695556225661,0.0495,0.0048502448391808,1,0,0,0.0175813155672004,2439.22436061499,2577.7354282771,7.1483934535734,2000,2000
11,4000,140,"above",16,"null","fixed","fixed","c50-h60",0,6.69270355863411e-05,0.00026898770281985,0.0120294957723339,0.000190250597315855,0.0119759494264093,9.03985787777223e-06,-0.445125439486793,1.5762867492997,0.000144640893380424,4.57634911730041e-06,0.952,0.00477995815881269,0.952,0.00477995815881269,0.952,0.00477995815881269,0.048,0.00477995815881269,1,0,0,0.046942781757966,1219.85469748105,1287.8870475415,6.70390251076434,2000,2000
12,8000,140,"above",16,"null","fixed","fixed","c50-h60",0,6.46201642705305e-06,0.000137469786359646,0.00614783574305083,9.72301287145515e-05,0.00622540697562218,5.24818465775393e-06,1.26176488464309,1.6037630933484,3.77770281390278e-05,1.19433445758212e-06,0.9525,0.00475624589355933,0.9525,0.00475624589355933,0.9525,0.00475624589355933,0.0475,0.00475624589355933,1,0,0,0.0243887133121771,2441.86141431155,2576.17977033789,7.12925126660215,2000,2000
13,4000,35,"below",4,"homogeneous","fixed","fixed","c50-h60",-0.00631626100881624,-0.000290792946909302,0.000132599048801411,0.00593000973743535,9.37851358018328e-05,0.00601935928311315,1.0984110743678e-05,1.50673522698856,1.6160144752661,3.52319935163073e-05,1.11326524115977e-06,0.955,0.00463546114210873,0.955,0.00463546114210873,0.9585,0.00445969449626317,0.178,0.00855324499824482,1,0,0,0.0235162288516972,1219.65227257544,1287.38508178785,6.7609235264438,2000,2000
14,8000,35,"below",4,"homogeneous","fixed","fixed","c50-h60",-0.003187732340626,-4.74746869392434e-05,6.81974878392015e-05,0.0030498843740634,4.82349663602962e-05,0.00303791846665557,5.97317119343136e-06,-0.392339706697753,1.58745683394595,9.29939764370847e-06,2.83267529421756e-07,0.952,0.00477995815881269,0.952,0.00477995815881269,0.951,0.00482695556225661,0.1775,0.00854382086656784,1,0,0,0.0118476310927133,2441.08667636116,2576.04117442837,7.15384387453099,2000,2000
15,4000,70,"boundary",4,"homogeneous","fixed","fixed","c50-h60",-0.0123862710794518,-0.000171812877295528,0.000181664733364457,0.00812429385834598,0.000128488491003474,0.00832590131177784,1.06013491091966e-05,2.48153817361925,1.62602502653008,6.60006682862145e-05,2.09567452220619e-06,0.954,0.00468422885862764,0.954,0.00468422885862764,0.9525,0.00475624589355933,0.3225,0.0104521229900915,1,0,0,0.0326584742633023,1218.89955166924,1288.25416952966,6.72571480799932,2000,2000
16,8000,70,"boundary",4,"homogeneous","fixed","fixed","c50-h60",-0.00631126331725979,-9.7324460619475e-05,9.34579485919833e-05,0.00417956652178711,6.61012765905042e-05,0.00424823735227567,5.53095977535756e-06,1.64301321992604,1.61295682041065,1.74695139725235e-05,5.4495163664377e-07,0.9555,0.00461084319837489,0.9555,0.00461084319837489,0.9535,0.00470838348055891,0.327,0.0104897807412739,1,0,0,0.0166185834051215,2440.5102982072,2575.88118345064,7.132034364757,2000,2000
17,4000,140,"above",4,"homogeneous","fixed","fixed","c50-h60",-0.0238454906665659,0.000245567328950764,0.000258848350818633,0.0115760501658835,0.000183079199685387,0.0113925599505081,9.327839001358e-06,-1.58508483244315,1.55855000331987,0.000133998238287379,4.20148223690662e-06,0.939,0.00535158854920668,0.939,0.00535158854920668,0.9375,0.00541265877365274,0.536,0.0111513227914898,1,0,0,0.0445950474725876,1218.9873803102,1287.35898894358,6.72440965918434,2000,2000
18,8000,140,"above",4,"homogeneous","fixed","fixed","c50-h60",-0.0123989470369226,-9.6997471162937e-05,0.000132561134932055,0.00592831417765194,9.3758319942907e-05,0.00589878716206063,5.34687041653734e-06,-0.498067658131418,1.57623965383718,3.51367450438665e-05,1.18275707561836e-06,0.947,0.0050095408971282,0.947,0.0050095408971282,0.948,0.00496467521596328,0.559,0.0111022295058245,1,0,0,0.0231207028855362,2441.0865986663,2579.03388800986,7.13824877478299,2000,2000
19,4000,35,"below",16,"homogeneous","fixed","fixed","c50-h60",-0.00631626100881624,-3.2197266363632e-05,0.000134165634649813,0.00600006958642768,9.48931563183122e-05,0.00600856803531335,1.10509999217323e-05,0.141639172067176,1.59444782214052,3.59838712884147e-05,1.14533851807651e-06,0.9515,0.00480352734977121,0.9515,0.00480352734977121,0.9525,0.00475624589355933,0.1745,0.00848674702109118,1,0,0,0.0234573300216332,1218.74221095005,1287.99218251129,6.73928277593017,2000,2000
20,8000,35,"below",16,"homogeneous","fixed","fixed","c50-h60",-0.003187732340626,-7.73793422575617e-05,6.72833542441711e-05,0.00300900307688331,4.75884146381995e-05,0.00303651384061829,5.86654013269366e-06,0.914281675094619,1.6078583563889,9.0555600295431e-06,2.94176445849463e-07,0.947,0.0050095408971282,0.947,0.0050095408971282,0.9465,0.00503178646208283,0.1665,0.00832999849939963,1,0,0,0.0118214356755417,2438.90674147012,2576.45314471697,7.18313371961166,2000,2000
21,4000,70,"boundary",16,"homogeneous","fixed","fixed","c50-h60",-0.0123862710794518,0.00013373614479143,0.000190358018779382,0.0085130694010576,0.000134637109417954,0.00836289705013686,1.10791960600981e-05,-1.76402122249913,1.55907699368117,7.24539998083333e-05,2.23182613818388e-06,0.9475,0.00498717104178311,0.9475,0.00498717104178311,0.948,0.00496467521596328,0.313,0.0103689681260963,1,0,0,0.0326860868990975,1217.85001253866,1288.45866796906,6.70483374968213,2000,2000
22,8000,70,"boundary",16,"homogeneous","fixed","fixed","c50-h60",-0.00631126331725979,0.000147938132491043,9.39285117965662e-05,0.00420061074805026,6.64340982392572e-05,0.00424533127669874,5.67521622420135e-06,1.06461967867988,1.60407137398585,1.7658193782352e-05,5.57272236748467e-07,0.9485,0.00494205169944629,0.9485,0.00494205169944629,0.9485,0.00494205169944629,0.2955,0.0102024445600062,1,0,0,0.0166093544842734,2440.44459850444,2578.14255710741,7.11368902923134,2000,2000
23,4000,140,"above",16,"homogeneous","fixed","fixed","c50-h60",-0.0238454906665659,-0.000164800602134694,0.000258506905823807,0.0115607802815034,0.000182837701231981,0.0113933455636919,9.39505245490545e-06,-1.44829945500596,1.56074608490038,0.000133611974135303,4.32297280892283e-06,0.945,0.00509779364038993,0.945,0.00509779364038993,0.945,0.00509779364038993,0.566,0.0110825087412553,1,0,0,0.0445737723264839,1219.89323749715,1287.61583792099,6.7043968982979,2000,2000
24,8000,140,"above",16,"homogeneous","fixed","fixed","c50-h60",-0.0123989470369226,8.89461808001982e-05,0.000128582436588105,0.00575038137847116,9.09442517585962e-05,0.00590071658678201,5.17478719116779e-06,2.61435196061424,1.62537424558036,3.30582639779479e-05,9.98621672462863e-07,0.961,0.00432891441356837,0.961,0.00432891441356837,0.9605,0.00435544199823623,0.5455,0.0111339514548969,1,0,0,0.0230960381986936,2442.87858317906,2575.62437461783,7.09695111091667,2000,2000
25,4000,35,"below",4,"heterogeneous","fixed","fixed","c50-h60",-0.00271839521653531,-9.96837931335792e-05,0.000138237935835893,0.00618218843196621,9.77734282600394e-05,0.00617956940533659,1.1573250694718e-05,-0.0423640699154015,1.59190980450552,3.82102809400462e-05,1.19898871877418e-06,0.9495,0.00489641450451246,0.9495,0.00489641450451246,0.9495,0.00489641450451246,0.067,0.00559066185706129,1,0,0,0.024117580380582,1220.11231301919,1286.89414844683,6.74137009204158,2000,2000
26,8000,35,"below",4,"heterogeneous","fixed","fixed","c50-h60",-0.00136105174522416,0.000180041147335705,6.89807744414019e-05,0.0030849140158311,4.87889721470884e-05,0.00310292678658739,5.58366136526482e-06,0.583898632631596,1.60103280774515,9.54435095256255e-06,2.9945556515337e-07,0.9475,0.00498717104178311,0.9475,0.00498717104178311,0.9495,0.00489641450451246,0.0585,0.0052477495176504,1,0,0,0.0121103348895084,2441.70927019447,2576.94848691673,7.12638418602912,2000,2000
27,4000,70,"boundary",4,"heterogeneous","fixed","fixed","c50-h60",-0.00542006073290865,-7.67680123238271e-05,0.000191546574156183,0.00856622321340858,0.00013547775517242,0.00854898844874524,9.99815317032423e-06,-0.201194438131946,1.58266187822234,7.33493833795852e-05,2.33726786634009e-06,0.951,0.00482695556225661,0.951,0.00482695556225661,0.95,0.00487339717240448,0.087,0.0063020234845643,1,0,0,0.0334497045039541,1220.43256416153,1286.64559879782,6.76712878299203,2000,2000
28,8000,70,"boundary",4,"heterogeneous","fixed","fixed","c50-h60",-0.00271986782048699,1.62026856044715e-05,9.64694135085803e-05,0.00431424332709444,6.82312364108684e-05,0.00435059621796379,5.4674786903025e-06,0.842624954439763,1.59988788952906,1.8603651664657e-05,5.99643390955155e-07,0.9525,0.00475624589355933,0.9525,0.00475624589355933,0.953,0.00473238840333293,0.0955,0.00657190041007926,1,0,0,0.017012594365981,2441.2180436733,2575.85534995439,7.15882936056849,2000,2000
29,4000,140,"above",4,"heterogeneous","fixed","fixed","c50-h60",-0.0107256351240857,0.000476128147219403,0.000258762088859059,0.011572192413774,0.000183018188013989,0.0116510409677906,9.112628575926e-06,0.681362279482833,1.59425619722387,0.000134075377455351,4.13704974160517e-06,0.9485,0.00494205169944629,0.9485,0.00494205169944629,0.948,0.00496467521596328,0.129,0.00749529852640974,1,0,0,0.0456600602964821,1219.48923996314,1287.39458653825,6.70617175001365,2000,2000
30,8000,140,"above",4,"heterogeneous","fixed","fixed","c50-h60",-0.00541922936186798,-6.33236943312291e-05,0.000135938068730404,0.00607933524822443,9.61467699184891e-05,0.00605526031236126,5.17595851993553e-06,-0.396012637569221,1.57757033721603,3.69438477920376e-05,1.13051249922294e-06,0.9485,0.00494205169944629,0.9485,0.00494205169944629,0.9495,0.00489641450451246,0.149,0.00796238029737339,1,0,0,0.0237305775846278,2441.54098499549,2578.85176881805,7.13118969454093,2000,2000
31,4000,35,"below",16,"heterogeneous","fixed","fixed","c50-h60",-0.00271839521653531,0.000190725884262281,0.000134443961025778,0.00601251672035945,9.50900120062153e-05,0.00618070231720581,1.09821459912877e-05,2.79725786502771,1.63600225418227,3.61686584968734e-05,1.15284728456987e-06,0.957,0.00453602248671675,0.957,0.00453602248671675,0.958,0.00448530935387962,0.053,0.0050095408971282,1,0,0,0.024167163258894,1218.52742772228,1287.59643784716,6.72716748649688,2000,2000
32,8000,35,"below",16,"heterogeneous","fixed","fixed","c50-h60",-0.00136105174522416,-7.69411254480691e-05,6.99456353280285e-05,0.00312806390645765,4.94714024518312e-05,0.00311876505917558,5.70929485424642e-06,-0.297271653014153,1.5873609256271,9.78581134776684e-06,3.16923155189792e-07,0.9485,0.00494205169944629,0.9485,0.00494205169944629,0.9475,0.00498717104178311,0.0755,0.00590761161553466,1,0,0,0.0121718462753812,2441.91831842052,2578.51429796014,7.14003746775486,2000,2000
33,4000,70,"boundary",16,"heterogeneous","fixed","fixed","c50-h60",-0.00542006073290865,-5.92122688773255e-05,0.000194011761019473,0.00867646972147972,0.000137221341471421,0.00854975049358921,1.04449887966662e-05,-1.46049294192546,1.56307870084572,7.5246992357126e-05,2.27131181913703e-06,0.9415,0.0052477495176504,0.9415,0.0052477495176504,0.9415,0.0052477495176504,0.091,0.00643113520305708,1,0,0,0.0334268099836885,1220.5569952287,1285.32310000066,6.74718813592725,2000,2000
34,8000,70,"boundary",16,"heterogeneous","fixed","fixed","c50-h60",-0.00271986782048699,-1.36314511188465e-05,0.00010028179532327,0.00448473822497106,7.09276716375993e-05,0.00435845957856261,5.51113297671091e-06,-2.81574174620338,1.54190702262575,2.01030063245029e-05,6.25059016933266e-07,0.944,0.00514120608417908,0.944,0.00514120608417908,0.944,0.00514120608417908,0.0905,0.00641520654383006,1,0,0,0.0170747742444994,2441.44561708456,2576.70286310023,7.10748931540615,2000,2000
35,4000,140,"above",16,"heterogeneous","fixed","fixed","c50-h60",-0.0107256351240857,0.000128239525498411,0.000262510443825196,0.0117398239439356,0.000185669338099229,0.0116401424910433,8.87244174823147e-06,-0.84908814108563,1.56992578766124,0.000137770999877386,4.45396207214288e-06,0.941,0.00526872849936301,0.941,0.00526872849936301,0.942,0.00522666241496426,0.143,0.00782786688696225,1,0,0,0.0455598664480428,1219.6582790704,1287.81407080734,6.7014105322113,2000,2000
36,8000,140,"above",16,"heterogeneous","fixed","fixed","c50-h60",-0.00541922936186798,7.68181729819253e-05,0.000133422056136885,0.00596681574439737,9.43672354128105e-05,0.00604488982264454,5.20918264665603e-06,1.30847141241934,1.60460490427281,3.55909897142249e-05,1.09005486092201e-06,0.956,0.00458606585212206,0.956,0.00458606585212206,0.956,0.00458606585212206,0.1355,0.00765309577883356,1,0,0,0.0236455745990945,2441.62460393379,2576.16856749116,7.14533017983533,2000,2000
7,4000,35,"below",16,"null","fixed","fixed","c55-h24",0,-3.34210860934158e-05,0.00011812265038978,0.00528260551907981,8.35462162678805e-05,0.00517693470194265,1.68660261388118e-05,-2.0003541198656,1.58244118783521,2.78930850786732e-05,9.02627818109138e-07,0.945,0.00509779364038993,0.945,0.00509779364038993,0.944,0.00514120608417908,0.055,0.00509779364038993,1,0,0,0.0199755094950107,970.037634767975,844.021998511411,6.42176580978245,2000,2000
8,8000,35,"below",16,"null","fixed","fixed","c55-h24",0,-5.31636355255789e-05,5.77952924260236e-05,0.00258468405288135,4.08776638888195e-05,0.00258636869837351,8.51102404807374e-06,0.0651780046494244,1.61645972153715,6.68007772953485e-06,2.18055465389765e-07,0.9475,0.00498717104178311,0.9475,0.00498717104178311,0.946,0.00505390937789747,0.0525,0.00498717104178311,1,0,0,0.010041198821211,1943.53246851411,1687.80794433459,6.890123317678,2000,2000
9,4000,70,"boundary",16,"null","fixed","fixed","c55-h24",0,-0.000241528578451307,0.000165238907737019,0.00738970860455581,0.00011687077352321,0.00725119505075746,1.62495152314416e-05,-1.87441157981456,1.56739122901319,5.46388254178246e-05,1.72572003721161e-06,0.9435,0.00516273909857936,0.9435,0.00516273909857936,0.9425,0.00520546587732549,0.0565,0.00516273909857936,1,0,0,0.0282204602824694,970.688918103442,845.104614568037,6.38850005170006,2000,2000
10,8000,70,"boundary",16,"null","fixed","fixed","c55-h24",0,-5.81607404618346e-05,8.22085152362824e-05,0.00367647656795309,5.81447365964795e-05,0.00365543319484324,8.16643245382739e-06,-0.572378817623442,1.58809305150196,1.35131043864619e-05,4.46787217533053e-07,0.9525,0.00475624589355933,0.9525,0.00475624589355933,0.9525,0.00475624589355933,0.0475,0.00475624589355933,1,0,0,0.0142513153933875,1941.90046818335,1689.62896376574,6.90492350761127,2000,2000
11,4000,140,"above",16,"null","fixed","fixed","c55-h24",0,3.75849795626304e-05,0.000219768639718095,0.00982835235464642,0.000155438759985481,0.0101256481400062,1.49776677161557e-05,3.02487919268837,1.63648474597162,9.65496243827691e-05,3.14158614438252e-06,0.9585,0.00445969449626317,0.9585,0.00445969449626317,0.959,0.00443390347211123,0.0415,0.00445969449626317,1,0,0,0.0396260470221501,969.192859326905,845.422555215969,6.42998331762749,2000,2000
12,8000,140,"above",16,"null","fixed","fixed","c55-h24",0,-8.49828391029621e-05,0.000115361732774334,0.00515913352971154,8.15934644507083e-05,0.00512564233431481,7.92984375427241e-06,-0.649163182225465,1.57876750898163,2.66105725309472e-05,8.08024550817319e-07,0.9415,0.0052477495176504,0.9415,0.0052477495176504,0.942,0.00522666241496426,0.0585,0.0052477495176504,1,0,0,0.020002249446213,1941.25156536164,1691.61069072287,6.88566441258729,2000,2000
19,4000,35,"below",16,"homogeneous","fixed","fixed","c55-h24",-0.00291091028418689,-5.20004924996049e-05,0.000110169973129376,0.00492695097993222,7.79214178730433e-05,0.00491623874918108,1.69832098023287e-05,-0.217421094603276,1.61530312418446,2.42654125868959e-05,7.78517593713666e-07,0.9485,0.00494205169944629,0.9485,0.00494205169944629,0.9485,0.00494205169944629,0.0715,0.00576141258720463,1,0,0,0.0188833035986786,970.46670416487,844.548638457031,6.47943695385445,2000,2000
20,8000,35,"below",16,"homogeneous","fixed","fixed","c55-h24",-0.00145716798948545,-2.18765175617802e-05,5.49786783372493e-05,0.00245872124150369,3.88855188681363e-05,0.00245964541249433,8.4214216478644e-06,0.0375874651848962,1.61877915082563,6.04276607037035e-06,2.05858729196739e-07,0.9465,0.00503178646208283,0.9465,0.00503178646208283,0.945,0.00509779364038993,0.067,0.00559066185706129,1,0,0,0.00949799383428062,1940.72018040439,1690.21901212801,6.90778020884074,2000,2000
21,4000,70,"boundary",16,"homogeneous","fixed","fixed","c55-h24",-0.00580566245975624,9.89008875968839e-05,0.000154504921804142,0.006909670160247,0.000109278801050485,0.00691491487334332,1.66555749994106e-05,0.0759039574203202,1.60098500151609,4.77294513381135e-05,1.48481111899492e-06,0.9475,0.00498717104178311,0.9475,0.00498717104178311,0.9475,0.00498717104178311,0.115,0.00713354750457302,1,0,0,0.0268286262280038,969.576250590668,844.632454551704,6.43408351407412,2000,2000
22,8000,70,"boundary",16,"homogeneous","fixed","fixed","c55-h24",-0.00290899147364802,8.98849203067393e-05,7.92961136346891e-05,0.00354623000877426,5.60848426365765e-05,0.0034483904862127,8.47328256603055e-06,-2.75897283367053,1.55635091253553,1.2577538700392e-05,4.104021801592e-07,0.936,0.00547284204047586,0.936,0.00547284204047586,0.9365,0.005452877680638,0.111,0.00702420814042409,1,0,0,0.01338828033097,1941.9594650528,1691.36871644871,6.83088092946744,2000,2000
23,4000,140,"above",16,"homogeneous","fixed","fixed","c55-h24",-0.0115743749179512,-0.000127295420166071,0.000220994980507036,0.00988319598199947,0.000156306130743188,0.00964778364301409,1.54159033247539e-05,-2.38194547000936,1.55172257728176,9.76449281611964e-05,2.95146949540339e-06,0.9415,0.0052477495176504,0.9415,0.0052477495176504,0.9415,0.0052477495176504,0.238,0.00952249967182987,1,0,0,0.0377151588504842,971.084569605805,845.868549110163,6.42321538597196,2000,2000
24,8000,140,"above",16,"homogeneous","fixed","fixed","c55-h24",-0.00581336708959641,0.00013771937634684,0.000108391985394719,0.00484743695117513,7.66638762642905e-05,0.00486443036214106,7.97484475063921e-06,0.350564868343528,1.59558269322449,2.35048627997417e-05,7.46990724931486e-07,0.9475,0.00498717104178311,0.9475,0.00498717104178311,0.95,0.00487339717240448,0.2055,0.00903520198999447,1,0,0,0.0190086802734434,1941.38967849651,1691.20354049892,6.8397071324487,2000,2000
31,4000,35,"below",16,"heterogeneous","fixed","fixed","c55-h24",-0.000728276049954213,0.000184611385688844,0.000110858912148397,0.00495776126950984,7.84086931592691e-05,0.00507341652653942,1.62860234550068e-05,2.33281214528938,1.65142970473535,2.4601188470775e-05,7.89757875995636e-07,0.949,0.00491929873051028,0.949,0.00491929873051028,0.9515,0.00480352734977121,0.04,0.00438178046004133,1,0,0,0.0196175501776708,970.76113693822,844.000070739358,6.41428309032487,2000,2000
32,8000,35,"below",16,"heterogeneous","fixed","fixed","c55-h24",-0.000362345128848785,-8.02287950233615e-05,5.61902057175891e-05,0.00251290239308453,3.97424123445214e-05,0.00255497706510054,8.01198580257134e-06,1.67434565432376,1.63931878542492,6.31795775750227e-06,2.15692131144367e-07,0.94,0.0053103672189407,0.94,0.0053103672189407,0.937,0.00543281694887652,0.0495,0.0048502448391808,1,0,0,0.00990367690392126,1942.43231456011,1692.75146496988,6.85957069858355,2000,2000
33,4000,70,"boundary",16,"heterogeneous","fixed","fixed","c55-h24",-0.00147190878109311,4.58993311182196e-05,0.0001590561090518,0.00711320544152889,0.000112497781261425,0.00712506346443964,1.61105742360524e-05,0.16670435021493,1.60027931597446,5.05744995561666e-05,1.68799840375701e-06,0.9515,0.00480352734977121,0.9515,0.00480352734977121,0.9515,0.00480352734977121,0.048,0.00477995815881269,1,0,0,0.0276946472928463,969.651367137427,843.592179312638,6.46766672708173,2000,2000
34,8000,70,"boundary",16,"heterogeneous","fixed","fixed","c55-h24",-0.000727745720150384,6.89583900740516e-05,8.28291186518763e-05,0.00370423079643982,5.8583679229452e-05,0.00358797720697089,8.17684188874614e-06,-3.13840027410468,1.54772198561214,1.37192203899581e-05,4.30109166669871e-07,0.94,0.0053103672189407,0.94,0.0053103672189407,0.9405,0.00528960064655168,0.0595,0.00528960064655168,1,0,0,0.0139706392938747,1942.93296199464,1689.94355892247,6.873245739801,2000,2000
35,4000,140,"above",16,"heterogeneous","fixed","fixed","c55-h24",-0.00297381910149432,4.18639753196513e-05,0.000222134241055085,0.0099341452625899,0.000157111911072521,0.00997586373068619,1.49133598028878e-05,0.41995025232211,1.59525528856138,9.86396510696178e-05,3.0792413657066e-06,0.9505,0.0048502448391808,0.9505,0.0048502448391808,0.95,0.00487339717240448,0.058,0.00522666241496426,1,0,0,0.0389945242550677,970.154221292379,845.233639920147,6.40321337854893,2000,2000
36,8000,140,"above",16,"heterogeneous","fixed","fixed","c55-h24",-0.00146947871766352,9.31213280006805e-05,0.000112693618475628,0.00503981183083859,7.97063508997371e-05,0.00503589847924916,8.01821819459596e-06,-0.0776487638978973,1.58829461688989,2.53956750203441e-05,7.99290612706771e-07,0.948,0.00496467521596328,0.948,0.00496467521596328,0.9475,0.00498717104178311,0.056,0.00514120608417908,1,0,0,0.0196607986348883,1940.97548447502,1690.10790511944,6.84381135853577,2000,2000
1,4000,35,"below",4,"null","fixed","fixed","c55-h36",0,-0.00018609087776084,0.000138693377496893,0.00620255640224183,9.80955546886433e-05,0.00627017715558329,1.61096175905912e-05,1.09020779427356,1.61973543539249,3.84870998848154e-05,1.24549044953605e-06,0.9515,0.00480352734977121,0.9515,0.00480352734977121,0.9505,0.0048502448391808,0.0485,0.00480352734977121,1,0,0,0.0243221316132422,971.042966289612,843.191871459426,6.4587052757154,2000,2000
2,8000,35,"below",4,"null","fixed","fixed","c55-h36",0,8.77327251602326e-05,7.1306798024341e-05,0.00318893695280549,5.0434130536806e-05,0.00315035299691387,8.25057538820769e-06,-1.20993159986023,1.58367564417205,1.01719312605879e-05,3.09010027560048e-07,0.9435,0.00516273909857936,0.9435,0.00516273909857936,0.9465,0.00503178646208283,0.0565,0.00516273909857936,1,0,0,0.0122747963647528,1943.72914375155,1690.05777641353,6.88235818707996,2000,2000
3,4000,70,"boundary",4,"null","fixed","fixed","c55-h36",0,-0.000241321520483458,0.00020355992218622,0.00910347647005909,0.00014397459950589,0.00877804341872147,1.54440310640272e-05,-3.57482168936177,1.53440464719891,8.28900832752475e-05,2.6524922572766e-06,0.9475,0.00498717104178311,0.9475,0.00498717104178311,0.9465,0.00503178646208283,0.0525,0.00498717104178311,1,0,0,0.0341835071483408,970.725447496571,843.194791588027,6.45747349352924,2000,2000
4,8000,70,"boundary",4,"null","fixed","fixed","c55-h36",0,-9.96584369441115e-05,9.8875919114313e-05,0.0044218655295475,6.99333184173504e-05,0.00443360767238371,7.87787698008278e-06,0.265547261845822,1.59571059330753,1.95530501180738e-05,6.11136586434694e-07,0.9485,0.00494205169944629,0.9485,0.00494205169944629,0.9475,0.00498717104178311,0.0515,0.00494205169944629,1,0,0,0.0172861475595173,1943.7657198226,1689.91813182076,6.89541124054626,2000,2000
5,4000,140,"above",4,"null","fixed","fixed","c55-h36",0,0.000296781364871984,0.00027058566911624,0.0121009589976236,0.000191380812709316,0.0121651225205145,1.37776235718925e-05,0.530235024377146,1.59399155169038,0.000146448071236371,4.448262617637e-06,0.9465,0.00503178646208283,0.9465,0.00503178646208283,0.9475,0.00498717104178311,0.0535,0.00503178646208283,1,0,0,0.0476817363154613,968.960553616778,845.193469926543,6.4036756236171,2000,2000
6,8000,140,"above",4,"null","fixed","fixed","c55-h36",0,-0.000163231493062039,0.000140309087237527,0.00627481313848119,9.92383197296559e-05,0.00621645475286554,7.56501060118147e-06,-0.930041808858861,1.5714568740037,3.93802378032219e-05,1.21092279454147e-06,0.9515,0.00480352734977121,0.9515,0.00480352734977121,0.9505,0.0048502448391808,0.0485,0.00480352734977121,1,0,0,0.0243022023780094,1939.36461653195,1690.60978839043,6.84674100954475,2000,2000
7,4000,35,"below",16,"null","fixed","fixed","c55-h36",0,-9.78816338347982e-05,0.000140058263995772,0.00626359598210313,9.90609165581931e-05,0.00630693343026432,1.62970044355074e-05,0.691894053911235,1.6135920072887,3.92225991239471e-05,1.31302979457638e-06,0.9485,0.00494205169944629,0.9485,0.00494205169944629,0.948,0.00496467521596328,0.0515,0.00494205169944629,1,0,0,0.0244397343710669,970.037634767975,844.021998511411,6.42176580978245,2000,2000
8,8000,35,"below",16,"null","fixed","fixed","c55-h36",0,-4.92941195109531e-06,7.03463716022356e-05,0.00314598537746119,4.97548366562011e-05,0.0031475481517153,8.49789232107765e-06,0.0496751912868021,1.60521036442227,9.89229968230419e-06,3.13629245990534e-07,0.9475,0.00498717104178311,0.9475,0.00498717104178311,0.9475,0.00498717104178311,0.0525,0.00498717104178311,1,0,0,0.0122204448702884,1943.53246851411,1687.80794433459,6.890123317678,2000,2000
9,4000,70,"boundary",16,"null","fixed","fixed","c55-h36",0,-0.000141402454547759,0.000198200234763788,0.00886378396176495,0.000140183780361169,0.00879303236265155,1.58061688284145e-05,-0.798209877616596,1.57901191777074,7.85473774419333e-05,2.49951742030452e-06,0.948,0.00496467521596328,0.948,0.00496467521596328,0.9485,0.00494205169944629,0.052,0.00496467521596328,1,0,0,0.0343273366804382,970.688918103442,845.104614568037,6.38850005170006,2000,2000
10,8000,70,"boundary",16,"null","fixed","fixed","c55-h36",0,1.16183824254229e-05,0.000100011969344432,0.00447267124035551,7.07368281413832e-05,0.00444258383033282,8.04821795947218e-06,-0.672694423663966,1.58116773902978,1.99949206171014e-05,6.483119887325e-07,0.951,0.00482695556225661,0.951,0.00482695556225661,0.951,0.00482695556225661,0.049,0.00482695556225661,1,0,0,0.0173699287165754,1941.90046818335,1689.62896376574,6.90492350761127,2000,2000
11,4000,140,"above",16,"null","fixed","fixed","c55-h36",0,0.000282880709995883,0.000266788198075223,0.0119311309298175,0.000188694923628628,0.0121451172679574,1.39091491730853e-05,1.79351261333571,1.61411470092203,0.000142360730817905,4.74546483496266e-06,0.9515,0.00480352734977121,0.9515,0.00480352734977121,0.953,0.00473238840333293,0.0485,0.00480352734977121,1,0,0,0.047534675498673,969.192859326905,845.422555215969,6.42998331762749,2000,2000
12,8000,140,"above",16,"null","fixed","fixed","c55-h36",0,-4.60375901405608e-05,0.000137331965665884,0.0061416722142517,9.71326503947781e-05,0.0062071426859571,7.81730964965907e-06,1.06600400381975,1.60345336852094,3.77033969782237e-05,1.12281622202192e-06,0.9565,0.00456112650559048,0.9565,0.00456112650559048,0.956,0.00458606585212206,0.0435,0.00456112650559048,1,0,0,0.0242823412871957,1941.25156536164,1691.61069072287,6.88566441258729,2000,2000
13,4000,35,"below",4,"homogeneous","fixed","fixed","c55-h36",-0.00433800919587855,-0.00011237253686028,0.000131462113550095,0.00587916444727618,9.29810001168003e-05,0.00598868823664571,1.64122989649656e-05,1.86291420067826,1.63500504787145,3.45599198978576e-05,1.12512795942392e-06,0.953,0.00473238840333293,0.953,0.00473238840333293,0.9515,0.00480352734977121,0.093,0.00649426670225361,1,0,0,0.0232962893381049,969.730153277008,845.765989094081,6.47658698714057,2000,2000
14,8000,35,"below",4,"homogeneous","fixed","fixed","c55-h36",-0.00217866816746455,2.9408728131489e-05,6.65253494756664e-05,0.0029751040730904,4.705229027837e-05,0.00299993146329005,8.38231259264952e-06,0.834504931246438,1.6194298926424,8.84768349688654e-06,2.84278662474686e-07,0.951,0.00482695556225661,0.951,0.00482695556225661,0.9515,0.00480352734977121,0.092,0.00646281672337998,1,0,0,0.0116462999444249,1942.04022875906,1690.80665983063,6.91472074833187,2000,2000
15,4000,70,"boundary",4,"homogeneous","fixed","fixed","c55-h36",-0.00859504629653874,6.03146353587789e-06,0.000184700515302667,0.00826005815392005,0.000130635649855014,0.00833926581540437,1.59476673421987e-05,0.958923775212561,1.60833040661529,6.81944828043404e-05,2.25909296857583e-06,0.947,0.0050095408971282,0.947,0.0050095408971282,0.947,0.0050095408971282,0.1555,0.00810307811883854,1,0,0,0.0326159180880308,969.486611190367,846.325155524965,6.42131657030519,2000,2000
16,8000,70,"boundary",4,"homogeneous","fixed","fixed","c55-h36",-0.00433516762246915,-0.000127441419368946,9.42936525171681e-05,0.00421694033750264,6.66923562914677e-05,0.00421963283469013,8.21851048534427e-06,0.0638495442667031,1.59449957623244,1.77899358325226e-05,5.52330278966737e-07,0.9535,0.00470838348055891,0.9535,0.00470838348055891,0.9535,0.00470838348055891,0.1775,0.00854382086656784,1,0,0,0.0164592472358259,1940.25869648763,1690.303418244,6.90647343675064,2000,2000
17,4000,140,"above",4,"homogeneous","fixed","fixed","c55-h36",-0.0169047267058082,0.000260716760058981,0.000263336509616375,0.0117767667291948,0.000186253600905842,0.0115785683792189,1.45923156236411e-05,-1.6829606506898,1.55984680283834,0.000138690861705549,4.34094781411879e-06,0.9435,0.00516273909857936,0.9435,0.00516273909857936,0.945,0.00509779364038993,0.2975,0.0102223713002414,1,0,0,0.0453122369435181,969.753985197687,844.849280606127,6.42286525989833,2000,2000
18,8000,140,"above",4,"homogeneous","fixed","fixed","c55-h36",-0.00860621393419599,-5.89237212581468e-05,0.000133073516387723,0.00595122857295764,9.41207189558454e-05,0.00590276025351136,8.05896621441551e-06,-0.814425439253208,1.57448804717346,3.54028849717505e-05,1.13654426229986e-06,0.95,0.00487339717240448,0.95,0.00487339717240448,0.95,0.00487339717240448,0.3055,0.0102997512105876,1,0,0,0.0231096068520877,1941.29253322039,1692.80836736126,6.88310426527201,2000,2000
19,4000,35,"below",16,"homogeneous","fixed","fixed","c55-h36",-0.00433800919587855,-0.000150500564046924,0.000133578300274135,0.00597380319463689,9.44777443324647e-05,0.00598834123718953,1.67919002512778e-05,0.243363265895469,1.61010948868092,3.56911318657283e-05,1.18765671626665e-06,0.9495,0.00489641450451246,0.9495,0.00489641450451246,0.949,0.00491929873051028,0.099,0.00667828570817392,1,0,0,0.023270337224067,970.46670416487,844.548638457031,6.47943695385445,2000,2000
20,8000,35,"below",16,"homogeneous","fixed","fixed","c55-h36",-0.00217866816746455,-8.57320416144566e-05,6.75603207066892e-05,0.00302138939363687,4.77843084815913e-05,0.00300403234260669,8.48074643334867e-06,-0.574472494897171,1.59730467111365,9.13157945400678e-06,3.02297813024039e-07,0.9435,0.00516273909857936,0.9435,0.00516273909857936,0.944,0.00514120608417908,0.101,0.00673791510780597,1,0,0,0.011592248433052,1940.72018040439,1690.21901212801,6.90778020884074,2000,2000
21,4000,70,"boundary",16,"homogeneous","fixed","fixed","c55-h36",-0.00859504629653874,3.10583967930404e-05,0.000187027006572377,0.0083641020064827,0.000132281139031926,0.00837738796054356,1.61691884510405e-05,0.158844954910453,1.5957989919499,6.99241878976718e-05,2.14191777123584e-06,0.951,0.00482695556225661,0.951,0.00482695556225661,0.9515,0.00480352734977121,0.166,0.00831997596150374,1,0,0,0.0326638248051545,969.576250590668,844.632454551704,6.43408351407412,2000,2000
22,8000,70,"boundary",16,"homogeneous","fixed","fixed","c55-h36",-0.00433516762246915,8.26703615417996e-05,9.69472747104495e-05,0.00433561392971822,6.85692198135913e-05,0.00420758409275096,8.4490291272538e-06,-2.95298057074888,1.54715387999868,1.87949837621704e-05,6.30602945830508e-07,0.9355,0.00549271107923947,0.9355,0.00549271107923947,0.935,0.00551248582764618,0.1575,0.00814535910810567,1,0,0,0.0164160529064225,1941.9594650528,1691.36871644871,6.83088092946744,2000,2000
23,4000,140,"above",16,"homogeneous","fixed","fixed","c55-h36",-0.0169047267058082,-0.000199111515865565,0.000262214042038303,0.0117265684530527,0.000185459697969176,0.0115770644436799,1.49171472542233e-05,-1.27491695436095,1.56654439805427,0.000137483296876038,4.32713223495754e-06,0.948,0.00496467521596328,0.948,0.00496467521596328,0.947,0.0050095408971282,0.3155,0.0103913365357879,1,0,0,0.045237095613425,971.084569605805,845.868549110163,6.42321538597196,2000,2000
24,8000,140,"above",16,"homogeneous","fixed","fixed","c55-h36",-0.00860621393419599,0.00019777593662533,0.000131880835323947,0.00589789025427601,9.32771551705419e-05,0.00589640442608745,7.76327412190596e-06,-0.0251925370683859,1.58660532383216,3.48068322178663e-05,1.14808833411197e-06,0.95,0.00487339717240448,0.95,0.00487339717240448,0.9505,0.0048502448391808,0.2845,0.0100886012410046,1,0,0,0.0230628157049061,1941.38967849651,1691.20354049892,6.8397071324487,2000,2000
25,4000,35,"below",4,"heterogeneous","fixed","fixed","c55-h36",-0.00108983054822876,-1.40498495812399e-05,0.000139295013530788,0.00622946238363188,9.85210820031464e-05,0.0061822815584164,1.66379076621079e-05,-0.757381974718296,1.59211809014262,3.87869958865634e-05,1.20982101007928e-06,0.9455,0.00507591124823908,0.9455,0.00507591124823908,0.9455,0.00507591124823908,0.0495,0.0048502448391808,1,0,0,0.0238908621778577,970.854469869476,844.088999247114,6.49770298218756,2000,2000
26,8000,35,"below",4,"heterogeneous","fixed","fixed","c55-h36",-0.000542891746949076,0.000197398125796912,7.11813886492757e-05,0.00318332847505225,5.0345430539501e-05,0.00309140938681145,8.20589930761304e-06,-2.88751503217985,1.55734944141172,1.01674794100566e-05,3.20552097533199e-07,0.9285,0.00576141258720464,0.9285,0.00576141258720464,0.9345,0.00553216729681958,0.062,0.00539240206216117,1,0,0,0.0120106903092185,1942.28472151913,1690.71807901831,6.87588591901309,2000,2000
27,4000,70,"boundary",4,"heterogeneous","fixed","fixed","c55-h36",-0.0021968509165131,-4.60439801561565e-05,0.000192160410919792,0.00859367482801894,0.000135911911863253,0.00865365308479342,1.52230185566727e-05,0.697934911138764,1.60239383457096,7.38164414743102e-05,2.33026603672953e-06,0.9535,0.00470838348055891,0.9535,0.00470838348055891,0.9535,0.00470838348055891,0.0425,0.00451075104611194,1,0,0,0.0338454201042918,971.699767083588,844.459664752623,6.47190721597861,2000,2000
28,8000,70,"boundary",4,"heterogeneous","fixed","fixed","c55-h36",-0.00108903600409039,-1.42544392924721e-05,9.59757324533854e-05,0.00429216523912205,6.78820638849509e-05,0.00436531776218097,8.00037270044297e-06,1.70432681370578,1.6192526553062,1.84136742877473e-05,5.79276011249646e-07,0.9535,0.00470838348055891,0.9535,0.00470838348055891,0.9535,0.00470838348055891,0.0515,0.00494205169944629,1,0,0,0.0170522946459538,1940.51782161352,1688.53945103678,6.8967753990812,2000,2000
29,4000,140,"above",4,"heterogeneous","fixed","fixed","c55-h36",-0.00441329385288844,0.000466168830245547,0.000261571158757394,0.0116978178386984,0.000185004997152316,0.0119658636886312,1.42666420595127e-05,2.29141754153492,1.6223644253866,0.00013698783609457,4.25022273755695e-06,0.954,0.00468422885862764,0.954,0.00468422885862764,0.9555,0.00461084319837489,0.054,0.00505390937789747,1,0,0,0.0467897738847019,969.810140051573,845.69113995535,6.42943172022987,2000,2000
30,8000,140,"above",4,"heterogeneous","fixed","fixed","c55-h36",-0.00219331162708183,-0.000137220733890349,0.000133550204400992,0.00597254670899218,9.44578725814828e-05,0.00611361894971355,7.62844719215457e-06,2.36201151024871,1.62392102010515,3.56723080638071e-05,1.09805361183477e-06,0.958,0.00448530935387962,0.958,0.00448530935387962,0.9595,0.00440793318914885,0.0555,0.00511955808639769,1,0,0,0.0239494689354744,1942.36947818564,1692.06987567312,6.8559554802167,2000,2000
31,4000,35,"below",16,"heterogeneous","fixed","fixed","c55-h36",-0.00108983054822876,0.000148004326070632,0.00013558808121423,0.00606368333067559,9.58992294796244e-05,0.0061881015500648,1.56772665298567e-05,2.05185878952132,1.63456194413666,3.67717766874814e-05,1.13937835923203e-06,0.9495,0.00489641450451246,0.9495,0.00489641450451246,0.9495,0.00489641450451246,0.044,0.00458606585212206,1,0,0,0.0240941168363042,970.76113693822,844.000070739358,6.41428309032487,2000,2000
32,8000,35,"below",16,"heterogeneous","fixed","fixed","c55-h36",-0.000542891746949076,-9.23861656563808e-05,7.02043959927912e-05,0.0031396360351839,4.96544196326051e-05,0.00312056785369821,8.15578142083012e-06,-0.607337324199508,1.59324839119438,9.86092097981322e-06,3.23568930375822e-07,0.9435,0.00516273909857936,0.9435,0.00516273909857936,0.9385,0.00537204569973116,0.054,0.00505390937789747,1,0,0,0.0121344195057145,1942.43231456011,1692.75146496988,6.85957069858355,2000,2000
33,4000,70,"boundary",16,"heterogeneous","fixed","fixed","c55-h36",-0.0021968509165131,3.72138351485225e-05,0.000190226001261973,0.00850716539819463,0.000134543735589782,0.00861615349434646,1.57077311276103e-05,1.28113291619982,1.61240262151471,7.23370620502103e-05,2.41170928255185e-06,0.95,0.00487339717240448,0.95,0.00487339717240448,0.9505,0.0048502448391808,0.056,0.00514120608417908,1,0,0,0.0336655973555563,969.651367137427,843.592179312638,6.46766672708173,2000,2000
34,8000,70,"boundary",16,"heterogeneous","fixed","fixed","c55-h36",-0.00108903600409039,9.58870125679533e-05,9.96682070629141e-05,0.00445729772376401,7.04936907090475e-05,0.00436891410963375,7.97566725965007e-06,-1.98289680447067,1.56046704432587,1.98667635659519e-05,6.1532476881842e-07,0.9465,0.00503178646208283,0.9465,0.00503178646208283,0.948,0.00496467521596328,0.058,0.00522666241496426,1,0,0,0.0170535799663849,1942.93296199464,1689.94355892247,6.873245739801,2000,2000
35,4000,140,"above",16,"heterogeneous","fixed","fixed","c55-h36",-0.00441329385288844,-2.18728818564597e-05,0.000266757915224364,0.0119297766395561,0.000188673505064122,0.0119574597947222,1.40580559467336e-05,0.232050909271408,1.5895781589233,0.000142248889307324,4.65804195117575e-06,0.946,0.00505390937789747,0.946,0.00505390937789747,0.9455,0.00507591124823908,0.0595,0.00528960064655168,1,0,0,0.0468110546743941,970.154221292379,845.233639920147,6.40321337854893,2000,2000
36,8000,140,"above",16,"heterogeneous","fixed","fixed","c55-h36",-0.00219331162708183,1.61368650332295e-05,0.000137769826975762,0.00616125396732377,9.74423425289257e-05,0.00610738045207532,7.79818555905415e-06,-0.874392056132822,1.57280637269017,3.79423303230511e-05,1.18673956151292e-06,0.947,0.0050095408971282,0.947,0.0050095408971282,0.947,0.0050095408971282,0.0645,0.00549271107923947,1,0,0,0.0238605513322471,1940.97548447502,1690.10790511944,6.84381135853577,2000,2000
7,4000,35,"below",16,"null","fixed","fixed","c55-h48",0,-0.000126189357248736,0.000162481610409102,0.00726639851936777,0.000114920582276122,0.00723554305467213,1.60052363094592e-05,-0.424632155990345,1.59014766073059,5.27900709224318e-05,1.66591325195238e-06,0.951,0.00482695556225661,0.951,0.00482695556225661,0.9495,0.00489641450451246,0.049,0.00482695556225661,1,0,0,0.0281157713855862,970.037634767975,844.021998511411,6.42176580978245,2000,2000
8,8000,35,"below",16,"null","fixed","fixed","c55-h48",0,-7.50171644458478e-06,8.01423339604337e-05,0.0035840741322204,5.66833604154415e-05,0.00362703928480447,8.45828511332587e-06,1.19877968476787,1.61779891583024,1.28392208673084e-05,4.05263506226092e-07,0.95,0.00487339717240448,0.95,0.00487339717240448,0.95,0.00487339717240448,0.05,0.00487339717240448,1,0,0,0.0141178385172531,1943.53246851411,1687.80794433459,6.890123317678,2000,2000
9,4000,70,"boundary",16,"null","fixed","fixed","c55-h48",0,-0.000237886933846104,0.000228037165557418,0.0101981320716552,0.000161286952907914,0.0100330449730445,1.52747295327577e-05,-1.61879741751495,1.5631249696191,0.000104006486995342,3.30251524634214e-06,0.9385,0.00537204569973116,0.9385,0.00537204569973116,0.9385,0.00537204569973116,0.0615,0.00537204569973116,1,0,0,0.0392239203592909,970.688918103442,845.104614568037,6.38850005170006,2000,2000
10,8000,70,"boundary",16,"null","fixed","fixed","c55-h48",0,-0.000128491386326621,0.000113179042061234,0.00506152063354453,8.00496830526372e-05,0.005103988251411,7.91768272722564e-06,0.839028840167488,1.60245722097168,2.56226916645952e-05,8.16036019885023e-07,0.954,0.00468422885862764,0.954,0.00468422885862764,0.953,0.00473238840333293,0.046,0.00468422885862764,1,0,0,0.0199345599961358,1941.90046818335,1689.62896376574,6.90492350761127,2000,2000
11,4000,140,"above",16,"null","fixed","fixed","c55-h48",0,0.000124521829573881,0.000304171807708256,0.0136029767774931,0.000215135738535585,0.0137308735003334,1.34244732673663e-05,0.940211285605841,1.5994514968441,0.000184963962406453,6.18471651492559e-06,0.9435,0.00516273909857936,0.9435,0.00516273909857936,0.945,0.00509779364038993,0.0565,0.00516273909857936,1,0,0,0.0537927930137719,969.192859326905,845.422555215969,6.42998331762749,2000,2000
12,8000,140,"above",16,"null","fixed","fixed","c55-h48",0,3.20590633332563e-05,0.000156007776202134,0.00697687985213091,0.000110341745355743,0.00709024290886079,7.50718984681422e-06,1.62483888403573,1.61082945508945,4.86535418283765e-05,1.46602156557035e-06,0.9535,0.00470838348055891,0.9535,0.00470838348055891,0.9535,0.00470838348055891,0.0465,0.00470838348055891,1,0,0,0.0277910071536712,1941.25156536164,1691.61069072287,6.88566441258729,2000,2000
19,4000,35,"below",16,"homogeneous","fixed","fixed","c55-h48",-0.00574650727353443,-0.0001181087167498,0.000151078124724338,0.00675641913593623,0.000106855083592481,0.0068685598472644,1.62510353321061e-05,1.65976546262068,1.62567612556954,4.56403246096474e-05,1.50385031142916e-06,0.9485,0.00494205169944629,0.9485,0.00494205169944629,0.9475,0.00498717104178311,0.1185,0.0072269547528679,1,0,0,0.0266961734627669,970.46670416487,844.548638457031,6.47943695385445,2000,2000
20,8000,35,"below",16,"homogeneous","fixed","fixed","c55-h48",-0.00289548362418641,-8.0598664613057e-05,7.6894755833097e-05,0.00343883802312107,5.43864015876637e-05,0.00346104686182239,8.35817351619561e-06,0.645823925174804,1.61019772090218,1.1826190290526e-05,3.95689652345241e-07,0.947,0.0050095408971282,0.947,0.0050095408971282,0.945,0.00509779364038993,0.1105,0.00701034057660539,1,0,0,0.0134443759843194,1940.72018040439,1690.21901212801,6.90778020884074,2000,2000
21,4000,70,"boundary",16,"homogeneous","fixed","fixed","c55-h48",-0.0113112284670269,6.69571072236394e-05,0.000215452626100346,0.00963533435782436,0.000152386114231819,0.0095791283320347,1.61521455822923e-05,-0.583332385803714,1.58121973686136,9.27977316071847e-05,2.8398542138767e-06,0.9535,0.00470838348055891,0.9535,0.00470838348055891,0.9545,0.00465992220965114,0.2095,0.00909971840223641,1,0,0,0.037365061981763,969.576250590668,844.632454551704,6.43408351407412,2000,2000
22,8000,70,"boundary",16,"homogeneous","fixed","fixed","c55-h48",-0.00574276682486417,0.000119940297746386,0.000108177217384441,0.00483783223376765,7.65119743676188e-05,0.00484187298005531,8.23074915431259e-06,0.0835239026986789,1.5919723278039,2.34073040867438e-05,7.70933314238901e-07,0.9475,0.00498717104178311,0.9475,0.00498717104178311,0.947,0.0050095408971282,0.1935,0.00883339544003324,1,0,0,0.0189453844637387,1941.9594650528,1691.36871644871,6.83088092946744,2000,2000
23,4000,140,"above",16,"homogeneous","fixed","fixed","c55-h48",-0.0219502263974119,-0.0002515086387158,0.0002973462633778,0.0132977291553663,0.000210308142804397,0.0131062856790471,1.39336887815728e-05,-1.43967044359562,1.56228322685112,0.000176804442484484,5.64671590297077e-06,0.9465,0.00503178646208283,0.9465,0.00503178646208283,0.9455,0.00507591124823908,0.393,0.010921332336304,1,0,0,0.051301664788223,971.084569605805,845.868549110163,6.42321538597196,2000,2000
24,8000,140,"above",16,"homogeneous","fixed","fixed","c55-h48",-0.0113256140287979,6.45177246925972e-05,0.000153020874897195,0.00684330156493237,0.000108229158975656,0.00675071841341336,7.69338643307107e-06,-1.352901821446,1.5641829331269,4.68115234572511e-05,1.46497380186743e-06,0.9485,0.00494205169944629,0.9485,0.00494205169944629,0.9485,0.00494205169944629,0.383,0.0108699356023851,1,0,0,0.0264249903867009,1941.38967849651,1691.20354049892,6.8397071324487,2000,2000
31,4000,35,"below",16,"heterogeneous","fixed","fixed","c55-h48",-0.0014496297084272,0.000248493261936559,0.000155439688461803,0.00695147419603961,0.000109939946199898,0.007107268456054,1.55418981016538e-05,2.24116864453212,1.63236274498389,4.83605809026834e-05,1.49702708479884e-06,0.9495,0.00489641450451246,0.9495,0.00489641450451246,0.952,0.00477995815881269,0.0475,0.00475624589355933,1,0,0,0.0277185851737061,970.76113693822,844.000070739358,6.41428309032487,2000,2000
32,8000,35,"below",16,"heterogeneous","fixed","fixed","c55-h48",-0.000723016766295825,-6.95481076563276e-05,8.1683355316695e-05,0.00365299070236798,5.77732995852687e-05,0.00359201138924828,8.18848104577359e-06,-1.66929833903403,1.5712058669225,1.33425058403297e-05,4.1780338478937e-07,0.9445,0.00511955808639769,0.9445,0.00511955808639769,0.943,0.00518415856238985,0.055,0.00509779364038993,1,0,0,0.0140410236975706,1942.43231456011,1692.75146496988,6.85957069858355,2000,2000
33,4000,70,"boundary",16,"heterogeneous","fixed","fixed","c55-h48",-0.00291421186346576,-2.49880731770786e-05,0.000220664996169763,0.00986843863380644,0.000156072738225192,0.00985879141087582,1.54045181213775e-05,-0.0977583515346048,1.58768054104667,9.73380124324699e-05,3.03831074391208e-06,0.9515,0.00480352734977121,0.9515,0.00480352734977121,0.951,0.00482695556225661,0.053,0.0050095408971282,1,0,0,0.0384955545315379,969.651367137427,843.592179312638,6.46766672708173,2000,2000
34,8000,70,"boundary",16,"heterogeneous","fixed","fixed","c55-h48",-0.00144857172285462,0.000124018901500792,0.000113575074281054,0.00507923173284049,8.03297901563718e-05,0.00501696896876174,7.83036175272118e-06,-1.22583034903049,1.56973594254631,2.58010763863253e-05,8.15570018176357e-07,0.944,0.00514120608417908,0.944,0.00514120608417908,0.947,0.0050095408971282,0.056,0.00514120608417908,1,0,0,0.0196272236273351,1942.93296199464,1689.94355892247,6.873245739801,2000,2000
35,4000,140,"above",16,"heterogeneous","fixed","fixed","c55-h48",-0.00581944722086487,2.72251607626128e-05,0.000306204008128287,0.013693859543155,0.000216573080613767,0.0135160778631279,1.34292016617714e-05,-1.29825838702922,1.56407928599569,0.000187428769502441,5.91310299819317e-06,0.948,0.00496467521596328,0.948,0.00496467521596328,0.9485,0.00494205169944629,0.0775,0.00597886904021153,1,0,0,0.0528981306064362,970.154221292379,845.233639920147,6.40321337854893,2000,2000
36,8000,140,"above",16,"heterogeneous","fixed","fixed","c55-h48",-0.00290962807567802,-5.33876471271406e-06,0.000153187401039223,0.0068507488404045,0.000108346940188914,0.00697657648246296,7.55130222613404e-06,1.83669909654767,1.61434973471211,4.69093217968751e-05,1.48897742736896e-06,0.954,0.00468422885862764,0.954,0.00468422885862764,0.954,0.00468422885862764,0.0635,0.005452877680638,1,0,0,0.0273112765726131,1940.97548447502,1690.10790511944,6.84381135853577,2000,2000
1,4000,35,"below",4,"null","fixed","fixed","c55-h60",0,-0.000131345792611842,0.000176386319810984,0.00788823602796756,0.000124755155535343,0.00802579566685998,1.60768155306498e-05,1.74385804893142,1.621969567493,6.22104072163456e-05,1.93021404591164e-06,0.957,0.00453602248671675,0.957,0.00453602248671675,0.9565,0.00456112650559048,0.043,0.00453602248671675,1,0,0,0.0312417563030449,971.042966289612,843.191871459426,6.4587052757154,2000,2000
2,8000,35,"below",4,"null","fixed","fixed","c55-h60",0,9.25793915946397e-06,9.30628270192494e-05,0.00416189614786691,6.58218135725411e-05,0.00404281219911197,8.24212476100452e-06,-2.86129073201351,1.54899361980899,1.73128045652941e-05,5.4946959961984e-07,0.943,0.00518415856238985,0.943,0.00518415856238985,0.9435,0.00516273909857936,0.057,0.00518415856238985,1,0,0,0.0157457164663402,1943.72914375155,1690.05777641353,6.88235818707996,2000,2000
3,4000,70,"boundary",4,"null","fixed","fixed","c55-h60",0,-0.000501102364965163,0.000254311191719364,0.0113731422424696,0.000179870141354081,0.0111047158114745,1.44694699694265e-05,-2.36017826272057,1.54943930597832,0.000129534793865386,4.1732217156447e-06,0.9415,0.0052477495176504,0.9415,0.0052477495176504,0.941,0.00526872849936301,0.0585,0.0052477495176504,1,0,0,0.0434887772757165,970.725447496571,843.194791588027,6.45747349352924,2000,2000
4,8000,70,"boundary",4,"null","fixed","fixed","c55-h60",0,-4.50133323575693e-05,0.000128293621859019,0.00573746519112838,9.07399778302859e-05,0.0056663144728194,7.56322014367074e-06,-1.2401071891294,1.56747435342008,3.29040737660901e-05,9.90741869778955e-07,0.9505,0.0048502448391808,0.9505,0.0048502448391808,0.95,0.00487339717240448,0.0495,0.0048502448391808,1,0,0,0.0221166646251632,1943.7657198226,1689.91813182076,6.89541124054626,2000,2000
5,4000,140,"above",4,"null","fixed","fixed","c55-h60",0,0.000451001979601687,0.000338828650991399,0.0151528779268264,0.000239647956256244,0.0150448118976544,1.25794241732826e-05,-0.713171647616184,1.57244815485192,0.000229698307396174,7.04443123057234e-06,0.949,0.00491929873051028,0.949,0.00491929873051028,0.949,0.00491929873051028,0.051,0.00491929873051027,1,0,0,0.0588736555511231,968.960553616778,845.193469926543,6.4036756236171,2000,2000
6,8000,140,"above",4,"null","fixed","fixed","c55-h60",0,-0.000123495988784097,0.000177105785186431,0.00792041149770669,0.000125264021613576,0.00784459904905158,7.11915093384322e-06,-0.957178155163552,1.56897291233469,6.27168030931036e-05,2.00047262359531e-06,0.9505,0.0048502448391808,0.9505,0.0048502448391808,0.9505,0.0048502448391808,0.0495,0.0048502448391808,1,0,0,0.030714804223013,1939.36461653195,1690.60978839043,6.84674100954475,2000,2000
7,4000,35,"below",16,"null","fixed","fixed","c55-h60",0,-8.360864131898e-05,0.000182007830714943,0.00813963763831775,0.00012873115814098,0.00803965348206381,1.60072040784888e-05,-1.2283612698341,1.57443748617662,6.62275644375805e-05,2.13576359461889e-06,0.9495,0.00489641450451246,0.9495,0.00489641450451246,0.9495,0.00489641450451246,0.0505,0.00489641450451246,1,0,0,0.0313380518998923,970.037634767975,844.021998511411,6.42176580978245,2000,2000
8,8000,35,"below",16,"null","fixed","fixed","c55-h60",0,2.47536564775944e-05,8.92429989392886e-05,0.00399106824288382,6.31201117243227e-05,0.00404951624252618,8.21657971949245e-06,1.4644700637874,1.61784776173585,1.59212741500051e-05,4.83179772792095e-07,0.959,0.00443390347211123,0.959,0.00443390347211123,0.9595,0.00440793318914885,0.041,0.00443390347211123,1,0,0,0.0157797570662607,1943.53246851411,1687.80794433459,6.890123317678,2000,2000
9,4000,70,"boundary",16,"null","fixed","fixed","c55-h60",0,-0.000181173494482779,0.000252967347841103,0.0113130437172108,0.000178919662585504,0.0110942513189552,1.47061825530367e-05,-1.93398349484626,1.55638582561629,0.000127953789503553,4.05405311238163e-06,0.944,0.00514120608417908,0.944,0.00514120608417908,0.944,0.00514120608417908,0.056,0.00514120608417908,1,0,0,0.0434395053631296,970.688918103442,845.104614568037,6.38850005170006,2000,2000
10,8000,70,"boundary",16,"null","fixed","fixed","c55-h60",0,-0.000147135918993804,0.000126917976855963,0.00567594447633357,8.97670066469111e-05,0.00567242436447874,7.83348557651393e-06,-0.0620180812110904,1.58656750549435,3.22218865042306e-05,1.03799557911845e-06,0.951,0.00482695556225661,0.951,0.00482695556225661,0.9495,0.00489641450451246,0.049,0.00482695556225661,1,0,0,0.0221797089114929,1941.90046818335,1689.62896376574,6.90492350761127,2000,2000
11,4000,140,"above",16,"null","fixed","fixed","c55-h60",0,0.000148500978220562,0.00033591836958779,0.0150227261857839,0.000237589561877655,0.0150275154091927,1.28604784463507e-05,0.0318798555571487,1.58435292711101,0.000225591513442543,7.40826434207184e-06,0.9435,0.00516273909857936,0.9435,0.00516273909857936,0.945,0.00509779364038993,0.0565,0.00516273909857936,1,0,0,0.0588672025816982,969.192859326905,845.422555215969,6.42998331762749,2000,2000
12,8000,140,"above",16,"null","fixed","fixed","c55-h60",0,9.56511984548665e-05,0.000170552691460353,0.00762734823701793,0.000120629125733269,0.00784610578815533,7.33284789637164e-06,2.86806822423169,1.62973186222658,5.81565020599419e-05,1.81060135152307e-06,0.956,0.00458606585212206,0.956,0.00458606585212206,0.9555,0.00461084319837489,0.044,0.00458606585212206,1,0,0,0.030724633145548,1941.25156536164,1691.61069072287,6.88566441258729,2000,2000
13,4000,35,"below",4,"homogeneous","fixed","fixed","c55-h60",-0.00713662837240874,-0.000279689733485203,0.000169720307290097,0.0075901228852562,0.000120040394040603,0.00764331464928776,1.58466678844171e-05,0.70080240907402,1.60624414604824,5.76593867776004e-05,1.82861070710178e-06,0.9445,0.00511955808639769,0.9445,0.00511955808639769,0.946,0.00505390937789747,0.15,0.00798435971133566,1,0,0,0.0297958744724113,969.730153277008,845.765989094081,6.47658698714057,2000,2000
14,8000,35,"below",4,"homogeneous","fixed","fixed","c55-h60",-0.0036076425009372,-8.22931561393469e-05,8.69621124644128e-05,0.00388906389874818,6.15068780719821e-05,0.0038594523855389,8.52379162132189e-06,-0.761404645956265,1.5847218406979,1.51240277630895e-05,4.75684501133174e-07,0.9445,0.00511955808639769,0.9445,0.00511955808639769,0.9445,0.00511955808639769,0.143,0.00782786688696225,1,0,0,0.0150405918987145,1942.04022875906,1690.80665983063,6.91472074833187,2000,2000
15,4000,70,"boundary",4,"homogeneous","fixed","fixed","c55-h60",-0.0139559732032351,-0.000265687550311713,0.000234234015410941,0.0104752636220319,0.000165669883330942,0.0105387150891953,1.51410948161352e-05,0.60572668576957,1.59766583008066,0.000109746872251481,3.45289358010184e-06,0.953,0.00473238840333293,0.953,0.00473238840333293,0.9515,0.00480352734977121,0.2635,0.00985057739424446,1,0,0,0.0412518878635352,969.486611190367,846.325155524965,6.42131657030519,2000,2000
16,8000,70,"boundary",4,"homogeneous","fixed","fixed","c55-h60",-0.00713201253779958,-9.49296884247827e-05,0.000119884936650223,0.00536141735656311,8.47926524810459e-05,0.00539354252596973,7.90738907743582e-06,0.599191729912607,1.59783209126423,2.8739435318965e-05,8.97078431572661e-07,0.9545,0.00465992220965114,0.9545,0.00465992220965114,0.955,0.00463546114210873,0.2535,0.00972722339622155,1,0,0,0.0210803602206562,1940.25869648763,1690.303418244,6.90647343675064,2000,2000
17,4000,140,"above",4,"homogeneous","fixed","fixed","c55-h60",-0.0267247050846117,0.000314697679150313,0.000326451383458635,0.0145993496952472,0.000230893717617969,0.0143590678036985,1.32535995175892e-05,-1.64583968850947,1.55815159849953,0.000213133475647614,6.7536476142708e-06,0.9455,0.00507591124823908,0.9455,0.00507591124823908,0.9445,0.00511955808639769,0.4505,0.0111254157225697,1,0,0,0.0562580208429856,969.753985197687,844.849280606127,6.42286525989833,2000,2000
18,8000,140,"above",4,"homogeneous","fixed","fixed","c55-h60",-0.0139733419606986,1.3552262293499e-06,0.000167672934339318,0.00749856158339148,0.000118592320679885,0.0074711725544833,7.5135076623602e-06,-0.365257104360373,1.57894012158671,5.62003134436426e-05,1.85263308402971e-06,0.948,0.00496467521596328,0.948,0.00496467521596328,0.948,0.00496467521596328,0.4565,0.0111379475218731,1,0,0,0.0293122235292918,1941.29253322039,1692.80836736126,6.88310426527201,2000,2000
19,4000,35,"below",16,"homogeneous","fixed","fixed","c55-h60",-0.00713662837240874,-0.000161572519316769,0.000167729115549987,0.00750107408351377,0.000118632056730179,0.00762601523537749,1.61240693222612e-05,1.66564348615521,1.62218211965678,5.62640850291571e-05,1.84157313603947e-06,0.9525,0.00475624589355933,0.9525,0.00475624589355933,0.9515,0.00480352734977121,0.1405,0.0077704488287357,1,0,0,0.0297530303377777,970.46670416487,844.548638457031,6.47943695385445,2000,2000
20,8000,35,"below",16,"homogeneous","fixed","fixed","c55-h60",-0.0036076425009372,-9.54799414701055e-05,8.64744661627961e-05,0.00386725569316035,6.11619738284465e-05,0.00385995430663285,8.29103899938144e-06,-0.188800201145611,1.59304055444769,1.49573051822061e-05,4.84571252566799e-07,0.939,0.00535158854920668,0.939,0.00535158854920668,0.94,0.0053103672189407,0.131,0.00754450130890041,1,0,0,0.0149627802997908,1940.72018040439,1690.21901212801,6.90778020884074,2000,2000
21,4000,70,"boundary",16,"homogeneous","fixed","fixed","c55-h60",-0.0139559732032351,0.000195438664834587,0.000242594404793575,0.0108491516015907,0.000171583049833221,0.0105934712441448,1.580566818275e-05,-2.35668526752271,1.55111925391144,0.000117683434700773,3.5884988274492e-06,0.943,0.00518415856238985,0.943,0.00518415856238985,0.9445,0.00511955808639769,0.2535,0.00972722339622155,1,0,0,0.0413884843431613,969.576250590668,844.632454551704,6.43408351407412,2000,2000
22,8000,70,"boundary",16,"homogeneous","fixed","fixed","c55-h60",-0.00713201253779958,0.000134934366363686,0.000120705739460236,0.00539812477414935,8.53731928672661e-05,0.0053853063944645,8.13937932515293e-06,-0.237459862844058,1.5849671573258,2.91433884849722e-05,9.14439538197033e-07,0.9465,0.00503178646208283,0.9465,0.00503178646208283,0.947,0.0050095408971282,0.245,0.00961704216482386,1,0,0,0.0210699475500418,1941.9594650528,1691.36871644871,6.83088092946744,2000,2000
23,4000,140,"above",16,"homogeneous","fixed","fixed","c55-h60",-0.0267247050846117,-0.000433199783494893,0.000327671474181773,0.0146539138111603,0.000231756667806483,0.0143695798915957,1.30438158579445e-05,-1.9403275004114,1.55339970147593,0.000214817483442341,6.83307111187869e-06,0.9465,0.00503178646208283,0.9465,0.00503178646208283,0.946,0.00505390937789747,0.472,0.0111627953488362,1,0,0,0.0562505539063663,971.084569605805,845.868549110163,6.42321538597196,2000,2000
24,8000,140,"above",16,"homogeneous","fixed","fixed","c55-h60",-0.0139733419606986,3.26815769377995e-05,0.000165029083742971,0.00738032499027577,0.000116722368448256,0.0074726500606314,7.32018948698173e-06,1.25096212534377,1.60438746747599,5.4443030449079e-05,1.74436758636179e-06,0.9525,0.00475624589355933,0.9525,0.00475624589355933,0.9525,0.00475624589355933,0.4645,0.0111521242371129,1,0,0,0.0292308984274231,1941.38967849651,1691.20354049892,6.8397071324487,2000,2000
25,4000,35,"below",4,"heterogeneous","fixed","fixed","c55-h60",-0.00180765008818205,-6.46973137056633e-05,0.000177196086088214,0.00792444987680304,0.000125327889962658,0.00790574416628246,1.62986715133347e-05,-0.236050587881609,1.59115010031064,6.27696931394393e-05,1.95014490147086e-06,0.9495,0.00489641450451246,0.9495,0.00489641450451246,0.9485,0.00494205169944629,0.0505,0.00489641450451246,1,0,0,0.0307895319000321,970.854469869476,844.088999247114,6.49770298218756,2000,2000
26,8000,35,"below",4,"heterogeneous","fixed","fixed","c55-h60",-0.000902717043909434,0.00025678353782683,8.76203224773061e-05,0.00391849994539418,6.19724192353865e-05,0.00397443679626484,7.98589161547929e-06,1.42750674110392,1.61700516058207,1.54129022864421e-05,4.86090101173479e-07,0.9505,0.0048502448391808,0.9505,0.0048502448391808,0.954,0.00468422885862764,0.0485,0.00480352734977121,1,0,0,0.015465262553359,1942.28472151913,1690.71807901831,6.87588591901309,2000,2000
27,4000,70,"boundary",4,"heterogeneous","fixed","fixed","c55-h60",-0.00362383165736849,-5.86783046818705e-05,0.000245756137903515,0.0109905486048014,0.000173819291885974,0.0109164449121666,1.41785991056358e-05,-0.674249259972914,1.57615921320622,0.000120735205698626,3.885833069147e-06,0.95,0.00487339717240448,0.95,0.00487339717240448,0.9495,0.00489641450451246,0.0565,0.00516273909857936,1,0,0,0.0427002228617322,971.699767083588,844.459664752623,6.47190721597861,2000,2000
28,8000,70,"boundary",4,"heterogeneous","fixed","fixed","c55-h60",-0.00180632953380654,4.91598925310553e-05,0.000124353672349357,0.00556126529249798,8.79533160619247e-05,0.00557070815475602,7.88644612687568e-06,0.169797011316453,1.59055402016011,3.09146245127496e-05,9.9475162668633e-07,0.9485,0.00494205169944629,0.9485,0.00494205169944629,0.9485,0.00494205169944629,0.0635,0.005452877680638,1,0,0,0.0217912321315181,1940.51782161352,1688.53945103678,6.8967753990812,2000,2000
29,4000,140,"above",4,"heterogeneous","fixed","fixed","c55-h60",-0.00719130704379668,0.00052140068726445,0.000331553715690799,0.0148275329295453,0.000234502513651009,0.0148090535867797,1.27887946040623e-05,-0.12462857343426,1.58191626898702,0.000220017663587042,6.85667442063831e-06,0.9495,0.00489641450451246,0.9495,0.00489641450451246,0.948,0.00496467521596328,0.074,0.0058533750947637,1,0,0,0.0580397678339922,969.810140051573,845.69113995535,6.42943172022987,2000,2000
30,8000,140,"above",4,"heterogeneous","fixed","fixed","c55-h60",-0.00361826406381834,-3.82629472677194e-05,0.000173389434818889,0.00775421125670608,0.000122635507856821,0.00773278522177432,7.32642242185835e-06,-0.276314820714052,1.57999181455639,6.00991923706541e-05,1.79065921703683e-06,0.954,0.00468422885862764,0.954,0.00468422885862764,0.954,0.00468422885862764,0.0805,0.00608357419614489,1,0,0,0.0303119519329103,1942.36947818564,1692.06987567312,6.8559554802167,2000,2000
31,4000,35,"below",16,"heterogeneous","fixed","fixed","c55-h60",-0.00180765008818205,0.000285975734384423,0.000173236150123997,0.00774735615675234,0.000122527092102284,0.00791076597701484,1.5611769666296e-05,2.10923335595044,1.62741650450135,6.00732987765153e-05,1.90281668841774e-06,0.9435,0.00516273909857936,0.9435,0.00516273909857936,0.9455,0.00507591124823908,0.0465,0.00470838348055891,1,0,0,0.0309293015260065,970.76113693822,844.000070739358,6.41428309032487,2000,2000
32,8000,35,"below",16,"heterogeneous","fixed","fixed","c55-h60",-0.000902717043909434,-5.0944575995903e-05,9.24382912277459e-05,0.00413396605818325,6.53800896344834e-05,0.00399933818026416,8.16474490111138e-06,-3.2566275587238,1.54272431769366,1.70837258823494e-05,5.41865497558616e-07,0.9455,0.00507591124823908,0.9455,0.00507591124823908,0.944,0.00514120608417908,0.0605,0.0053310294503032,1,0,0,0.0155898317204558,1942.43231456011,1692.75146496988,6.85957069858355,2000,2000
33,4000,70,"boundary",16,"heterogeneous","fixed","fixed","c55-h60",-0.00362383165736849,-0.000118380942401284,0.00024631663535413,0.0110156148128172,0.000174215722554201,0.0109148960350613,1.46418273834606e-05,-0.914327338667698,1.57270083291529,0.00012129711186703,3.76069961755069e-06,0.9475,0.00498717104178311,0.9475,0.00498717104178311,0.9485,0.00494205169944629,0.065,0.00551248582764618,1,0,0,0.0426981959777037,969.651367137427,843.592179312638,6.46766672708173,2000,2000
34,8000,70,"boundary",16,"heterogeneous","fixed","fixed","c55-h60",-0.00180632953380654,4.28938147692391e-05,0.000127753940507049,0.00571332990734451,9.03582700477512e-05,0.00558166660717551,7.83598988370752e-06,-2.30449321681481,1.55116328618409,3.26276574401877e-05,1.02071996821679e-06,0.9455,0.00507591124823908,0.9455,0.00507591124823908,0.946,0.00505390937789747,0.057,0.00518415856238985,1,0,0,0.0218152868378853,1942.93296199464,1689.94355892247,6.873245739801,2000,2000
35,4000,140,"above",16,"heterogeneous","fixed","fixed","c55-h60",-0.00719130704379668,4.53092551295811e-05,0.000334102945794314,0.0149415379655803,0.000236305542357545,0.0147926205743491,1.24945174207766e-05,-0.996667087245295,1.56800304791211,0.000223139984927089,7.27842101575334e-06,0.945,0.00509779364038993,0.945,0.00509779364038993,0.9445,0.00511955808639769,0.076,0.00592553795026241,1,0,0,0.0579451528607705,970.154221292379,845.233639920147,6.40321337854893,2000,2000
36,8000,140,"above",16,"heterogeneous","fixed","fixed","c55-h60",-0.00361826406381834,6.20772990829443e-05,0.000169773197892116,0.00759248822488592,0.000120077802697285,0.00772001438007204,7.39078602444703e-06,1.67963586388096,1.61104184132794,5.76209080973702e-05,1.79485993674436e-06,0.956,0.00458606585212206,0.956,0.00458606585212206,0.957,0.00453602248671675,0.057,0.00518415856238985,1,0,0,0.0302022357544781,1940.97548447502,1690.10790511944,6.84381135853577,2000,2000
7,4000,35,"below",16,"null","fixed","fixed","c60-h24",0,-0.000383594152278226,0.000165622969797687,0.00740688438206047,0.000117142414329398,0.00730346985530784,3.00639402965793e-05,-1.39619469426454,1.61140986363333,5.4981649754749e-05,1.90468835706168e-06,0.9415,0.0052477495176504,0.9415,0.0052477495176504,0.9355,0.00549271107923947,0.0585,0.0052477495176504,1,0,0,0.0280106427728599,647.300483379788,453.494169062528,6.38306111200828,2000,2000
8,8000,35,"below",16,"null","fixed","fixed","c60-h24",0,-2.61451827416864e-05,8.32779081852091e-05,0.00372430127452227,5.8901100717091e-05,0.00366321282324835,1.5055148754476e-05,-1.64026610016301,1.60725851932331,1.38641683439971e-05,4.41653135456876e-07,0.936,0.00547284204047586,0.936,0.00547284204047586,0.935,0.00551248582764618,0.064,0.00547284204047586,1,0,0,0.0140735702217328,1297.61208220798,905.969257760552,6.88034856535417,2000,2000
9,4000,70,"boundary",16,"null","fixed","fixed","c60-h24",0,-0.000291489782955874,0.000230726948861535,0.0103184228379102,0.000163189392591565,0.0102275838746544,2.90099396007686e-05,-0.88035705342534,1.59262307549621,0.000106501581230544,3.4017759198166e-06,0.943,0.00518415856238985,0.943,0.00518415856238985,0.9425,0.00520546587732549,0.057,0.00518415856238985,1,0,0,0.0396763237363377,647.262208422204,453.605487727941,6.3573477302648,2000,2000
10,8000,70,"boundary",16,"null","fixed","fixed","c60-h24",0,-8.35346729046715e-05,0.000117747278217884,0.00526581836521539,8.32807216777179e-05,0.00516426465276541,1.43254337021411e-05,-1.92854567716999,1.57471085185584,2.77219566754893e-05,8.96157447307942e-07,0.9505,0.0048502448391808,0.9505,0.0048502448391808,0.95,0.00487339717240448,0.0495,0.0048502448391808,1,0,0,0.0200716558341965,1297.45613058003,907.458218803577,6.88537360404995,2000,2000
11,4000,140,"above",16,"null","fixed","fixed","c60-h24",0,4.98564009830954e-05,0.000311867225497545,0.0139471263233353,0.000220578581519333,0.0142146080427622,2.58476534197259e-05,1.91782674958183,1.62248440335268,0.000194427557173453,6.1946902984221e-06,0.947,0.0050095408971282,0.947,0.0050095408971282,0.947,0.0050095408971282,0.053,0.0050095408971282,1,0,0,0.0555156545847053,648.014457988756,453.603325674486,6.3934864784078,2000,2000
12,8000,140,"above",16,"null","fixed","fixed","c60-h24",0,-0.000213581659930694,0.000162170494593429,0.00725248499711338,0.000114700535154467,0.00722578335774713,1.39661485652329e-05,-0.368172279940959,1.58743507421769,5.26178564894967e-05,1.68295770665007e-06,0.9455,0.00507591124823908,0.9455,0.00507591124823908,0.946,0.00505390937789747,0.0545,0.00507591124823908,1,0,0,0.0282086788530623,1297.40265575372,907.640441087371,6.86506632597092,2000,2000
19,4000,35,"below",16,"homogeneous","fixed","fixed","c60-h24",-0.00337605070314928,-7.23896773557368e-05,0.000155613805831947,0.00695926096155373,0.000110063096564489,0.00697613048863803,3.01266464662861e-05,0.242404002055641,1.64340928180629,4.84123377398278e-05,1.57166674631833e-06,0.9385,0.00537204569973116,0.9385,0.00537204569973116,0.9375,0.00541265877365274,0.056,0.00514120608417908,1,0,0,0.0265506145025513,649.463802876961,453.70531277696,6.44099015139877,2000,2000
20,8000,35,"below",16,"homogeneous","fixed","fixed","c60-h24",-0.00169121530200601,-4.03101408685814e-05,7.817475335611e-05,0.00349608125257084,5.52917228747083e-05,0.00349005780003307,1.49785829800538e-05,-0.172291548811609,1.6359093256889,1.22180977399718e-05,4.12870154392044e-07,0.939,0.00535158854920668,0.939,0.00535158854920668,0.938,0.00539240206216117,0.0565,0.00516273909857936,1,0,0,0.0133928108549563,1297.82342078635,907.207005647009,6.88024839139039,2000,2000
21,4000,70,"boundary",16,"homogeneous","fixed","fixed","c60-h24",-0.0067211966444788,8.14549602282922e-05,0.000218335493714734,0.00976426011694246,0.000154425119286214,0.00980820848349848,2.90709098436126e-05,0.450094180508032,1.61631032420227,9.52997401540434e-05,3.1831337630289e-06,0.945,0.00509779364038993,0.945,0.00509779364038993,0.9455,0.00507591124823908,0.0765,0.00594338918463195,1,0,0,0.038048699891492,646.721416183204,453.207915320041,6.38411719157538,2000,2000
22,8000,70,"boundary",16,"homogeneous","fixed","fixed","c60-h24",-0.00337492021109401,0.000208967444245209,0.000111090693420863,0.00496812684313277,7.85726282576812e-05,0.00489415008477261,1.48487283570275e-05,-1.48902716649473,1.58639394374112,2.4713610580046e-05,8.14395590396815e-07,0.939,0.00535158854920668,0.939,0.00535158854920668,0.9405,0.00528960064655168,0.076,0.00592553795026241,1,0,0,0.018906403853032,1297.77174561253,907.420775881536,6.81574405092605,2000,2000
23,4000,140,"above",16,"homogeneous","fixed","fixed","c60-h24",-0.0133540530583658,-0.000133649004604518,0.00030610237480769,0.0136893143628823,0.000216501197030436,0.013646291411263,2.72831081031244e-05,-0.314281274275674,1.58911131864067,0.000187321491118384,5.99303007289029e-06,0.9445,0.00511955808639769,0.9445,0.00511955808639769,0.9445,0.00511955808639769,0.149,0.00796238029737339,1,0,0,0.0533092243550058,648.864149013163,453.270835986259,6.40646280343255,2000,2000
24,8000,140,"above",16,"homogeneous","fixed","fixed","c60-h24",-0.00672915547658031,0.000148882132761914,0.000156536467918119,0.00700052366445258,0.00011071568034871,0.00689071231278603,1.42552409463595e-05,-1.56861624829805,1.56998778204534,4.9004993800228e-05,1.6035329153089e-06,0.9395,0.0053310294503032,0.9395,0.0053310294503032,0.9415,0.0052477495176504,0.1425,0.00781644900194455,1,0,0,0.0268734982724506,1297.59445658568,907.859712857686,6.82407498503954,2000,2000
31,4000,35,"below",16,"heterogeneous","fixed","fixed","c60-h24",-2.71315312758025e-05,0.000224896406576823,0.000159468556021671,0.00713165063076379,0.000112789498249066,0.00725840654895333,2.86563732032743e-05,1.77737139341565,1.65903973293468,5.08855888926051e-05,1.717906734541e-06,0.9415,0.0052477495176504,0.9415,0.0052477495176504,0.942,0.00522666241496426,0.0585,0.0052477495176504,1,0,0,0.0278049431275837,648.578646877096,452.737037692613,6.37911720578779,2000,2000
32,8000,35,"below",16,"heterogeneous","fixed","fixed","c60-h24",-1.11115468432905e-05,-3.96798368755173e-06,7.99663814433759e-05,0.00357620529644132,5.65589120814896e-05,0.00365354367617519,1.44020682050273e-05,2.16258221559107,1.66516858640843,1.27828654450284e-05,4.12867786443279e-07,0.941,0.00526872849936301,0.941,0.00526872849936301,0.941,0.00526872849936301,0.058,0.00522666241496426,1,0,0,0.0139846472071884,1297.90330649841,909.262070670959,6.8481760077005,2000,2000
33,4000,70,"boundary",16,"heterogeneous","fixed","fixed","c60-h24",-7.51235242216347e-05,0.000256391993643048,0.000223647995694481,0.0100018424280888,0.000158182564940024,0.0101890027343269,2.83084673223396e-05,1.87125829649597,1.63580059783768,0.000100052570384744,3.11239476705532e-06,0.948,0.00496467521596328,0.948,0.00496467521596328,0.95,0.00487339717240448,0.051,0.00491929873051027,1,0,0,0.0396922642952941,648.62955630629,453.2250282907,6.43720364685828,2000,2000
34,8000,70,"boundary",16,"heterogeneous","fixed","fixed","c60-h24",-2.7567779876829e-05,7.39742638992545e-05,0.000116325598421337,0.00520223891186901,8.22751908387626e-05,0.00513011253637888,1.46808719726021e-05,-1.38644873317085,1.58493306443298,2.70552302430355e-05,8.37154228400924e-07,0.9435,0.00516273909857936,0.9435,0.00516273909857936,0.944,0.00514120608417908,0.056,0.00514120608417908,1,0,0,0.0198977854674409,1297.82348061934,908.084772777464,6.84872973992737,2000,2000
35,4000,140,"above",16,"heterogeneous","fixed","fixed","c60-h24",-0.000190676700937732,0.00041482017180084,0.000314590057502423,0.0140688950724197,0.000222504396007832,0.0142036178883361,2.60737541246801e-05,0.957593437315984,1.60739866825483,0.000198006917429408,6.24897501707758e-06,0.9495,0.00489641450451246,0.9495,0.00489641450451246,0.951,0.00482695556225661,0.0495,0.0048502448391808,1,0,0,0.0554286190281341,648.303174313568,453.564565376522,6.36936779426442,2000,2000
36,8000,140,"above",16,"heterogeneous","fixed","fixed","c60-h24",-7.20113530528095e-05,0.000134939600033152,0.000162852527062998,0.00728298641640974,0.000115182925551366,0.00719023274331977,1.40193716174417e-05,-1.27356647104246,1.57321339883206,5.3033578891695e-05,1.62762996853677e-06,0.9415,0.0052477495176504,0.9415,0.0052477495176504,0.942,0.00522666241496426,0.058,0.00522666241496426,1,0,0,0.0280323217594114,1298.1159171916,906.888035885355,6.8328497824318,2000,2000
7,4000,35,"below",16,"null","fixed","fixed","c60-h36",0,-0.000480582917233519,0.000200852058061211,0.00898237710491205,0.000142059371553711,0.00889382844474367,2.89077086803936e-05,-0.985804304742055,1.59867176150494,8.08737168459576e-05,2.68293472223754e-06,0.946,0.00505390937789747,0.946,0.00505390937789747,0.9435,0.00516273909857936,0.054,0.00505390937789747,1,0,0,0.0343555683927765,647.300483379788,453.494169062528,6.38306111200828,2000,2000
8,8000,35,"below",16,"null","fixed","fixed","c60-h36",0,4.10712254361493e-05,9.92372928191741e-05,0.0044380266529345,7.01889121210154e-05,0.00445026641343225,1.50064111207446e-05,0.275792856936885,1.62154241042464,1.96879193774298e-05,6.12111039705371e-07,0.947,0.0050095408971282,0.947,0.0050095408971282,0.947,0.0050095408971282,0.053,0.0050095408971282,1,0,0,0.017186122550171,1297.61208220798,905.969257760552,6.88034856535417,2000,2000
9,4000,70,"boundary",16,"null","fixed","fixed","c60-h36",0,-0.000188074080359184,0.000275144891188769,0.0123048536071974,0.00019460547582031,0.0123805345008138,2.84603871373097e-05,0.615049118277367,1.60798320719426,0.000151369089443114,4.72694793813525e-06,0.9465,0.00503178646208283,0.9465,0.00503178646208283,0.9465,0.00503178646208283,0.0535,0.00503178646208283,1,0,0,0.0481995664295464,647.262208422204,453.605487727941,6.3573477302648,2000,2000
10,8000,70,"boundary",16,"null","fixed","fixed","c60-h36",0,-3.81337747463092e-07,0.000140917535582241,0.00630202377567271,9.96686652800437e-05,0.006266204269578,1.42361238351691e-05,-0.568381005368312,1.58868748120347,3.96956460627281e-05,1.24556098072537e-06,0.9495,0.00489641450451246,0.9495,0.00489641450451246,0.9495,0.00489641450451246,0.0505,0.00489641450451246,1,0,0,0.0244854500788022,1297.45613058003,907.458218803577,6.88537360404995,2000,2000
11,4000,140,"above",16,"null","fixed","fixed","c60-h36",0,0.000407315622267429,0.000379561450616655,0.0169745041043454,0.000268457598399038,0.0169962918228677,2.41190283981146e-05,0.128355552470572,1.58992617058305,0.000288155628709788,9.16953568561759e-06,0.946,0.00505390937789747,0.946,0.00505390937789747,0.9455,0.00507591124823908,0.054,0.00505390937789747,1,0,0,0.0665320342835374,648.014457988756,453.603325674486,6.3934864784078,2000,2000
12,8000,140,"above",16,"null","fixed","fixed","c60-h36",0,-0.000155401921508611,0.000192745017668494,0.00861981923662301,0.000136325394643208,0.00873610286177752,1.36517990689191e-05,1.34902626102018,1.61067504678167,7.42882827874289e-05,2.31373013545945e-06,0.953,0.00473238840333293,0.953,0.00473238840333293,0.954,0.00468422885862764,0.047,0.00473238840333293,1,0,0,0.034147229397147,1297.40265575372,907.640441087371,6.86506632597092,2000,2000
19,4000,35,"below",16,"homogeneous","fixed","fixed","c60-h36",-0.0050271284061546,-0.000151929938405865,0.000190475289412264,0.00851831390319537,0.000134720053016191,0.00849247709707394,2.99015633376551e-05,-0.303308922575973,1.61533909946794,7.25484736236789e-05,2.34531173504651e-06,0.9405,0.00528960064655168,0.9405,0.00528960064655168,0.9385,0.00537204569973116,0.0715,0.00576141258720463,1,0,0,0.0328931950522982,649.463802876961,453.70531277696,6.44099015139877,2000,2000
20,8000,35,"below",16,"homogeneous","fixed","fixed","c60-h36",-0.00252758914826296,-0.000127257406286133,9.57724100163367e-05,0.00428307238331021,6.77382572547937e-05,0.00426934785318659,1.51560593273274e-05,-0.320436567383375,1.6156927380657,1.83517311336089e-05,6.00824801325041e-07,0.937,0.00543281694887652,0.937,0.00543281694887652,0.9375,0.00541265877365274,0.0715,0.00576141258720463,1,0,0,0.016417630423739,1297.82342078635,907.207005647009,6.88024839139039,2000,2000
21,4000,70,"boundary",16,"homogeneous","fixed","fixed","c60-h36",-0.00993428021582048,0.000108183758513794,0.000264591028028406,0.0118328704981613,0.00018714090123493,0.0118550031881032,2.79279021036981e-05,0.187044132235492,1.60197426525945,0.00013995851953975,4.42563294558273e-06,0.9495,0.00489641450451246,0.9495,0.00489641450451246,0.9495,0.00489641450451246,0.1085,0.00695441406590088,1,0,0,0.0461617962301362,646.721416183204,453.207915320041,6.38411719157538,2000,2000
22,8000,70,"boundary",16,"homogeneous","fixed","fixed","c60-h36",-0.00502546368876779,0.000150650755943662,0.000137320607471113,0.00614116426033949,9.71246169296159e-05,0.00597078726320312,1.49756664259156e-05,-2.77434359208867,1.5568736482433,3.77177371735013e-05,1.23710570240582e-06,0.934,0.0055517564788092,0.934,0.0055517564788092,0.9335,0.00557125434709276,0.112,0.00705180827873248,1,0,0,0.023175943979175,1297.77174561253,907.420775881536,6.81574405092605,2000,2000
23,4000,140,"above",16,"homogeneous","fixed","fixed","c60-h36",-0.0194393630774733,-0.000378479504736602,0.000366455034283395,0.0163883673470937,0.000259187644754565,0.0163339013445652,2.63071300801947e-05,-0.332345506876575,1.58443061032994,0.000268587541746642,8.33004879082683e-06,0.946,0.00505390937789747,0.946,0.00505390937789747,0.943,0.00518415856238985,0.22,0.00926282894152753,1,0,0,0.0638157273842187,648.864149013163,453.270835986259,6.40646280343255,2000,2000
24,8000,140,"above",16,"homogeneous","fixed","fixed","c60-h36",-0.00994576706328144,0.000171388829769955,0.000189380452641909,0.00846935131433978,0.000133945692897346,0.00834221843374187,1.3832284837557e-05,-1.50109348259827,1.56633201163566,7.17234208608359e-05,2.29973827140793e-06,0.9405,0.00528960064655168,0.9405,0.00528960064655168,0.9415,0.0052477495176504,0.197,0.00889356508943404,1,0,0,0.0326417989162007,1297.59445658568,907.859712857686,6.82407498503954,2000,2000
31,4000,35,"below",16,"heterogeneous","fixed","fixed","c60-h36",-4.48610497542148e-05,0.000232373650321561,0.000194185474180776,0.00868423841022493,0.000137344205945719,0.00884158352600597,2.77415897926839e-05,1.81184703077448,1.64157124810272,7.54322862806069e-05,2.45539045201035e-06,0.955,0.00463546114210873,0.955,0.00463546114210873,0.956,0.00458606585212206,0.045,0.00463546114210873,1,0,0,0.0341477915797642,648.578646877096,452.737037692613,6.37911720578779,2000,2000
32,8000,35,"below",16,"heterogeneous","fixed","fixed","c60-h36",-1.77334271556345e-05,-8.51434000174321e-05,9.96884535292832e-05,0.00445820317326612,7.05080107031583e-05,0.0044636830311024,1.45868020024264e-05,0.122916287645558,1.61692816555453,1.98728871449195e-05,6.15299585463327e-07,0.944,0.00514120608417908,0.944,0.00514120608417908,0.942,0.00522666241496426,0.056,0.00514120608417908,1,0,0,0.0172784388234389,1297.90330649841,909.262070670959,6.8481760077005,2000,2000
33,4000,70,"boundary",16,"heterogeneous","fixed","fixed","c60-h36",-0.000128508908576103,0.000435417511870658,0.00027033303293839,0.0120896607642786,0.000191202127277842,0.0123026609444088,2.77089447626744e-05,1.76183752615706,1.62563633726477,0.000146276405856284,4.68617130044267e-06,0.9485,0.00494205169944629,0.9485,0.00494205169944629,0.9495,0.00489641450451246,0.0515,0.00494205169944629,1,0,0,0.047951384293389,648.62955630629,453.2250282907,6.43720364685828,2000,2000
34,8000,70,"boundary",16,"heterogeneous","fixed","fixed","c60-h36",-4.54998477177164e-05,7.5537414824639e-05,0.000142268298973079,0.00636243175094135,0.000100624038106553,0.00624587009578337,1.44528483899213e-05,-1.83202994893794,1.56909021560501,4.04660034175323e-05,1.28399426187724e-06,0.94,0.0053103672189407,0.94,0.0053103672189407,0.941,0.00526872849936301,0.0595,0.00528960064655168,1,0,0,0.0243600361485129,1297.82348061934,908.084772777464,6.84872973992737,2000,2000
35,4000,140,"above",16,"heterogeneous","fixed","fixed","c60-h36",-0.000345914473077497,0.000408584522460124,0.000378896412312766,0.0169447626872426,0.00026798722769723,0.0169668532820274,2.47423664568543e-05,0.130368274802661,1.59031372481347,0.000287148361347701,9.21266064587597e-06,0.9515,0.00480352734977121,0.9515,0.00480352734977121,0.9525,0.00475624589355933,0.0475,0.00475624589355933,1,0,0,0.0663097795608445,648.303174313568,453.564565376522,6.36936779426442,2000,2000
36,8000,140,"above",16,"heterogeneous","fixed","fixed","c60-h36",-0.00012399258398197,9.31872973368257e-05,0.000194838213248746,0.00871342978877593,0.00013780587759937,0.00870815188416515,1.37163212993354e-05,-0.0605720679310862,1.58839578841455,7.58945806269707e-05,2.33158981444676e-06,0.9465,0.00503178646208283,0.9465,0.00503178646208283,0.946,0.00505390937789747,0.054,0.00505390937789747,1,0,0,0.0340323464222009,1298.1159171916,906.888035885355,6.8328497824318,2000,2000
7,4000,35,"below",16,"null","fixed","fixed","c60-h48",0,-0.000430395759367961,0.000230628149483675,0.0103140043954096,0.000163119513409523,0.0102057231066373,2.84421155404273e-05,-1.04984722345541,1.58904135425769,0.000106510737834877,3.42039370410198e-06,0.9425,0.00520546587732549,0.9425,0.00520546587732549,0.9385,0.00537204569973116,0.0575,0.00520546587732549,1,0,0,0.0396834347045496,647.300483379788,453.494169062528,6.38306111200828,2000,2000
8,8000,35,"below",16,"null","fixed","fixed","c60-h48",0,3.53005035095131e-05,0.000112637573096314,0.00503730540527917,7.96667109207363e-05,0.00511911942819678,1.48781010261572e-05,1.62416245065997,1.63413454770855,2.53630046487298e-05,8.16050451597809e-07,0.949,0.00491929873051028,0.949,0.00491929873051028,0.9495,0.00489641450451246,0.051,0.00491929873051027,1,0,0,0.0198731889721866,1297.61208220798,905.969257760552,6.88034856535417,2000,2000
9,4000,70,"boundary",16,"null","fixed","fixed","c60-h48",0,-0.000300543414090979,0.000313721802775744,0.0140300655406069,0.000221890293658018,0.0141022518374052,2.74297664602176e-05,0.514511472447343,1.60164861507494,0.000196834644047943,6.25151388348012e-06,0.9505,0.0048502448391808,0.9505,0.0048502448391808,0.95,0.00487339717240448,0.0495,0.0048502448391808,1,0,0,0.0549433948966379,647.262208422204,453.605487727941,6.3573477302648,2000,2000
10,8000,70,"boundary",16,"null","fixed","fixed","c60-h48",0,-0.00013640687799742,0.000161534269780665,0.00722403215850714,0.000114250543763089,0.00719616601206055,1.39365628403526e-05,-0.385742281251844,1.58720162345978,5.21791541431968e-05,1.61686193930372e-06,0.9535,0.00470838348055891,0.9535,0.00470838348055891,0.953,0.00473238840333293,0.0465,0.00470838348055891,1,0,0,0.028056038043989,1297.45613058003,907.458218803577,6.88537360404995,2000,2000
11,4000,140,"above",16,"null","fixed","fixed","c60-h48",0,0.000377747270781574,0.000430415725510527,0.0192487764165286,0.000304425994252076,0.0191778241822514,2.31228045080037e-05,-0.36860646485698,1.58027698426558,0.000370472828837322,1.25380939394217e-05,0.946,0.00505390937789747,0.946,0.00505390937789747,0.947,0.0050095408971282,0.054,0.00505390937789747,1,0,0,0.0751690418194517,648.014457988756,453.603325674486,6.3934864784078,2000,2000
12,8000,140,"above",16,"null","fixed","fixed","c60-h48",0,8.18942333600762e-06,0.000219202636766925,0.00980303993316076,0.000155038435366868,0.00996080940495985,1.32059305298683e-05,1.60939333997208,1.61262391587825,9.60516092018335e-05,2.96739285141903e-06,0.9535,0.00470838348055891,0.9535,0.00470838348055891,0.9535,0.00470838348055891,0.0465,0.00470838348055891,1,0,0,0.0389656141953971,1297.40265575372,907.640441087371,6.86506632597092,2000,2000
19,4000,35,"below",16,"homogeneous","fixed","fixed","c60-h48",-0.00665400462408062,-7.69879871438362e-05,0.000215602660054211,0.00964204408021989,0.000152492230790462,0.00973826090859634,2.87801623103165e-05,0.997888285678239,1.62496554640577,9.29284566880453e-05,2.97138229828711e-06,0.9515,0.00480352734977121,0.9515,0.00480352734977121,0.9515,0.00480352734977121,0.0905,0.00641520654383006,1,0,0,0.0377068710326026,649.463802876961,453.70531277696,6.44099015139877,2000,2000
20,8000,35,"below",16,"homogeneous","fixed","fixed","c60-h48",-0.00335786077638612,-0.00011933209093067,0.000109515873082767,0.00489769873656611,7.74587836214873e-05,0.00491247167384827,1.49708213869989e-05,0.301630175246625,1.615486584392,2.39896993356301e-05,7.96765962197651e-07,0.9385,0.00537204569973116,0.9385,0.00537204569973116,0.9395,0.0053310294503032,0.082,0.00613498166256428,1,0,0,0.0190250664645093,1297.82342078635,907.207005647009,6.88024839139039,2000,2000
21,4000,70,"boundary",16,"homogeneous","fixed","fixed","c60-h48",-0.0130524603110041,0.000218987845665798,0.000305595265120218,0.0136666357282175,0.000216142526652813,0.0135306047750503,2.79309436592843e-05,-0.995350691072716,1.57907390983286,0.000186731499338278,5.95470687416136e-06,0.947,0.0050095408971282,0.947,0.0050095408971282,0.9465,0.00503178646208283,0.147,0.00791804900212167,1,0,0,0.0528003129220007,646.721416183204,453.207915320041,6.38411719157538,2000,2000
22,8000,70,"boundary",16,"homogeneous","fixed","fixed","c60-h48",-0.00665182578463732,0.00016588520687177,0.000152461004313004,0.00681826339123531,0.000107833171679786,0.00686873039018384,1.4513215414315e-05,0.740173795770405,1.6073964559963,4.64929892162824e-05,1.48339015916717e-06,0.9515,0.00480352734977121,0.9515,0.00480352734977121,0.952,0.00477995815881269,0.1285,0.00748290551858033,1,0,0,0.0268018284023509,1297.77174561253,907.420775881536,6.81574405092605,2000,2000
23,4000,140,"above",16,"homogeneous","fixed","fixed","c60-h48",-0.0251579792478823,-0.000403635076510835,0.000412174612957777,0.0184330090634651,0.000291524354056313,0.0184350372642633,2.47670359241254e-05,0.0110030912002124,1.58740490853063,0.000339768856497211,1.02313062591624e-05,0.9545,0.00465992220965114,0.9545,0.00465992220965114,0.9525,0.00475624589355933,0.2755,0.00998998873873239,1,0,0,0.0721154888714039,648.864149013163,453.270835986259,6.40646280343255,2000,2000
24,8000,140,"above",16,"homogeneous","fixed","fixed","c60-h48",-0.0130671926974671,9.45471811887684e-06,0.000215987889494932,0.0096592720645476,0.000152764697265444,0.00954062274386995,1.35840586374102e-05,-1.22834640006813,1.56842514288281,9.3254975440236e-05,2.9169188388576e-06,0.9425,0.00520546587732549,0.9425,0.00520546587732549,0.9425,0.00520546587732549,0.2715,0.00994453995919369,1,0,0,0.0372541340705676,1297.59445658568,907.859712857686,6.82407498503954,2000,2000
31,4000,35,"below",16,"heterogeneous","fixed","fixed","c60-h48",-6.52479650004242e-05,0.00033092805588727,0.000220945010644785,0.00988096126182307,0.000156270787877914,0.0101444267364818,2.72148756707409e-05,2.66639517833858,1.64689879485994,9.76940921380927e-05,3.11894968785865e-06,0.9515,0.00480352734977121,0.9515,0.00480352734977121,0.953,0.00473238840333293,0.049,0.00482695556225661,1,0,0,0.0394779877554552,648.578646877096,452.737037692613,6.37911720578779,2000,2000
32,8000,35,"below",16,"heterogeneous","fixed","fixed","c60-h48",-2.50509928857775e-05,-9.79776137616613e-05,0.000115740104479045,0.00517605482676147,8.18610805613113e-05,0.00513765140247409,1.44487974832567e-05,-0.741943923948152,1.59442640522561,2.67877474106543e-05,8.252553169534e-07,0.95,0.00487339717240448,0.95,0.00487339717240448,0.95,0.00487339717240448,0.0505,0.00489641450451246,1,0,0,0.020017779898337,1297.90330649841,909.262070670959,6.8481760077005,2000,2000
33,4000,70,"boundary",16,"heterogeneous","fixed","fixed","c60-h48",-0.000191528973499132,0.000346940640089458,0.000309933168941938,0.013860632684722,0.000219210654989274,0.0140550878694317,2.70153655563467e-05,1.40293151930939,1.61552263790527,0.000192141447659319,6.07272820432294e-06,0.9485,0.00494205169944629,0.9485,0.00494205169944629,0.9505,0.0048502448391808,0.05,0.00487339717240448,1,0,0,0.0549721945531441,648.62955630629,453.2250282907,6.43720364685828,2000,2000
34,8000,70,"boundary",16,"heterogeneous","fixed","fixed","c60-h48",-6.60794235633373e-05,6.77281827343019e-06,0.000162553951452014,0.00726963370915806,0.000114971747911131,0.00716971889851722,1.40353860303465e-05,-1.374413273601,1.57170085878636,5.28211963492619e-05,1.63688625145029e-06,0.9465,0.00503178646208283,0.9465,0.00503178646208283,0.946,0.00505390937789747,0.054,0.00505390937789747,1,0,0,0.0279659680874082,1297.82348061934,908.084772777464,6.84872973992737,2000,2000
35,4000,140,"above",16,"heterogeneous","fixed","fixed","c60-h48",-0.000534013052573834,0.000690068238288155,0.000433567977133571,0.0193897493947548,0.000306655530204415,0.0191245432657011,2.324633388629e-05,-1.36776460414378,1.56450301361601,0.000376250594574092,1.15415824753652e-05,0.9475,0.00498717104178311,0.9475,0.00498717104178311,0.9465,0.00503178646208283,0.0525,0.00498717104178311,1,0,0,0.074714516959767,648.303174313568,453.564565376522,6.36936779426442,2000,2000
36,8000,140,"above",16,"heterogeneous","fixed","fixed","c60-h48",-0.000185700677183667,7.92252566889142e-05,0.000215813949751086,0.00965149324272302,0.000152641672533024,0.00993546964130571,1.32788133478803e-05,2.94230531422477,1.63387084509718,9.31110227947185e-05,2.90085479100744e-06,0.9585,0.00445969449626317,0.9585,0.00445969449626317,0.9585,0.00445969449626317,0.0415,0.00445969449626317,1,0,0,0.038800962161312,1298.1159171916,906.888035885355,6.8328497824318,2000,2000
7,4000,35,"below",16,"null","fixed","fixed","c60-h60",0,-0.000373860986139832,0.000255632537488928,0.0114322346217201,0.0001808047075788,0.0113300271479694,2.83917862472507e-05,-0.894028832793159,1.58694793056179,0.000130770412488791,4.16061765744228e-06,0.9495,0.00489641450451246,0.9495,0.00489641450451246,0.9455,0.00507591124823908,0.0505,0.00489641450451246,1,0,0,0.0440685148931696,647.300483379788,453.494169062528,6.38306111200828,2000,2000
8,8000,35,"below",16,"null","fixed","fixed","c60-h60",0,3.21144907451514e-05,0.000126603541823911,0.00566188251421005,8.95446118978655e-05,0.00571508754188006,1.45090879527582e-05,0.939705610924912,1.61683301476204,3.2041916488431e-05,1.01566039888966e-06,0.9575,0.00451075104611194,0.9575,0.00451075104611194,0.9575,0.00451075104611194,0.0425,0.00451075104611194,1,0,0,0.0222496439040334,1297.61208220798,905.969257760552,6.88034856535417,2000,2000
9,4000,70,"boundary",16,"null","fixed","fixed","c60-h60",0,-0.000193902195039381,0.000348224411455618,0.0155730691087924,0.000246293423769499,0.015568152801206,2.64028559798857e-05,-0.031569291525102,1.59009937737236,0.000242436819287731,7.58095070586071e-06,0.948,0.00496467521596328,0.948,0.00496467521596328,0.9485,0.00494205169944629,0.052,0.00496467521596328,1,0,0,0.060842221906238,647.262208422204,453.605487727941,6.3573477302648,2000,2000
10,8000,70,"boundary",16,"null","fixed","fixed","c60-h60",0,-0.000116563358307894,0.000179917146288614,0.00804613938838231,0.000127252451282866,0.0079950510817607,1.37711212501654e-05,-0.634941854168969,1.58078507889169,6.47215758942488e-05,2.06030286969702e-06,0.946,0.00505390937789747,0.946,0.00505390937789747,0.945,0.00509779364038993,0.054,0.00505390937789747,1,0,0,0.0312135373306916,1297.45613058003,907.458218803577,6.88537360404995,2000,2000
11,4000,140,"above",16,"null","fixed","fixed","c60-h60",0,0.000257215262932119,0.000473496592033649,0.0211754113380345,0.000334896385660258,0.0209349535978465,2.18875686292396e-05,-1.13555168468475,1.56698790871672,0.000448240006003777,1.55689161539628e-05,0.9495,0.00489641450451246,0.9495,0.00489641450451246,0.95,0.00487339717240448,0.0505,0.00489641450451246,1,0,0,0.082021272215085,648.014457988756,453.603325674486,6.3934864784078,2000,2000
12,8000,140,"above",16,"null","fixed","fixed","c60-h60",0,1.99492411975197e-05,0.000240949203321346,0.0107755759550189,0.000170419425773402,0.0110090507877479,1.28525968177316e-05,2.16670397669336,1.62019778003431,0.000116055378616026,3.6326628157533e-06,0.9535,0.00470838348055891,0.9535,0.00470838348055891,0.954,0.00468422885862764,0.0465,0.00470838348055891,1,0,0,0.0430461934045497,1297.40265575372,907.640441087371,6.86506632597092,2000,2000
19,4000,35,"below",16,"homogeneous","fixed","fixed","c60-h60",-0.00825699659702835,-5.41626397899383e-05,0.000239887502523172,0.0107280952518893,0.000169668502185053,0.0108017202173851,2.84369448882238e-05,0.686281802753652,1.61429913757739,0.000115037415311292,3.72662958058492e-06,0.944,0.00514120608417908,0.944,0.00514120608417908,0.9445,0.00511955808639769,0.1,0.00670820393249937,1,0,0,0.0418640473236296,649.463802876961,453.70531277696,6.44099015139877,2000,2000
20,8000,35,"below",16,"homogeneous","fixed","fixed","c60-h60",-0.00418207008492532,-0.000114740333601046,0.000123452109296546,0.00552094616705622,8.73156552784868e-05,0.00547372606128734,1.48789262691527e-05,-0.855290095937622,1.59099896871084,3.04787715003977e-05,9.87536809623877e-07,0.9445,0.00511955808639769,0.9445,0.00511955808639769,0.9425,0.00520546587732549,0.0935,0.00650990591329859,1,0,0,0.02114181762695,1297.82342078635,907.207005647009,6.88024839139039,2000,2000
21,4000,70,"boundary",16,"homogeneous","fixed","fixed","c60-h60",-0.0160782292575361,0.000400732220555284,0.000344248314009301,0.0153952526252898,0.000243481195157492,0.0149431553389642,2.72423081205944e-05,-2.93660193391658,1.545256064491,0.000237055882807386,7.73660769332761e-06,0.9395,0.0053310294503032,0.9395,0.0053310294503032,0.94,0.0053103672189407,0.1705,0.00840921369689224,1,0,0,0.0582673017751107,646.721416183204,453.207915320041,6.38411719157538,2000,2000
22,8000,70,"boundary",16,"homogeneous","fixed","fixed","c60-h60",-0.00825432331465037,0.000129434307011131,0.000168492230228062,0.00753520160940981,0.000119171795245369,0.00763031803000996,1.43228447290337e-05,1.2622943025355,1.61273851895872,5.67676269026366e-05,1.74480094727543e-06,0.95,0.00487339717240448,0.95,0.00487339717240448,0.9505,0.0048502448391808,0.1685,0.00836981929315084,1,0,0,0.029773851803988,1297.77174561253,907.420775881536,6.81574405092605,2000,2000
23,4000,140,"above",16,"homogeneous","fixed","fixed","c60-h60",-0.0305293212028827,-0.00048991911979419,0.000443092392030047,0.0198156941778434,0.000313391992890786,0.0201580468210536,2.31153914233162e-05,1.72768433009534,1.61308162438144,0.000392705425625883,1.21312406758009e-05,0.951,0.00482695556225661,0.951,0.00482695556225661,0.952,0.00477995815881269,0.3295,0.0105102271621502,1,0,0,0.0789052782701356,648.864149013163,453.270835986259,6.40646280343255,2000,2000
24,8000,140,"above",16,"homogeneous","fixed","fixed","c60-h60",-0.0160959378863625,-1.2540818561633e-05,0.000232514800108998,0.0103983779763699,0.000164453910501403,0.0105501133832992,1.30510495092001e-05,1.45922188320242,1.60951349363,0.000108072358679316,3.46487462386448e-06,0.9525,0.00475624589355933,0.9525,0.00475624589355933,0.9525,0.00475624589355933,0.321,0.0104393246908026,1,0,0,0.0412234585742702,1297.59445658568,907.859712857686,6.82407498503954,2000,2000
31,4000,35,"below",16,"heterogeneous","fixed","fixed","c60-h60",-8.82061245508908e-05,0.000278191343142755,0.000246090714827235,0.0110055113397042,0.000174055932665157,0.0112758698457015,2.71853167105969e-05,2.4565737806461,1.63910550313133,0.000121138109631834,3.9803750940071e-06,0.948,0.00496467521596328,0.948,0.00496467521596328,0.95,0.00487339717240448,0.0515,0.00494205169944629,1,0,0,0.0440334978095131,648.578646877096,452.737037692613,6.37911720578779,2000,2000
32,8000,35,"below",16,"heterogeneous","fixed","fixed","c60-h60",-3.30531246885736e-05,-7.61152735677137e-05,0.000130247762578992,0.00582485702087759,9.21221095609067e-05,0.00571785634120832,1.44198711561075e-05,-1.8369666291508,1.5720957675662,3.39177883688804e-05,1.05991889617903e-06,0.941,0.00526872849936301,0.941,0.00526872849936301,0.9395,0.0053310294503032,0.059,0.00526872849936301,1,0,0,0.0222261295811992,1297.90330649841,909.262070670959,6.8481760077005,2000,2000
33,4000,70,"boundary",16,"heterogeneous","fixed","fixed","c60-h60",-0.000263539281910544,0.000173793084733583,0.000345129099533456,0.015434642551402,0.00024410416033516,0.0155374276222609,2.57653875030877e-05,0.665937487807833,1.60079400224688,0.000238139280630504,7.45193261978888e-06,0.9465,0.00503178646208283,0.9465,0.00503178646208283,0.946,0.00505390937789747,0.0535,0.00503178646208283,1,0,0,0.06078915508609,648.62955630629,453.2250282907,6.43720364685828,2000,2000
34,8000,70,"boundary",16,"heterogeneous","fixed","fixed","c60-h60",-8.92207139133114e-05,-0.00011733762621444,0.00018310824562381,0.00818884968911134,0.000129509463585847,0.00797085323193427,1.3959430333087e-05,-2.66211330593767,1.54884168634065,6.70374987197688e-05,2.09850927609423e-06,0.947,0.0050095408971282,0.947,0.0050095408971282,0.946,0.00505390937789747,0.0525,0.00498717104178311,1,0,0,0.0310939790405088,1297.82348061934,908.084772777464,6.84872973992737,2000,2000
35,4000,140,"above",16,"heterogeneous","fixed","fixed","c60-h60",-0.000750310101979845,0.000635050610737687,0.000472777403669354,0.0211432482566107,0.000334387715507476,0.0208777651176512,2.15109550110663e-05,-1.25564026746215,1.56498639270446,0.000447216717645449,1.37699789432008e-05,0.9535,0.00470838348055891,0.9535,0.00470838348055891,0.9535,0.00470838348055891,0.0465,0.00470838348055891,1,0,0,0.0817263351218092,648.303174313568,453.564565376522,6.36936779426442,2000,2000
36,8000,140,"above",16,"heterogeneous","fixed","fixed","c60-h60",-0.000256484886897224,0.000166728277152619,0.000239804874254668,0.0107244000033845,0.000169610060563844,0.010975432106503,1.30548279838429e-05,2.34075662078337,1.62312528908589,0.00011498304737328,3.42178178312212e-06,0.953,0.00473238840333293,0.953,0.00473238840333293,0.9545,0.00465992220965114,0.0455,0.00465992220965114,1,0,0,0.0428670475199063,1298.1159171916,906.888035885355,6.8328497824318,2000,2000
1,4000,35,"below",4,"null","naive","effect_seeking",NA,0,-0.00290700729722957,0.000134534502844002,0.00601656587356654,9.51540507515503e-05,0.00652178473542682,2.95672969180328e-05,8.39713006517444,1.78338408613863,4.4631656804656e-05,1.47095957217715e-06,0.9575,0.00451075104611194,0.9575,0.00451075104611194,0.963,0.00422084114839685,0.0425,0.00451075104611194,1,0,0,0.024569547986493,1152.98550358694,1208.68766764577,6.63082728820165,2000,2000
2,8000,35,"below",4,"null","naive","effect_seeking",NA,0,-0.00136734062925149,7.14445588521448e-05,0.0031950978043176,5.05315665143679e-05,0.00328323387165527,1.50215653854848e-05,2.7584779163432,1.691798537135,1.20731660505675e-05,3.98703080475914e-07,0.945,0.00509779364038993,0.945,0.00509779364038993,0.958,0.00448530935387962,0.055,0.00509779364038993,1,0,0,0.0124186725641806,2360.07799061391,2482.51254402288,6.99815023955758,2000,2000
3,4000,70,"boundary",4,"null","naive","effect_seeking",NA,0,-0.00435080649337182,0.000200536260027608,0.00896825418750609,0.000141836012775988,0.00904930525956753,3.64196176029683e-05,0.903755294696751,1.64668707132047,9.93188855229011e-05,3.47865583490564e-06,0.934,0.0055517564788092,0.934,0.0055517564788092,0.9495,0.00489641450451246,0.066,0.00555175647880921,1,0,0,0.0343781171039853,1165.19869403013,1221.88406214204,6.62209515370114,2000,2000
4,8000,70,"boundary",4,"null","naive","effect_seeking",NA,0,-0.0020904375564421,9.83449867551898e-05,0.00439812151261842,6.95577986541842e-05,0.00458085065833713,1.90944150119112e-05,4.15470889547847,1.70349440546578,2.37037302807206e-05,7.90900239189594e-07,0.9415,0.0052477495176504,0.9415,0.0052477495176504,0.959,0.00443390347211123,0.0585,0.0052477495176504,1,0,0,0.0174458264519709,2361.24880591187,2492.66283531481,7.00772497055785,2000,2000
5,4000,140,"above",4,"null","naive","effect_seeking",NA,0,-0.0051763834353208,0.000266513578486464,0.0119188495684492,0.000188500689690614,0.0123977520795437,4.64476108778493e-05,4.01802630651746,1.69060809487738,0.000168782891017267,5.48002196715355e-06,0.941,0.00526872849936301,0.941,0.00526872849936301,0.9595,0.00440793318914885,0.059,0.00526872849936301,1,0,0,0.0473546767668056,1129.75459738199,1190.63075044335,6.54617371916526,2000,2000
6,8000,140,"above",4,"null","naive","effect_seeking",NA,0,-0.00296126424325589,0.000136243414567225,0.00609299072918002,9.63627360285908e-05,0.00638117000149509,2.50419005813475e-05,4.72968506147475,1.70656541843778,4.58750596762466e-05,1.60354963085971e-06,0.944,0.00514120608417908,0.944,0.00514120608417908,0.953,0.00473238840333293,0.056,0.00514120608417908,1,0,0,0.0242764475134362,2056.67794143916,1797.83800321856,6.97530564939704,2000,2000
7,4000,35,"below",16,"null","naive","effect_seeking",NA,0,-0.00573524893908269,0.000150582200910801,0.00673424074876165,0.000106504324800315,0.0072206068141035,6.46778484478583e-05,7.22228508731713,1.94885179552579,7.82204038562999e-05,2.95205989929281e-06,0.902,0.00664815763952691,0.902,0.00664815763952691,0.953,0.00473238840333293,0.098,0.00664815763952691,1,0,0,0.0234526733118232,1006.7947960766,882.118894551806,6.80966216852599,2000,2000
8,8000,35,"below",16,"null","naive","effect_seeking",NA,0,-0.00276211051180518,7.36125615481916e-05,0.00329205383239287,5.20649593185049e-05,0.00362295804469891,3.22399200781978e-05,10.0516039273124,1.99710586604752,1.84614541055796e-05,7.26845919625659e-07,0.918,0.00613498166256428,0.918,0.00613498166256428,0.954,0.00468422885862764,0.082,0.00613498166256428,1,0,0,0.0120233826206363,1985.32344300172,1734.49563564589,7.30300559235971,2000,2000
9,4000,70,"boundary",16,"null","naive","effect_seeking",NA,0,-0.00790053975016364,0.000203951720896109,0.00912099824103528,0.000144251712317377,0.0098922979627565,8.2466931176329e-05,8.45630819498631,1.93897901303316,0.000145569540952428,5.31197030221066e-06,0.903,0.00661781686056663,0.903,0.00661781686056663,0.9605,0.00435544199823623,0.097,0.00661781686056663,1,0,0,0.0326755927573939,1001.38843375447,875.222976033008,6.78320865278892,2000,2000
10,8000,70,"boundary",16,"null","naive","effect_seeking",NA,0,-0.00409118392121662,0.000106134009865847,0.00474645721569335,7.50668471488733e-05,0.0050797074874485,4.29377430022235e-05,7.02103182671319,1.91915556635561,3.92553775495787e-05,1.56322085271876e-06,0.9075,0.00647857044416436,0.9075,0.00647857044416436,0.9555,0.00461084319837489,0.0925,0.00647857044416436,1,0,0,0.0167922190112843,1975.87416569541,1725.97915803323,7.26521031875274,2000,2000
11,4000,140,"above",16,"null","naive","effect_seeking",NA,0,-0.0108926351122883,0.000277644700411982,0.0124166484742751,0.000196373549947515,0.0135214485665149,0.00010406327926243,8.89773190026832,1.91534981086185,0.000272745572443508,1.10881263688133e-05,0.903,0.00661781686056663,0.903,0.00661781686056663,0.9525,0.00475624589355933,0.097,0.00661781686056663,1,0,0,0.0456151338483826,996.296671625966,877.42271794565,6.81835669919845,2000,2000
12,8000,140,"above",16,"null","naive","effect_seeking",NA,0,-0.00562409717776446,0.000148625250457301,0.00664672326390915,0.000105120205791183,0.00706628147964323,5.70872828209086e-05,6.31225641681568,1.88803068997079,7.57873097468559e-05,2.94134590633938e-06,0.894,0.00688345843308435,0.894,0.00688345843308435,0.9605,0.00435544199823623,0.106,0.00688345843308435,1,0,0,0.02372720120274,1976.2875877482,1726.89122058564,7.2588362734712,2000,2000
13,4000,35,"below",4,"homogeneous","naive","effect_seeking",NA,-0.00567812430651534,-0.00273972447747492,0.000129652606318762,0.0057982408237754,9.17011652842053e-05,0.00621705977567924,2.73954875095345e-05,7.2232072560094,1.76036318725201,4.11088770646456e-05,1.41653126136955e-06,0.956,0.00458606585212206,0.956,0.00458606585212206,0.968,0.00393547964039963,0.2515,0.00970174597688478,1,0,0,0.0234831955764734,1191.68518249027,1258.10000929281,6.66299922707709,2000,2000
14,8000,35,"below",4,"homogeneous","naive","effect_seeking",NA,-0.00288138300622662,-0.00127727985796409,6.6933581633223e-05,0.00299336077018836,4.7341026198282e-05,0.00315726483901417,1.40227655903762e-05,5.47558685401941,1.73266357960218,1.05871724317132e-05,3.53620780509375e-07,0.9545,0.00465992220965114,0.9545,0.00465992220965114,0.9645,0.00413761706783023,0.247,0.00964341744403922,1,0,0,0.0119533455928109,2397.81838861524,2526.47854692319,7.06305458292807,2000,2000
15,4000,70,"boundary",4,"homogeneous","naive","effect_seeking",NA,-0.0114760127806963,-0.0034207484354521,0.000180284941764338,0.008062587702093,0.0001275125869999,0.00866124008441553,3.33312379363334e-05,7.42506505903964,1.74853769810923,7.66743376523624e-05,2.52184916634921e-06,0.9515,0.00480352734977121,0.9515,0.00480352734977121,0.959,0.00443390347211123,0.3995,0.0109521630283702,1,0,0,0.0328476318238181,1193.23747160287,1264.28041985393,6.61551699727957,2000,2000
16,8000,70,"boundary",4,"homogeneous","naive","effect_seeking",NA,-0.00577840470569027,-0.00180963327756535,9.23029824335176e-05,0.00412791486494629,6.52843879401154e-05,0.00440864869278927,1.75813134102651e-05,6.80086283336268,1.74196274780912,2.03059338909503e-05,6.60195616705068e-07,0.952,0.00477995815881269,0.952,0.00477995815881269,0.9685,0.00390562094934979,0.4075,0.0109873506815792,1,0,0,0.0167024206591633,2407.70200068909,2531.3435045223,7.06331748790397,2000,2000
17,4000,140,"above",4,"homogeneous","naive","effect_seeking",NA,-0.0224275241313714,-0.00426380920752441,0.000257384237445429,0.0115105730252985,0.000182043656272546,0.0118588726194761,3.99412284909791e-05,3.02591012117346,1.6659286365866,0.000150607113683214,4.88769473075105e-06,0.941,0.00526872849936301,0.941,0.00526872849936301,0.956,0.00458606585212206,0.6245,0.0108281981418886,1,0,0,0.0448594973222805,1199.3572728611,1261.93700975766,6.64029105215566,2000,2000
18,8000,140,"above",4,"homogeneous","naive","effect_seeking",NA,-0.0116633804820244,-0.0021799755632296,0.000132475029167607,0.00592446341080072,9.36974187457634e-05,0.00610171724831892,2.08757004654589e-05,2.99189690656301,1.66652931665095,3.98340105288417e-05,1.41602300421457e-06,0.945,0.00509779364038993,0.945,0.00509779364038993,0.952,0.00477995815881269,0.635,0.0107651056659933,1,0,0,0.0232069819811292,2416.01698256344,2551.71133958876,7.071457343514,2000,2000
19,4000,35,"below",16,"homogeneous","naive","effect_seeking",NA,-0.005133797185903,-0.00465499256677713,0.000128116502546588,0.0057295441746739,9.06147042410737e-05,0.00646080759600219,5.7912450691553e-05,12.7630296413572,2.04990712413974,5.44802184080652e-05,2.0612844382429e-06,0.9225,0.00597886904021153,0.9225,0.00597886904021153,0.963,0.00422084114839685,0.3365,0.0105656933042749,1,0,0,0.0212519448899141,1223.29747286387,1297.74932860327,7.01590001941356,2000,2000
20,8000,35,"below",16,"homogeneous","naive","effect_seeking",NA,-0.0025931160862462,-0.0024275179518495,6.88645082540819e-05,0.00307971443386445,4.87067389767487e-05,0.00326633006119112,3.03047531172586e-05,6.05951075445985,1.94469559017287,1.53727420802075e-05,6.80278724136124e-07,0.9275,0.00579843728947723,0.9275,0.00579843728947723,0.9515,0.00480352734977121,0.344,0.0106222408182078,1,0,0,0.0106384016816333,2452.18461832272,2586.05670539744,7.4759935284171,2000,2000
21,4000,70,"boundary",16,"homogeneous","naive","effect_seeking",NA,-0.0102315051577353,-0.00608505760189204,0.000188703117603624,0.00843905997055683,0.00013346662491667,0.00873856293401405,7.65598694120019e-05,3.54900859221488,1.87215585049731,0.000108210050338405,4.79056721666327e-06,0.9225,0.00597886904021153,0.9225,0.00597886904021153,0.961,0.00432891441356837,0.513,0.0111765602937576,1,0,0,0.0289084085150045,1251.23447215722,1331.91597391345,7.05215919072922,2000,2000
22,8000,70,"boundary",16,"homogeneous","naive","effect_seeking",NA,-0.00522714352848365,-0.00294571863336116,9.27995782649136e-05,0.00415012330567318,6.56356220395082e-05,0.00441202423424748,3.76063136540048e-05,6.31067824457863,1.90997646557234,2.58921699574966e-05,1.07104849728834e-06,0.925,0.00588960949469487,0.925,0.00588960949469487,0.962,0.00427527776875375,0.5115,0.0111773822964055,1,0,0,0.0146305725144524,2488.57212103395,2624.92977478438,7.50335000903264,2000,2000
23,4000,140,"above",16,"homogeneous","naive","effect_seeking",NA,-0.0203590093985643,-0.00772228011825105,0.000246499213515916,0.0110237799564365,0.000174344857098169,0.0114239918410217,8.47207501622522e-05,3.63044151975773,1.81019177925301,0.000181096572890402,6.72249966648736e-06,0.915,0.00623598428477814,0.915,0.00623598428477814,0.956,0.00458606585212206,0.7615,0.00952936907670177,1,0,0,0.0389868966963571,1297.12044597721,1598.83272254289,7.16626357444706,2000,2000
24,8000,140,"above",16,"homogeneous","naive","effect_seeking",NA,-0.010656939524643,-0.00383757417562794,0.000132704667627869,0.00593473315494861,9.38598382681935e-05,0.00596567158452041,4.63307176384808e-05,0.52131121592216,1.77111371885281,4.99304226450825e-05,2.23290778725708e-06,0.9275,0.00579843728947723,0.9275,0.00579843728947723,0.958,0.00448530935387962,0.746,0.00973355022589394,1,0,0,0.0202259758867689,2615.38501048321,3225.33651400215,7.58221773695997,2000,2000
25,4000,35,"below",4,"heterogeneous","naive","effect_seeking",NA,-0.00201720211871755,-0.00259279549903116,0.000130014751589052,0.00581443645261739,9.19573047034635e-05,0.00615597158637618,2.72362848512104e-05,5.87391635529955,1.7387195170651,4.05133559256913e-05,1.38242401828456e-06,0.952,0.00477995815881269,0.952,0.00477995815881269,0.9665,0.00402354010791492,0.0915,0.00644700511865781,1,0,0,0.0234733406961822,1204.08285649745,1265.16519039616,6.66904802273297,2000,2000
26,8000,35,"below",4,"heterogeneous","naive","effect_seeking",NA,-0.00100859151407869,-0.00103813930967228,6.5166681409169e-05,0.00291434258997947,4.60913266042119e-05,0.00309410960233243,1.36765850691639e-05,6.16835553140029,1.74343580636166,9.56687926168924e-06,3.110096731109e-07,0.951,0.00482695556225661,0.951,0.00482695556225661,0.9575,0.00451075104611194,0.077,0.00596116599332714,1,0,0,0.0117924729845732,2415.81667316554,2547.39919159966,7.05264191097116,2000,2000
27,4000,70,"boundary",4,"heterogeneous","naive","effect_seeking",NA,-0.00417369180101068,-0.00342890869692027,0.000181363382495725,0.00811081703779472,0.000128275350468881,0.00849559948533199,3.28384444857077e-05,4.7440651878135,1.70532208346384,7.75098751958864e-05,2.6928188579071e-06,0.9485,0.00494205169944629,0.9485,0.00494205169944629,0.966,0.00405240669232495,0.119,0.00724013121428058,1,0,0,0.0329656423344874,1206.29198935972,1269.5734930199,6.69853830913946,2000,2000
28,8000,70,"boundary",4,"heterogeneous","naive","effect_seeking",NA,-0.00207149075300637,-0.00166547545787067,9.27343475152618e-05,0.00414720609786428,6.55894853984851e-05,0.00428356405673176,1.74213051840741e-05,3.2879474916305,1.68668189415983,1.99645272597231e-05,7.29145968981435e-07,0.9475,0.00498717104178311,0.9475,0.00498717104178311,0.9585,0.00445969449626317,0.1275,0.00745800744166966,1,0,0,0.0166713919412613,2419.17124317339,2553.60228846606,7.12039934659573,2000,2000
29,4000,140,"above",4,"heterogeneous","naive","effect_seeking",NA,-0.00859677505786428,-0.00386627806827129,0.00024181098834712,0.0108141161530114,0.000171028952209714,0.01144339656516,3.78123258169376e-05,5.81906466737334,1.70970146943492,0.000131834741717932,4.42979016225177e-06,0.95,0.00487339717240448,0.95,0.00487339717240448,0.9605,0.00435544199823623,0.1685,0.00836981929315084,1,0,0,0.0451300515971901,1208.92558210537,1277.35601345732,6.6489648843598,2000,2000
30,8000,140,"above",4,"heterogeneous","naive","effect_seeking",NA,-0.0043313656212045,-0.00222295357348011,0.000126201074245968,0.00564388361694964,8.92599531707146e-05,0.00589904156440737,2.051919892618e-05,4.5209640165407,1.69254362555894,3.67790181603797e-05,1.20681255258992e-06,0.945,0.00509779364038993,0.945,0.00509779364038993,0.9605,0.00435544199823623,0.1835,0.00865528018032923,1,0,0,0.0233590918569969,2428.56217584891,2563.06750493134,7.08591450806598,2000,2000
31,4000,35,"below",16,"heterogeneous","naive","effect_seeking",NA,-0.00176904519448594,-0.00420481853973075,0.000126879593151392,0.00567422790488059,8.97398584812318e-05,0.0060735879285397,6.03142306773742e-05,7.03813858649582,1.99889651684849,4.98612628374308e-05,2.13089341186308e-06,0.9315,0.00564835152942874,0.9315,0.00564835152942874,0.9575,0.00451075104611194,0.1455,0.00788447049585449,1,0,0,0.0199938377854081,1299.41335793443,1607.40795128202,7.13752824388362,2000,2000
32,8000,35,"below",16,"heterogeneous","naive","effect_seeking",NA,-0.000892513997127303,-0.00231925324384287,6.41643989184271e-05,0.00286951915434034,4.5382428611687e-05,0.00303062335566743,2.93646646651901e-05,5.6143274417042,1.95887642414319,1.36089587161132e-05,5.58231719201895e-07,0.922,0.00599649897857074,0.922,0.00599649897857074,0.956,0.00458606585212206,0.164,0.0082796135175502,1,0,0,0.0100945821937395,2640.88266624408,3253.66693087084,7.58069964249146,2000,2000
33,4000,70,"boundary",16,"heterogeneous","naive","effect_seeking",NA,-0.00402451012226478,-0.00543900915511303,0.000170608004703458,0.00762982192045072,0.000120668247884318,0.00787728784475092,6.79561188133454e-05,3.24340367154443,1.85995067180713,8.77678960359247e-05,3.97675259237793e-06,0.9175,0.0061519813881383,0.9175,0.0061519813881383,0.9585,0.00445969449626317,0.2125,0.00914723318823785,1,0,0,0.0278436216121651,1326.08303002463,1633.24319400892,7.26139027968974,2000,2000
34,8000,70,"boundary",16,"heterogeneous","naive","effect_seeking",NA,-0.0019477858190463,-0.00283901330334486,9.19853687800139e-05,0.00411371075054996,6.50597450041697e-05,0.00407229314147582,3.91937057948261e-05,-1.00681869936052,1.83272631530675,2.49741513676898e-05,1.16004041346957e-06,0.912,0.00633466652634533,0.912,0.00633466652634533,0.957,0.00453602248671675,0.222,0.00929290051598531,1,0,0,0.0140291437403652,2670.32286352541,3291.08967488657,7.69148490887219,2000,2000
35,4000,140,"above",16,"heterogeneous","naive","effect_seeking",NA,-0.00887230429197511,-0.0064310706972827,0.000223512360531075,0.0099957766391785,0.000158086632410081,0.0102333678328678,7.3957487236113e-05,2.3769157941969,1.78016917798184,0.000141224263158484,5.54227987973002e-06,0.9215,0.00601405645134796,0.9215,0.00601405645134796,0.9575,0.00451075104611194,0.3255,0.0104773505715901,1,0,0,0.0380309410592621,1336.84245888044,1648.89057713449,7.38439026286425,2000,2000
36,8000,140,"above",16,"heterogeneous","naive","effect_seeking",NA,-0.00444575396233309,-0.00312214856438772,0.000110226561159595,0.00492948167357783,7.79614416601424e-05,0.00520226261600655,3.61579542825961e-05,5.53366379047178,1.82311815323212,3.40354513334629e-05,1.25378488401566e-06,0.9305,0.00568637626261225,0.9305,0.00568637626261225,0.9665,0.00402354010791492,0.318,0.0104133568074853,1,0,0,0.0194959122446206,2690.93427673828,3313.95961197426,7.85923545320708,2000,2000
1,4000,35,"below",4,"null","naive","outcome_blinded",NA,0,-4.00039112170636e-05,0.000148022319024944,0.00661975935053872,0.000104693762262561,0.00677051941474294,2.05730158127078e-05,2.27742514827154,1.6471373862822,4.38009035650279e-05,1.38524150589053e-06,0.958,0.00448530935387962,0.958,0.00448530935387962,0.9585,0.00445969449626317,0.042,0.00448530935387962,1,0,0,0.0255412306237435,1207.57012132986,1272.046977119,6.67948825814818,2000,2000
2,8000,35,"below",4,"null","naive","outcome_blinded",NA,0,-2.37617676177109e-05,7.85311920086816e-05,0.00351202167371001,5.55438260967044e-05,0.00339733254401992,1.07025978197691e-05,-3.26561565803025,1.55994330560348,1.23286937100909e-05,4.04172428954242e-07,0.9445,0.00511955808639769,0.9445,0.00511955808639769,0.9435,0.00516273909857936,0.0555,0.00511955808639769,1,0,0,0.0127969350873317,2426.55797434871,2556.55598515341,7.03855015834734,2000,2000
3,4000,70,"boundary",4,"null","naive","outcome_blinded",NA,0,-0.000667655099197832,0.000215795516914252,0.00965066890119944,0.000152628635289384,0.00934988870507711,2.55023237005455e-05,-3.11667718788849,1.55486297387108,9.35346058669428e-05,3.09304332666184e-06,0.9495,0.00489641450451246,0.9495,0.00489641450451246,0.9455,0.00507591124823908,0.0505,0.00489641450451246,1,0,0,0.0350711990940398,1209.74663938904,1271.72746869501,6.6971978503439,2000,2000
4,8000,70,"boundary",4,"null","naive","outcome_blinded",NA,0,-8.38508706526831e-05,0.00010873350719934,0.00486271027059372,7.69054290440059e-05,0.00478493300939124,1.3333296971606e-05,-1.59946319797866,1.58020888437247,2.3641159168659e-05,7.27229376868047e-07,0.946,0.00505390937789747,0.946,0.00505390937789747,0.9465,0.00503178646208283,0.054,0.00505390937789747,1,0,0,0.0178883677034096,2425.26564184471,2556.30438413153,7.07434276542826,2000,2000
5,4000,140,"above",4,"null","naive","outcome_blinded",NA,0,0.00040543062771557,0.000288502492978331,0.0129022237195541,0.000204053088824662,0.0127221968479003,3.1425712264634e-05,-1.39531661802577,1.57837331638245,0.000166548517214858,5.3438757753714e-06,0.949,0.00491929873051028,0.949,0.00491929873051028,0.949,0.00491929873051028,0.051,0.00491929873051027,1,0,0,0.0475412696775716,1208.83954663675,1273.93928264071,6.64475427476376,2000,2000
6,8000,140,"above",4,"null","naive","outcome_blinded",NA,0,-6.36193955956215e-05,0.000147487335354247,0.00659583415344811,0.000104315377073062,0.00663822229325939,1.74338018611609e-05,0.642650176234771,1.61349468917164,4.34873230931985e-05,1.4390996426205e-06,0.9565,0.00456112650559048,0.9565,0.00456112650559048,0.9565,0.00456112650559048,0.0435,0.00456112650559048,1,0,0,0.0247121639648418,2421.87868914595,2557.67035643999,7.02437110806686,2000,2000
7,4000,35,"below",16,"null","naive","outcome_blinded",NA,0,-0.00017873109207308,0.000136449137412468,0.00610219093450975,9.65082404281547e-05,0.00604632790052876,3.19518505238429e-05,-0.915458637406263,1.65222115393083,3.7250060637386e-05,1.36604162916712e-06,0.948,0.00496467521596328,0.948,0.00496467521596328,0.9455,0.00507591124823908,0.052,0.00496467521596328,1,0,0,0.0222981170622541,1336.13341456094,1646.61467765049,7.36638735310344,2000,2000
8,8000,35,"below",16,"null","naive","outcome_blinded",NA,0,1.90691608382952e-05,6.58762411834064e-05,0.00294607506776536,4.65931866129216e-05,0.00301316426061329,1.42100371732467e-05,2.2772397615388,1.68793262446328,8.67538225865125e-06,2.8383001327819e-07,0.9555,0.00461084319837489,0.9555,0.00461084319837489,0.9555,0.00461084319837489,0.0445,0.00461084319837489,1,0,0,0.0111744361323829,2690.25848469905,3307.47692068607,7.87699537643542,2000,2000
9,4000,70,"boundary",16,"null","naive","outcome_blinded",NA,0,-6.63764272551777e-05,0.000190268953707977,0.00850908628997594,0.00013457411515146,0.0083548393976225,4.06429940477239e-05,-1.8127315565615,1.62466389362497,7.23727530456065e-05,2.69734588988721e-06,0.9465,0.00503178646208283,0.9465,0.00503178646208283,0.9475,0.00498717104178311,0.0535,0.00503178646208283,1,0,0,0.0307528562723173,1337.52503206186,1648.39589974265,7.33874183365848,2000,2000
10,8000,70,"boundary",16,"null","naive","outcome_blinded",NA,0,-0.000101080910068955,9.53673430483342e-05,0.00426495723779235,6.74517600216209e-05,0.00428308541716707,2.07136899006995e-05,0.425049499068497,1.66085397063992,1.81909826604576e-05,6.33263947769012e-07,0.9565,0.00456112650559048,0.9565,0.00456112650559048,0.9555,0.00461084319837489,0.0435,0.00456112650559048,1,0,0,0.0156557620297243,2679.46789405283,3310.3865190047,7.81495540222319,2000,2000
11,4000,140,"above",16,"null","naive","outcome_blinded",NA,0,7.86746988250629e-05,0.00025056900504256,0.011205786566593,0.000177223353998875,0.0114471687305201,5.53167612659065e-05,2.15408496755316,1.68933547687219,0.000125513057457984,4.12233764545633e-06,0.953,0.00473238840333293,0.953,0.00473238840333293,0.9535,0.00470838348055891,0.047,0.00473238840333293,1,0,0,0.0415735209278797,1333.95128733567,1643.17361078841,7.36240029703913,2000,2000
12,8000,140,"above",16,"null","naive","outcome_blinded",NA,0,1.21890100895259e-05,0.000135209535777215,0.00604675426408084,9.56314904910078e-05,0.00595271170441268,2.95125368370612e-05,-1.55525684625202,1.63164595694962,3.65451040835817e-05,1.29954560337697e-06,0.952,0.00477995815881269,0.952,0.00477995815881269,0.952,0.00477995815881269,0.048,0.00477995815881269,1,0,0,0.0215702818203006,2684.86270677847,3306.5683798868,7.8090050754906,2000,2000
13,4000,35,"below",4,"homogeneous","naive","outcome_blinded",NA,-0.00649099925726144,-0.000267765572618033,0.00014142778833313,0.00632484297240659,0.000100029558694951,0.00639927368901824,2.04036147570193e-05,1.17679943891678,1.63233998499556,4.00553352081677e-05,1.32336052062071e-06,0.95,0.00487339717240448,0.95,0.00487339717240448,0.9545,0.00465992220965114,0.1715,0.00842875287334965,1,0,0,0.0241471998502774,1209.62634305269,1273.53852765948,6.70337935685161,2000,2000
14,8000,35,"below",4,"homogeneous","naive","outcome_blinded",NA,-0.00327885284541353,-7.83888589636393e-05,7.22664803562194e-05,0.0032318552514232,5.11128981345783e-05,0.0032341910000433,1.05426921830977e-05,0.0722726866891898,1.61594600528862,1.04458107351782e-05,3.30811955040244e-07,0.9525,0.00475624589355933,0.9525,0.00475624589355933,0.9515,0.00480352734977121,0.1675,0.00834996257476643,1,0,0,0.0121990589881058,2424.07412804189,2555.64561266526,7.09168598744771,2000,2000
15,4000,70,"boundary",4,"homogeneous","naive","outcome_blinded",NA,-0.0127198327807558,-0.000188855807859261,0.000194576778279656,0.00870173806152431,0.000137620968926939,0.00883723434768826,2.46061583711006e-05,1.5571175000435,1.63086247922134,7.57180516848974e-05,2.51014499608951e-06,0.953,0.00473238840333293,0.953,0.00473238840333293,0.9515,0.00480352734977121,0.309,0.0103324488868806,1,0,0,0.0332536593139361,1208.32306346061,1276.03773676225,6.66532377531885,2000,2000
16,8000,70,"boundary",4,"homogeneous","naive","outcome_blinded",NA,-0.00649305926960935,-0.000132524720868626,9.94023072601049e-05,0.00444540632307831,7.03056241328424e-05,0.00452442317887796,1.28841061724915e-05,1.77749456533223,1.63553089658661,1.97693193602173e-05,6.37108414285959e-07,0.956,0.00458606585212206,0.956,0.00458606585212206,0.954,0.00468422885862764,0.317,0.0104045903331174,1,0,0,0.016950919496312,2425.10718258357,2557.14282766051,7.08261454652157,2000,2000
17,4000,140,"above",4,"homogeneous","naive","outcome_blinded",NA,-0.024481797052954,0.00022210529487775,0.000274664957741117,0.0122833903309249,0.00019426602675208,0.012112900309065,3.11649168811141e-05,-1.38797202780961,1.58008573603988,0.000150855567944861,4.85099218935453e-06,0.9405,0.00528960064655168,0.9405,0.00528960064655168,0.939,0.00535158854920668,0.5235,0.0111679843749891,1,0,0,0.0452102143969073,1208.98222965534,1273.16125128418,6.6679260235989,2000,2000
18,8000,140,"above",4,"homogeneous","naive","outcome_blinded",NA,-0.0127547602896959,-0.000111142569971655,0.000142082592032689,0.00635412668408923,0.000100492690628715,0.00628867294774705,1.67981713164655e-05,-1.03009807006328,1.58741138947849,4.0367091125356e-05,1.40577332286652e-06,0.948,0.00496467521596328,0.948,0.00496467521596328,0.9495,0.00489641450451246,0.535,0.0111529144173171,1,0,0,0.023475660618781,2421.6627210692,2559.75054639417,7.08463054783937,2000,2000
19,4000,35,"below",16,"homogeneous","naive","outcome_blinded",NA,-0.00601396018959385,-1.57285070713377e-06,0.000126321145545106,0.00564925336869003,8.93448776343314e-05,0.00570838864062444,3.25094712993771e-05,1.04678031015846,1.69854342606987,3.18981090657031e-05,1.1942418586613e-06,0.956,0.00458606585212206,0.956,0.00458606585212206,0.956,0.00458606585212206,0.1815,0.0086185193043817,1,0,0,0.0209980713677752,1335.39916665775,1648.63699199998,7.36894709869888,2000,2000
20,8000,35,"below",16,"homogeneous","naive","outcome_blinded",NA,-0.00303069902918666,-7.40426826923053e-05,6.39267664518632e-05,0.00285889190736238,4.5214355059508e-05,0.00287019082631352,1.63513131761504e-05,0.395220222284154,1.68765595686237,8.17465862537341e-06,3.3380377697612e-07,0.949,0.00491929873051028,0.949,0.00491929873051028,0.949,0.00491929873051028,0.1755,0.00850587297107122,1,0,0,0.0105771964598646,2685.58196538891,3311.38499385155,7.86792342592675,2000,2000
21,4000,70,"boundary",16,"homogeneous","naive","outcome_blinded",NA,-0.0118213402658169,0.00012402650498533,0.000182345683959326,0.0081547468947349,0.000128970116208114,0.00795089447101485,4.13241939826104e-05,-2.49980074613566,1.6231317974343,6.64820295426689e-05,2.75336832014226e-06,0.9435,0.00516273909857936,0.9435,0.00516273909857936,0.943,0.00518415856238985,0.3325,0.0105343189148611,1,0,0,0.0289634348501555,1335.74431636919,1649.10001353437,7.33854881789726,2000,2000
22,8000,70,"boundary",16,"homogeneous","naive","outcome_blinded",NA,-0.00598251474676479,0.00014715117010862,8.80429461869144e-05,0.00393740025226593,6.22713340643914e-05,0.00396866031100309,1.71644759807767e-05,0.793926365986564,1.65262310417581,1.55170226530349e-05,5.3426879909149e-07,0.9545,0.00465992220965114,0.9545,0.00465992220965114,0.953,0.00473238840333293,0.316,0.0103957683698705,1,0,0,0.0147199550729066,2687.50989129057,3315.1085429274,7.82977243005285,2000,2000
23,4000,140,"above",16,"homogeneous","naive","outcome_blinded",NA,-0.0227863749768472,-0.000365433605050231,0.000246044007386223,0.0110034225194411,0.000174022897257001,0.0108485262764491,5.54321854251758e-05,-1.40770967140772,1.63863114706479,0.000121148311207472,4.3226939432787e-06,0.942,0.00522666241496426,0.942,0.00522666241496426,0.94,0.0053103672189407,0.599,0.0109589917419441,1,0,0,0.0392747832154134,1337.67644608699,1647.03079702955,7.38142697853708,2000,2000
24,8000,140,"above",16,"homogeneous","naive","outcome_blinded",NA,-0.0118045658584083,3.76432176403999e-05,0.000121873517123249,0.00545034937889137,8.61991428850221e-05,0.00556174078170348,2.4999023843902e-05,2.04374793372899,1.67776949629312,2.96928722096399e-05,1.01853870547883e-06,0.958,0.00448530935387962,0.958,0.00448530935387962,0.957,0.00453602248671675,0.5815,0.0110308147931148,1,0,0,0.0203425596883906,2688.39170973881,3303.81533354139,7.80457376898302,2000,2000
25,4000,35,"below",4,"heterogeneous","naive","outcome_blinded",NA,-0.00251757591573341,-0.00010467095416028,0.000147258104506417,0.00658558263828235,0.00010415324584823,0.00659951020199756,2.16728790846638e-05,0.211485672266076,1.61868633884976,4.33591697449478e-05,1.38776076802039e-06,0.95,0.00487339717240448,0.95,0.00487339717240448,0.9505,0.0048502448391808,0.0645,0.00549271107923947,1,0,0,0.0247899154011127,1208.95713088107,1274.82840604335,6.67685374024649,2000,2000
26,8000,35,"below",4,"heterogeneous","naive","outcome_blinded",NA,-0.00126044727828558,0.000196611248263465,7.29814936210598e-05,0.00326383161672314,5.16186153078862e-05,0.00330828620983295,1.03440706488892e-05,1.36203696544988,1.63410384048004,1.06859265068541e-05,3.43899410924897e-07,0.946,0.00505390937789747,0.946,0.00505390937789747,0.9505,0.0048502448391808,0.0575,0.00520546587732549,1,0,0,0.0124498258167345,2426.53563929977,2559.20004710532,7.08116627003701,2000,2000
27,4000,70,"boundary",4,"heterogeneous","naive","outcome_blinded",NA,-0.0050105205036855,-7.80306269514415e-05,0.000202620522286333,0.00906146522937505,0.000143310177340124,0.00914654625656914,2.67012186486105e-05,0.938932336442422,1.62335157557919,8.20751858058639e-05,2.67723789319785e-06,0.9545,0.00465992220965114,0.9545,0.00465992220965114,0.954,0.00468422885862764,0.081,0.00610077863882964,1,0,0,0.0340733169704698,1208.84077118618,1273.87676637392,6.71801784708464,2000,2000
28,8000,70,"boundary",4,"heterogeneous","naive","outcome_blinded",NA,-0.00250381601568706,7.06793971914256e-05,0.000104197914937558,0.00465987241828242,7.36974789111964e-05,0.00466874591218848,1.38490456949675e-05,0.190423537589801,1.61217625013624,2.17085493263793e-05,7.36892921233623e-07,0.954,0.00468422885862764,0.954,0.00468422885862764,0.953,0.00473238840333293,0.09,0.00639921870231046,1,0,0,0.0174053577633764,2419.84265713142,2554.90780435765,7.11562634691086,2000,2000
29,4000,140,"above",4,"heterogeneous","naive","outcome_blinded",NA,-0.00998696055530527,0.00043040036642683,0.000275927297160637,0.0123398438659794,0.00019515885875169,0.0123730093574324,3.20293478847247e-05,0.268767512889134,1.60688686343673,0.000152380855238851,4.89792708474586e-06,0.951,0.00482695556225661,0.951,0.00482695556225661,0.9505,0.0048502448391808,0.118,0.00721373689567342,1,0,0,0.0461756474417321,1207.30704193133,1274.72072878121,6.6353841224565,2000,2000
30,8000,140,"above",4,"heterogeneous","naive","outcome_blinded",NA,-0.00502031554834998,-4.42682416420232e-05,0.000144719180777816,0.00647203851734556,0.000102357506671896,0.00646717283808285,1.78044069599756e-05,-0.0751800108987788,1.60411025629048,4.18682986059376e-05,1.32847255810509e-06,0.951,0.00482695556225661,0.951,0.00482695556225661,0.9525,0.00475624589355933,0.136,0.00766498532288223,1,0,0,0.0240475778976912,2425.77219917247,2558.9529511534,7.07814307412475,2000,2000
31,4000,35,"below",16,"heterogeneous","naive","outcome_blinded",NA,-0.00290785049126062,0.000233847422858403,0.000127460686524099,0.00570021519053355,9.01508563078791e-05,0.00584523608085353,3.21488432718928e-05,2.54413009812022,1.71704059197834,3.25308916089577e-05,1.18121770670816e-06,0.9565,0.00456112650559048,0.9565,0.00456112650559048,0.9565,0.00456112650559048,0.067,0.00559066185706129,1,0,0,0.0214058798685234,1334.45777542233,1646.76145440602,7.35474805147058,2000,2000
32,8000,35,"below",16,"heterogeneous","naive","outcome_blinded",NA,-0.00145879575371904,-6.95112872603379e-05,6.69209440069102e-05,0.00299279559835817,4.73320878121421e-05,0.00293293984418337,1.56969400142393e-05,-1.99999472759297,1.63624327157247,8.95717889986182e-06,3.63370195566317e-07,0.948,0.00496467521596328,0.948,0.00496467521596328,0.945,0.00509779364038993,0.0885,0.00635089560613304,1,0,0,0.0107876000697882,2687.65492965568,3309.63472488063,7.78074814684738,2000,2000
33,4000,70,"boundary",16,"heterogeneous","naive","outcome_blinded",NA,-0.00580389656882157,-4.50943812112909e-05,0.000180827586949605,0.0080868555325314,0.000127896391053191,0.0080674451412665,4.13899064460639e-05,-0.24002396465248,1.65867855209002,6.53665672910486e-05,2.30017188009615e-06,0.9395,0.0053310294503032,0.9395,0.0053310294503032,0.94,0.0053103672189407,0.1145,0.00712003335666344,1,0,0,0.0295229656589434,1336.6613453993,1646.2008392629,7.3574256742201,2000,2000
34,8000,70,"boundary",16,"heterogeneous","naive","outcome_blinded",NA,-0.0029074692384623,-3.0194932476451e-05,9.36415156054406e-05,0.00418777588819745,6.6231110533066e-05,0.00411978512663813,2.18479947224203e-05,-1.62355301177753,1.64099717645372,1.75296098902703e-05,6.29792736611524e-07,0.95,0.00487339717240448,0.95,0.00487339717240448,0.9495,0.00489641450451246,0.1125,0.00706554138053129,1,0,0,0.0150042055444689,2685.27433634706,3305.97054985652,7.79035498839546,2000,2000
35,4000,140,"above",16,"heterogeneous","naive","outcome_blinded",NA,-0.0115392549452871,0.000145149907736662,0.000245343459360217,0.010972093059288,0.000173527411110241,0.0109430785093972,5.06352031026364e-05,-0.264439517000503,1.64347598408328,0.000120347701184341,4.19648649822035e-06,0.9435,0.00516273909857936,0.9435,0.00516273909857936,0.944,0.00514120608417908,0.1985,0.00891901760285291,1,0,0,0.0398927758933075,1334.92054308403,1647.03858953654,7.33673274368409,2000,2000
36,8000,140,"above",16,"heterogeneous","naive","outcome_blinded",NA,-0.00579287812124654,0.000125005830677931,0.000127507208746107,0.00570229572755102,9.01837607136667e-05,0.00571381988720796,2.84468341649492e-05,0.202096843228539,1.66139651092839,3.25155449338679e-05,1.24003958196111e-06,0.9535,0.00470838348055891,0.9535,0.00470838348055891,0.9525,0.00475624589355933,0.179,0.00857201843208471,1,0,0,0.0206842607533628,2684.43027516998,3305.8938869804,7.81171587847869,2000,2000
1,4000,35,"below",4,"null","naive","prognostic_high",NA,0,-8.71305950989045e-05,0.00015167510037465,0.00678311669863642,0.000107277314693993,0.00696012922926572,2.34887042827335e-05,2.6096046772258,1.65934042190916,4.59952585518489e-05,1.46331188278245e-06,0.958,0.00448530935387962,0.958,0.00448530935387962,0.9585,0.00445969449626317,0.042,0.00448530935387962,1,0,0,0.026198069021794,1180.5332156184,1237.64941996789,6.63204845023855,2000,2000
2,8000,35,"below",4,"null","naive","prognostic_high",NA,0,2.03737576218127e-05,8.07880190276974e-05,0.00361295004626956,5.7140042889908e-05,0.00352176796258864,1.25043005304508e-05,-2.52375711020603,1.57999230927473,1.30472964228204e-05,4.30086448686295e-07,0.9445,0.00511955808639769,0.9445,0.00511955808639769,0.9445,0.00511955808639769,0.0555,0.00511955808639769,1,0,0,0.0133096431568067,2377.50672517482,2502.38688776819,6.99602160102179,2000,2000
3,4000,70,"boundary",4,"null","naive","prognostic_high",NA,0,-0.000575055851888131,0.000223092947214048,0.00997701990542768,0.000157789988239176,0.00973190045459648,2.8660564609024e-05,-2.4568403506728,1.56919678773035,9.98218449629944e-05,3.3153980693071e-06,0.948,0.00496467521596328,0.948,0.00496467521596328,0.9445,0.00511955808639769,0.052,0.00496467521596328,1,0,0,0.036092134058345,1184.80780740993,1244.8285300971,6.63612405891511,2000,2000
4,8000,70,"boundary",4,"null","naive","prognostic_high",NA,0,-5.33706305710974e-05,0.000112634385976311,0.00503716287293963,7.96644567229504e-05,0.00497041665369627,1.48847332213527e-05,-1.32507566118086,1.58830795192117,2.53631717278247e-05,7.83699489459679e-07,0.946,0.00505390937789747,0.946,0.00505390937789747,0.946,0.00505390937789747,0.054,0.00505390937789747,1,0,0,0.0183898975954733,2393.8130004507,2519.82551400999,7.04452801363931,2000,2000
5,4000,140,"above",4,"null","naive","prognostic_high",NA,0,0.000415662133081643,0.000299277132467916,0.0133840802461894,0.000211673814892312,0.0132508570229904,3.51007358231201e-05,-0.995385717572306,1.58760296942313,0.000179216812243297,5.71329281927577e-06,0.9495,0.00489641450451246,0.9495,0.00489641450451246,0.951,0.00482695556225661,0.0505,0.00489641450451246,1,0,0,0.0483950915991213,1186.51418494346,1249.81554584728,6.5775562817294,2000,2000
6,8000,140,"above",4,"null","naive","prognostic_high",NA,0,-0.000126835894639357,0.000155005026262453,0.00693203551153972,0.000109632516744239,0.00693096716244977,1.86468591777783e-05,-0.015411765969231,1.60400693756543,4.80451771192501e-05,1.64404881823665e-06,0.9505,0.0048502448391808,0.9505,0.0048502448391808,0.9505,0.0048502448391808,0.0495,0.0048502448391808,1,0,0,0.0253732604585074,2390.35088699078,2519.07677500474,6.97940387538127,2000,2000
7,4000,35,"below",16,"null","naive","prognostic_high",NA,0,-0.000261189187873576,0.000182029953288329,0.00814062698987629,0.00012874680507486,0.00823148160071965,5.9826574069752e-05,1.11606404465341,1.75996911437847,6.63048926762703e-05,2.64186762489584e-06,0.9525,0.00475624589355933,0.9525,0.00475624589355933,0.95,0.00487339717240448,0.0475,0.00475624589355933,1,0,0,0.0273843160045422,990.765733252356,866.388855409724,6.85145709664652,2000,2000
8,8000,35,"below",16,"null","naive","prognostic_high",NA,0,2.6098062321787e-06,9.22811867986432e-05,0.00412694013452245,6.52689722444897e-05,0.00412714146599216,3.05299438739563e-05,0.00487846838450601,1.7460690582319,1.70231258675838e-05,6.94554350147347e-07,0.9535,0.00470838348055891,0.9535,0.00470838348055891,0.9535,0.00470838348055891,0.0465,0.00470838348055891,1,0,0,0.0138324717827398,1978.37701339068,1720.54583057538,7.32510852893757,2000,2000
9,4000,70,"boundary",16,"null","naive","prognostic_high",NA,0,7.07249646647713e-05,0.000256659423008188,0.0114781583382437,0.000181531006890502,0.0112776673459246,7.9801260095383e-05,-1.74671742984239,1.70235103956101,0.000131687246799,4.96922722795183e-06,0.939,0.00535158854920668,0.939,0.00535158854920668,0.9395,0.0053310294503032,0.061,0.00535158854920667,1,0,0,0.0361207926071651,1161.71410710515,1216.06871838047,6.94269392009837,2000,2000
10,8000,70,"boundary",16,"null","naive","prognostic_high",NA,0,-0.000100392659516144,0.000127840023628715,0.00571717966157971,9.04191552300254e-05,0.00578499399954544,4.11261653979185e-05,1.1861501995722,1.75453552763127,3.2679878897224e-05,1.35070180802226e-06,0.9605,0.00435544199823623,0.9605,0.00435544199823623,0.9585,0.00445969449626317,0.0395,0.00435544199823623,1,0,0,0.0190084313398505,1998.63256041557,1764.58694757412,7.3685391553909,2000,2000
11,4000,140,"above",16,"null","naive","prognostic_high",NA,0,0.000232379301881163,0.000349100388954898,0.0156122440134954,0.000246912988309908,0.0151366144969026,0.000103978434736261,-3.0465160305057,1.6717457008918,0.000243674292195296,1.07455658477192e-05,0.9425,0.00520546587732549,0.9425,0.00520546587732549,0.943,0.00518415856238985,0.0575,0.00520546587732549,1,0,0,0.0475365422563248,1197.20774803109,1258.66842131085,6.97495311412387,2000,2000
12,8000,140,"above",16,"null","naive","prognostic_high",NA,0,2.09974515275697e-05,0.000171345724320263,0.00766281374468093,0.000121190024888536,0.00779330723098481,5.62187164408647e-05,1.7029447752722,1.76788500921263,5.86897960213988e-05,2.24545512385284e-06,0.9585,0.00445969449626317,0.9585,0.00445969449626317,0.959,0.00443390347211123,0.0415,0.00445969449626317,1,0,0,0.0242398613974308,2437.45714923772,2578.7544043397,7.43132701779839,2000,2000
13,4000,35,"below",4,"homogeneous","naive","prognostic_high",NA,-0.00637388256319864,-0.000215622348529838,0.000146974384760853,0.00657289430552954,0.00010395257551833,0.00662920583463724,2.40325732750747e-05,0.856723484208843,1.63645293895125,4.32278310790723e-05,1.415507584298e-06,0.9525,0.00475624589355933,0.9525,0.00475624589355933,0.9535,0.00470838348055891,0.162,0.00823881059376898,1,0,0,0.0249717215428956,1170.52830364645,1230.56068422506,6.63266516164197,2000,2000
14,8000,35,"below",4,"homogeneous","naive","prognostic_high",NA,-0.00321359925532178,2.27828685226222e-06,7.5830401726292e-05,0.00339123866042213,5.36336013575698e-05,0.0033302057651404,1.24917613273321e-05,-1.79972279727828,1.59615608664084,1.14947545927067e-05,3.82280270344057e-07,0.947,0.0050095408971282,0.947,0.0050095408971282,0.947,0.0050095408971282,0.156,0.00811369213120636,1,0,0,0.012542544814752,2380.76909324511,2506.39454526906,7.04563170120171,2000,2000
15,4000,70,"boundary",4,"homogeneous","naive","prognostic_high",NA,-0.0128132690081647,-0.000147432242109166,0.000202674911796608,0.00906389760221979,0.00014334864615007,0.0092176889114936,2.79055926675399e-05,1.69674588155262,1.63757084509122,8.21348988896673e-05,2.73356398691577e-06,0.954,0.00468422885862764,0.954,0.00468422885862764,0.952,0.00477995815881269,0.2935,0.0101822824062191,1,0,0,0.034302730315426,1177.70287139685,1242.9103740016,6.58596990400985,2000,2000
16,8000,70,"boundary",4,"homogeneous","naive","prognostic_high",NA,-0.00653059270188162,-6.62448019772397e-05,0.000102855528683734,0.00459983907997017,7.27480310965143e-05,0.00469770804416323,1.45755875000914e-05,2.12766060924228,1.64597291543482,2.1152328675629e-05,7.18629441408576e-07,0.955,0.00463546114210873,0.955,0.00463546114210873,0.9545,0.00465992220965114,0.2915,0.010161883437631,1,0,0,0.0175082508614139,2393.45551777602,2517.98417921474,7.03655711091122,2000,2000
17,4000,140,"above",4,"homogeneous","naive","prognostic_high",NA,-0.0249184369357965,0.000269290062231006,0.000287595623728149,0.0128616672937519,0.000203411675054717,0.0126206450583101,3.43244564782853e-05,-1.87395793979845,1.57467647476626,0.000165412291469995,5.36348994042153e-06,0.945,0.00509779364038993,0.945,0.00509779364038993,0.9445,0.00511955808639769,0.504,0.011179982110898,1,0,0,0.0461942582225535,1187.11710194979,1246.60900754139,6.61787464177361,2000,2000
18,8000,140,"above",4,"homogeneous","naive","prognostic_high",NA,-0.0130119344509763,3.31741714922617e-05,0.000146052664124431,0.00653167370554344,0.0001033006576061,0.00656545127295969,1.84718133551255e-05,0.517134947932107,1.61467182962767,4.26425305406439e-05,1.39337840218174e-06,0.947,0.0050095408971282,0.947,0.0050095408971282,0.948,0.00496467521596328,0.519,0.0111722647659282,1,0,0,0.0240309797657328,2390.17893923202,2519.9436091547,7.02828232601932,2000,2000
19,4000,35,"below",16,"homogeneous","naive","prognostic_high",NA,-0.00630978625536082,3.69711029214329e-05,0.000168424100422146,0.00753215475186338,0.000119123608149324,0.00764539705220981,5.86900236855437e-05,1.5034515895789,1.78442369925231,5.67063553908664e-05,2.37738004524908e-06,0.9475,0.00498717104178311,0.9475,0.00498717104178311,0.948,0.00496467521596328,0.1415,0.00779351493230109,1,0,0,0.0250760161226835,1003.71667265189,881.732255951506,6.88418224679455,2000,2000
20,8000,35,"below",16,"homogeneous","naive","prognostic_high",NA,-0.003224353121283,-4.01960791467757e-05,9.02920038547167e-05,0.00403798116887639,6.38620557227111e-05,0.0039538508436941,3.09034485269632e-05,-2.08347492630097,1.72737492477236,1.6298754999019e-05,6.80009453987482e-07,0.9425,0.00520546587732549,0.9425,0.00520546587732549,0.943,0.00518415856238985,0.135,0.00764117137617002,1,0,0,0.012956058553489,1961.32846616266,1708.76663210636,7.32763210008466,2000,2000
21,4000,70,"boundary",16,"homogeneous","naive","prognostic_high",NA,-0.0127956666368136,0.000481450768036114,0.000248790965082084,0.0111262702022263,0.000175965775451656,0.0106562478297142,7.67819410413107e-05,-4.22443787513025,1.66451770821197,0.000123963786510686,5.3589532930703e-06,0.941,0.00526872849936301,0.941,0.00526872849936301,0.9435,0.00516273909857936,0.2525,0.0097145187734648,1,0,0,0.0348457059652061,1133.07328248608,1179.50008367371,6.85532027949912,2000,2000
22,8000,70,"boundary",16,"homogeneous","naive","prognostic_high",NA,-0.00655350243898545,0.000173414086807226,0.000119088789521911,0.00532581257458317,8.42295506547363e-05,0.00540167615490726,3.95550220380585e-05,1.42445080936846,1.76766103022372,2.83801698853015e-05,1.10708611534005e-06,0.9445,0.00511955808639769,0.9445,0.00511955808639769,0.944,0.00514120608417908,0.2525,0.0097145187734648,1,0,0,0.0173094006802581,2378.11444510694,2499.72458213876,7.35926310410891,2000,2000
23,4000,140,"above",16,"homogeneous","naive","prognostic_high",NA,-0.0248847115653438,0.000180247374070922,0.000314169346907236,0.0140500803226259,0.000222206834293329,0.0142269741626731,0.000101701293685118,1.25902369228694,1.75743745699016,0.000197338543809562,7.33318093711325e-06,0.9435,0.00516273909857936,0.9435,0.00516273909857936,0.943,0.00518415856238985,0.4905,0.0111783216539872,1,0,0,0.0446018987188371,1214.70198168445,1275.61116738569,6.95792010785395,2000,2000
24,8000,140,"above",16,"homogeneous","naive","prognostic_high",NA,-0.0130756675878547,0.000156522767805118,0.000163928518139867,0.007331106200231,0.000115943956419822,0.00745299256109674,5.4889595130328e-05,1.66259166811555,1.77361146398479,5.37427449368471e-05,2.26076366896028e-06,0.9565,0.00456112650559048,0.9565,0.00456112650559048,0.9565,0.00456112650559048,0.4855,0.0111756375657051,1,0,0,0.0230651156084524,2430.82571634592,2559.87348525689,7.41842431301118,2000,2000
25,4000,35,"below",4,"heterogeneous","naive","prognostic_high",NA,-0.00223208612556143,-1.78557664902194e-05,0.000153011638587371,0.00684288850459983,0.000108222626284969,0.00687165594232439,2.44817095046292e-05,0.420399042089148,1.62798148090714,4.68020293532383e-05,1.57473826931632e-06,0.9495,0.00489641450451246,0.9495,0.00489641450451246,0.9495,0.00489641450451246,0.058,0.00522666241496426,1,0,0,0.0259782640707441,1176.14723245263,1232.77404105401,6.6147230712926,2000,2000
26,8000,35,"below",4,"heterogeneous","naive","prognostic_high",NA,-0.00111201871133418,0.000238058255182226,7.6181714910541e-05,0.00340694986364958,5.38820794197549e-05,0.00347359754189418,1.24166387534888e-05,1.95622715073391,1.6531461259281,1.16581754525956e-05,3.75797374583148e-07,0.951,0.00482695556225661,0.951,0.00482695556225661,0.9535,0.00470838348055891,0.046,0.00468422885862764,1,0,0,0.013066979323836,2364.08749266719,2487.57632401309,7.01906318820038,2000,2000
27,4000,70,"boundary",4,"heterogeneous","naive","prognostic_high",NA,-0.00456716770016462,6.19190362381873e-05,0.000216483846123602,0.00968145191925955,0.000153115479267216,0.00959621521952775,2.89985872664408e-05,-0.880412364205729,1.59596943618612,9.36874799763508e-05,3.10062928607773e-06,0.951,0.00482695556225661,0.951,0.00482695556225661,0.9515,0.00480352734977121,0.069,0.00566740681440816,1,0,0,0.0356056545627605,1178.76420782485,1236.30375057025,6.65535324165882,2000,2000
28,8000,70,"boundary",4,"heterogeneous","naive","prognostic_high",NA,-0.00228733978018332,0.000119393334366609,0.00011057129702432,0.00494489873013397,7.8205267691937e-05,0.00487951021335701,1.4883805529717e-05,-1.322342890027,1.58938184121432,2.44540522078462e-05,8.29006902509521e-07,0.947,0.0050095408971282,0.947,0.0050095408971282,0.948,0.00496467521596328,0.0805,0.00608357419614489,1,0,0,0.0181408781167685,2377.02579582927,2504.523963959,7.06556171243511,2000,2000
29,4000,140,"above",4,"heterogeneous","naive","prognostic_high",NA,-0.0092446667619988,0.000590115243859698,0.000289888491116077,0.0129642074406078,0.000205033382610662,0.013004133427088,3.63073645410213e-05,0.307970901137766,1.61093555388382,0.000168334875226865,5.46646046327412e-06,0.948,0.00496467521596328,0.948,0.00496467521596328,0.948,0.00496467521596328,0.098,0.00664815763952691,1,0,0,0.0473209073158437,1185.07321191581,1243.82421365386,6.58113094621366,2000,2000
30,8000,140,"above",4,"heterogeneous","naive","prognostic_high",NA,-0.00460494589101583,1.14534249906218e-05,0.000153994490028047,0.00688684295726253,0.000108917781013982,0.00682819811396659,1.96547490704611e-05,-0.851549013965835,1.59382681535644,4.74050227959816e-05,1.48233758007302e-06,0.9515,0.00480352734977121,0.9515,0.00480352734977121,0.9515,0.00480352734977121,0.1185,0.0072269547528679,1,0,0,0.0248067207472094,2381.88219180378,2514.08694229897,7.01615556975199,2000,2000
31,4000,35,"below",16,"heterogeneous","naive","prognostic_high",NA,-0.00156466011387299,0.000516447175700073,0.00017880795408484,0.00799653480502727,0.000126467937801045,0.00827685098900157,6.09242792575602e-05,3.50547069210618,1.80558908011213,6.4179314288857e-05,2.55493685247916e-06,0.9505,0.0048502448391808,0.9505,0.0048502448391808,0.9535,0.00470838348055891,0.0525,0.00498717104178311,1,0,0,0.0277136788957075,977.4735371305,853.162154662322,6.76156480916316,2000,2000
32,8000,35,"below",16,"heterogeneous","naive","prognostic_high",NA,-0.000794423804530332,-1.00323667443362e-05,9.52953873224058e-05,0.00426173927990142,6.74008669150043e-05,0.00416452236216204,3.1573308908719e-05,-2.28115591673709,1.71385631973154,1.81534411273922e-05,6.95415186006917e-07,0.9395,0.0053310294503032,0.9395,0.0053310294503032,0.9385,0.00537204569973116,0.0685,0.00564835152942874,1,0,0,0.0140111838822393,1956.1126348356,1705.91713742287,7.24971315489998,2000,2000
33,4000,70,"boundary",16,"heterogeneous","naive","prognostic_high",NA,-0.00340780063878184,0.000176381896671064,0.000251263163054435,0.0112368302566266,0.000177714320593282,0.0114651784075194,8.10767457880267e-05,2.03214025377068,1.76763750711906,0.000126234331612604,4.85353120072378e-06,0.948,0.00496467521596328,0.948,0.00496467521596328,0.9475,0.00498717104178311,0.0775,0.00597886904021153,1,0,0,0.03974783452596,989.667762369709,864.720234253683,6.85129385050318,2000,2000
34,8000,70,"boundary",16,"heterogeneous","naive","prognostic_high",NA,-0.00164135097116076,3.31196989598813e-05,0.000135310584835641,0.00605127331535491,9.57029608352736e-05,0.0059182183409205,4.14229519559989e-05,-2.19879300604026,1.69146399268949,3.66006966972169e-05,1.48422375800964e-06,0.944,0.00514120608417908,0.944,0.00514120608417908,0.944,0.00514120608417908,0.0825,0.0061519813881383,1,0,0,0.0206772762472984,1958.23086656402,1707.75265652287,7.21283528129572,2000,2000
35,4000,140,"above",16,"heterogeneous","naive","prognostic_high",NA,-0.00716133235045613,0.000791120732344981,0.000346108466433524,0.0154784411706713,0.000244796850505663,0.0153998483198586,0.000107097391854697,-0.507756885503607,1.71891203117617,0.000240088222016541,9.00672990163854e-06,0.95,0.00487339717240448,0.95,0.00487339717240448,0.954,0.00468422885862764,0.1215,0.00730540039970432,1,0,0,0.0525997410987653,1010.52047595951,895.375377647694,6.90825988739033,2000,2000
36,8000,140,"above",16,"heterogeneous","naive","prognostic_high",NA,-0.00359087149194885,0.000407413613003807,0.000173812900253686,0.00777314920667263,0.000122935018024268,0.00805230316086818,5.70460956819054e-05,3.59125943389729,1.7951932415535,6.05576235169616e-05,2.24827196023074e-06,0.9565,0.00456112650559048,0.9565,0.00456112650559048,0.958,0.00448530935387962,0.1185,0.0072269547528679,1,0,0,0.027698993723517,2000.88026492927,1751.88737467165,7.37312414837011,2000,2000
1,4000,35,"below",4,"null","naive","prognostic_low",NA,0,-4.85206584245883e-05,0.000145932702664363,0.0065263088659556,0.000103215810829859,0.00669190281253858,2.3367360646482e-05,2.53732929262358,1.66071963445063,4.25737653144377e-05,1.32168622257321e-06,0.9555,0.00461084319837489,0.9555,0.00461084319837489,0.9555,0.00461084319837489,0.0445,0.00461084319837489,1,0,0,0.0253716723418961,1192.09621576156,1256.30929087308,6.64634874019661,2000,2000
2,8000,35,"below",4,"null","naive","prognostic_low",NA,0,-1.65299541463131e-05,7.69434076732169e-05,0.00344101379955584,5.44208122374677e-05,0.00337600413837011,1.22418726742163e-05,-1.88925895019999,1.59191736400501,1.18349289201334e-05,4.03037751222421e-07,0.948,0.00496467521596328,0.948,0.00496467521596328,0.947,0.0050095408971282,0.052,0.00496467521596328,1,0,0,0.0128083387842475,2404.61141577102,2531.44204392966,7.01626367522671,2000,2000
3,4000,70,"boundary",4,"null","naive","prognostic_low",NA,0,-0.000326366149743268,0.00021524674571358,0.00962612710702355,0.000152240498405716,0.0092989797257252,2.677697966364e-05,-3.39853585622875,1.5529025168391,9.27225067827316e-05,3.12631751654672e-06,0.9465,0.00503178646208283,0.9465,0.00503178646208283,0.9435,0.00516273909857936,0.0535,0.00503178646208283,1,0,0,0.0351089119591547,1203.37807017523,1263.07444348741,6.67724815621278,2000,2000
4,8000,70,"boundary",4,"null","naive","prognostic_low",NA,0,-2.39833788950395e-05,0.000105969874309185,0.00473911685044893,7.49507567574972e-05,0.00473983567829972,1.41745576000312e-05,0.015167970604435,1.60980386763901,2.24485741104112e-05,6.81180573983848e-07,0.947,0.0050095408971282,0.947,0.0050095408971282,0.9475,0.00498717104178311,0.053,0.0050095408971282,1,0,0,0.0178787449529437,2418.11231443828,2545.69899345625,7.06405093675875,2000,2000
5,4000,140,"above",4,"null","naive","prognostic_low",NA,0,0.000407094366819236,0.000283532117461766,0.0126799417689793,0.000200537623615667,0.0125682461718576,2.9753576273385e-05,-0.880884148813277,1.58506764442298,0.000160866258626569,5.19034025596652e-06,0.9515,0.00480352734977121,0.9515,0.00480352734977121,0.9535,0.00470838348055891,0.0485,0.00480352734977121,1,0,0,0.0473788783897857,1209.51499916794,1274.3598503263,6.6450615270376,2000,2000
6,8000,140,"above",4,"null","naive","prognostic_low",NA,0,-7.64103437395907e-05,0.000145071461517947,0.00648779299098749,0.000102606669070512,0.00658082077745529,1.66233356912008e-05,1.43388956147383,1.62454498003015,4.20762507055898e-05,1.42797387334879e-06,0.952,0.00477995815881269,0.952,0.00477995815881269,0.951,0.00482695556225661,0.048,0.00477995815881269,1,0,0,0.0247161519681981,2419.99176781089,2556.09018932414,7.03468174805328,2000,2000
7,4000,35,"below",16,"null","naive","prognostic_low",NA,0,-0.000237637727855001,0.00016105925674929,0.0072027889299401,0.000113914574824715,0.0072278380731845,5.52833360658128e-05,0.347770058071184,1.76288839158338,5.19106999747831e-05,2.07602766813867e-06,0.9555,0.00461084319837489,0.9555,0.00461084319837489,0.9535,0.00470838348055891,0.0445,0.00461084319837489,1,0,0,0.0236363758991378,1214.52132399057,1286.55552566871,6.9979951942907,2000,2000
8,8000,35,"below",16,"null","naive","prognostic_low",NA,0,5.51263581112573e-05,8.1242423376099e-05,0.0036332716265155,5.7461435644298e-05,0.00363991357118016,2.83825152063861e-05,0.182808921198907,1.76653658998275,1.31971012960452e-05,5.41093297307869e-07,0.9535,0.00470838348055891,0.9535,0.00470838348055891,0.9545,0.00465992220965114,0.0465,0.00470838348055891,1,0,0,0.0118059811413241,2436.5570910786,2573.00292660856,7.45380298228392,2000,2000
9,4000,70,"boundary",16,"null","naive","prognostic_low",NA,0,2.99855472538223e-05,0.00021703005306973,0.00970587903648608,0.000153501802495637,0.00955113358225353,7.03636181688107e-05,-1.59434764899538,1.71688506894176,9.41578849600087e-05,3.75992150946374e-06,0.9435,0.00516273909857936,0.9435,0.00516273909857936,0.9435,0.00516273909857936,0.0565,0.00516273909857936,1,0,0,0.0313537291149566,1304.83765804513,1610.56297358907,7.16753025601028,2000,2000
10,8000,70,"boundary",16,"null","naive","prognostic_low",NA,0,-0.000158060348797679,0.000108044653635535,0.00483190380268953,7.64182141988548e-05,0.00489772093568745,3.72718563793605e-05,1.36213665845932,1.77900738959342,2.33606037851283e-05,9.35432496746661e-07,0.9615,0.00430219420761081,0.9615,0.00430219420761081,0.9595,0.00440793318914885,0.0385,0.00430219420761081,1,0,0,0.0159290756498805,2636.67361144854,3250.45593304567,7.62291788604617,2000,2000
11,4000,140,"above",16,"null","naive","prognostic_low",NA,0,-0.0001558303406832,0.000284538190851811,0.0127249347387892,0.00020124920284919,0.0123074346396117,8.62144909714669e-05,-3.28096063160815,1.67297694699788,0.000161867285219467,6.88328203218432e-06,0.947,0.0050095408971282,0.947,0.0050095408971282,0.9475,0.00498717104178311,0.053,0.0050095408971282,1,0,0,0.0415003848957863,1332.87405700142,1640.47108350363,7.32932649160498,2000,2000
12,8000,140,"above",16,"null","naive","prognostic_low",NA,0,-1.46596005966866e-05,0.000143335190793743,0.00641014460365424,0.000101378633220103,0.00630657473218835,4.48219938541673e-05,-1.61571817594948,1.70587434209061,4.10696237667274e-05,1.70167561837027e-06,0.9525,0.00475624589355933,0.9525,0.00475624589355933,0.9525,0.00475624589355933,0.0475,0.00475624589355933,1,0,0,0.0214504318570208,2681.61076129186,3307.61094201946,7.82338514985052,2000,2000
13,4000,35,"below",4,"homogeneous","naive","prognostic_low",NA,-0.00604137902495724,-0.000210695607729269,0.00014044537204077,0.00628090798016819,9.93347117392167e-05,0.00636399295370106,2.42984269858945e-05,1.32281787593784,1.64849150944218,3.94744727919292e-05,1.30668709667018e-06,0.951,0.00482695556225661,0.951,0.00482695556225661,0.9505,0.0048502448391808,0.149,0.00796238029737339,1,0,0,0.02421556287766,1184.83507048229,1251.15378830287,6.65586639091189,2000,2000
14,8000,35,"below",4,"homogeneous","naive","prognostic_low",NA,-0.00306103910277884,1.69045848187808e-07,7.31265258354118e-05,0.00327031765452751,5.1721194218079e-05,0.00320085816287988,1.2136505812877e-05,-2.12393715183818,1.59180787042161,1.068963010131e-05,3.62811966652701e-07,0.945,0.00509779364038993,0.945,0.00509779364038993,0.945,0.00509779364038993,0.152,0.00802795117075334,1,0,0,0.012166546552718,2397.27224198352,2525.50236921981,7.04911200785426,2000,2000
15,4000,70,"boundary",4,"homogeneous","naive","prognostic_low",NA,-0.0122077144959825,-6.74624881964446e-06,0.000194660933603724,0.00870550160203,0.000137680490609541,0.00881842287426068,2.74500530841685e-05,1.29712539716664,1.63278471057876,7.57479107757485e-05,2.48162552051934e-06,0.951,0.00482695556225661,0.951,0.00482695556225661,0.951,0.00482695556225661,0.2895,0.0101412462251934,1,0,0,0.0333826977822481,1196.74437598919,1264.45086428479,6.61700058879118,2000,2000
16,8000,70,"boundary",4,"homogeneous","naive","prognostic_low",NA,-0.00623017413955517,-4.27200869296068e-05,9.95447446375624e-05,0.00445177631624894,7.04063677573922e-05,0.00449374258996427,1.4700333364715e-05,0.942686036631035,1.6302365617204,1.98102282195573e-05,6.92126345320414e-07,0.9545,0.00465992220965114,0.9545,0.00465992220965114,0.9545,0.00465992220965114,0.2815,0.0100562853479801,1,0,0,0.0169311913716827,2413.39959247391,2542.68577289487,7.06603606767752,2000,2000
17,4000,140,"above",4,"homogeneous","naive","prognostic_low",NA,-0.0239840115318326,0.000381149647245573,0.000277039324480895,0.0123895752395981,0.000195945377464972,0.0120627504769045,3.23044728134382e-05,-2.63790127081207,1.56173460777692,0.000153570098883948,5.17636990925689e-06,0.944,0.00514120608417908,0.944,0.00514120608417908,0.9435,0.00516273909857936,0.5055,0.0111796634564731,1,0,0,0.0452291741244094,1204.08021472618,1267.85505149708,6.65061234321048,2000,2000
18,8000,140,"above",4,"homogeneous","naive","prognostic_low",NA,-0.012547441014135,3.45088580332526e-05,0.00013851736357044,0.00619468482015114,9.79710629208321e-05,0.00625860645359501,1.70848105330737e-05,1.0318787040777,1.6214811678246,3.83561238222832e-05,1.29293357941319e-06,0.9505,0.0048502448391808,0.9505,0.0048502448391808,0.9515,0.00480352734977121,0.5215,0.011169998880931,1,0,0,0.023451336640456,2419.00228335738,2553.54773916446,7.07305157595183,2000,2000
19,4000,35,"below",16,"homogeneous","naive","prognostic_low",NA,-0.00575990706361195,0.000167272296642719,0.000154420433456454,0.00690589172647228,0.00010921904382573,0.00689008576726757,5.46718681386743e-05,-0.22887644102676,1.7653768600155,4.76954748887136e-05,2.00307769440603e-06,0.947,0.0050095408971282,0.947,0.0050095408971282,0.949,0.00491929873051028,0.1345,0.00762921195144033,1,0,0,0.0224630973348068,1201.11893313707,1266.33860940782,6.93998391222083,2000,2000
20,8000,35,"below",16,"homogeneous","naive","prognostic_low",NA,-0.00291938065852302,-2.74591737262849e-05,7.86579067980365e-05,0.00351768853136505,5.56334493921592e-05,0.00352797330299588,2.81996279179974e-05,0.29237300400895,1.77722937136911,1.23686995436171e-05,5.49326302606347e-07,0.9465,0.00503178646208283,0.9465,0.00503178646208283,0.9455,0.00507591124823908,0.13,0.00751997340420829,1,0,0,0.0114208524733042,2405.93383211106,2535.26880879775,7.44669151916686,2000,2000
21,4000,70,"boundary",16,"homogeneous","naive","prognostic_low",NA,-0.0116419289115189,0.000531738278300592,0.00021573250559333,0.0096478509492608,0.000152584068413957,0.00924800529674757,7.10086120699417e-05,-4.14440122070772,1.68520788407063,9.33172330217931e-05,3.9271428681797e-06,0.9355,0.00549271107923947,0.9355,0.00549271107923947,0.9385,0.00537204569973116,0.2735,0.00996739058129057,1,0,0,0.0298973383909677,1272.24595903567,1570.01216798748,7.07613861771952,2000,2000
22,8000,70,"boundary",16,"homogeneous","naive","prognostic_low",NA,-0.00599410119909414,0.000340896966128373,0.000105819121870018,0.00473237499641389,7.48441320259658e-05,0.00474417715508265,3.5923335322043e-05,0.249391873587834,1.75783129706557,2.25003861616456e-05,8.96113887707555e-07,0.949,0.00491929873051028,0.949,0.00491929873051028,0.9475,0.00498717104178311,0.2635,0.00985057739424446,1,0,0,0.0153613807115424,2498.57740522548,2637.6164960816,7.5275434317434,2000,2000
23,4000,140,"above",16,"homogeneous","naive","prognostic_low",NA,-0.0227800162191503,-0.000180319912481596,0.000274536614808314,0.0122776506604813,0.000194175251897426,0.0121394639082342,8.98894142072168e-05,-1.12551461243187,1.72664138186194,0.000150697850658783,5.96407795996793e-06,0.9455,0.00507591124823908,0.9455,0.00507591124823908,0.945,0.00509779364038993,0.54,0.011144505372604,1,0,0,0.0395717799118304,1324.31839499068,1633.29510353198,7.23349248160242,2000,2000
24,8000,140,"above",16,"homogeneous","naive","prognostic_low",NA,-0.0118696879659999,0.00021302302215666,0.000137551596577582,0.00615149440722203,9.72879917419903e-05,0.00623160454325264,4.72677192798082e-05,1.30228739111844,1.77686556646912,3.78673418083316e-05,1.80749295803696e-06,0.957,0.00453602248671675,0.957,0.00453602248671675,0.953,0.00473238840333293,0.532,0.0111574190563947,1,0,0,0.020443726657478,2672.38601929547,3287.43054551051,7.7187978002014,2000,2000
25,4000,35,"below",4,"heterogeneous","naive","prognostic_low",NA,-0.00225046649789986,0.000103859005184898,0.000147895407534297,0.00661408369613444,0.000104603999843503,0.0065755001852636,2.33525961526068e-05,-0.583353834687461,1.61146348498835,4.37350167808597e-05,1.47958938519142e-06,0.948,0.00496467521596328,0.948,0.00496467521596328,0.949,0.00491929873051028,0.063,0.00543281694887652,1,0,0,0.0248225062339531,1195.04310487199,1255.43837830787,6.6410354712798,2000,2000
26,8000,35,"below",4,"heterogeneous","naive","prognostic_low",NA,-0.00112630868720849,0.00031513814378964,7.4392300406941e-05,0.00332692481425011,5.26164558444513e-05,0.00333799303461309,1.214658238556e-05,0.332686218683853,1.62825627897738,1.11622065549844e-05,3.68445776946082e-07,0.944,0.00514120608417908,0.944,0.00514120608417908,0.95,0.00487339717240448,0.0515,0.00494205169944629,1,0,0,0.0125788016086184,2403.66063086718,2532.93484027481,7.03604379459079,2000,2000
27,4000,70,"boundary",4,"heterogeneous","naive","prognostic_low",NA,-0.00470980451199554,0.000126688788394876,0.000204996097392792,0.00916770417784902,0.000144990382710982,0.00915520609153475,2.74999426501204e-05,-0.136327329850672,1.60761150554393,8.40208265417091e-05,2.776230787027e-06,0.95,0.00487339717240448,0.95,0.00487339717240448,0.9505,0.0048502448391808,0.0695,0.00568637626261225,1,0,0,0.0343090644758473,1199.59937635535,1262.50162368176,6.69572539641165,2000,2000
28,8000,70,"boundary",4,"heterogeneous","naive","prognostic_low",NA,-0.00237191865180745,0.00017731945452106,0.000104964983899334,0.00469417678512163,7.4240014226493e-05,0.00466980352048505,1.3888642201189e-05,-0.519223407048164,1.60090059703853,2.20557202310814e-05,7.42524928467358e-07,0.9505,0.0048502448391808,0.9505,0.0048502448391808,0.9535,0.00470838348055891,0.0805,0.00608357419614489,1,0,0,0.0175102979395948,2412.17571414373,2542.36379665932,7.10255975853035,2000,2000
29,4000,140,"above",4,"heterogeneous","naive","prognostic_low",NA,-0.00977781653988576,0.000681235958289831,0.000275289199728186,0.0123113072812748,0.000194707542887072,0.0123994414208447,3.23593899113656e-05,0.715879618275106,1.61439680890863,0.00015195658526135,4.97272875638351e-06,0.9485,0.00494205169944629,0.9485,0.00494205169944629,0.949,0.00491929873051028,0.113,0.00707923018413726,1,0,0,0.0462348512866637,1204.54110421364,1272.48236708488,6.62940643362162,2000,2000
30,8000,140,"above",4,"heterogeneous","naive","prognostic_low",NA,-0.0049380331501943,5.34067567303736e-05,0.000146207067924519,0.00653857885340309,0.000103409864885418,0.00645049745267883,1.74187448206734e-05,-1.34710313508598,1.58280902022117,4.27344891971234e-05,1.34094566296806e-06,0.9505,0.0048502448391808,0.9505,0.0048502448391808,0.9505,0.0048502448391808,0.13,0.00751997340420829,1,0,0,0.0240627492471832,2423.16685193665,2555.0506430896,7.07229614012501,2000,2000
31,4000,35,"below",16,"heterogeneous","naive","prognostic_low",NA,-0.00189889292036682,0.000533431993213331,0.000152709704322835,0.00682938559379504,0.000108009073124078,0.00717129096230555,5.79298096308666e-05,5.00638547662555,1.86480053161575,4.69017370263244e-05,1.79129838917902e-06,0.952,0.00477995815881269,0.952,0.00477995815881269,0.955,0.00463546114210873,0.0535,0.00503178646208283,1,0,0,0.0230076916408309,1215.33713242578,1291.31744396784,6.96834483664951,2000,2000
32,8000,35,"below",16,"heterogeneous","naive","prognostic_low",NA,-0.000960093915161187,5.6529090618091e-05,8.20170643791976e-05,0.00366791462533725,5.80093265404242e-05,0.00364319889385966,2.99037311351706e-05,-0.673836062237054,1.76984041523113,1.34500664379996e-05,5.22981046491508e-07,0.949,0.00491929873051028,0.949,0.00491929873051028,0.949,0.00491929873051028,0.0605,0.0053310294503032,1,0,0,0.0115739506332458,2448.21443360034,2579.19038367272,7.41403221728417,2000,2000
33,4000,70,"boundary",16,"heterogeneous","naive","prognostic_low",NA,-0.0044471309169635,0.000349557551274367,0.000214137768715858,0.00957653214797572,0.000151456137135611,0.00959687956427105,7.31390848069331e-05,0.212471654466628,1.75931182245635,9.17863034788748e-05,3.57394352086636e-06,0.946,0.00505390937789747,0.946,0.00505390937789747,0.947,0.0050095408971282,0.098,0.00664815763952691,1,0,0,0.03066545763226,1282.46615012627,1568.93842674566,7.09031952262895,2000,2000
34,8000,70,"boundary",16,"heterogeneous","naive","prognostic_low",NA,-0.00224997835867425,0.000239896533731913,0.000110310444623253,0.00493323305611638,7.8020771060329e-05,0.00485964592993743,3.7365938286538e-05,-1.49166125625698,1.73230818280326,2.4382170338663e-05,1.05411358192936e-06,0.9505,0.0048502448391808,0.9505,0.0048502448391808,0.95,0.00487339717240448,0.095,0.0065564853389602,1,0,0,0.0156147940165103,2607.93566999006,3214.69216610216,7.54103104752117,2000,2000
35,4000,140,"above",16,"heterogeneous","naive","prognostic_low",NA,-0.0101016522708047,0.00052757975309147,0.000278521118633242,0.0124558430886642,0.000196993426203363,0.0122414041142273,9.20643558949197e-05,-1.72159341531914,1.72109739831398,0.000155348793431772,6.31663642779097e-06,0.9445,0.00511955808639769,0.9445,0.00511955808639769,0.948,0.00496467521596328,0.1755,0.00850587297107122,1,0,0,0.0400684526852376,1325.8267080904,1637.19723706578,7.273508444052,2000,2000
36,8000,140,"above",16,"heterogeneous","naive","prognostic_low",NA,-0.00517417800281032,0.000304731810650936,0.00013692720330822,0.0061235706913223,9.68463686075095e-05,0.00627570797212507,4.57107993037143e-05,2.484453735765,1.78446104798854,3.75722304290382e-05,1.43798413141264e-06,0.9555,0.00461084319837489,0.9555,0.00461084319837489,0.956,0.00458606585212206,0.159,0.00817676586432558,1,0,0,0.020861481279205,2674.86245360432,3291.90584982584,7.72381796975843,2000,2000
1,4000,35,"below",4,"null","naive","workability",NA,0,-8.04583553063458e-05,0.000143373511126491,0.00641185834103313,0.000101405736563929,0.00651106107207428,2.04400576526964e-05,1.54717596311036,1.63733652183353,4.1097844968722e-05,1.26325268460726e-06,0.958,0.00448530935387962,0.958,0.00448530935387962,0.959,0.00443390347211123,0.042,0.00448530935387962,1,0,0,0.0247555360999875,1215.92208304273,1283.21794698328,6.70955274209307,2000,2000
2,8000,35,"below",4,"null","naive","workability",NA,0,-5.62384491117166e-06,7.58598620768695e-05,0.00339255616735277,5.36544381810964e-05,0.00327084916229284,1.01801377590121e-05,-3.58747207286167,1.55404313471375,1.15037142576006e-05,3.7595045620105e-07,0.9455,0.00507591124823908,0.9455,0.00507591124823908,0.9455,0.00507591124823908,0.0545,0.00507591124823908,1,0,0,0.0124773352940034,2439.7320472022,2570.7449486616,7.06380752899537,2000,2000
3,4000,70,"boundary",4,"null","naive","workability",NA,0,-0.000473733016134368,0.000230514496162188,0.0103089216643553,0.000163039128276399,0.0100158903676432,2.30258264873221e-05,-2.84250192457436,1.55272801909644,0.000106445151919449,3.47855321699374e-06,0.948,0.00496467521596328,0.948,0.00496467521596328,0.943,0.00518415856238985,0.052,0.00496467521596328,1,0,0,0.0390473403502927,970.725447496571,843.194791588027,6.45747349352924,2000,2000
4,8000,70,"boundary",4,"null","naive","workability",NA,0,-0.000107161686086526,0.000113939638247789,0.00509553552907583,8.05876402800173e-05,0.005094044311402,1.20274307011776e-05,-0.0292651805746891,1.59859346582375,2.5962983713875e-05,8.0781127793014e-07,0.9485,0.00494205169944629,0.9485,0.00494205169944629,0.949,0.00491929873051028,0.0515,0.00494205169944629,1,0,0,0.0198379613612925,1943.7657198226,1689.91813182076,6.89541124054626,2000,2000
5,4000,140,"above",4,"null","naive","workability",NA,0,0.000296781364871984,0.00027058566911624,0.0121009589976236,0.000191380812709316,0.0121651225205145,1.37776235718925e-05,0.530235024377035,1.59399155169038,0.000146448071236371,4.44826261763699e-06,0.9465,0.00503178646208283,0.9465,0.00503178646208283,0.9475,0.00498717104178311,0.0535,0.00503178646208283,1,0,0,0.0476817363154613,968.960553616778,845.193469926543,6.4036756236171,2000,2000
6,8000,140,"above",4,"null","naive","workability",NA,0,-0.000163231493062039,0.000140309087237527,0.00627481313848118,9.92383197296558e-05,0.00621645475286554,7.56501060118147e-06,-0.930041808858728,1.5714568740037,3.93802378032219e-05,1.21092279454147e-06,0.9515,0.00480352734977121,0.9515,0.00480352734977121,0.9505,0.0048502448391808,0.0485,0.00480352734977121,1,0,0,0.0243022023780094,1939.36461653195,1690.60978839043,6.84674100954475,2000,2000
7,4000,35,"below",16,"null","naive","workability",NA,0,-0.000129889197044888,0.000141023362507241,0.00630675649963571,9.97435149310958e-05,0.00625155236625713,2.52259500695606e-05,-0.875317342310122,1.61791249997867,3.97721611604334e-05,1.4029208889908e-06,0.9435,0.00516273909857936,0.9435,0.00516273909857936,0.9435,0.00516273909857936,0.0565,0.00516273909857936,1,0,0,0.0242887050537082,1246.83201998296,1317.67591239422,7.01218015683275,2000,2000
8,8000,35,"below",16,"null","naive","workability",NA,0,3.24445033274337e-05,6.87367770635202e-05,0.00307400212136559,4.86163967973647e-05,0.00314670168260133,1.32774032775526e-05,2.36498084143968,1.67556484846372,9.44581694343523e-06,3.23101470891576e-07,0.96,0.00438178046004133,0.96,0.00438178046004133,0.959,0.00443390347211123,0.04,0.00438178046004133,1,0,0,0.0121449704345965,2485.41617339139,2623.47816120905,7.5165486720004,2000,2000
9,4000,70,"boundary",16,"null","naive","workability",NA,0,-3.24568762532447e-05,0.000329923919837456,0.0147546462431949,0.00023334978573315,0.0147330046861092,4.31441216839515e-05,-0.146676217978814,1.60605802359559,0.000217591789417759,7.10409662417841e-06,0.947,0.0050095408971282,0.947,0.0050095408971282,0.947,0.0050095408971282,0.053,0.0050095408971282,1,0,0,0.0591960899281783,652.519822041687,458.471105047584,6.36311760488471,2000,2000
10,8000,70,"boundary",16,"null","naive","workability",NA,0,-8.95135328074753e-05,0.000170299759044325,0.0076160367554989,0.000120450230777383,0.00755691691991813,2.19071104493356e-05,-0.776254599061543,1.59540231692089,5.79830265257354e-05,1.91139846942627e-06,0.9485,0.00494205169944629,0.9485,0.00494205169944629,0.948,0.00496467521596328,0.0515,0.00494205169944629,1,0,0,0.0303445281936233,1303.99512224714,912.548603342961,6.88537360404995,2000,2000
11,4000,140,"above",16,"null","naive","workability",NA,0,0.000349555241122327,0.000363123665687072,0.016239384014304,0.000256831422300209,0.0162746541733761,2.79815271274899e-05,0.217189020476627,1.59430764433512,0.000263707923234047,8.71715710649314e-06,0.946,0.00505390937789747,0.946,0.00505390937789747,0.9465,0.00503178646208283,0.054,0.00505390937789747,1,0,0,0.0637123162616156,648.014457988756,453.603325674486,6.3934864784078,2000,2000
12,8000,140,"above",16,"null","naive","workability",NA,0,-0.000216227977698013,0.000182956961588129,0.00818208406135751,0.000129402462864807,0.00833414450329595,1.50108205089374e-05,1.85845611946962,1.6213393369844,6.69597808756664e-05,2.01931386460054e-06,0.954,0.00468422885862764,0.954,0.00468422885862764,0.955,0.00463546114210873,0.046,0.00468422885862764,1,0,0,0.0326238428688536,1297.40265575372,907.640441087371,6.86506632597092,2000,2000
13,4000,35,"below",4,"homogeneous","naive","workability",NA,-0.00631790174354342,-0.000292278251850195,0.000132545591817061,0.00592761906841775,9.37473265522024e-05,0.00602490614928768,1.15806153396012e-05,1.64125055518964,1.61931968965025,3.52045260628643e-05,1.11279446539615e-06,0.955,0.00463546114210873,0.955,0.00463546114210873,0.9585,0.00445969449626317,0.178,0.00855324499824482,1,0,0,0.0235162288516972,1219.54370510902,1287.36482692813,6.7609235264438,2000,2000
14,8000,35,"below",4,"homogeneous","naive","workability",NA,-0.00318899207110694,-4.92282428230481e-05,6.82743369293231e-05,0.00305332116985382,4.8289320463274e-05,0.00304206410637712,6.39572793705971e-06,-0.368682586943103,1.58956537358741,9.32053220108577e-06,2.83557382214384e-07,0.952,0.00477995815881269,0.952,0.00477995815881269,0.951,0.00482695556225661,0.177,0.00853437168161781,1,0,0,0.0118476310927133,2440.85696999532,2575.55280863292,7.15303065433296,2000,2000
15,4000,70,"boundary",4,"homogeneous","naive","workability",NA,-0.0134424349815218,-0.000263178871547961,0.000229605910090032,0.0102682884599403,0.000162396500226387,0.0103538435626684,1.6961194725362e-05,0.833197305099231,1.60324343750698,0.000105454292141025,3.35172269336135e-06,0.956,0.00458606585212206,0.956,0.00458606585212206,0.954,0.00468422885862764,0.255,0.00974615308724422,1,0,0,0.0407155744873572,969.486611190367,846.395693793415,6.42131657030519,2000,2000
16,8000,70,"boundary",4,"homogeneous","naive","workability",NA,-0.00684804852940956,-0.000115607109376269,0.000117494368747111,0.00525450790983934,8.31018429506347e-05,0.00528760584011682,8.71874252352828e-06,0.629895907388445,1.60012274162595,2.76094134516153e-05,8.51495922771427e-07,0.9525,0.00475624589355933,0.9525,0.00475624589355933,0.9535,0.00470838348055891,0.247,0.00964341744403922,1,0,0,0.0208018754450647,1940.54390184386,1690.51870494644,6.90647343675064,2000,2000
17,4000,140,"above",4,"homogeneous","naive","workability",NA,-0.0169047267058082,0.000260716760058981,0.000263336509616375,0.0117767667291948,0.000186253600905842,0.0115785683792189,1.45923156236411e-05,-1.68296065068985,1.55984680283834,0.000138690861705549,4.3409478141188e-06,0.9435,0.00516273909857936,0.9435,0.00516273909857936,0.945,0.00509779364038993,0.2975,0.0102223713002414,1,0,0,0.0453122369435181,969.753985197687,844.849280606127,6.42286525989833,2000,2000
18,8000,140,"above",4,"homogeneous","naive","workability",NA,-0.00860621393419599,-5.89237212581468e-05,0.000133073516387724,0.00595122857295764,9.41207189558454e-05,0.00590276025351136,8.05896621441551e-06,-0.814425439253263,1.57448804717346,3.54028849717505e-05,1.13654426229986e-06,0.95,0.00487339717240448,0.95,0.00487339717240448,0.95,0.00487339717240448,0.3055,0.0102997512105876,1,0,0,0.0231096068520877,1941.29253322039,1692.80836736126,6.88310426527201,2000,2000
19,4000,35,"below",16,"homogeneous","naive","workability",NA,-0.00585090728400814,1.32683388790565e-05,0.000119897728703159,0.00536198943456183,8.48017000906073e-05,0.00536325935147834,1.58743943208509e-05,0.0236836892724801,1.60937367479868,2.87367312798212e-05,9.26938327199787e-07,0.953,0.00473238840333293,0.953,0.00473238840333293,0.952,0.00477995815881269,0.185,0.00868259753760359,1,0,0,0.020323346795787,1346.38680186179,1659.35576405196,7.48676596950784,2000,2000
20,8000,35,"below",16,"homogeneous","naive","workability",NA,-0.0029517000202483,-6.58757887580593e-05,5.98111333831151e-05,0.00267483520111905,4.23034351867634e-05,0.00270849457908686,8.79292006747305e-06,1.25837202806871,1.63482677159785,7.1555056010135e-06,2.37969418214384e-07,0.9505,0.0048502448391808,0.9505,0.0048502448391808,0.9515,0.00480352734977121,0.185,0.00868259753760359,1,0,0,0.010230771297097,2699.06967194208,3329.54423258913,7.99008060012099,2000,2000
21,4000,70,"boundary",16,"homogeneous","naive","workability",NA,-0.0133958698088123,-0.000135779251329906,0.000285650423726055,0.0127746753050616,0.000202035866947441,0.0122943357358318,7.08714825353752e-05,-3.76009219615528,1.62002171661974,0.000163129168990267,6.12957013389263e-06,0.9455,0.00507591124823908,0.9455,0.00507591124823908,0.945,0.00509779364038993,0.2045,0.00901886217878952,1,0,0,0.0394776369045794,940.236832169905,815.650281188937,6.41183260780512,2000,2000
22,8000,70,"boundary",16,"homogeneous","naive","workability",NA,-0.0068756648250102,-6.43145906230042e-05,0.000138230104657652,0.00618183821102841,9.77678893959116e-05,0.00628349550246639,3.67624942364018e-05,1.64445085697364,1.71401327676916,3.82001524720644e-05,1.3857106127535e-06,0.946,0.00505390937789747,0.946,0.00505390937789747,0.9465,0.00503178646208283,0.1885,0.00874550598879219,1,0,0,0.020040056929065,1902.86592247385,1650.19370661652,6.82502438265102,2000,2000
23,4000,140,"above",16,"homogeneous","naive","workability",NA,-0.0197049817585797,-0.000446860517670208,0.000369590576124916,0.0165285930411725,0.00026140536215207,0.0164486868282893,2.53414230015936e-05,-0.483442315290472,1.58133851459699,0.000273257475048988,8.43875239394634e-06,0.9485,0.00494205169944629,0.9485,0.00494205169944629,0.946,0.00505390937789747,0.223,0.00930781929347578,1,0,0,0.0641907629341598,648.864149013163,453.270835986259,6.40646280343255,2000,2000
24,8000,140,"above",16,"homogeneous","naive","workability",NA,-0.0101117064338333,0.000198102910538418,0.000190282116387212,0.00850967494288663,0.000134583424898934,0.00841223018828983,1.3206765281085e-05,-1.14510548582418,1.57110814935272,7.24176051129397e-05,2.30559823417602e-06,0.942,0.00522666241496426,0.942,0.00522666241496426,0.943,0.00518415856238985,0.2005,0.00895264625683379,1,0,0,0.0329283581555121,1297.59445658568,907.859712857686,6.82407498503954,2000,2000
25,4000,35,"below",4,"heterogeneous","naive","workability",NA,-0.00267194721498929,-0.000121379729299996,0.000140876714019268,0.00630019817987763,9.96397928570391e-05,0.00631279777510066,1.99458393941682e-05,0.19998728394397,1.61601195707033,3.96873838958655e-05,1.25008904240586e-06,0.9505,0.0048502448391808,0.9505,0.0048502448391808,0.95,0.00487339717240448,0.065,0.00551248582764618,1,0,0,0.0241271386826456,1217.94247074422,1284.16986948674,6.7293411855067,2000,2000
26,8000,35,"below",4,"heterogeneous","naive","workability",NA,-0.00134134335306763,0.000179597608214656,7.052255751854e-05,0.00315386465117189,4.9879450069618e-05,0.00316086167335978,9.46405897582796e-06,0.221855499895662,1.61319811615653,9.97414410766904e-06,3.22381840106746e-07,0.947,0.0050095408971282,0.947,0.0050095408971282,0.949,0.00491929873051028,0.059,0.00526872849936301,1,0,0,0.0121144235996036,2439.12574274297,2574.29688939474,7.11571150733201,2000,2000
27,4000,70,"boundary",4,"heterogeneous","naive","workability",NA,-0.00302449974620923,-0.000102924606637116,0.000223733172698475,0.0100056516595098,0.000158242809240107,0.0100525336797096,2.1768693734203e-05,0.468555390444791,1.60377028043901,0.000100073602073537,3.24879730869493e-06,0.9515,0.00480352734977121,0.9515,0.00480352734977121,0.951,0.00482695556225661,0.0495,0.0048502448391808,1,0,0,0.0396042029233939,971.699767083588,844.459664752623,6.47190721597861,2000,2000
28,8000,70,"boundary",4,"heterogeneous","naive","workability",NA,-0.00151439106721206,9.48228812813758e-05,0.00011295447874959,0.00505147785694279,7.98908530997155e-05,0.005110777191133,1.13400745324625e-05,1.17390070528989,1.61577089082144,2.55136612037281e-05,8.11362071634929e-07,0.955,0.00463546114210873,0.955,0.00463546114210873,0.954,0.00468422885862764,0.0555,0.00511955808639769,1,0,0,0.0202238977970553,1940.51782161352,1688.53945103678,6.8967753990812,2000,2000
29,4000,140,"above",4,"heterogeneous","naive","workability",NA,-0.00441329385288844,0.000466168830245548,0.000261571158757394,0.0116978178386984,0.000185004997152316,0.0119658636886312,1.42666420595127e-05,2.29141754153488,1.6223644253866,0.00013698783609457,4.25022273755695e-06,0.954,0.00468422885862764,0.954,0.00468422885862764,0.9555,0.00461084319837489,0.054,0.00505390937789747,1,0,0,0.0467897738847019,969.810140051573,845.69113995535,6.42943172022987,2000,2000
30,8000,140,"above",4,"heterogeneous","naive","workability",NA,-0.00219331162708183,-0.000137220733890349,0.000133550204400991,0.00597254670899217,9.44578725814827e-05,0.00611361894971355,7.62844719215456e-06,2.36201151024884,1.62392102010515,3.56723080638071e-05,1.09805361183477e-06,0.958,0.00448530935387962,0.958,0.00448530935387962,0.9595,0.00440793318914885,0.0555,0.00511955808639769,1,0,0,0.0239494689354744,1942.36947818564,1692.06987567312,6.8559554802167,2000,2000
31,4000,35,"below",16,"heterogeneous","naive","workability",NA,-0.00289443224925063,0.000155534992790444,0.000127278524947194,0.00569206867715656,9.00220164075753e-05,0.00588661556301457,2.49936095817775e-05,3.41785907536163,1.69350397301964,3.24076371365365e-05,1.10978280748756e-06,0.9545,0.00465992220965114,0.9545,0.00465992220965114,0.9555,0.00461084319837489,0.0635,0.005452877680638,1,0,0,0.0217515089745019,1306.31903530251,1616.02416964269,7.21852418645947,2000,2000
32,8000,35,"below",16,"heterogeneous","naive","workability",NA,-0.00144600833226434,-7.41430668183006e-05,6.74708346441265e-05,0.0030173874552583,4.77210164549465e-05,0.00297849527499323,1.32147502071495e-05,-1.28893557230414,1.62141614419425,9.10557193597978e-06,3.21361056577288e-07,0.951,0.00482695556225661,0.951,0.00482695556225661,0.949,0.00491929873051028,0.0865,0.00628560856242258,1,0,0,0.0109204389507726,2649.11536630672,3262.15229649139,7.64953995344851,2000,2000
33,4000,70,"boundary",16,"heterogeneous","naive","workability",NA,-0.000538803914942319,3.93524231691285e-06,0.000328812453893064,0.0147049399750681,0.000232563664071824,0.014750231752646,4.12086172193778e-05,0.308003824937098,1.61096703125449,0.000216127157526654,7.0555622466182e-06,0.949,0.00491929873051028,0.949,0.00491929873051028,0.949,0.00491929873051028,0.052,0.00496467521596328,1,0,0,0.0590501103993144,652.66980830234,457.154848579384,6.43770278777249,2000,2000
34,8000,70,"boundary",16,"heterogeneous","naive","workability",NA,-0.000226459155750734,-7.28357450709949e-05,0.000173649615407739,0.00776584688636797,0.00012281952932665,0.00755062129684107,2.13368839888055e-05,-2.77143745783479,1.56205624919805,6.02835287193399e-05,1.96148068738624e-06,0.947,0.0050095408971282,0.947,0.0050095408971282,0.947,0.0050095408971282,0.0535,0.00503178646208283,1,0,0,0.0301517006567198,1303.31158220152,913.637900058899,6.85217951686289,2000,2000
35,4000,140,"above",16,"heterogeneous","naive","workability",NA,-0.000295401008649682,0.000403353617769284,0.000360346315735294,0.0161151771485144,0.000254867048160642,0.016142818188669,2.90048780261354e-05,0.171521789055307,1.59443811769336,0.000259731779201704,8.26558483877054e-06,0.9475,0.00498717104178311,0.9475,0.00498717104178311,0.9475,0.00498717104178311,0.052,0.00496467521596328,1,0,0,0.063043492239914,648.303174313568,453.564565376522,6.36936779426442,2000,2000
36,8000,140,"above",16,"heterogeneous","naive","workability",NA,-0.000108178889457449,6.48531554832446e-05,0.000184702601965945,0.0082601514723388,0.00013063712571778,0.00828530767799361,1.54287075343044e-05,0.30454896304315,1.59730944159244,6.8200193226584e-05,2.10373030391055e-06,0.9465,0.00503178646208283,0.9465,0.00503178646208283,0.946,0.00505390937789747,0.0545,0.00507591124823908,1,0,0,0.032384528484478,1298.1159171916,906.888035885355,6.8328497824318,2000,2000
1,4000,35,"below",4,"null","split","prognostic_high",NA,0,-0.000266935090033468,0.000220097824641685,0.0098430739519727,0.000155671587091269,0.00974502240544374,4.03603379656663e-05,-0.996147616155119,1.61857889666123,9.69089161138827e-05,3.09150425704783e-06,0.9465,0.00503178646208283,0.9465,0.00503178646208283,0.948,0.00496467521596328,0.0535,0.00503178646208283,1,0,0,0.0367940511259085,578.731738041886,604.674135779507,6.21902452778576,2000,2000
2,8000,35,"below",4,"null","split","prognostic_high",NA,0,6.29573076354302e-05,0.000111953632103744,0.0050067186342395,7.91829706567724e-05,0.00491452199053865,2.10110152470967e-05,-1.84145845684932,1.60813286285178,2.50586614892846e-05,8.1226106326816e-07,0.9405,0.00528960064655168,0.9405,0.00528960064655168,0.9415,0.0052477495176504,0.0595,0.00528960064655168,1,0,0,0.0186222254420941,1168.4655473028,1231.49409808388,6.56586772267592,2000,2000
3,4000,70,"boundary",4,"null","split","prognostic_high",NA,0,-0.000454250419722789,0.000311294767310325,0.0139215252149173,0.000220173691217972,0.0137851206090936,4.69829605052521e-05,-0.979810787380764,1.60198981009917,0.000193918303321242,6.58485115128208e-06,0.9495,0.00489641450451246,0.9495,0.00489641450451246,0.947,0.0050095408971282,0.0505,0.00489641450451246,1,0,0,0.0518530951942814,579.722212034024,606.765937432998,6.15477627577769,2000,2000
4,8000,70,"boundary",4,"null","split","prognostic_high",NA,0,0.000173703131731671,0.00016146467814961,0.00722091992615305,0.000114201322742062,0.00703935685363848,2.48511656358887e-05,-2.51440362684229,1.57971252008691,5.21457865155974e-05,1.63726157829189e-06,0.9495,0.00489641450451246,0.9495,0.00489641450451246,0.9495,0.00489641450451246,0.0505,0.00489641450451246,1,0,0,0.0264888451619369,1172.82390731466,1233.89279756184,6.58271770554076,2000,2000
5,4000,140,"above",4,"null","split","prognostic_high",NA,0,3.68253320840811e-05,0.000425825348454992,0.0190434885137579,0.000301179295731789,0.0187579713082223,5.35130070193452e-05,-1.49929045473653,1.58296374698298,0.000362474483651327,1.17434645389603e-05,0.9495,0.00489641450451246,0.9495,0.00489641450451246,0.9495,0.00489641450451246,0.0505,0.00489641450451246,1,0,0,0.0694856602435985,583.809521711128,615.729713210801,6.16065312680712,2000,2000
6,8000,140,"above",4,"null","split","prognostic_high",NA,0,-0.00012813012906885,0.000218145953496778,0.00975578362070607,0.000154291060593927,0.00981377610583161,2.89364882103348e-05,0.594442101016401,1.61834873082073,9.5144143726985e-05,3.14449569140166e-06,0.955,0.00463546114210873,0.955,0.00463546114210873,0.954,0.00468422885862764,0.045,0.00463546114210873,1,0,0,0.0364060697120248,1179.7395635834,1240.41408658893,6.6219952463739,2000,2000
7,4000,35,"below",16,"null","split","prognostic_high",NA,0,-0.000497291093499775,0.000263252186527098,0.0117700520690813,0.000186193983863196,0.0115748407617028,8.95127520232248e-05,-1.6585424281281,1.73163519894358,0.000138712122426848,5.61670788545615e-06,0.9455,0.00507591124823908,0.945972986493247,0.0050563654016185,0.944972486243122,0.00510026956327963,0.0540270135067534,0.0050563654016185,0.9995,0.000499874984371065,0.000499999999999945,0.0393106498707888,483.852037387153,421.529626814015,6.33734348096627,1999,2000
8,8000,35,"below",16,"null","split","prognostic_high",NA,0,0.000183110699205607,0.000127092227177729,0.00568089460820856,8.98902735523274e-05,0.00579558410052223,4.51958009886969e-05,2.01886322882938,1.79966973767513,3.22899406435277e-05,1.31025253053577e-06,0.94,0.0053103672189407,0.940940940940941,0.00527383699574764,0.944944944944945,0.00510274788912699,0.0590590590590591,0.00527383699574764,0.999,0.000706753139363385,0.001,0.0195478848137555,980.462059187056,848.713226977552,6.81913996297931,1998,2000
9,4000,70,"boundary",16,"null","split","prognostic_high",NA,0,-0.000263055606402648,0.000363723378782143,0.0162662039992555,0.000257255589551572,0.0159371368396548,0.000114697710098402,-2.02301138984703,1.7024335281519,0.000264526296101184,9.98451841873407e-06,0.945,0.00509779364038993,0.945,0.00509779364038993,0.9445,0.00511955808639769,0.055,0.00509779364038993,1,0,0,0.0530187719596434,506.369100635792,445.764880453787,6.39008217275939,2000,2000
10,8000,70,"boundary",16,"null","split","prognostic_high",NA,0,-5.09435671814131e-05,0.000179224891663449,0.00801518082039017,0.000126762830922709,0.00815874499415893,5.89151687784439e-05,1.79115327508952,1.76973059750539,6.42135972687958e-05,2.50029367206863e-06,0.954,0.00468422885862764,0.954,0.00468422885862764,0.954,0.00468422885862764,0.046,0.00468422885862764,1,0,0,0.0272185412949149,998.437814828181,877.499884236594,6.89198900666334,2000,2000
11,4000,140,"above",16,"null","split","prognostic_high",NA,0,0.000614204265611687,0.000488309194815807,0.0218378510729266,0.000345373097039868,0.0216984889115195,0.00014410450971746,-0.638167926604649,1.70436943591912,0.000477030540493476,2.09814524011938e-05,0.9475,0.00498717104178311,0.9475,0.00498717104178311,0.9485,0.00494205169944629,0.0525,0.00498717104178311,1,0,0,0.0730589093127343,511.046164660251,456.305799613052,6.44009558584197,2000,2000
12,8000,140,"above",16,"null","split","prognostic_high",NA,0,0.000297764031190407,0.000256854504305189,0.0114868826390683,0.000181668984697258,0.0112670266577525,7.9967371132724e-05,-1.91397429767449,1.70031249118128,0.000131971161945617,5.24781313388033e-06,0.942,0.00522666241496426,0.942,0.00522666241496426,0.945,0.00509779364038993,0.058,0.00522666241496426,1,0,0,0.0360409966875042,1173.20366358037,1239.73489241089,6.90817588583536,2000,2000
13,4000,35,"below",4,"homogeneous","split","prognostic_high",NA,-0.00613230409740418,-0.000124212094319162,0.000203158264722069,0.00908551380218889,0.000143690513758958,0.00922474028223019,4.14888144336045e-05,1.53240073233676,1.66943814417311,8.25207164136153e-05,2.79279131534222e-06,0.9505,0.0048502448391808,0.9505,0.0048502448391808,0.9505,0.0048502448391808,0.084,0.00620258010830977,1,0,0,0.0348879167243845,578.789185212342,606.7226229354,6.19899450702607,2000,2000
14,8000,35,"below",4,"homogeneous","split","prognostic_high",NA,-0.00309503129439439,-6.72003563068897e-05,0.0001063238082427,0.00475494525714657,7.52010884327209e-05,0.00466970552641527,2.17070531025106e-05,-1.79265430244843,1.61888328929389,2.26027155341492e-05,8.08169032118301e-07,0.9495,0.00489641450451246,0.9495,0.00489641450451246,0.95,0.00487339717240448,0.0965,0.00660256578914591,1,0,0,0.0175703051877028,1167.66340522382,1221.97360689237,6.58609093192117,2000,2000
15,4000,70,"boundary",4,"homogeneous","split","prognostic_high",NA,-0.0124971965331492,-8.6045470984633e-05,0.000293984651753379,0.0131473933132432,0.000207930529951522,0.0129905750191382,4.73074816167874e-05,-1.19277099550196,1.60356210788154,0.000172774927780721,5.83570356740992e-06,0.942,0.00522666241496426,0.942,0.00522666241496426,0.941,0.00526872849936301,0.1535,0.00806032722660811,1,0,0,0.0489134609221596,575.902720647623,606.963856748491,6.1944619439676,2000,2000
16,8000,70,"boundary",4,"homogeneous","split","prognostic_high",NA,-0.00636755392844108,9.21646408424249e-07,0.000146266242209939,0.00654122520789744,0.000103451717888469,0.00659702322732675,2.37216376509562e-05,0.853020919719194,1.63573187006929,4.27662342562548e-05,1.44761407451038e-06,0.9485,0.00494205169944629,0.9485,0.00494205169944629,0.9485,0.00494205169944629,0.1565,0.00812427689089928,1,0,0,0.0248662342665765,1182.94927922795,1243.8715311742,6.59779353398069,2000,2000
17,4000,140,"above",4,"homogeneous","split","prognostic_high",NA,-0.0245359846682148,0.000230254700604129,0.000397081079092875,0.0177580057086128,0.000280848944722349,0.0178859533491882,5.45016243166576e-05,0.720506810701815,1.62222668317246,0.000315242110590902,1.10321442955453e-05,0.952,0.00477995815881269,0.952,0.00477995815881269,0.9525,0.00475624589355933,0.269,0.00991561899227678,1,0,0,0.0664327554213979,579.440070525131,607.296888838575,6.17194580363753,2000,2000
18,8000,140,"above",4,"homogeneous","split","prognostic_high",NA,-0.0128237934763196,-0.000107245151357003,0.000207279731491278,0.00926983139944803,0.000146605559712507,0.0092635456921052,2.92906932940319e-05,-0.0678082164818017,1.61173887806734,8.58983108095951e-05,2.75215785611164e-06,0.949,0.00491929873051028,0.949,0.00491929873051028,0.9485,0.00494205169944629,0.284,0.0100832534432097,1,0,0,0.034265594187808,1177.03813815458,1244.35279476545,6.62512583039318,2000,2000
19,4000,35,"below",16,"homogeneous","split","prognostic_high",NA,-0.00602206021371522,1.8220105119133e-05,0.000237811263006571,0.0106352429979555,0.000168200011975042,0.0107708146672521,8.83993907962038e-05,1.27473974334846,1.80452422340112,0.000113052171400978,4.7483740945286e-06,0.9445,0.00511955808639769,0.9445,0.00511955808639769,0.944,0.00514120608417908,0.0695,0.00568637626261225,1,0,0,0.0356558857551385,488.182471616757,426.508336581869,6.38397903723939,2000,2000
20,8000,35,"below",16,"homogeneous","split","prognostic_high",NA,-0.00304915118057314,4.50551635893763e-05,0.000120936770332317,0.00540845678884681,8.55365972197734e-05,0.00548222117922515,4.49838465797857e-05,1.36387130854885,1.80602356062687,2.92388091021708e-05,1.09027119917497e-06,0.938,0.00539240206216117,0.938,0.00539240206216117,0.939,0.00535158854920668,0.0745,0.00587153089066216,1,0,0,0.0182731931953111,964.012106144051,836.972781066172,6.82922362441136,2000,2000
21,4000,70,"boundary",16,"homogeneous","split","prognostic_high",NA,-0.0124639879938328,1.14138686649615e-05,0.000350890752193325,0.0156923114916062,0.000248179282909818,0.0153972336416838,0.000111798785446756,-1.88039760796342,1.70752547645464,0.000246125645906018,9.54579142069057e-06,0.9455,0.00507591124823908,0.9455,0.00507591124823908,0.9455,0.00507591124823908,0.1385,0.00772391578151911,1,0,0,0.0526816637970398,489.867588251729,426.159432401058,6.41814714107155,2000,2000
22,8000,70,"boundary",16,"homogeneous","split","prognostic_high",NA,-0.00637837635384821,5.96052842530878e-05,0.000169311507776642,0.00757184081523111,0.000119751256839155,0.00774351398400748,5.72180413013022e-05,2.26725802833891,1.78521466015739,5.7307659734445e-05,2.30865939213778e-06,0.954,0.00468422885862764,0.954,0.00468422885862764,0.955,0.00463546114210873,0.128,0.0074704752191544,1,0,0,0.0259882737878925,983.956445901318,858.863095170391,6.7878516047222,2000,2000
23,4000,140,"above",16,"homogeneous","split","prognostic_high",NA,-0.0246737097470826,0.000293320669535818,0.000455077484158957,0.0203516837921802,0.000321868852288101,0.0206336550514307,0.000143151635932252,1.38549351557251,1.75094177045173,0.00041406997467548,1.61710624948197e-05,0.952,0.00477995815881269,0.952,0.00477995815881269,0.9525,0.00475624589355933,0.2445,0.00961040451802108,1,0,0,0.0685030572445021,519.645019342583,463.762730320865,6.42105323693662,2000,2000
24,8000,140,"above",16,"homogeneous","split","prognostic_high",NA,-0.0128692685259266,0.000255677911552023,0.000230762362244957,0.0103200065725631,0.000163214439897737,0.0106954924306697,7.64720283550701e-05,3.63842654039483,1.79879580476452,0.000106514655584372,4.48678071872052e-06,0.96,0.00438178046004133,0.96,0.00438178046004133,0.961,0.00432891441356837,0.233,0.00945280381685773,1,0,0,0.0347054911076621,1165.50090143944,1225.84903085787,6.9138324853677,2000,2000
25,4000,35,"below",4,"heterogeneous","split","prognostic_high",NA,-0.00216461441801675,6.78688064906384e-05,0.000210559864390216,0.00941652340219322,0.000148925543997128,0.00959363518429785,4.25535867559123e-05,1.88086169958843,1.67345219990399,8.8631183702455e-05,3.20036294168703e-06,0.953,0.00473238840333293,0.953,0.00473238840333293,0.9535,0.00470838348055891,0.0535,0.00503178646208283,1,0,0,0.0362810667624948,580.209598683998,606.607465517798,6.24390074519681,2000,2000
26,8000,35,"below",4,"heterogeneous","split","prognostic_high",NA,-0.00107538678084528,0.000322770866015173,0.000105948317461796,0.00473815279892607,7.49355099523494e-05,0.00484450537897004,2.11686946294597e-05,2.24460004894891,1.67761775211349,2.25430479319462e-05,7.42742274268554e-07,0.9455,0.00507591124823908,0.9455,0.00507591124823908,0.9525,0.00475624589355933,0.047,0.00473238840333293,1,0,0,0.0182791219942547,1157.46638888439,1220.35034784088,6.61209833678159,2000,2000
27,4000,70,"boundary",4,"heterogeneous","split","prognostic_high",NA,-0.00442656453877504,0.000104004069243077,0.000305442620913362,0.0136598092717595,0.000216034563904975,0.0135478191433327,4.7543990972019e-05,-0.819851333198407,1.60672016858763,0.000186507910992596,6.44491255561592e-06,0.946,0.00505390937789747,0.946,0.00505390937789747,0.947,0.0050095408971282,0.0615,0.00537204569973116,1,0,0,0.0508877990257351,571.445461811876,596.766654050147,6.19212505539479,2000,2000
28,8000,70,"boundary",4,"heterogeneous","split","prognostic_high",NA,-0.00222264619302333,-0.00010204458645196,0.000151984967953603,0.00679697439804765,0.000107496478958257,0.00687271093608257,2.45052734499386e-05,1.11426840237439,1.63929431570555,4.61861746348555e-05,1.65382057301522e-06,0.9495,0.00489641450451246,0.9495,0.00489641450451246,0.95,0.00487339717240448,0.057,0.00518415856238985,1,0,0,0.0258067864126322,1172.04317729629,1228.45355051952,6.64201101686424,2000,2000
29,4000,140,"above",4,"heterogeneous","split","prognostic_high",NA,-0.0090352681347799,0.000587511979414456,0.000425106013147285,0.019011318860825,0.000300670521648339,0.0184694988533667,5.54153110407714e-05,-2.84998642874144,1.56386561482314,0.000361594700031502,1.23420171476576e-05,0.9405,0.00528960064655168,0.9405,0.00528960064655168,0.9425,0.00520546587732549,0.076,0.00592553795026241,1,0,0,0.0679756736879343,578.270648855894,605.794479053019,6.18780840515136,2000,2000
30,8000,140,"above",4,"heterogeneous","split","prognostic_high",NA,-0.00454796996045524,-0.000165401042775586,0.00021343915440565,0.00954528916622214,0.000150962018674369,0.0096594640540243,3.01026692729739e-05,1.19613859584464,1.63122700238187,9.10943464991157e-05,2.96767703360806e-06,0.956,0.00458606585212206,0.956,0.00458606585212206,0.9565,0.00456112650559048,0.0795,0.00604895652158288,1,0,0,0.0357110200804128,1171.89556894879,1237.98027786522,6.60749869621459,2000,2000
31,4000,35,"below",16,"heterogeneous","split","prognostic_high",NA,-0.00139108138656735,0.000515491354229335,0.00025835977507241,0.0115542003942693,0.000182733638060901,0.011562549935023,9.09795357607686e-05,0.0722641158088733,1.76773576038677,0.000133698528313842,5.34641377466239e-06,0.9445,0.00511955808639769,0.9445,0.00511955808639769,0.947,0.0050095408971282,0.056,0.00514120608417908,1,0,0,0.0393882888472052,478.048572994742,416.722383774559,6.31636839911126,2000,2000
32,8000,35,"below",16,"heterogeneous","split","prognostic_high",NA,-0.000729053942300451,-7.22946007230882e-05,0.000128184266688542,0.00573257467923083,9.0662632708986e-05,0.00587134735368399,4.66087512583364e-05,2.42077394919826,1.81242032733889,3.28512077560258e-05,1.24775135192111e-06,0.9465,0.00503178646208283,0.9465,0.00503178646208283,0.9465,0.00503178646208283,0.0575,0.00520546587732549,1,0,0,0.0197821228068047,969.251609552685,846.28399101232,6.82538736082099,2000,2000
33,4000,70,"boundary",16,"heterogeneous","split","prognostic_high",NA,-0.00323681542265935,0.00019723504286663,0.000360878739122821,0.0161389878462608,0.000255243622503782,0.0160968239788693,0.000116638183175037,-0.261254719274451,1.73508187221413,0.000260375596899539,1.088968748147e-05,0.948,0.00496467521596328,0.948,0.00496467521596328,0.9475,0.00498717104178311,0.061,0.00535158854920667,1,0,0,0.0552092932962494,495.183596770228,429.595410874958,6.33929928358369,2000,2000
34,8000,70,"boundary",16,"heterogeneous","split","prognostic_high",NA,-0.00152187823900407,-0.000249982338852639,0.000185686545097836,0.00830415474691684,0.000131333052582111,0.0083881710073018,6.07085566332515e-05,1.01173765356608,1.75686400787525,6.89869977374494e-05,3.02590570671543e-06,0.955,0.00463546114210873,0.955,0.00463546114210873,0.953,0.00473238840333293,0.0665,0.00557125434709276,1,0,0,0.0292410781485416,972.454459733887,842.498497651009,6.76668824574123,2000,2000
35,4000,140,"above",16,"heterogeneous","split","prognostic_high",NA,-0.00682221243951425,6.60142991726373e-06,0.000497866196163471,0.0222652531664153,0.000352132607589536,0.0218637329163422,0.000151200616842486,-1.80334913361215,1.69499608253005,0.000495493671394163,1.88670776973642e-05,0.9445,0.00511955808639769,0.9445,0.00511955808639769,0.9445,0.00511955808639769,0.092,0.00646281672337998,1,0,0,0.0757699061004526,499.234070102562,443.293677586745,6.37446381262617,2000,2000
36,8000,140,"above",16,"heterogeneous","split","prognostic_high",NA,-0.00334001227528148,8.91280474479913e-05,0.000261427998650589,0.0116914155240888,0.000184903742353134,0.0115613058350286,8.02050693422433e-05,-1.11286515129058,1.70777875963387,0.000136628796167268,5.19626080173593e-06,0.945,0.00509779364038993,0.945,0.00509779364038993,0.945,0.00509779364038993,0.0965,0.00660256578914591,1,0,0,0.0406672919691538,989.57210045047,862.239750551478,6.8292866113754,2000,2000
1,4000,35,"below",4,"null","split","prognostic_low",NA,0,-0.00028419495860341,0.000213216360717428,0.00953532552958571,0.000150804440347115,0.00942450219958768,4.11267577568112e-05,-1.16223960738597,1.62156568293242,9.09577385131872e-05,2.97769818366793e-06,0.948,0.00496467521596328,0.948,0.00496467521596328,0.948,0.00496467521596328,0.052,0.00496467521596328,1,0,0,0.035816933379744,586.655853331128,614.084479338661,6.23156268236451,2000,2000
2,8000,35,"below",4,"null","split","prognostic_low",NA,0,2.5863855361216e-06,0.000107188769808737,0.00479362751433824,7.58128615839419e-05,0.00476045251235476,2.14575309595548e-05,-0.692064660515379,1.63313167350275,2.29673820032376e-05,7.60031803030874e-07,0.9445,0.00511955808639769,0.9445,0.00511955808639769,0.9445,0.00511955808639769,0.0555,0.00511955808639769,1,0,0,0.0180299335574156,1183.5127982991,1245.73893844519,6.5854498186116,2000,2000
3,4000,70,"boundary",4,"null","split","prognostic_low",NA,0,-0.0004476380098771,0.000302996950752081,0.0135504355771362,0.000214304781449704,0.0132440359100883,4.80928722312549e-05,-2.26117946765358,1.58599508982983,0.000183722876965839,6.367327433199e-06,0.949,0.00491929873051028,0.949,0.00491929873051028,0.947,0.0050095408971282,0.051,0.00491929873051027,1,0,0,0.0500464360240606,590.373852822055,619.45739123026,6.19359347594455,2000,2000
4,8000,70,"boundary",4,"null","split","prognostic_low",NA,0,0.000191594441461644,0.000151031893783429,0.00675435162540549,0.000106822385205044,0.00667537680291594,2.49042008343849e-05,-1.16924357613392,1.60594232151406,4.5635163676677e-05,1.46043110187676e-06,0.95,0.00487339717240448,0.95,0.00487339717240448,0.95,0.00487339717240448,0.05,0.00487339717240448,1,0,0,0.025201644382906,1197.58479349025,1260.97224228539,6.62946507802866,2000,2000
5,4000,140,"above",4,"null","split","prognostic_low",NA,0,6.85389034053851e-05,0.000408633397847972,0.0182746411092956,0.000289019710599376,0.0180147462756141,5.28257745019767e-05,-1.42216108172596,1.58561408975167,0.000333800224001001,1.0991278341419e-05,0.95,0.00487339717240448,0.95,0.00487339717240448,0.9505,0.0048502448391808,0.05,0.00487339717240448,1,0,0,0.0675941837166652,595.295912327913,628.135829228422,6.19861033288062,2000,2000
6,8000,140,"above",4,"null","split","prognostic_low",NA,0,-0.000131163831517545,0.000205195456324475,0.00917661978031232,0.000145131386018699,0.00933716683838779,2.85818190840037e-05,1.7495228299631,1.63906852050224,8.41854493678215e-05,2.71775191370042e-06,0.955,0.00463546114210873,0.955,0.00463546114210873,0.9545,0.00465992220965114,0.045,0.00463546114210873,1,0,0,0.0351621815362702,1200.68885723056,1266.21214633676,6.67356732325579,2000,2000
7,4000,35,"below",16,"null","split","prognostic_low",NA,0,-0.000699970844570317,0.00024151383834016,0.0107981266562994,0.00017081880424958,0.0107652441413581,8.89994337916137e-05,-0.304520552388365,1.77949698703498,0.000117031169534623,5.15387325165957e-06,0.941,0.00526872849936301,0.941470735367684,0.0052502931057043,0.942471235617809,0.00520799043851163,0.0585292646323162,0.0052502931057043,0.9995,0.000499874984371065,0.000499999999999945,0.0352988791177076,505.912884834893,441.172071271664,6.43680119041013,1999,2000
8,8000,35,"below",16,"null","split","prognostic_low",NA,0,0.000210707800317812,0.000115522490708263,0.0051663228430753,8.17071659048367e-05,0.00535945643795308,4.42482624715819e-05,3.7383183502876,1.85075793676813,2.67219440501369e-05,1.06718068575704e-06,0.9445,0.00511955808639769,0.9445,0.00511955808639769,0.9445,0.00511955808639769,0.0555,0.00511955808639769,1,0,0,0.0177074900142834,1011.59722282125,887.488790853685,6.85670062060164,2000,2000
9,4000,70,"boundary",16,"null","split","prognostic_low",NA,0,-0.000370464642226676,0.000322148591041915,0.01440692296851,0.000227850423003287,0.0143377413992868,0.000112204518232915,-0.480196703865243,1.75609016798529,0.000207592893757011,8.37145301753767e-06,0.953,0.00473238840333293,0.953,0.00473238840333293,0.9515,0.00480352734977121,0.047,0.00473238840333293,1,0,0,0.046227764792688,605.820709106974,639.893096883658,6.52567282996814,2000,2000
10,8000,70,"boundary",16,"null","split","prognostic_low",NA,0,-6.14234664486279e-05,0.000163634410412771,0.0073179533028211,0.000115735938840696,0.00731892477745696,5.80114578910837e-05,0.0132752232169686,1.76927451053684,5.35294371642297e-05,2.41260524701092e-06,0.95,0.00487339717240448,0.95,0.00487339717240448,0.9495,0.00489641450451246,0.05,0.00487339717240448,1,0,0,0.0238837693761515,1224.52786998951,1289.52990988995,7.05365479695393,2000,2000
11,4000,140,"above",16,"null","split","prognostic_low",NA,0,0.000259023291637503,0.000420085353533041,0.0187867881370382,0.000297119491320498,0.0188127938835908,0.000140377593464019,0.138425718983148,1.75114522051875,0.000352834029867319,1.48994732466191e-05,0.949,0.00491929873051028,0.949,0.00491929873051028,0.948,0.00496467521596328,0.051,0.00491929873051027,1,0,0,0.060525815664404,639.644817389853,779.933929746049,6.67584618960781,2000,2000
12,8000,140,"above",16,"null","split","prognostic_low",NA,0,0.000305123451812534,0.000223999250273264,0.0100175510104001,0.000158431001551522,0.00969089324573834,7.52498279880217e-05,-3.26085451746302,1.70442282817564,0.000100394252902692,4.07604183225067e-06,0.942,0.00522666241496426,0.942,0.00522666241496426,0.9405,0.00528960064655168,0.058,0.00522666241496426,1,0,0,0.0311100484102498,1310.85632759037,1615.59989616296,7.18660991495855,2000,2000
13,4000,35,"below",4,"homogeneous","split","prognostic_low",NA,-0.00580247264233137,-0.000233382590214978,0.000198171327749034,0.00886249120076462,0.000140163334903009,0.00895485331191432,4.31717751023531e-05,1.04216872048042,1.67061412948984,7.8558945841904e-05,2.6829339291414e-06,0.9495,0.00489641450451246,0.9495,0.00489641450451246,0.9485,0.00494205169944629,0.088,0.00633466652634533,1,0,0,0.0338600324891268,582.446574123698,613.078379267576,6.21578195634591,2000,2000
14,8000,35,"below",4,"homogeneous","split","prognostic_low",NA,-0.00294968860852604,-6.75788405945435e-05,0.00010258548748854,0.00458776247058661,7.25570353812943e-05,0.00452510476268081,2.17431536917251e-05,-1.3657574538245,1.63034120925649,2.10416076039757e-05,6.9824305623553e-07,0.946,0.00505390937789747,0.946,0.00505390937789747,0.9465,0.00503178646208283,0.0935,0.00650990591329859,1,0,0,0.0170472213734667,1173.86754751841,1232.57872456534,6.58897143028517,2000,2000
15,4000,70,"boundary",4,"homogeneous","split","prognostic_low",NA,-0.0118054783025488,-0.000101615867596737,0.000279732373963194,0.0125100120737819,0.000197850127262964,0.0124799231332341,4.8359107797437e-05,-0.240518876962803,1.62439658714833,0.000156432477669673,5.20146216243675e-06,0.941,0.00526872849936301,0.941,0.00526872849936301,0.9395,0.0053310294503032,0.144,0.00785060507222214,1,0,0,0.0473711433186717,587.645823627027,619.924172057642,6.22152710305411,2000,2000
16,8000,70,"boundary",4,"homogeneous","split","prognostic_low",NA,-0.0060210239709642,-3.25214338411095e-05,0.00014228822295235,0.006363322778382,0.000100638130010821,0.00633742449638422,2.42251622531867e-05,-0.406993058496996,1.62045198124369,4.04726884871433e-05,1.42251351756802e-06,0.9455,0.00507591124823908,0.9455,0.00507591124823908,0.9455,0.00507591124823908,0.155,0.00809243473869268,1,0,0,0.023985667966622,1193.26810409814,1257.2974921501,6.61144073475313,2000,2000
17,4000,140,"above",4,"homogeneous","split","prognostic_low",NA,-0.0234065286795893,0.000190213281807504,0.000379820088448092,0.0169860707397983,0.000268640528701812,0.0171194927988068,5.38430578588871e-05,0.785479237972919,1.6251698851968,0.00028841851697042,1.00823769097793e-05,0.948,0.00496467521596328,0.948,0.00496467521596328,0.9485,0.00494205169944629,0.2635,0.00985057739424446,1,0,0,0.06438755310485,594.201368284912,623.976379966745,6.22805450022767,2000,2000
18,8000,140,"above",4,"homogeneous","split","prognostic_low",NA,-0.012248916971932,-6.76607176049039e-05,0.000198439686375168,0.00887449256337227,0.000140353140564686,0.00890345641729778,2.96480579735205e-05,0.326371944296278,1.62148531565034,7.8721817920928e-05,2.54966444420762e-06,0.951,0.00482695556225661,0.951,0.00482695556225661,0.9505,0.0048502448391808,0.2795,0.0100344344633866,1,0,0,0.0333230429475706,1193.67231533784,1263.50215802772,6.64787447529828,2000,2000
19,4000,35,"below",16,"homogeneous","split","prognostic_low",NA,-0.00549727573032632,-3.04444558888115e-05,0.00022675161268136,0.0101406403992645,0.000160377702410634,0.0101137167954851,8.7176693587998e-05,-0.265502006966922,1.79639362332748,0.000102782098278236,4.22932510798418e-06,0.9405,0.00528960064655168,0.9405,0.00528960064655168,0.9405,0.00528960064655168,0.0755,0.00590761161553466,1,0,0,0.0334006894821743,495.254163468286,432.079843888091,6.42721505268964,2000,2000
20,8000,35,"below",16,"homogeneous","split","prognostic_low",NA,-0.00279388390592746,3.9649247473596e-05,0.00011087888149681,0.00495865432592023,7.84228171523883e-05,0.00517161431519686,4.3829835223542e-05,4.29471334921299,1.87136225716594,2.45775306604308e-05,9.38384083751728e-07,0.9485,0.00494205169944629,0.9485,0.00494205169944629,0.949,0.00491929873051028,0.072,0.0057799653978203,1,0,0,0.0171601298345204,977.866269032593,852.763811832392,6.83228037730361,2000,2000
21,4000,70,"boundary",16,"homogeneous","split","prognostic_low",NA,-0.0113361506511942,-3.9111563637276e-05,0.000319327450455692,0.0142807577260125,0.000225855076465084,0.013932367023287,0.000110912036977265,-2.43958135422254,1.72739404342182,0.000203839600922861,8.42482356180644e-06,0.9425,0.00520546587732549,0.9425,0.00520546587732549,0.9425,0.00520546587732549,0.1445,0.00786192565469809,1,0,0,0.0447978204992668,588.25775247569,620.285582509945,6.51197257731015,2000,2000
22,8000,70,"boundary",16,"homogeneous","split","prognostic_low",NA,-0.00583076836007525,0.000189865051037885,0.000155044588508606,0.00693380478897452,0.000109660498473079,0.00707627519481278,5.62183893963264e-05,2.0547219048451,1.8062308016205,4.80896587647858e-05,1.89981116461438e-06,0.9515,0.00480352734977121,0.9515,0.00480352734977121,0.9535,0.00470838348055891,0.127,0.00744550199785078,1,0,0,0.0230514110904321,1193.42197293738,1259.96736948093,6.90891333255971,2000,2000
23,4000,140,"above",16,"homogeneous","split","prognostic_low",NA,-0.0223908596935069,0.0001937776132705,0.000398336813169856,0.0178141638437686,0.000281737104871348,0.0180620048559981,0.000134042850300998,1.39125818311234,1.77130317888085,0.000317223310999311,1.28383190744128e-05,0.962,0.00427527776875375,0.962,0.00427527776875375,0.9615,0.00430219420761081,0.2725,0.00995599693652022,1,0,0,0.058537262976187,629.455268519452,670.56214655168,6.61967453821068,2000,2000
24,8000,140,"above",16,"homogeneous","split","prognostic_low",NA,-0.0116913762280266,0.000106140188425373,0.000204492804687881,0.00914519624383381,0.000144634412022619,0.00938768636577758,7.20408531070439e-05,2.65155733653357,1.80449328954311,8.3604062770662e-05,3.33648600366025e-06,0.957,0.00453602248671675,0.957,0.00453602248671675,0.9575,0.00451075104611194,0.258,0.00978355763513457,1,0,0,0.0300852763643878,1269.2008159304,1338.32427618667,7.0991263068783,2000,2000
25,4000,35,"below",4,"heterogeneous","split","prognostic_low",NA,-0.00211772599345206,-2.17384698055862e-05,0.000203792263240528,0.00911386707788705,0.000144138930528832,0.00933550483726951,4.36442827991484e-05,2.43187395085258,1.68929224958491,8.30215143879062e-05,2.86958309762099e-06,0.9555,0.00461084319837489,0.9555,0.00461084319837489,0.955,0.00463546114210873,0.051,0.00491929873051027,1,0,0,0.0353311010605787,586.005543974087,615.016384391355,6.25334624428256,2000,2000
26,8000,35,"below",4,"heterogeneous","split","prognostic_low",NA,-0.00106485520170813,0.000321087123394377,0.000103950793456737,0.0046488208096861,7.35226939346236e-05,0.0047095804022219,2.20375511280981e-05,1.3069893425274,1.67086196437874,2.17038260939199e-05,7.33947153791904e-07,0.945,0.00509779364038993,0.945,0.00509779364038993,0.951,0.00482695556225661,0.049,0.00482695556225661,1,0,0,0.0177247648900955,1181.6309833161,1246.59619606024,6.62750057710207,2000,2000
27,4000,70,"boundary",4,"heterogeneous","split","prognostic_low",NA,-0.00445319707029941,9.23095802383356e-05,0.00029467950207926,0.0131784679645003,0.000208421986208288,0.0130701316715981,4.85782623787747e-05,-0.82207046520193,1.61126506980487,0.000173593702941019,6.0142410985116e-06,0.946,0.00505390937789747,0.946,0.00505390937789747,0.9465,0.00503178646208283,0.0595,0.00528960064655168,1,0,0,0.0490409918371436,588.557274702749,616.449382846451,6.22915919122687,2000,2000
28,8000,70,"boundary",4,"heterogeneous","split","prognostic_low",NA,-0.00224871998645246,-2.70274941771184e-05,0.000148382852108764,0.00663588288020987,0.000104948761408729,0.00660174056893894,2.48779789210604e-05,-0.514510456065365,1.61744522839698,4.40136546145041e-05,1.58671359426944e-06,0.9495,0.00489641450451246,0.9495,0.00489641450451246,0.95,0.00487339717240448,0.062,0.00539240206216117,1,0,0,0.024699001681358,1196.02120001082,1253.92371725668,6.66418379641579,2000,2000
29,4000,140,"above",4,"heterogeneous","split","prognostic_low",NA,-0.00934009660480996,0.000533093656687828,0.000406986280417577,0.0182009797784699,0.000287854731413722,0.0176576931863328,5.38102253152458e-05,-2.98493047489532,1.56255040701431,0.000331394215910622,1.09299975720654e-05,0.94,0.0053103672189407,0.94,0.0053103672189407,0.942,0.00522666241496426,0.0835,0.00618578006398546,1,0,0,0.0659311812242403,594.389920114612,628.036566440354,6.22677726986439,2000,2000
30,8000,140,"above",4,"heterogeneous","split","prognostic_low",NA,-0.00471212298012803,-0.00016373944132347,0.000203036156204943,0.00908005294329035,0.000143604148404419,0.0092061034882647,2.94881603984561e-05,1.38821376661129,1.63604570501691,8.24329483768744e-05,2.70139929053059e-06,0.9545,0.00465992220965114,0.9545,0.00465992220965114,0.955,0.00463546114210873,0.087,0.0063020234845643,1,0,0,0.034250402347094,1201.01662565883,1263.6081788459,6.64343011944189,2000,2000
31,4000,35,"below",16,"heterogeneous","split","prognostic_low",NA,-0.00159500970322498,0.000470392886047666,0.000232619504745919,0.0104030605100842,0.000164527966376475,0.0104298156057069,8.90335023292139e-05,0.257184850522729,1.80183076777461,0.00010839082560973,4.36235073000157e-06,0.947,0.0050095408971282,0.947,0.0050095408971282,0.948,0.00496467521596328,0.0525,0.00498717104178311,1,0,0,0.033684959701601,537.023795776727,480.795571798419,6.430511166971,2000,2000
32,8000,35,"below",16,"heterogeneous","split","prognostic_low",NA,-0.000795548789215063,-3.82283275644568e-05,0.000119761468131979,0.00535589567656558,8.47053252199871e-05,0.00544112414612211,4.75983827826892e-05,1.59130189800818,1.83610850461652,2.86727370940332e-05,1.11310043734247e-06,0.953,0.00473238840333293,0.953,0.00473238840333293,0.954,0.00468422885862764,0.053,0.0050095408971282,1,0,0,0.0173704461086552,1027.35835052562,896.776523879386,6.86996548875984,2000,2000
33,4000,70,"boundary",16,"heterogeneous","split","prognostic_low",NA,-0.00384042543159583,0.000271908147391075,0.000324099945759561,0.0144941902044475,0.000229230584240085,0.0141960527508256,0.000113382239624153,-2.05694453720087,1.73532152764598,0.000210050442948477,8.85264035271866e-06,0.9445,0.00511955808639769,0.9445,0.00511955808639769,0.9445,0.00511955808639769,0.07,0.00570526073023837,1,0,0,0.0455308882017375,606.506684864721,641.045328024084,6.54231802600435,2000,2000
34,8000,70,"boundary",16,"heterogeneous","split","prognostic_low",NA,-0.0018896174569165,-6.43204846980429e-05,0.000158990519783785,0.00711027220029137,0.000112451391046235,0.00728191014000552,5.76256221913143e-05,2.41394330454912,1.81116108665737,5.0534829901607e-05,1.9749927270273e-06,0.955,0.00463546114210873,0.955,0.00463546114210873,0.955,0.00463546114210873,0.0665,0.00557125434709276,1,0,0,0.0235194932752912,1210.40673201099,1275.42832944516,6.94561610866033,2000,2000
35,4000,140,"above",16,"heterogeneous","split","prognostic_low",NA,-0.00876428723335273,0.000367422623279625,0.000416673270475543,0.0186341951438094,0.000294706180849517,0.0186804126236729,0.000142169554474638,0.248025093151538,1.75947886232007,0.000347194611427339,1.35284324850763e-05,0.944,0.00514120608417908,0.944,0.00514120608417908,0.9435,0.00516273909857936,0.1045,0.00684031249286171,1,0,0,0.059060052223861,636.737661553986,769.473293455097,6.6345832920567,2000,2000
36,8000,140,"above",16,"heterogeneous","split","prognostic_low",NA,-0.00446575291275691,0.000199722750501124,0.000217779164418629,0.00973938031446317,0.000154031636685417,0.00968925683015696,7.58562978361405e-05,-0.51464757189712,1.7556187189981,9.48479903223656e-05,3.76749147930757e-06,0.9465,0.00503178646208283,0.9465,0.00503178646208283,0.945,0.00509779364038993,0.1015,0.00675269390687894,1,0,0,0.0306330442073119,1285.20450421442,1593.62664445678,7.13044609648503,2000,2000
1,4000,35,"below",4,"null","split","workability",NA,0,-0.000207518775631483,0.000213614647735294,0.0095531374665158,0.000151086142232583,0.00936297310878882,3.12671874363229e-05,-1.99059584763132,1.58423036848602,9.12598682786604e-05,2.93044380061583e-06,0.9445,0.00511955808639769,0.9445,0.00511955808639769,0.9445,0.00511955808639769,0.0555,0.00511955808639769,1,0,0,0.0357090571015233,604.072070108311,637.227561790259,6.31073990797876,2000,2000
2,8000,35,"below",4,"null","split","workability",NA,0,-7.72394035801949e-05,0.000108336277698717,0.00484494562727249,7.66244751231659e-05,0.00472917346968419,1.66411138006673e-05,-2.38954503300539,1.58149169465233,2.34677273076266e-05,7.5149420573422e-07,0.9415,0.0052477495176504,0.9415,0.0052477495176504,0.9405,0.00528960064655168,0.0585,0.0052477495176504,1,0,0,0.0180200177622518,1213.63104322597,1276.69826224068,6.66228834209531,2000,2000
3,4000,70,"boundary",4,"null","split","workability",NA,0,-0.000373379062484896,0.000328869431505639,0.0147074880913664,0.000232603963404145,0.0141522016208798,4.84629636616619e-05,-3.77553574775663,1.5570880273766,0.000216341462779008,7.30502861070381e-06,0.9365,0.005452877680638,0.9365,0.005452877680638,0.9355,0.00549271107923947,0.0635,0.005452877680638,1,0,0,0.0549600222771485,483.867199792258,421.873254563743,5.99505922005756,2000,2000
4,8000,70,"boundary",4,"null","split","workability",NA,0,0.000163556200782976,0.000163200462346316,0.00729854655531517,0.000115429014479539,0.00714076990139567,2.52320677069127e-05,-2.16175443595132,1.58549538083531,5.32688980600074e-05,1.71084026005292e-06,0.947,0.0050095408971282,0.947,0.0050095408971282,0.9485,0.00494205169944629,0.053,0.0050095408971282,1,0,0,0.0275555303921138,971.829774077339,844.792815058575,6.4313560784501,2000,2000
5,4000,140,"above",4,"null","split","workability",NA,0,7.85182040283305e-05,0.000386367736478041,0.0172788904615525,0.000273271572930425,0.0172265189773319,2.82577893141899e-05,-0.303095180429347,1.58519916419577,0.000298416940662903,8.96975936311844e-06,0.947,0.0050095408971282,0.947,0.0050095408971282,0.9465,0.00503178646208283,0.053,0.0050095408971282,1,0,0,0.0672750146214819,484.005816541479,422.252855129175,5.97733237816172,2000,2000
6,8000,140,"above",4,"null","split","workability",NA,0,1.09800189833171e-05,0.00019843718647895,0.00887438076461471,0.00014035137242903,0.00876883255046231,1.54021289913183e-05,-1.18935863754298,1.57233230436459,7.87153771992026e-05,2.39258334276756e-06,0.9515,0.00480352734977121,0.9515,0.00480352734977121,0.9515,0.00480352734977121,0.0485,0.00480352734977121,1,0,0,0.0341756631794782,969.071101590742,845.313923515928,6.45151069274333,2000,2000
7,4000,35,"below",16,"null","split","workability",NA,0,-0.000224088874221307,0.000199022226691708,0.00890054455832066,0.000140765161791012,0.00887844066381699,3.88985460966909e-05,-0.248343170003074,1.63702253354016,7.92302994114838e-05,2.9975420909366e-06,0.943,0.00518415856238985,0.943,0.00518415856238985,0.9435,0.00516273909857936,0.057,0.00518415856238985,1,0,0,0.0330899164101058,628.923536868997,664.488869520102,6.60675939590014,2000,2000
8,8000,35,"below",16,"null","split","workability",NA,0,4.41662892992545e-05,9.88767416996279e-05,0.00442190231668112,6.99339002184731e-05,0.0044845471841385,1.96944201933606e-05,1.41669496454182,1.66462885208338,1.95453941493312e-05,6.46687383478396e-07,0.951,0.00482695556225661,0.951,0.00482695556225661,0.952,0.00477995815881269,0.049,0.00482695556225661,1,0,0,0.0167317336080771,1246.90075045295,1316.4873525618,7.08818769219971,2000,2000
9,4000,70,"boundary",16,"null","split","workability",NA,0,-0.000318979743644172,0.000447946592896537,0.0200327806401216,0.000316825289672235,0.0198710531962906,7.92872990017225e-05,-0.807314005661097,1.61792327514075,0.000401213392101999,1.35939837672865e-05,0.945,0.00509779364038993,0.945,0.00509779364038993,0.945,0.00509779364038993,0.055,0.00509779364038993,1,0,0,0.0788975614857453,329.224371422094,232.29490196517,5.95642804654429,2000,2000
10,8000,70,"boundary",16,"null","split","workability",NA,0,-2.73593542618966e-05,0.000227100855387608,0.0101562590079008,0.000160624716057635,0.0102180390354411,4.16278147871924e-05,0.608295116264479,1.64309751333981,0.000103098770771315,3.36966159640259e-06,0.945,0.00509779364038993,0.945,0.00509779364038993,0.945,0.00509779364038993,0.055,0.00509779364038993,1,0,0,0.04052065951844,655.643198128653,459.85995318281,6.47040461973569,2000,2000
11,4000,140,"above",16,"null","split","workability",NA,0,0.000655989831392672,0.000503416611702163,0.022513475295373,0.000356058325607561,0.0226795193974004,6.74324714416982e-05,0.737532077339953,1.62110895896741,0.000507033464249325,1.57604113679014e-05,0.9455,0.00507591124823908,0.9455,0.00507591124823908,0.947,0.0050095408971282,0.0545,0.00507591124823908,1,0,0,0.0888423983944227,324.175368280098,226.174182327986,5.97699299801337,2000,2000
12,8000,140,"above",16,"null","split","workability",NA,0,0.000153783332862115,0.000264107237856691,0.0118112347439454,0.000186798724368927,0.0116326958011315,3.57264067095821e-05,-1.51160269594499,1.5867253216348,0.00013945916285696,4.46951211079766e-06,0.9465,0.00503178646208283,0.9465,0.00503178646208283,0.946,0.00505390937789747,0.0535,0.00503178646208283,1,0,0,0.0453687082730555,648.924750738008,453.220918255497,6.43333687307906,2000,2000
13,4000,35,"below",4,"homogeneous","split","workability",NA,-0.00634046184604222,-0.000172924225737514,0.000189672788025843,0.00848242495015387,0.000134152456927177,0.00860277736266702,2.48767282528971e-05,1.41884441324736,1.63056474151217,7.19454600563223e-05,2.31964552656424e-06,0.9485,0.00494205169944629,0.9485,0.00494205169944629,0.949,0.00491929873051028,0.1005,0.00672308522926788,1,0,0,0.0332635035325902,608.295339063318,642.672302442329,6.32925520618411,2000,2000
14,8000,35,"below",4,"homogeneous","split","workability",NA,-0.0032024291962369,-7.91164157234301e-05,9.68144195947403e-05,0.00432967246832054,6.84752535658589e-05,0.00434352448373371,1.33631625022046e-05,0.319932177653759,1.61633547364834,1.87429500583283e-05,6.06751585692814e-07,0.953,0.00473238840333293,0.953,0.00473238840333293,0.9515,0.00480352734977121,0.1135,0.00709287494602858,1,0,0,0.0168141082213501,1219.1761502628,1285.89096318253,6.71393913786935,2000,2000
15,4000,70,"boundary",4,"homogeneous","split","workability",NA,-0.0129147365770705,-0.00013440103936,0.000325212121519396,0.0145439282164858,0.000230017207942249,0.0143339008006628,4.00991663766079e-05,-1.44409001953791,1.58289229078829,0.000211438148681691,6.96561939725493e-06,0.9405,0.00528960064655168,0.9405,0.00528960064655168,0.9395,0.0053310294503032,0.141,0.0077819984579798,1,0,0,0.0564996660882077,484.095633878438,423.011766000526,5.99761148523479,2000,2000
16,8000,70,"boundary",4,"homogeneous","split","workability",NA,-0.00661206547523158,3.26245154098522e-05,0.000165417980137788,0.00739771696577609,0.000116997428499821,0.00733638122500295,2.11533248976153e-05,-0.829117159481629,1.59427410520365,5.46999175565842e-05,1.82185491581684e-06,0.944,0.00514120608417908,0.944,0.00514120608417908,0.944,0.00514120608417908,0.1355,0.00765309577883356,1,0,0,0.0290319910478756,970.839700176605,845.43258430364,6.44753373750452,2000,2000
17,4000,140,"above",4,"homogeneous","split","workability",NA,-0.0169047267058082,0.00029745345336001,0.000363757218819897,0.0162677173717511,0.000257279524056118,0.0164092664004598,3.02060941991051e-05,0.87012225178249,1.6060651873047,0.000264594787729846,8.87297313228443e-06,0.945,0.00509779364038993,0.945,0.00509779364038993,0.9455,0.00507591124823908,0.156,0.00811369213120636,1,0,0,0.0640216271839911,484.415084926601,421.728371914083,6.01150502295362,2000,2000
18,8000,140,"above",4,"homogeneous","split","workability",NA,-0.00860621393419599,-0.000112033730030421,0.000191327428822066,0.00855642273612783,0.00013532275726628,0.00835692162441694,1.62369721487727e-05,-2.33159484825984,1.55627199904342,7.31883154109702e-05,2.3569081862228e-06,0.9445,0.00511955808639769,0.9445,0.00511955808639769,0.9425,0.00520546587732549,0.171,0.00841899637724117,1,0,0,0.0326131888309849,970.149696093275,845.134020000589,6.46867661832466,2000,2000
19,4000,35,"below",16,"homogeneous","split","workability",NA,-0.00590353981291735,5.6241555144187e-05,0.000172370280452468,0.00770863328784841,0.000121914676662919,0.00773072837231773,2.78386474973575e-05,0.286627780103998,1.62666189499516,5.93964787654664e-05,2.03358926045548e-06,0.944,0.00514120608417908,0.944,0.00514120608417908,0.9445,0.00511955808639769,0.104,0.00682583328246449,1,0,0,0.0293824095921141,664.254397327771,819.726430947492,6.93316371436409,2000,2000
20,8000,35,"below",16,"homogeneous","split","workability",NA,-0.0029803129337896,-4.59921544982629e-05,8.42608487715193e-05,0.00376825971389894,5.95963184973505e-05,0.00388721070484493,1.37233756501421e-05,3.15665585647531,1.67161128095327,1.41947966590334e-05,4.68924503801467e-07,0.96,0.00438178046004133,0.96,0.00438178046004133,0.9595,0.00440793318914885,0.099,0.00667828570817392,1,0,0,0.0148160541430373,1336.38764058844,1649.13363290882,7.41288618423295,2000,2000
21,4000,70,"boundary",16,"homogeneous","split","workability",NA,-0.0134931288585638,0.000111630371216746,0.000391644309264062,0.0175148659703078,0.00027700360645388,0.0172066973786239,9.15870068059401e-05,-1.75946874047678,1.63934209173645,0.000306629606032647,1.07674235672044e-05,0.9375,0.00541265877365274,0.9375,0.00541265877365274,0.938,0.00539240206216117,0.12,0.00726636084983398,1,0,0,0.0614507370462472,459.195116827783,395.191304068819,6.0076968881964,2000,2000
22,8000,70,"boundary",16,"homogeneous","split","workability",NA,-0.00695103994096653,0.000119343919416353,0.00019542954271288,0.00873987484635398,0.000138224115245859,0.00881194037374077,4.7600891991018e-05,0.824560175674072,1.68502300188521,7.63614625948676e-05,2.67139217116737e-06,0.9465,0.00503178646208283,0.9465,0.00503178646208283,0.9465,0.00503178646208283,0.1025,0.00678209960115597,1,0,0,0.0316684274895339,933.316365888778,802.003164544269,6.41651877564506,2000,2000
23,4000,140,"above",16,"homogeneous","split","workability",NA,-0.0196296145799929,0.000152447667029761,0.0005185529583816,0.0231903932974975,0.000366764015744153,0.023136622491988,6.35456406687734e-05,-0.231866725241459,1.60148378133513,0.000537548684413155,1.71103927691097e-05,0.9465,0.00503178646208283,0.9465,0.00503178646208283,0.9475,0.00498717104178311,0.1175,0.00720047741472744,1,0,0,0.0902316206433476,324.582089882381,226.415962720133,5.92351023788551,2000,2000
24,8000,140,"above",16,"homogeneous","split","workability",NA,-0.0102093392317051,0.000460554487370486,0.000265220606190477,0.0118610260895122,0.000187586191559118,0.0119501411981716,3.51243388590758e-05,0.75132714477546,1.62070088399005,0.000140825708361977,4.42188890186552e-06,0.942,0.00522666241496426,0.942,0.00522666241496426,0.943,0.00518415856238985,0.1,0.00670820393249937,1,0,0,0.0465394663826349,648.81959841645,453.280058470596,6.40457075438542,2000,2000
25,4000,35,"below",4,"heterogeneous","split","workability",NA,-0.00261193449931218,1.32698458720993e-05,0.000199248447549512,0.00891066146264023,0.00014092516409919,0.0090892665391661,3.25001927120939e-05,2.00439751049581,1.65395171443037,7.93603638467403e-05,2.65764506384513e-06,0.955,0.00463546114210873,0.955,0.00463546114210873,0.9555,0.00461084319837489,0.054,0.00505390937789747,1,0,0,0.034576869131377,606.933957474521,637.945337155642,6.32834191627802,2000,2000
26,8000,35,"below",4,"heterogeneous","split","workability",NA,-0.00130633742503798,0.000295586611739565,9.95669706670704e-05,0.00445277029450594,7.04220878640941e-05,0.00453433658417695,1.55551761064549e-05,1.83180995821077,1.64795710290493,1.99046211590264e-05,6.24918245592014e-07,0.95,0.00487339717240448,0.95,0.00487339717240448,0.9525,0.00475624589355933,0.0425,0.00451075104611194,1,0,0,0.0172868132441443,1214.41157132503,1282.44828049509,6.72549592519068,2000,2000
27,4000,70,"boundary",4,"heterogeneous","split","workability",NA,-0.00297582278315174,-0.000110718617229172,0.000316142101094113,0.0141383045719209,0.00022360213102428,0.0140832944820359,4.68180753084354e-05,-0.38908547771942,1.60980759619759,0.000199803968952518,6.80411210462846e-06,0.9455,0.00507591124823908,0.9455,0.00507591124823908,0.944,0.00514120608417908,0.0535,0.00503178646208283,1,0,0,0.0549467424921483,486.050142554996,422.075607312637,6.04002139125024,2000,2000
28,8000,70,"boundary",4,"heterogeneous","split","workability",NA,-0.00147246323847274,1.57778371048651e-05,0.000156041062885623,0.00697836847787145,0.000110365288481879,0.00711224442426047,2.40540074848787e-05,1.91844192254309,1.64831887900812,4.86735267397871e-05,1.63300824843913e-06,0.9555,0.00461084319837489,0.9555,0.00461084319837489,0.9555,0.00461084319837489,0.0455,0.00465992220965114,1,0,0,0.0278127976264038,971.968687472404,843.332002302254,6.47264424635417,2000,2000
29,4000,140,"above",4,"heterogeneous","split","workability",NA,-0.00441329385288844,0.000224352480773779,0.000379795519881074,0.0169849720000791,0.000268623151756689,0.0169056454303104,2.86770082497851e-05,-0.467039744123898,1.58317643638138,0.000288395363242178,9.38544002497526e-06,0.948,0.00496467521596328,0.948,0.00496467521596328,0.9475,0.00498717104178311,0.0555,0.00511955808639769,1,0,0,0.0660065720209456,484.969359239541,422.091107931436,6.01004140060603,2000,2000
30,8000,140,"above",4,"heterogeneous","split","workability",NA,-0.00219331162708183,-0.000164455086116066,0.000190284848632666,0.00850979713261797,0.000134585357371401,0.00863232941645789,1.56002637341924e-05,1.43989665006536,1.6147466448368,7.24074843900432e-05,2.27056036845406e-06,0.954,0.00468422885862764,0.954,0.00468422885862764,0.953,0.00473238840333293,0.051,0.00491929873051027,1,0,0,0.0336736804136351,971.777972349478,846.630123173042,6.43618714362647,2000,2000
31,4000,35,"below",16,"heterogeneous","split","workability",NA,-0.00279528941330915,0.000498168585714043,0.000182763487300208,0.00817343162816368,0.000129265621669257,0.00842330057590409,3.83141660789066e-05,3.05708739129127,1.69595385043346,6.70197540277686e-05,2.29231214784645e-06,0.9505,0.0048502448391808,0.9505,0.0048502448391808,0.9535,0.00470838348055891,0.0465,0.00470838348055891,1,0,0,0.0312959278128959,641.676993204049,778.368560612148,6.73810765913374,2000,2000
32,8000,35,"below",16,"heterogeneous","split","workability",NA,-0.00138729845773149,-4.0908371464054e-06,9.64590250590801e-05,0.00431377874150917,6.8223888830656e-05,0.00427962911965226,1.96221949823302e-05,-0.791640552360984,1.63362008360751,1.85993994221297e-05,6.50100221721084e-07,0.9465,0.00503178646208283,0.9465,0.00503178646208283,0.9465,0.00503178646208283,0.0625,0.00541265877365274,1,0,0,0.0159384281045325,1279.76244994709,1383.15303275971,7.16689694886283,2000,2000
33,4000,70,"boundary",16,"heterogeneous","split","workability",NA,-0.000767497370209692,0.000304720174409703,0.000445469140679035,0.0199219856087348,0.000315073028289057,0.0199346122592684,7.88875679490142e-05,0.063380482154507,1.63132594694123,0.000396779922224032,1.38125945706124e-05,0.943,0.00518415856238985,0.943,0.00518415856238985,0.9425,0.00520546587732549,0.059,0.00526872849936301,1,0,0,0.0792177226057844,329.254750560133,230.987845108629,5.96793121287088,2000,2000
34,8000,70,"boundary",16,"heterogeneous","split","workability",NA,-0.000329636706496093,-8.53928016553271e-05,0.000226413868682618,0.0101255360284609,0.000160138821611152,0.0102193435824957,4.04004916782108e-05,0.926445313819957,1.6452989445487,0.000102482508554302,3.34231758671131e-06,0.9495,0.00489641450451246,0.9495,0.00489641450451246,0.9495,0.00489641450451246,0.05,0.00487339717240448,1,0,0,0.040248548181302,655.036259054832,459.315230115475,6.39060528886476,2000,2000
35,4000,140,"above",16,"heterogeneous","split","workability",NA,-0.000293012326667686,0.00061973478913435,0.000505172215374926,0.02259198827845,0.000357300035335894,0.0227150818752249,6.71648404190318e-05,0.544855084279439,1.61770378912023,0.000510526806615297,1.68309808580182e-05,0.9485,0.00494205169944629,0.9485,0.00494205169944629,0.948,0.00496467521596328,0.0515,0.00494205169944629,1,0,0,0.0891585154432251,323.518486653197,226.792387297406,5.92724084767901,2000,2000
36,8000,140,"above",16,"heterogeneous","split","workability",NA,-0.000106615791713581,6.68624245972253e-05,0.000264131032867638,0.0118122988891854,0.000186815554190508,0.0116505772346013,3.69890468166781e-05,-1.36909551731828,1.59100194192704,0.00013946511042875,4.37178786836358e-06,0.9435,0.00516273909857936,0.9435,0.00516273909857936,0.944,0.00514120608417908,0.056,0.00514120608417908,1,0,0,0.0454047631689278,648.732082939882,452.187543968809,6.39299029701765,2000,2000
