"scenario","n","event_target","K","effect","method","selector","candidate","frequency","count","denominator"
7,4000,35,16,"null","bonferroni","effect_seeking","c45-h24",0.087,174,2000
8,8000,35,16,"null","bonferroni","effect_seeking","c45-h24",0.099,198,2000
9,4000,70,16,"null","bonferroni","effect_seeking","c45-h24",0.0895,179,2000
10,8000,70,16,"null","bonferroni","effect_seeking","c45-h24",0.0865,173,2000
11,4000,140,16,"null","bonferroni","effect_seeking","c45-h24",0.082,164,2000
12,8000,140,16,"null","bonferroni","effect_seeking","c45-h24",0.091,182,2000
19,4000,35,16,"homogeneous","bonferroni","effect_seeking","c45-h24",0.074,148,2000
20,8000,35,16,"homogeneous","bonferroni","effect_seeking","c45-h24",0.069,138,2000
21,4000,70,16,"homogeneous","bonferroni","effect_seeking","c45-h24",0.0615,123,2000
22,8000,70,16,"homogeneous","bonferroni","effect_seeking","c45-h24",0.067,134,2000
23,4000,140,16,"homogeneous","bonferroni","effect_seeking","c45-h24",0.049,98,2000
24,8000,140,16,"homogeneous","bonferroni","effect_seeking","c45-h24",0.041,82,2000
31,4000,35,16,"heterogeneous","bonferroni","effect_seeking","c45-h24",0.1285,257,2000
32,8000,35,16,"heterogeneous","bonferroni","effect_seeking","c45-h24",0.131,262,2000
33,4000,70,16,"heterogeneous","bonferroni","effect_seeking","c45-h24",0.119,238,2000
34,8000,70,16,"heterogeneous","bonferroni","effect_seeking","c45-h24",0.1415,283,2000
35,4000,140,16,"heterogeneous","bonferroni","effect_seeking","c45-h24",0.1165,233,2000
36,8000,140,16,"heterogeneous","bonferroni","effect_seeking","c45-h24",0.1205,241,2000
7,4000,35,16,"null","naive","effect_seeking","c45-h24",0.087,174,2000
8,8000,35,16,"null","naive","effect_seeking","c45-h24",0.099,198,2000
9,4000,70,16,"null","naive","effect_seeking","c45-h24",0.0895,179,2000
10,8000,70,16,"null","naive","effect_seeking","c45-h24",0.0865,173,2000
11,4000,140,16,"null","naive","effect_seeking","c45-h24",0.082,164,2000
12,8000,140,16,"null","naive","effect_seeking","c45-h24",0.091,182,2000
19,4000,35,16,"homogeneous","naive","effect_seeking","c45-h24",0.074,148,2000
20,8000,35,16,"homogeneous","naive","effect_seeking","c45-h24",0.069,138,2000
21,4000,70,16,"homogeneous","naive","effect_seeking","c45-h24",0.0615,123,2000
22,8000,70,16,"homogeneous","naive","effect_seeking","c45-h24",0.067,134,2000
23,4000,140,16,"homogeneous","naive","effect_seeking","c45-h24",0.049,98,2000
24,8000,140,16,"homogeneous","naive","effect_seeking","c45-h24",0.041,82,2000
31,4000,35,16,"heterogeneous","naive","effect_seeking","c45-h24",0.1285,257,2000
32,8000,35,16,"heterogeneous","naive","effect_seeking","c45-h24",0.131,262,2000
33,4000,70,16,"heterogeneous","naive","effect_seeking","c45-h24",0.119,238,2000
34,8000,70,16,"heterogeneous","naive","effect_seeking","c45-h24",0.1415,283,2000
35,4000,140,16,"heterogeneous","naive","effect_seeking","c45-h24",0.1165,233,2000
36,8000,140,16,"heterogeneous","naive","effect_seeking","c45-h24",0.1205,241,2000
7,4000,35,16,"null","bonferroni","prognostic_high","c45-h24",0.0025,5,2000
8,8000,35,16,"null","bonferroni","prognostic_high","c45-h24",0.001,2,2000
9,4000,70,16,"null","bonferroni","prognostic_high","c45-h24",5e-04,1,2000
19,4000,35,16,"homogeneous","bonferroni","prognostic_high","c45-h24",0.0055,11,2000
20,8000,35,16,"homogeneous","bonferroni","prognostic_high","c45-h24",0.0035,7,2000
21,4000,70,16,"homogeneous","bonferroni","prognostic_high","c45-h24",0.001,2,2000
31,4000,35,16,"heterogeneous","bonferroni","prognostic_high","c45-h24",5e-04,1,2000
32,8000,35,16,"heterogeneous","bonferroni","prognostic_high","c45-h24",0.003,6,2000
7,4000,35,16,"null","naive","prognostic_high","c45-h24",0.0025,5,2000
8,8000,35,16,"null","naive","prognostic_high","c45-h24",0.001,2,2000
9,4000,70,16,"null","naive","prognostic_high","c45-h24",5e-04,1,2000
19,4000,35,16,"homogeneous","naive","prognostic_high","c45-h24",0.0055,11,2000
20,8000,35,16,"homogeneous","naive","prognostic_high","c45-h24",0.0035,7,2000
21,4000,70,16,"homogeneous","naive","prognostic_high","c45-h24",0.001,2,2000
31,4000,35,16,"heterogeneous","naive","prognostic_high","c45-h24",5e-04,1,2000
32,8000,35,16,"heterogeneous","naive","prognostic_high","c45-h24",0.003,6,2000
7,4000,35,16,"null","split","prognostic_high","c45-h24",0.0035,7,2000
8,8000,35,16,"null","split","prognostic_high","c45-h24",0.0065,13,2000
9,4000,70,16,"null","split","prognostic_high","c45-h24",0.0035,7,2000
10,8000,70,16,"null","split","prognostic_high","c45-h24",0.0015,3,2000
11,4000,140,16,"null","split","prognostic_high","c45-h24",5e-04,1,2000
12,8000,140,16,"null","split","prognostic_high","c45-h24",0.001,2,2000
19,4000,35,16,"homogeneous","split","prognostic_high","c45-h24",0.011,22,2000
20,8000,35,16,"homogeneous","split","prognostic_high","c45-h24",0.015,30,2000
21,4000,70,16,"homogeneous","split","prognostic_high","c45-h24",0.003,6,2000
22,8000,70,16,"homogeneous","split","prognostic_high","c45-h24",0.0035,7,2000
23,4000,140,16,"homogeneous","split","prognostic_high","c45-h24",5e-04,1,2000
24,8000,140,16,"homogeneous","split","prognostic_high","c45-h24",0.001,2,2000
31,4000,35,16,"heterogeneous","split","prognostic_high","c45-h24",0.0045,9,2000
32,8000,35,16,"heterogeneous","split","prognostic_high","c45-h24",0.0065,13,2000
33,4000,70,16,"heterogeneous","split","prognostic_high","c45-h24",0.002,4,2000
35,4000,140,16,"heterogeneous","split","prognostic_high","c45-h24",5e-04,1,2000
7,4000,35,16,"null","bonferroni","prognostic_low","c45-h24",0.0145,29,2000
8,8000,35,16,"null","bonferroni","prognostic_low","c45-h24",0.0125,25,2000
9,4000,70,16,"null","bonferroni","prognostic_low","c45-h24",0.0025,5,2000
10,8000,70,16,"null","bonferroni","prognostic_low","c45-h24",0.0035,7,2000
11,4000,140,16,"null","bonferroni","prognostic_low","c45-h24",0.0015,3,2000
12,8000,140,16,"null","bonferroni","prognostic_low","c45-h24",5e-04,1,2000
19,4000,35,16,"homogeneous","bonferroni","prognostic_low","c45-h24",0.017,34,2000
20,8000,35,16,"homogeneous","bonferroni","prognostic_low","c45-h24",0.0165,33,2000
21,4000,70,16,"homogeneous","bonferroni","prognostic_low","c45-h24",0.0055,11,2000
22,8000,70,16,"homogeneous","bonferroni","prognostic_low","c45-h24",0.006,12,2000
23,4000,140,16,"homogeneous","bonferroni","prognostic_low","c45-h24",0.0015,3,2000
24,8000,140,16,"homogeneous","bonferroni","prognostic_low","c45-h24",5e-04,1,2000
31,4000,35,16,"heterogeneous","bonferroni","prognostic_low","c45-h24",0.0085,17,2000
32,8000,35,16,"heterogeneous","bonferroni","prognostic_low","c45-h24",0.008,16,2000
34,8000,70,16,"heterogeneous","bonferroni","prognostic_low","c45-h24",0.001,2,2000
7,4000,35,16,"null","naive","prognostic_low","c45-h24",0.0145,29,2000
8,8000,35,16,"null","naive","prognostic_low","c45-h24",0.0125,25,2000
9,4000,70,16,"null","naive","prognostic_low","c45-h24",0.0025,5,2000
10,8000,70,16,"null","naive","prognostic_low","c45-h24",0.0035,7,2000
11,4000,140,16,"null","naive","prognostic_low","c45-h24",0.0015,3,2000
12,8000,140,16,"null","naive","prognostic_low","c45-h24",5e-04,1,2000
19,4000,35,16,"homogeneous","naive","prognostic_low","c45-h24",0.017,34,2000
20,8000,35,16,"homogeneous","naive","prognostic_low","c45-h24",0.0165,33,2000
21,4000,70,16,"homogeneous","naive","prognostic_low","c45-h24",0.0055,11,2000
22,8000,70,16,"homogeneous","naive","prognostic_low","c45-h24",0.006,12,2000
23,4000,140,16,"homogeneous","naive","prognostic_low","c45-h24",0.0015,3,2000
24,8000,140,16,"homogeneous","naive","prognostic_low","c45-h24",5e-04,1,2000
31,4000,35,16,"heterogeneous","naive","prognostic_low","c45-h24",0.0085,17,2000
32,8000,35,16,"heterogeneous","naive","prognostic_low","c45-h24",0.008,16,2000
34,8000,70,16,"heterogeneous","naive","prognostic_low","c45-h24",0.001,2,2000
7,4000,35,16,"null","split","prognostic_low","c45-h24",0.0175,35,2000
8,8000,35,16,"null","split","prognostic_low","c45-h24",0.0155,31,2000
9,4000,70,16,"null","split","prognostic_low","c45-h24",0.01,20,2000
10,8000,70,16,"null","split","prognostic_low","c45-h24",0.013,26,2000
11,4000,140,16,"null","split","prognostic_low","c45-h24",0.0045,9,2000
12,8000,140,16,"null","split","prognostic_low","c45-h24",0.0015,3,2000
19,4000,35,16,"homogeneous","split","prognostic_low","c45-h24",0.025,50,2000
20,8000,35,16,"homogeneous","split","prognostic_low","c45-h24",0.021,42,2000
21,4000,70,16,"homogeneous","split","prognostic_low","c45-h24",0.017,34,2000
22,8000,70,16,"homogeneous","split","prognostic_low","c45-h24",0.0125,25,2000
23,4000,140,16,"homogeneous","split","prognostic_low","c45-h24",0.005,10,2000
24,8000,140,16,"homogeneous","split","prognostic_low","c45-h24",0.005,10,2000
31,4000,35,16,"heterogeneous","split","prognostic_low","c45-h24",0.016,32,2000
32,8000,35,16,"heterogeneous","split","prognostic_low","c45-h24",0.014,28,2000
33,4000,70,16,"heterogeneous","split","prognostic_low","c45-h24",0.008,16,2000
34,8000,70,16,"heterogeneous","split","prognostic_low","c45-h24",0.007,14,2000
35,4000,140,16,"heterogeneous","split","prognostic_low","c45-h24",0.0015,3,2000
36,8000,140,16,"heterogeneous","split","prognostic_low","c45-h24",5e-04,1,2000
7,4000,35,16,"null","bonferroni","effect_seeking","c45-h36",0.0605,121,2000
8,8000,35,16,"null","bonferroni","effect_seeking","c45-h36",0.058,116,2000
9,4000,70,16,"null","bonferroni","effect_seeking","c45-h36",0.058,116,2000
10,8000,70,16,"null","bonferroni","effect_seeking","c45-h36",0.064,128,2000
11,4000,140,16,"null","bonferroni","effect_seeking","c45-h36",0.0585,117,2000
12,8000,140,16,"null","bonferroni","effect_seeking","c45-h36",0.0585,117,2000
19,4000,35,16,"homogeneous","bonferroni","effect_seeking","c45-h36",0.067,134,2000
20,8000,35,16,"homogeneous","bonferroni","effect_seeking","c45-h36",0.0675,135,2000
21,4000,70,16,"homogeneous","bonferroni","effect_seeking","c45-h36",0.0725,145,2000
22,8000,70,16,"homogeneous","bonferroni","effect_seeking","c45-h36",0.0725,145,2000
23,4000,140,16,"homogeneous","bonferroni","effect_seeking","c45-h36",0.064,128,2000
24,8000,140,16,"homogeneous","bonferroni","effect_seeking","c45-h36",0.057,114,2000
31,4000,35,16,"heterogeneous","bonferroni","effect_seeking","c45-h36",0.0995,199,2000
32,8000,35,16,"heterogeneous","bonferroni","effect_seeking","c45-h36",0.0955,191,2000
33,4000,70,16,"heterogeneous","bonferroni","effect_seeking","c45-h36",0.106,212,2000
34,8000,70,16,"heterogeneous","bonferroni","effect_seeking","c45-h36",0.115,230,2000
35,4000,140,16,"heterogeneous","bonferroni","effect_seeking","c45-h36",0.1115,223,2000
36,8000,140,16,"heterogeneous","bonferroni","effect_seeking","c45-h36",0.1165,233,2000
7,4000,35,16,"null","naive","effect_seeking","c45-h36",0.0605,121,2000
8,8000,35,16,"null","naive","effect_seeking","c45-h36",0.058,116,2000
9,4000,70,16,"null","naive","effect_seeking","c45-h36",0.058,116,2000
10,8000,70,16,"null","naive","effect_seeking","c45-h36",0.064,128,2000
11,4000,140,16,"null","naive","effect_seeking","c45-h36",0.0585,117,2000
12,8000,140,16,"null","naive","effect_seeking","c45-h36",0.0585,117,2000
19,4000,35,16,"homogeneous","naive","effect_seeking","c45-h36",0.067,134,2000
20,8000,35,16,"homogeneous","naive","effect_seeking","c45-h36",0.0675,135,2000
21,4000,70,16,"homogeneous","naive","effect_seeking","c45-h36",0.0725,145,2000
22,8000,70,16,"homogeneous","naive","effect_seeking","c45-h36",0.0725,145,2000
23,4000,140,16,"homogeneous","naive","effect_seeking","c45-h36",0.064,128,2000
24,8000,140,16,"homogeneous","naive","effect_seeking","c45-h36",0.057,114,2000
31,4000,35,16,"heterogeneous","naive","effect_seeking","c45-h36",0.0995,199,2000
32,8000,35,16,"heterogeneous","naive","effect_seeking","c45-h36",0.0955,191,2000
33,4000,70,16,"heterogeneous","naive","effect_seeking","c45-h36",0.106,212,2000
34,8000,70,16,"heterogeneous","naive","effect_seeking","c45-h36",0.115,230,2000
35,4000,140,16,"heterogeneous","naive","effect_seeking","c45-h36",0.1115,223,2000
36,8000,140,16,"heterogeneous","naive","effect_seeking","c45-h36",0.1165,233,2000
7,4000,35,16,"null","bonferroni","prognostic_high","c45-h36",0.0045,9,2000
8,8000,35,16,"null","bonferroni","prognostic_high","c45-h36",0.0085,17,2000
9,4000,70,16,"null","bonferroni","prognostic_high","c45-h36",0.0015,3,2000
10,8000,70,16,"null","bonferroni","prognostic_high","c45-h36",0.0025,5,2000
19,4000,35,16,"homogeneous","bonferroni","prognostic_high","c45-h36",0.0145,29,2000
20,8000,35,16,"homogeneous","bonferroni","prognostic_high","c45-h36",0.012,24,2000
21,4000,70,16,"homogeneous","bonferroni","prognostic_high","c45-h36",0.004,8,2000
22,8000,70,16,"homogeneous","bonferroni","prognostic_high","c45-h36",0.0015,3,2000
23,4000,140,16,"homogeneous","bonferroni","prognostic_high","c45-h36",5e-04,1,2000
31,4000,35,16,"heterogeneous","bonferroni","prognostic_high","c45-h36",0.0055,11,2000
32,8000,35,16,"heterogeneous","bonferroni","prognostic_high","c45-h36",0.005,10,2000
33,4000,70,16,"heterogeneous","bonferroni","prognostic_high","c45-h36",5e-04,1,2000
34,8000,70,16,"heterogeneous","bonferroni","prognostic_high","c45-h36",5e-04,1,2000
7,4000,35,16,"null","naive","prognostic_high","c45-h36",0.0045,9,2000
8,8000,35,16,"null","naive","prognostic_high","c45-h36",0.0085,17,2000
9,4000,70,16,"null","naive","prognostic_high","c45-h36",0.0015,3,2000
10,8000,70,16,"null","naive","prognostic_high","c45-h36",0.0025,5,2000
19,4000,35,16,"homogeneous","naive","prognostic_high","c45-h36",0.0145,29,2000
20,8000,35,16,"homogeneous","naive","prognostic_high","c45-h36",0.012,24,2000
21,4000,70,16,"homogeneous","naive","prognostic_high","c45-h36",0.004,8,2000
22,8000,70,16,"homogeneous","naive","prognostic_high","c45-h36",0.0015,3,2000
23,4000,140,16,"homogeneous","naive","prognostic_high","c45-h36",5e-04,1,2000
31,4000,35,16,"heterogeneous","naive","prognostic_high","c45-h36",0.0055,11,2000
32,8000,35,16,"heterogeneous","naive","prognostic_high","c45-h36",0.005,10,2000
33,4000,70,16,"heterogeneous","naive","prognostic_high","c45-h36",5e-04,1,2000
34,8000,70,16,"heterogeneous","naive","prognostic_high","c45-h36",5e-04,1,2000
7,4000,35,16,"null","split","prognostic_high","c45-h36",0.0105,21,2000
8,8000,35,16,"null","split","prognostic_high","c45-h36",0.0185,37,2000
9,4000,70,16,"null","split","prognostic_high","c45-h36",0.008,16,2000
10,8000,70,16,"null","split","prognostic_high","c45-h36",0.007,14,2000
11,4000,140,16,"null","split","prognostic_high","c45-h36",0.001,2,2000
12,8000,140,16,"null","split","prognostic_high","c45-h36",0.0045,9,2000
19,4000,35,16,"homogeneous","split","prognostic_high","c45-h36",0.017,34,2000
20,8000,35,16,"homogeneous","split","prognostic_high","c45-h36",0.025,50,2000
21,4000,70,16,"homogeneous","split","prognostic_high","c45-h36",0.0095,19,2000
22,8000,70,16,"homogeneous","split","prognostic_high","c45-h36",0.0115,23,2000
23,4000,140,16,"homogeneous","split","prognostic_high","c45-h36",0.004,8,2000
24,8000,140,16,"homogeneous","split","prognostic_high","c45-h36",0.001,2,2000
31,4000,35,16,"heterogeneous","split","prognostic_high","c45-h36",0.017,34,2000
32,8000,35,16,"heterogeneous","split","prognostic_high","c45-h36",0.0155,31,2000
33,4000,70,16,"heterogeneous","split","prognostic_high","c45-h36",0.006,12,2000
34,8000,70,16,"heterogeneous","split","prognostic_high","c45-h36",0.004,8,2000
35,4000,140,16,"heterogeneous","split","prognostic_high","c45-h36",0.0035,7,2000
36,8000,140,16,"heterogeneous","split","prognostic_high","c45-h36",0.0015,3,2000
7,4000,35,16,"null","bonferroni","prognostic_low","c45-h36",0.02,40,2000
8,8000,35,16,"null","bonferroni","prognostic_low","c45-h36",0.021,42,2000
9,4000,70,16,"null","bonferroni","prognostic_low","c45-h36",0.0175,35,2000
10,8000,70,16,"null","bonferroni","prognostic_low","c45-h36",0.0155,31,2000
11,4000,140,16,"null","bonferroni","prognostic_low","c45-h36",0.005,10,2000
12,8000,140,16,"null","bonferroni","prognostic_low","c45-h36",0.003,6,2000
19,4000,35,16,"homogeneous","bonferroni","prognostic_low","c45-h36",0.0275,55,2000
20,8000,35,16,"homogeneous","bonferroni","prognostic_low","c45-h36",0.027,54,2000
21,4000,70,16,"homogeneous","bonferroni","prognostic_low","c45-h36",0.0155,31,2000
22,8000,70,16,"homogeneous","bonferroni","prognostic_low","c45-h36",0.016,32,2000
23,4000,140,16,"homogeneous","bonferroni","prognostic_low","c45-h36",0.006,12,2000
24,8000,140,16,"homogeneous","bonferroni","prognostic_low","c45-h36",0.007,14,2000
31,4000,35,16,"heterogeneous","bonferroni","prognostic_low","c45-h36",0.019,38,2000
32,8000,35,16,"heterogeneous","bonferroni","prognostic_low","c45-h36",0.016,32,2000
33,4000,70,16,"heterogeneous","bonferroni","prognostic_low","c45-h36",0.0065,13,2000
34,8000,70,16,"heterogeneous","bonferroni","prognostic_low","c45-h36",0.0075,15,2000
35,4000,140,16,"heterogeneous","bonferroni","prognostic_low","c45-h36",0.001,2,2000
36,8000,140,16,"heterogeneous","bonferroni","prognostic_low","c45-h36",0.003,6,2000
7,4000,35,16,"null","naive","prognostic_low","c45-h36",0.02,40,2000
8,8000,35,16,"null","naive","prognostic_low","c45-h36",0.021,42,2000
9,4000,70,16,"null","naive","prognostic_low","c45-h36",0.0175,35,2000
10,8000,70,16,"null","naive","prognostic_low","c45-h36",0.0155,31,2000
11,4000,140,16,"null","naive","prognostic_low","c45-h36",0.005,10,2000
12,8000,140,16,"null","naive","prognostic_low","c45-h36",0.003,6,2000
19,4000,35,16,"homogeneous","naive","prognostic_low","c45-h36",0.0275,55,2000
20,8000,35,16,"homogeneous","naive","prognostic_low","c45-h36",0.027,54,2000
21,4000,70,16,"homogeneous","naive","prognostic_low","c45-h36",0.0155,31,2000
22,8000,70,16,"homogeneous","naive","prognostic_low","c45-h36",0.016,32,2000
23,4000,140,16,"homogeneous","naive","prognostic_low","c45-h36",0.006,12,2000
24,8000,140,16,"homogeneous","naive","prognostic_low","c45-h36",0.007,14,2000
31,4000,35,16,"heterogeneous","naive","prognostic_low","c45-h36",0.019,38,2000
32,8000,35,16,"heterogeneous","naive","prognostic_low","c45-h36",0.016,32,2000
33,4000,70,16,"heterogeneous","naive","prognostic_low","c45-h36",0.0065,13,2000
34,8000,70,16,"heterogeneous","naive","prognostic_low","c45-h36",0.0075,15,2000
35,4000,140,16,"heterogeneous","naive","prognostic_low","c45-h36",0.001,2,2000
36,8000,140,16,"heterogeneous","naive","prognostic_low","c45-h36",0.003,6,2000
7,4000,35,16,"null","split","prognostic_low","c45-h36",0.0335,67,2000
8,8000,35,16,"null","split","prognostic_low","c45-h36",0.0305,61,2000
9,4000,70,16,"null","split","prognostic_low","c45-h36",0.0255,51,2000
10,8000,70,16,"null","split","prognostic_low","c45-h36",0.024,48,2000
11,4000,140,16,"null","split","prognostic_low","c45-h36",0.0145,29,2000
12,8000,140,16,"null","split","prognostic_low","c45-h36",0.014,28,2000
19,4000,35,16,"homogeneous","split","prognostic_low","c45-h36",0.033,66,2000
20,8000,35,16,"homogeneous","split","prognostic_low","c45-h36",0.032,64,2000
21,4000,70,16,"homogeneous","split","prognostic_low","c45-h36",0.0295,59,2000
22,8000,70,16,"homogeneous","split","prognostic_low","c45-h36",0.0245,49,2000
23,4000,140,16,"homogeneous","split","prognostic_low","c45-h36",0.018,36,2000
24,8000,140,16,"homogeneous","split","prognostic_low","c45-h36",0.0195,39,2000
31,4000,35,16,"heterogeneous","split","prognostic_low","c45-h36",0.0315,63,2000
32,8000,35,16,"heterogeneous","split","prognostic_low","c45-h36",0.0225,45,2000
33,4000,70,16,"heterogeneous","split","prognostic_low","c45-h36",0.0175,35,2000
34,8000,70,16,"heterogeneous","split","prognostic_low","c45-h36",0.014,28,2000
35,4000,140,16,"heterogeneous","split","prognostic_low","c45-h36",0.007,14,2000
36,8000,140,16,"heterogeneous","split","prognostic_low","c45-h36",0.011,22,2000
7,4000,35,16,"null","bonferroni","effect_seeking","c45-h48",0.0565,113,2000
8,8000,35,16,"null","bonferroni","effect_seeking","c45-h48",0.0605,121,2000
9,4000,70,16,"null","bonferroni","effect_seeking","c45-h48",0.06,120,2000
10,8000,70,16,"null","bonferroni","effect_seeking","c45-h48",0.0545,109,2000
11,4000,140,16,"null","bonferroni","effect_seeking","c45-h48",0.0515,103,2000
12,8000,140,16,"null","bonferroni","effect_seeking","c45-h48",0.052,104,2000
19,4000,35,16,"homogeneous","bonferroni","effect_seeking","c45-h48",0.0835,167,2000
20,8000,35,16,"homogeneous","bonferroni","effect_seeking","c45-h48",0.085,170,2000
21,4000,70,16,"homogeneous","bonferroni","effect_seeking","c45-h48",0.1,200,2000
22,8000,70,16,"homogeneous","bonferroni","effect_seeking","c45-h48",0.0905,181,2000
23,4000,140,16,"homogeneous","bonferroni","effect_seeking","c45-h48",0.102,204,2000
24,8000,140,16,"homogeneous","bonferroni","effect_seeking","c45-h48",0.1055,211,2000
31,4000,35,16,"heterogeneous","bonferroni","effect_seeking","c45-h48",0.114,228,2000
32,8000,35,16,"heterogeneous","bonferroni","effect_seeking","c45-h48",0.109,218,2000
33,4000,70,16,"heterogeneous","bonferroni","effect_seeking","c45-h48",0.122,244,2000
34,8000,70,16,"heterogeneous","bonferroni","effect_seeking","c45-h48",0.1215,243,2000
35,4000,140,16,"heterogeneous","bonferroni","effect_seeking","c45-h48",0.1455,291,2000
36,8000,140,16,"heterogeneous","bonferroni","effect_seeking","c45-h48",0.1605,321,2000
7,4000,35,16,"null","naive","effect_seeking","c45-h48",0.0565,113,2000
8,8000,35,16,"null","naive","effect_seeking","c45-h48",0.0605,121,2000
9,4000,70,16,"null","naive","effect_seeking","c45-h48",0.06,120,2000
10,8000,70,16,"null","naive","effect_seeking","c45-h48",0.0545,109,2000
11,4000,140,16,"null","naive","effect_seeking","c45-h48",0.0515,103,2000
12,8000,140,16,"null","naive","effect_seeking","c45-h48",0.052,104,2000
19,4000,35,16,"homogeneous","naive","effect_seeking","c45-h48",0.0835,167,2000
20,8000,35,16,"homogeneous","naive","effect_seeking","c45-h48",0.085,170,2000
21,4000,70,16,"homogeneous","naive","effect_seeking","c45-h48",0.1,200,2000
22,8000,70,16,"homogeneous","naive","effect_seeking","c45-h48",0.0905,181,2000
23,4000,140,16,"homogeneous","naive","effect_seeking","c45-h48",0.102,204,2000
24,8000,140,16,"homogeneous","naive","effect_seeking","c45-h48",0.1055,211,2000
31,4000,35,16,"heterogeneous","naive","effect_seeking","c45-h48",0.114,228,2000
32,8000,35,16,"heterogeneous","naive","effect_seeking","c45-h48",0.109,218,2000
33,4000,70,16,"heterogeneous","naive","effect_seeking","c45-h48",0.122,244,2000
34,8000,70,16,"heterogeneous","naive","effect_seeking","c45-h48",0.1215,243,2000
35,4000,140,16,"heterogeneous","naive","effect_seeking","c45-h48",0.1455,291,2000
36,8000,140,16,"heterogeneous","naive","effect_seeking","c45-h48",0.1605,321,2000
7,4000,35,16,"null","bonferroni","prognostic_high","c45-h48",0.0275,55,2000
8,8000,35,16,"null","bonferroni","prognostic_high","c45-h48",0.034,68,2000
9,4000,70,16,"null","bonferroni","prognostic_high","c45-h48",0.0135,27,2000
10,8000,70,16,"null","bonferroni","prognostic_high","c45-h48",0.02,40,2000
11,4000,140,16,"null","bonferroni","prognostic_high","c45-h48",0.004,8,2000
12,8000,140,16,"null","bonferroni","prognostic_high","c45-h48",0.0035,7,2000
19,4000,35,16,"homogeneous","bonferroni","prognostic_high","c45-h48",0.0395,79,2000
20,8000,35,16,"homogeneous","bonferroni","prognostic_high","c45-h48",0.033,66,2000
21,4000,70,16,"homogeneous","bonferroni","prognostic_high","c45-h48",0.028,56,2000
22,8000,70,16,"homogeneous","bonferroni","prognostic_high","c45-h48",0.0245,49,2000
23,4000,140,16,"homogeneous","bonferroni","prognostic_high","c45-h48",0.0115,23,2000
24,8000,140,16,"homogeneous","bonferroni","prognostic_high","c45-h48",0.007,14,2000
31,4000,35,16,"heterogeneous","bonferroni","prognostic_high","c45-h48",0.029,58,2000
32,8000,35,16,"heterogeneous","bonferroni","prognostic_high","c45-h48",0.0315,63,2000
33,4000,70,16,"heterogeneous","bonferroni","prognostic_high","c45-h48",0.011,22,2000
34,8000,70,16,"heterogeneous","bonferroni","prognostic_high","c45-h48",0.0145,29,2000
35,4000,140,16,"heterogeneous","bonferroni","prognostic_high","c45-h48",0.005,10,2000
36,8000,140,16,"heterogeneous","bonferroni","prognostic_high","c45-h48",0.0015,3,2000
7,4000,35,16,"null","naive","prognostic_high","c45-h48",0.0275,55,2000
8,8000,35,16,"null","naive","prognostic_high","c45-h48",0.034,68,2000
9,4000,70,16,"null","naive","prognostic_high","c45-h48",0.0135,27,2000
10,8000,70,16,"null","naive","prognostic_high","c45-h48",0.02,40,2000
11,4000,140,16,"null","naive","prognostic_high","c45-h48",0.004,8,2000
12,8000,140,16,"null","naive","prognostic_high","c45-h48",0.0035,7,2000
19,4000,35,16,"homogeneous","naive","prognostic_high","c45-h48",0.0395,79,2000
20,8000,35,16,"homogeneous","naive","prognostic_high","c45-h48",0.033,66,2000
21,4000,70,16,"homogeneous","naive","prognostic_high","c45-h48",0.028,56,2000
22,8000,70,16,"homogeneous","naive","prognostic_high","c45-h48",0.0245,49,2000
23,4000,140,16,"homogeneous","naive","prognostic_high","c45-h48",0.0115,23,2000
24,8000,140,16,"homogeneous","naive","prognostic_high","c45-h48",0.007,14,2000
31,4000,35,16,"heterogeneous","naive","prognostic_high","c45-h48",0.029,58,2000
32,8000,35,16,"heterogeneous","naive","prognostic_high","c45-h48",0.0315,63,2000
33,4000,70,16,"heterogeneous","naive","prognostic_high","c45-h48",0.011,22,2000
34,8000,70,16,"heterogeneous","naive","prognostic_high","c45-h48",0.0145,29,2000
35,4000,140,16,"heterogeneous","naive","prognostic_high","c45-h48",0.005,10,2000
36,8000,140,16,"heterogeneous","naive","prognostic_high","c45-h48",0.0015,3,2000
7,4000,35,16,"null","split","prognostic_high","c45-h48",0.053,106,2000
8,8000,35,16,"null","split","prognostic_high","c45-h48",0.0405,81,2000
9,4000,70,16,"null","split","prognostic_high","c45-h48",0.028,56,2000
10,8000,70,16,"null","split","prognostic_high","c45-h48",0.0355,71,2000
11,4000,140,16,"null","split","prognostic_high","c45-h48",0.018,36,2000
12,8000,140,16,"null","split","prognostic_high","c45-h48",0.0175,35,2000
19,4000,35,16,"homogeneous","split","prognostic_high","c45-h48",0.052,104,2000
20,8000,35,16,"homogeneous","split","prognostic_high","c45-h48",0.0445,89,2000
21,4000,70,16,"homogeneous","split","prognostic_high","c45-h48",0.032,64,2000
22,8000,70,16,"homogeneous","split","prognostic_high","c45-h48",0.031,62,2000
23,4000,140,16,"homogeneous","split","prognostic_high","c45-h48",0.032,64,2000
24,8000,140,16,"homogeneous","split","prognostic_high","c45-h48",0.0245,49,2000
31,4000,35,16,"heterogeneous","split","prognostic_high","c45-h48",0.038,76,2000
32,8000,35,16,"heterogeneous","split","prognostic_high","c45-h48",0.0435,87,2000
33,4000,70,16,"heterogeneous","split","prognostic_high","c45-h48",0.0285,57,2000
34,8000,70,16,"heterogeneous","split","prognostic_high","c45-h48",0.0285,57,2000
35,4000,140,16,"heterogeneous","split","prognostic_high","c45-h48",0.0185,37,2000
36,8000,140,16,"heterogeneous","split","prognostic_high","c45-h48",0.008,16,2000
7,4000,35,16,"null","bonferroni","prognostic_low","c45-h48",0.0555,111,2000
8,8000,35,16,"null","bonferroni","prognostic_low","c45-h48",0.066,132,2000
9,4000,70,16,"null","bonferroni","prognostic_low","c45-h48",0.0615,123,2000
10,8000,70,16,"null","bonferroni","prognostic_low","c45-h48",0.053,106,2000
11,4000,140,16,"null","bonferroni","prognostic_low","c45-h48",0.041,82,2000
12,8000,140,16,"null","bonferroni","prognostic_low","c45-h48",0.0345,69,2000
19,4000,35,16,"homogeneous","bonferroni","prognostic_low","c45-h48",0.0655,131,2000
20,8000,35,16,"homogeneous","bonferroni","prognostic_low","c45-h48",0.07,140,2000
21,4000,70,16,"homogeneous","bonferroni","prognostic_low","c45-h48",0.064,128,2000
22,8000,70,16,"homogeneous","bonferroni","prognostic_low","c45-h48",0.0595,119,2000
23,4000,140,16,"homogeneous","bonferroni","prognostic_low","c45-h48",0.058,116,2000
24,8000,140,16,"homogeneous","bonferroni","prognostic_low","c45-h48",0.042,84,2000
31,4000,35,16,"heterogeneous","bonferroni","prognostic_low","c45-h48",0.053,106,2000
32,8000,35,16,"heterogeneous","bonferroni","prognostic_low","c45-h48",0.062,124,2000
33,4000,70,16,"heterogeneous","bonferroni","prognostic_low","c45-h48",0.045,90,2000
34,8000,70,16,"heterogeneous","bonferroni","prognostic_low","c45-h48",0.038,76,2000
35,4000,140,16,"heterogeneous","bonferroni","prognostic_low","c45-h48",0.0325,65,2000
36,8000,140,16,"heterogeneous","bonferroni","prognostic_low","c45-h48",0.0195,39,2000
7,4000,35,16,"null","naive","prognostic_low","c45-h48",0.0555,111,2000
8,8000,35,16,"null","naive","prognostic_low","c45-h48",0.066,132,2000
9,4000,70,16,"null","naive","prognostic_low","c45-h48",0.0615,123,2000
10,8000,70,16,"null","naive","prognostic_low","c45-h48",0.053,106,2000
11,4000,140,16,"null","naive","prognostic_low","c45-h48",0.041,82,2000
12,8000,140,16,"null","naive","prognostic_low","c45-h48",0.0345,69,2000
19,4000,35,16,"homogeneous","naive","prognostic_low","c45-h48",0.0655,131,2000
20,8000,35,16,"homogeneous","naive","prognostic_low","c45-h48",0.07,140,2000
21,4000,70,16,"homogeneous","naive","prognostic_low","c45-h48",0.064,128,2000
22,8000,70,16,"homogeneous","naive","prognostic_low","c45-h48",0.0595,119,2000
23,4000,140,16,"homogeneous","naive","prognostic_low","c45-h48",0.058,116,2000
24,8000,140,16,"homogeneous","naive","prognostic_low","c45-h48",0.042,84,2000
31,4000,35,16,"heterogeneous","naive","prognostic_low","c45-h48",0.053,106,2000
32,8000,35,16,"heterogeneous","naive","prognostic_low","c45-h48",0.062,124,2000
33,4000,70,16,"heterogeneous","naive","prognostic_low","c45-h48",0.045,90,2000
34,8000,70,16,"heterogeneous","naive","prognostic_low","c45-h48",0.038,76,2000
35,4000,140,16,"heterogeneous","naive","prognostic_low","c45-h48",0.0325,65,2000
36,8000,140,16,"heterogeneous","naive","prognostic_low","c45-h48",0.0195,39,2000
7,4000,35,16,"null","split","prognostic_low","c45-h48",0.0645,129,2000
8,8000,35,16,"null","split","prognostic_low","c45-h48",0.06,120,2000
9,4000,70,16,"null","split","prognostic_low","c45-h48",0.072,144,2000
10,8000,70,16,"null","split","prognostic_low","c45-h48",0.062,124,2000
11,4000,140,16,"null","split","prognostic_low","c45-h48",0.0645,129,2000
12,8000,140,16,"null","split","prognostic_low","c45-h48",0.061,122,2000
19,4000,35,16,"homogeneous","split","prognostic_low","c45-h48",0.0615,123,2000
20,8000,35,16,"homogeneous","split","prognostic_low","c45-h48",0.054,108,2000
21,4000,70,16,"homogeneous","split","prognostic_low","c45-h48",0.067,134,2000
22,8000,70,16,"homogeneous","split","prognostic_low","c45-h48",0.0635,127,2000
23,4000,140,16,"homogeneous","split","prognostic_low","c45-h48",0.0745,149,2000
24,8000,140,16,"homogeneous","split","prognostic_low","c45-h48",0.0585,117,2000
31,4000,35,16,"heterogeneous","split","prognostic_low","c45-h48",0.0655,131,2000
32,8000,35,16,"heterogeneous","split","prognostic_low","c45-h48",0.059,118,2000
33,4000,70,16,"heterogeneous","split","prognostic_low","c45-h48",0.0595,119,2000
34,8000,70,16,"heterogeneous","split","prognostic_low","c45-h48",0.062,124,2000
35,4000,140,16,"heterogeneous","split","prognostic_low","c45-h48",0.044,88,2000
36,8000,140,16,"heterogeneous","split","prognostic_low","c45-h48",0.0485,97,2000
7,4000,35,16,"null","bonferroni","workability","c45-h48",0.0035,7,2000
8,8000,35,16,"null","bonferroni","workability","c45-h48",0.0035,7,2000
19,4000,35,16,"homogeneous","bonferroni","workability","c45-h48",0.0025,5,2000
20,8000,35,16,"homogeneous","bonferroni","workability","c45-h48",0.0015,3,2000
31,4000,35,16,"heterogeneous","bonferroni","workability","c45-h48",0.0045,9,2000
32,8000,35,16,"heterogeneous","bonferroni","workability","c45-h48",0.003,6,2000
7,4000,35,16,"null","naive","workability","c45-h48",0.0035,7,2000
8,8000,35,16,"null","naive","workability","c45-h48",0.0035,7,2000
19,4000,35,16,"homogeneous","naive","workability","c45-h48",0.0025,5,2000
20,8000,35,16,"homogeneous","naive","workability","c45-h48",0.0015,3,2000
31,4000,35,16,"heterogeneous","naive","workability","c45-h48",0.0045,9,2000
32,8000,35,16,"heterogeneous","naive","workability","c45-h48",0.003,6,2000
7,4000,35,16,"null","split","workability","c45-h48",0.012,24,2000
8,8000,35,16,"null","split","workability","c45-h48",0.011,22,2000
19,4000,35,16,"homogeneous","split","workability","c45-h48",0.011,22,2000
20,8000,35,16,"homogeneous","split","workability","c45-h48",0.009,18,2000
31,4000,35,16,"heterogeneous","split","workability","c45-h48",0.011,22,2000
32,8000,35,16,"heterogeneous","split","workability","c45-h48",0.0115,23,2000
7,4000,35,16,"null","bonferroni","effect_seeking","c45-h60",0.082,164,2000
8,8000,35,16,"null","bonferroni","effect_seeking","c45-h60",0.0715,143,2000
9,4000,70,16,"null","bonferroni","effect_seeking","c45-h60",0.075,150,2000
10,8000,70,16,"null","bonferroni","effect_seeking","c45-h60",0.0815,163,2000
11,4000,140,16,"null","bonferroni","effect_seeking","c45-h60",0.081,162,2000
12,8000,140,16,"null","bonferroni","effect_seeking","c45-h60",0.0725,145,2000
19,4000,35,16,"homogeneous","bonferroni","effect_seeking","c45-h60",0.1835,367,2000
20,8000,35,16,"homogeneous","bonferroni","effect_seeking","c45-h60",0.19,380,2000
21,4000,70,16,"homogeneous","bonferroni","effect_seeking","c45-h60",0.233,466,2000
22,8000,70,16,"homogeneous","bonferroni","effect_seeking","c45-h60",0.2345,469,2000
23,4000,140,16,"homogeneous","bonferroni","effect_seeking","c45-h60",0.3165,633,2000
24,8000,140,16,"homogeneous","bonferroni","effect_seeking","c45-h60",0.311,622,2000
31,4000,35,16,"heterogeneous","bonferroni","effect_seeking","c45-h60",0.194,388,2000
32,8000,35,16,"heterogeneous","bonferroni","effect_seeking","c45-h60",0.205,410,2000
33,4000,70,16,"heterogeneous","bonferroni","effect_seeking","c45-h60",0.277,554,2000
34,8000,70,16,"heterogeneous","bonferroni","effect_seeking","c45-h60",0.25,500,2000
35,4000,140,16,"heterogeneous","bonferroni","effect_seeking","c45-h60",0.3525,705,2000
36,8000,140,16,"heterogeneous","bonferroni","effect_seeking","c45-h60",0.3455,691,2000
7,4000,35,16,"null","naive","effect_seeking","c45-h60",0.082,164,2000
8,8000,35,16,"null","naive","effect_seeking","c45-h60",0.0715,143,2000
9,4000,70,16,"null","naive","effect_seeking","c45-h60",0.075,150,2000
10,8000,70,16,"null","naive","effect_seeking","c45-h60",0.0815,163,2000
11,4000,140,16,"null","naive","effect_seeking","c45-h60",0.081,162,2000
12,8000,140,16,"null","naive","effect_seeking","c45-h60",0.0725,145,2000
19,4000,35,16,"homogeneous","naive","effect_seeking","c45-h60",0.1835,367,2000
20,8000,35,16,"homogeneous","naive","effect_seeking","c45-h60",0.19,380,2000
21,4000,70,16,"homogeneous","naive","effect_seeking","c45-h60",0.233,466,2000
22,8000,70,16,"homogeneous","naive","effect_seeking","c45-h60",0.2345,469,2000
23,4000,140,16,"homogeneous","naive","effect_seeking","c45-h60",0.3165,633,2000
24,8000,140,16,"homogeneous","naive","effect_seeking","c45-h60",0.311,622,2000
31,4000,35,16,"heterogeneous","naive","effect_seeking","c45-h60",0.194,388,2000
32,8000,35,16,"heterogeneous","naive","effect_seeking","c45-h60",0.205,410,2000
33,4000,70,16,"heterogeneous","naive","effect_seeking","c45-h60",0.277,554,2000
34,8000,70,16,"heterogeneous","naive","effect_seeking","c45-h60",0.25,500,2000
35,4000,140,16,"heterogeneous","naive","effect_seeking","c45-h60",0.3525,705,2000
36,8000,140,16,"heterogeneous","naive","effect_seeking","c45-h60",0.3455,691,2000
7,4000,35,16,"null","bonferroni","outcome_blinded","c45-h60",0.705,1410,2000
8,8000,35,16,"null","bonferroni","outcome_blinded","c45-h60",0.722,1444,2000
9,4000,70,16,"null","bonferroni","outcome_blinded","c45-h60",0.711,1422,2000
10,8000,70,16,"null","bonferroni","outcome_blinded","c45-h60",0.6905,1381,2000
11,4000,140,16,"null","bonferroni","outcome_blinded","c45-h60",0.695,1390,2000
12,8000,140,16,"null","bonferroni","outcome_blinded","c45-h60",0.6965,1393,2000
19,4000,35,16,"homogeneous","bonferroni","outcome_blinded","c45-h60",0.719,1438,2000
20,8000,35,16,"homogeneous","bonferroni","outcome_blinded","c45-h60",0.7205,1441,2000
21,4000,70,16,"homogeneous","bonferroni","outcome_blinded","c45-h60",0.7115,1423,2000
22,8000,70,16,"homogeneous","bonferroni","outcome_blinded","c45-h60",0.727,1454,2000
23,4000,140,16,"homogeneous","bonferroni","outcome_blinded","c45-h60",0.719,1438,2000
24,8000,140,16,"homogeneous","bonferroni","outcome_blinded","c45-h60",0.71,1420,2000
31,4000,35,16,"heterogeneous","bonferroni","outcome_blinded","c45-h60",0.7085,1417,2000
32,8000,35,16,"heterogeneous","bonferroni","outcome_blinded","c45-h60",0.7095,1419,2000
33,4000,70,16,"heterogeneous","bonferroni","outcome_blinded","c45-h60",0.706,1412,2000
34,8000,70,16,"heterogeneous","bonferroni","outcome_blinded","c45-h60",0.708,1416,2000
35,4000,140,16,"heterogeneous","bonferroni","outcome_blinded","c45-h60",0.705,1410,2000
36,8000,140,16,"heterogeneous","bonferroni","outcome_blinded","c45-h60",0.7015,1403,2000
7,4000,35,16,"null","naive","outcome_blinded","c45-h60",0.705,1410,2000
8,8000,35,16,"null","naive","outcome_blinded","c45-h60",0.722,1444,2000
9,4000,70,16,"null","naive","outcome_blinded","c45-h60",0.711,1422,2000
10,8000,70,16,"null","naive","outcome_blinded","c45-h60",0.6905,1381,2000
11,4000,140,16,"null","naive","outcome_blinded","c45-h60",0.695,1390,2000
12,8000,140,16,"null","naive","outcome_blinded","c45-h60",0.6965,1393,2000
19,4000,35,16,"homogeneous","naive","outcome_blinded","c45-h60",0.719,1438,2000
20,8000,35,16,"homogeneous","naive","outcome_blinded","c45-h60",0.7205,1441,2000
21,4000,70,16,"homogeneous","naive","outcome_blinded","c45-h60",0.7115,1423,2000
22,8000,70,16,"homogeneous","naive","outcome_blinded","c45-h60",0.727,1454,2000
23,4000,140,16,"homogeneous","naive","outcome_blinded","c45-h60",0.719,1438,2000
24,8000,140,16,"homogeneous","naive","outcome_blinded","c45-h60",0.71,1420,2000
31,4000,35,16,"heterogeneous","naive","outcome_blinded","c45-h60",0.7085,1417,2000
32,8000,35,16,"heterogeneous","naive","outcome_blinded","c45-h60",0.7095,1419,2000
33,4000,70,16,"heterogeneous","naive","outcome_blinded","c45-h60",0.706,1412,2000
34,8000,70,16,"heterogeneous","naive","outcome_blinded","c45-h60",0.708,1416,2000
35,4000,140,16,"heterogeneous","naive","outcome_blinded","c45-h60",0.705,1410,2000
36,8000,140,16,"heterogeneous","naive","outcome_blinded","c45-h60",0.7015,1403,2000
7,4000,35,16,"null","bonferroni","prognostic_high","c45-h60",0.2755,551,2000
8,8000,35,16,"null","bonferroni","prognostic_high","c45-h60",0.274,548,2000
9,4000,70,16,"null","bonferroni","prognostic_high","c45-h60",0.345,690,2000
10,8000,70,16,"null","bonferroni","prognostic_high","c45-h60",0.3365,673,2000
11,4000,140,16,"null","bonferroni","prognostic_high","c45-h60",0.4005,801,2000
12,8000,140,16,"null","bonferroni","prognostic_high","c45-h60",0.418,836,2000
19,4000,35,16,"homogeneous","bonferroni","prognostic_high","c45-h60",0.2725,545,2000
20,8000,35,16,"homogeneous","bonferroni","prognostic_high","c45-h60",0.266,532,2000
21,4000,70,16,"homogeneous","bonferroni","prognostic_high","c45-h60",0.3195,639,2000
22,8000,70,16,"homogeneous","bonferroni","prognostic_high","c45-h60",0.3295,659,2000
23,4000,140,16,"homogeneous","bonferroni","prognostic_high","c45-h60",0.4025,805,2000
24,8000,140,16,"homogeneous","bonferroni","prognostic_high","c45-h60",0.4035,807,2000
31,4000,35,16,"heterogeneous","bonferroni","prognostic_high","c45-h60",0.26,520,2000
32,8000,35,16,"heterogeneous","bonferroni","prognostic_high","c45-h60",0.2705,541,2000
33,4000,70,16,"heterogeneous","bonferroni","prognostic_high","c45-h60",0.3075,615,2000
34,8000,70,16,"heterogeneous","bonferroni","prognostic_high","c45-h60",0.2845,569,2000
35,4000,140,16,"heterogeneous","bonferroni","prognostic_high","c45-h60",0.354,708,2000
36,8000,140,16,"heterogeneous","bonferroni","prognostic_high","c45-h60",0.3605,721,2000
7,4000,35,16,"null","naive","prognostic_high","c45-h60",0.2755,551,2000
8,8000,35,16,"null","naive","prognostic_high","c45-h60",0.274,548,2000
9,4000,70,16,"null","naive","prognostic_high","c45-h60",0.345,690,2000
10,8000,70,16,"null","naive","prognostic_high","c45-h60",0.3365,673,2000
11,4000,140,16,"null","naive","prognostic_high","c45-h60",0.4005,801,2000
12,8000,140,16,"null","naive","prognostic_high","c45-h60",0.418,836,2000
19,4000,35,16,"homogeneous","naive","prognostic_high","c45-h60",0.2725,545,2000
20,8000,35,16,"homogeneous","naive","prognostic_high","c45-h60",0.266,532,2000
21,4000,70,16,"homogeneous","naive","prognostic_high","c45-h60",0.3195,639,2000
22,8000,70,16,"homogeneous","naive","prognostic_high","c45-h60",0.3295,659,2000
23,4000,140,16,"homogeneous","naive","prognostic_high","c45-h60",0.4025,805,2000
24,8000,140,16,"homogeneous","naive","prognostic_high","c45-h60",0.4035,807,2000
31,4000,35,16,"heterogeneous","naive","prognostic_high","c45-h60",0.26,520,2000
32,8000,35,16,"heterogeneous","naive","prognostic_high","c45-h60",0.2705,541,2000
33,4000,70,16,"heterogeneous","naive","prognostic_high","c45-h60",0.3075,615,2000
34,8000,70,16,"heterogeneous","naive","prognostic_high","c45-h60",0.2845,569,2000
35,4000,140,16,"heterogeneous","naive","prognostic_high","c45-h60",0.354,708,2000
36,8000,140,16,"heterogeneous","naive","prognostic_high","c45-h60",0.3605,721,2000
7,4000,35,16,"null","split","prognostic_high","c45-h60",0.2055,411,2000
8,8000,35,16,"null","split","prognostic_high","c45-h60",0.2175,435,2000
9,4000,70,16,"null","split","prognostic_high","c45-h60",0.2775,555,2000
10,8000,70,16,"null","split","prognostic_high","c45-h60",0.28,560,2000
11,4000,140,16,"null","split","prognostic_high","c45-h60",0.319,638,2000
12,8000,140,16,"null","split","prognostic_high","c45-h60",0.351,702,2000
19,4000,35,16,"homogeneous","split","prognostic_high","c45-h60",0.203,406,2000
20,8000,35,16,"homogeneous","split","prognostic_high","c45-h60",0.2005,401,2000
21,4000,70,16,"homogeneous","split","prognostic_high","c45-h60",0.246,492,2000
22,8000,70,16,"homogeneous","split","prognostic_high","c45-h60",0.2605,521,2000
23,4000,140,16,"homogeneous","split","prognostic_high","c45-h60",0.3065,613,2000
24,8000,140,16,"homogeneous","split","prognostic_high","c45-h60",0.3385,677,2000
31,4000,35,16,"heterogeneous","split","prognostic_high","c45-h60",0.1875,375,2000
32,8000,35,16,"heterogeneous","split","prognostic_high","c45-h60",0.226,452,2000
33,4000,70,16,"heterogeneous","split","prognostic_high","c45-h60",0.2595,519,2000
34,8000,70,16,"heterogeneous","split","prognostic_high","c45-h60",0.2475,495,2000
35,4000,140,16,"heterogeneous","split","prognostic_high","c45-h60",0.306,612,2000
36,8000,140,16,"heterogeneous","split","prognostic_high","c45-h60",0.304,608,2000
7,4000,35,16,"null","bonferroni","prognostic_low","c45-h60",0.323,646,2000
8,8000,35,16,"null","bonferroni","prognostic_low","c45-h60",0.322,644,2000
9,4000,70,16,"null","bonferroni","prognostic_low","c45-h60",0.462,924,2000
10,8000,70,16,"null","bonferroni","prognostic_low","c45-h60",0.4625,925,2000
11,4000,140,16,"null","bonferroni","prognostic_low","c45-h60",0.637,1274,2000
12,8000,140,16,"null","bonferroni","prognostic_low","c45-h60",0.661,1322,2000
19,4000,35,16,"homogeneous","bonferroni","prognostic_low","c45-h60",0.274,548,2000
20,8000,35,16,"homogeneous","bonferroni","prognostic_low","c45-h60",0.2705,541,2000
21,4000,70,16,"homogeneous","bonferroni","prognostic_low","c45-h60",0.419,838,2000
22,8000,70,16,"homogeneous","bonferroni","prognostic_low","c45-h60",0.4015,803,2000
23,4000,140,16,"homogeneous","bonferroni","prognostic_low","c45-h60",0.552,1104,2000
24,8000,140,16,"homogeneous","bonferroni","prognostic_low","c45-h60",0.5805,1161,2000
31,4000,35,16,"heterogeneous","bonferroni","prognostic_low","c45-h60",0.3305,661,2000
32,8000,35,16,"heterogeneous","bonferroni","prognostic_low","c45-h60",0.3355,671,2000
33,4000,70,16,"heterogeneous","bonferroni","prognostic_low","c45-h60",0.456,912,2000
34,8000,70,16,"heterogeneous","bonferroni","prognostic_low","c45-h60",0.4615,923,2000
35,4000,140,16,"heterogeneous","bonferroni","prognostic_low","c45-h60",0.605,1210,2000
36,8000,140,16,"heterogeneous","bonferroni","prognostic_low","c45-h60",0.613,1226,2000
7,4000,35,16,"null","naive","prognostic_low","c45-h60",0.323,646,2000
8,8000,35,16,"null","naive","prognostic_low","c45-h60",0.322,644,2000
9,4000,70,16,"null","naive","prognostic_low","c45-h60",0.462,924,2000
10,8000,70,16,"null","naive","prognostic_low","c45-h60",0.4625,925,2000
11,4000,140,16,"null","naive","prognostic_low","c45-h60",0.637,1274,2000
12,8000,140,16,"null","naive","prognostic_low","c45-h60",0.661,1322,2000
19,4000,35,16,"homogeneous","naive","prognostic_low","c45-h60",0.274,548,2000
20,8000,35,16,"homogeneous","naive","prognostic_low","c45-h60",0.2705,541,2000
21,4000,70,16,"homogeneous","naive","prognostic_low","c45-h60",0.419,838,2000
22,8000,70,16,"homogeneous","naive","prognostic_low","c45-h60",0.4015,803,2000
23,4000,140,16,"homogeneous","naive","prognostic_low","c45-h60",0.552,1104,2000
24,8000,140,16,"homogeneous","naive","prognostic_low","c45-h60",0.5805,1161,2000
31,4000,35,16,"heterogeneous","naive","prognostic_low","c45-h60",0.3305,661,2000
32,8000,35,16,"heterogeneous","naive","prognostic_low","c45-h60",0.3355,671,2000
33,4000,70,16,"heterogeneous","naive","prognostic_low","c45-h60",0.456,912,2000
34,8000,70,16,"heterogeneous","naive","prognostic_low","c45-h60",0.4615,923,2000
35,4000,140,16,"heterogeneous","naive","prognostic_low","c45-h60",0.605,1210,2000
36,8000,140,16,"heterogeneous","naive","prognostic_low","c45-h60",0.613,1226,2000
7,4000,35,16,"null","split","prognostic_low","c45-h60",0.209,418,2000
8,8000,35,16,"null","split","prognostic_low","c45-h60",0.226,452,2000
9,4000,70,16,"null","split","prognostic_low","c45-h60",0.314,628,2000
10,8000,70,16,"null","split","prognostic_low","c45-h60",0.3195,639,2000
11,4000,140,16,"null","split","prognostic_low","c45-h60",0.443,886,2000
12,8000,140,16,"null","split","prognostic_low","c45-h60",0.486,972,2000
19,4000,35,16,"homogeneous","split","prognostic_low","c45-h60",0.1775,355,2000
20,8000,35,16,"homogeneous","split","prognostic_low","c45-h60",0.173,346,2000
21,4000,70,16,"homogeneous","split","prognostic_low","c45-h60",0.272,544,2000
22,8000,70,16,"homogeneous","split","prognostic_low","c45-h60",0.283,566,2000
23,4000,140,16,"homogeneous","split","prognostic_low","c45-h60",0.383,766,2000
24,8000,140,16,"homogeneous","split","prognostic_low","c45-h60",0.406,812,2000
31,4000,35,16,"heterogeneous","split","prognostic_low","c45-h60",0.2165,433,2000
32,8000,35,16,"heterogeneous","split","prognostic_low","c45-h60",0.237,474,2000
33,4000,70,16,"heterogeneous","split","prognostic_low","c45-h60",0.3255,651,2000
34,8000,70,16,"heterogeneous","split","prognostic_low","c45-h60",0.3115,623,2000
35,4000,140,16,"heterogeneous","split","prognostic_low","c45-h60",0.455,910,2000
36,8000,140,16,"heterogeneous","split","prognostic_low","c45-h60",0.4565,913,2000
7,4000,35,16,"null","bonferroni","workability","c45-h60",0.3825,765,2000
8,8000,35,16,"null","bonferroni","workability","c45-h60",0.405,810,2000
19,4000,35,16,"homogeneous","bonferroni","workability","c45-h60",0.8395,1679,2000
20,8000,35,16,"homogeneous","bonferroni","workability","c45-h60",0.8465,1693,2000
31,4000,35,16,"heterogeneous","bonferroni","workability","c45-h60",0.55,1100,2000
32,8000,35,16,"heterogeneous","bonferroni","workability","c45-h60",0.552,1104,2000
7,4000,35,16,"null","naive","workability","c45-h60",0.3825,765,2000
8,8000,35,16,"null","naive","workability","c45-h60",0.405,810,2000
19,4000,35,16,"homogeneous","naive","workability","c45-h60",0.8395,1679,2000
20,8000,35,16,"homogeneous","naive","workability","c45-h60",0.8465,1693,2000
31,4000,35,16,"heterogeneous","naive","workability","c45-h60",0.55,1100,2000
32,8000,35,16,"heterogeneous","naive","workability","c45-h60",0.552,1104,2000
7,4000,35,16,"null","split","workability","c45-h60",0.395,790,2000
8,8000,35,16,"null","split","workability","c45-h60",0.397,794,2000
19,4000,35,16,"homogeneous","split","workability","c45-h60",0.725,1450,2000
20,8000,35,16,"homogeneous","split","workability","c45-h60",0.7185,1437,2000
31,4000,35,16,"heterogeneous","split","workability","c45-h60",0.507,1014,2000
32,8000,35,16,"heterogeneous","split","workability","c45-h60",0.4865,973,2000
7,4000,35,16,"null","bonferroni","effect_seeking","c50-h24",0.0645,129,2000
8,8000,35,16,"null","bonferroni","effect_seeking","c50-h24",0.0585,117,2000
9,4000,70,16,"null","bonferroni","effect_seeking","c50-h24",0.062,124,2000
10,8000,70,16,"null","bonferroni","effect_seeking","c50-h24",0.0575,115,2000
11,4000,140,16,"null","bonferroni","effect_seeking","c50-h24",0.0635,127,2000
12,8000,140,16,"null","bonferroni","effect_seeking","c50-h24",0.062,124,2000
19,4000,35,16,"homogeneous","bonferroni","effect_seeking","c50-h24",0.034,68,2000
20,8000,35,16,"homogeneous","bonferroni","effect_seeking","c50-h24",0.038,76,2000
21,4000,70,16,"homogeneous","bonferroni","effect_seeking","c50-h24",0.033,66,2000
22,8000,70,16,"homogeneous","bonferroni","effect_seeking","c50-h24",0.0335,67,2000
23,4000,140,16,"homogeneous","bonferroni","effect_seeking","c50-h24",0.024,48,2000
24,8000,140,16,"homogeneous","bonferroni","effect_seeking","c50-h24",0.022,44,2000
31,4000,35,16,"heterogeneous","bonferroni","effect_seeking","c50-h24",0.0515,103,2000
32,8000,35,16,"heterogeneous","bonferroni","effect_seeking","c50-h24",0.054,108,2000
33,4000,70,16,"heterogeneous","bonferroni","effect_seeking","c50-h24",0.0435,87,2000
34,8000,70,16,"heterogeneous","bonferroni","effect_seeking","c50-h24",0.045,90,2000
35,4000,140,16,"heterogeneous","bonferroni","effect_seeking","c50-h24",0.0325,65,2000
36,8000,140,16,"heterogeneous","bonferroni","effect_seeking","c50-h24",0.0345,69,2000
7,4000,35,16,"null","naive","effect_seeking","c50-h24",0.0645,129,2000
8,8000,35,16,"null","naive","effect_seeking","c50-h24",0.0585,117,2000
9,4000,70,16,"null","naive","effect_seeking","c50-h24",0.062,124,2000
10,8000,70,16,"null","naive","effect_seeking","c50-h24",0.0575,115,2000
11,4000,140,16,"null","naive","effect_seeking","c50-h24",0.0635,127,2000
12,8000,140,16,"null","naive","effect_seeking","c50-h24",0.062,124,2000
19,4000,35,16,"homogeneous","naive","effect_seeking","c50-h24",0.034,68,2000
20,8000,35,16,"homogeneous","naive","effect_seeking","c50-h24",0.038,76,2000
21,4000,70,16,"homogeneous","naive","effect_seeking","c50-h24",0.033,66,2000
22,8000,70,16,"homogeneous","naive","effect_seeking","c50-h24",0.0335,67,2000
23,4000,140,16,"homogeneous","naive","effect_seeking","c50-h24",0.024,48,2000
24,8000,140,16,"homogeneous","naive","effect_seeking","c50-h24",0.022,44,2000
31,4000,35,16,"heterogeneous","naive","effect_seeking","c50-h24",0.0515,103,2000
32,8000,35,16,"heterogeneous","naive","effect_seeking","c50-h24",0.054,108,2000
33,4000,70,16,"heterogeneous","naive","effect_seeking","c50-h24",0.0435,87,2000
34,8000,70,16,"heterogeneous","naive","effect_seeking","c50-h24",0.045,90,2000
35,4000,140,16,"heterogeneous","naive","effect_seeking","c50-h24",0.0325,65,2000
36,8000,140,16,"heterogeneous","naive","effect_seeking","c50-h24",0.0345,69,2000
7,4000,35,16,"null","bonferroni","prognostic_high","c50-h24",0.002,4,2000
8,8000,35,16,"null","bonferroni","prognostic_high","c50-h24",0.003,6,2000
19,4000,35,16,"homogeneous","bonferroni","prognostic_high","c50-h24",0.0025,5,2000
20,8000,35,16,"homogeneous","bonferroni","prognostic_high","c50-h24",0.003,6,2000
21,4000,70,16,"homogeneous","bonferroni","prognostic_high","c50-h24",5e-04,1,2000
23,4000,140,16,"homogeneous","bonferroni","prognostic_high","c50-h24",5e-04,1,2000
24,8000,140,16,"homogeneous","bonferroni","prognostic_high","c50-h24",5e-04,1,2000
31,4000,35,16,"heterogeneous","bonferroni","prognostic_high","c50-h24",0.002,4,2000
7,4000,35,16,"null","naive","prognostic_high","c50-h24",0.002,4,2000
8,8000,35,16,"null","naive","prognostic_high","c50-h24",0.003,6,2000
19,4000,35,16,"homogeneous","naive","prognostic_high","c50-h24",0.0025,5,2000
20,8000,35,16,"homogeneous","naive","prognostic_high","c50-h24",0.003,6,2000
21,4000,70,16,"homogeneous","naive","prognostic_high","c50-h24",5e-04,1,2000
23,4000,140,16,"homogeneous","naive","prognostic_high","c50-h24",5e-04,1,2000
24,8000,140,16,"homogeneous","naive","prognostic_high","c50-h24",5e-04,1,2000
31,4000,35,16,"heterogeneous","naive","prognostic_high","c50-h24",0.002,4,2000
7,4000,35,16,"null","split","prognostic_high","c50-h24",0.006,12,2000
8,8000,35,16,"null","split","prognostic_high","c50-h24",0.0035,7,2000
9,4000,70,16,"null","split","prognostic_high","c50-h24",0.002,4,2000
10,8000,70,16,"null","split","prognostic_high","c50-h24",5e-04,1,2000
12,8000,140,16,"null","split","prognostic_high","c50-h24",5e-04,1,2000
19,4000,35,16,"homogeneous","split","prognostic_high","c50-h24",0.011,22,2000
20,8000,35,16,"homogeneous","split","prognostic_high","c50-h24",0.0055,11,2000
21,4000,70,16,"homogeneous","split","prognostic_high","c50-h24",0.0055,11,2000
22,8000,70,16,"homogeneous","split","prognostic_high","c50-h24",0.003,6,2000
23,4000,140,16,"homogeneous","split","prognostic_high","c50-h24",0.0015,3,2000
24,8000,140,16,"homogeneous","split","prognostic_high","c50-h24",5e-04,1,2000
31,4000,35,16,"heterogeneous","split","prognostic_high","c50-h24",0.008,16,2000
32,8000,35,16,"heterogeneous","split","prognostic_high","c50-h24",0.0025,5,2000
33,4000,70,16,"heterogeneous","split","prognostic_high","c50-h24",5e-04,1,2000
34,8000,70,16,"heterogeneous","split","prognostic_high","c50-h24",0.0015,3,2000
7,4000,35,16,"null","bonferroni","prognostic_low","c50-h24",0.0075,15,2000
8,8000,35,16,"null","bonferroni","prognostic_low","c50-h24",0.0075,15,2000
9,4000,70,16,"null","bonferroni","prognostic_low","c50-h24",0.003,6,2000
10,8000,70,16,"null","bonferroni","prognostic_low","c50-h24",0.003,6,2000
19,4000,35,16,"homogeneous","bonferroni","prognostic_low","c50-h24",0.0095,19,2000
20,8000,35,16,"homogeneous","bonferroni","prognostic_low","c50-h24",0.01,20,2000
21,4000,70,16,"homogeneous","bonferroni","prognostic_low","c50-h24",0.0045,9,2000
22,8000,70,16,"homogeneous","bonferroni","prognostic_low","c50-h24",0.0055,11,2000
23,4000,140,16,"homogeneous","bonferroni","prognostic_low","c50-h24",0.0025,5,2000
24,8000,140,16,"homogeneous","bonferroni","prognostic_low","c50-h24",5e-04,1,2000
31,4000,35,16,"heterogeneous","bonferroni","prognostic_low","c50-h24",0.0105,21,2000
32,8000,35,16,"heterogeneous","bonferroni","prognostic_low","c50-h24",0.0045,9,2000
33,4000,70,16,"heterogeneous","bonferroni","prognostic_low","c50-h24",0.002,4,2000
34,8000,70,16,"heterogeneous","bonferroni","prognostic_low","c50-h24",0.0025,5,2000
36,8000,140,16,"heterogeneous","bonferroni","prognostic_low","c50-h24",0.001,2,2000
7,4000,35,16,"null","naive","prognostic_low","c50-h24",0.0075,15,2000
8,8000,35,16,"null","naive","prognostic_low","c50-h24",0.0075,15,2000
9,4000,70,16,"null","naive","prognostic_low","c50-h24",0.003,6,2000
10,8000,70,16,"null","naive","prognostic_low","c50-h24",0.003,6,2000
19,4000,35,16,"homogeneous","naive","prognostic_low","c50-h24",0.0095,19,2000
20,8000,35,16,"homogeneous","naive","prognostic_low","c50-h24",0.01,20,2000
21,4000,70,16,"homogeneous","naive","prognostic_low","c50-h24",0.0045,9,2000
22,8000,70,16,"homogeneous","naive","prognostic_low","c50-h24",0.0055,11,2000
23,4000,140,16,"homogeneous","naive","prognostic_low","c50-h24",0.0025,5,2000
24,8000,140,16,"homogeneous","naive","prognostic_low","c50-h24",5e-04,1,2000
31,4000,35,16,"heterogeneous","naive","prognostic_low","c50-h24",0.0105,21,2000
32,8000,35,16,"heterogeneous","naive","prognostic_low","c50-h24",0.0045,9,2000
33,4000,70,16,"heterogeneous","naive","prognostic_low","c50-h24",0.002,4,2000
34,8000,70,16,"heterogeneous","naive","prognostic_low","c50-h24",0.0025,5,2000
36,8000,140,16,"heterogeneous","naive","prognostic_low","c50-h24",0.001,2,2000
7,4000,35,16,"null","split","prognostic_low","c50-h24",0.0145,29,2000
8,8000,35,16,"null","split","prognostic_low","c50-h24",0.0125,25,2000
9,4000,70,16,"null","split","prognostic_low","c50-h24",0.01,20,2000
10,8000,70,16,"null","split","prognostic_low","c50-h24",0.0075,15,2000
11,4000,140,16,"null","split","prognostic_low","c50-h24",0.0025,5,2000
12,8000,140,16,"null","split","prognostic_low","c50-h24",0.0015,3,2000
19,4000,35,16,"homogeneous","split","prognostic_low","c50-h24",0.0255,51,2000
20,8000,35,16,"homogeneous","split","prognostic_low","c50-h24",0.0245,49,2000
21,4000,70,16,"homogeneous","split","prognostic_low","c50-h24",0.01,20,2000
22,8000,70,16,"homogeneous","split","prognostic_low","c50-h24",0.012,24,2000
23,4000,140,16,"homogeneous","split","prognostic_low","c50-h24",0.007,14,2000
24,8000,140,16,"homogeneous","split","prognostic_low","c50-h24",0.0045,9,2000
31,4000,35,16,"heterogeneous","split","prognostic_low","c50-h24",0.0135,27,2000
32,8000,35,16,"heterogeneous","split","prognostic_low","c50-h24",0.011,22,2000
33,4000,70,16,"heterogeneous","split","prognostic_low","c50-h24",0.0055,11,2000
34,8000,70,16,"heterogeneous","split","prognostic_low","c50-h24",0.006,12,2000
35,4000,140,16,"heterogeneous","split","prognostic_low","c50-h24",0.001,2,2000
36,8000,140,16,"heterogeneous","split","prognostic_low","c50-h24",0.001,2,2000
1,4000,35,4,"null","bonferroni","effect_seeking","c50-h36",0.256,512,2000
2,8000,35,4,"null","bonferroni","effect_seeking","c50-h36",0.26,520,2000
3,4000,70,4,"null","bonferroni","effect_seeking","c50-h36",0.25,500,2000
4,8000,70,4,"null","bonferroni","effect_seeking","c50-h36",0.266,532,2000
5,4000,140,4,"null","bonferroni","effect_seeking","c50-h36",0.2615,523,2000
6,8000,140,4,"null","bonferroni","effect_seeking","c50-h36",0.2625,525,2000
7,4000,35,16,"null","bonferroni","effect_seeking","c50-h36",0.042,84,2000
8,8000,35,16,"null","bonferroni","effect_seeking","c50-h36",0.0365,73,2000
9,4000,70,16,"null","bonferroni","effect_seeking","c50-h36",0.038,76,2000
10,8000,70,16,"null","bonferroni","effect_seeking","c50-h36",0.0325,65,2000
11,4000,140,16,"null","bonferroni","effect_seeking","c50-h36",0.0355,71,2000
12,8000,140,16,"null","bonferroni","effect_seeking","c50-h36",0.037,74,2000
13,4000,35,4,"homogeneous","bonferroni","effect_seeking","c50-h36",0.2195,439,2000
14,8000,35,4,"homogeneous","bonferroni","effect_seeking","c50-h36",0.201,402,2000
15,4000,70,4,"homogeneous","bonferroni","effect_seeking","c50-h36",0.189,378,2000
16,8000,70,4,"homogeneous","bonferroni","effect_seeking","c50-h36",0.2,400,2000
17,4000,140,4,"homogeneous","bonferroni","effect_seeking","c50-h36",0.163,326,2000
18,8000,140,4,"homogeneous","bonferroni","effect_seeking","c50-h36",0.1595,319,2000
19,4000,35,16,"homogeneous","bonferroni","effect_seeking","c50-h36",0.034,68,2000
20,8000,35,16,"homogeneous","bonferroni","effect_seeking","c50-h36",0.034,68,2000
21,4000,70,16,"homogeneous","bonferroni","effect_seeking","c50-h36",0.033,66,2000
22,8000,70,16,"homogeneous","bonferroni","effect_seeking","c50-h36",0.028,56,2000
23,4000,140,16,"homogeneous","bonferroni","effect_seeking","c50-h36",0.026,52,2000
24,8000,140,16,"homogeneous","bonferroni","effect_seeking","c50-h36",0.0295,59,2000
25,4000,35,4,"heterogeneous","bonferroni","effect_seeking","c50-h36",0.2925,585,2000
26,8000,35,4,"heterogeneous","bonferroni","effect_seeking","c50-h36",0.2985,597,2000
27,4000,70,4,"heterogeneous","bonferroni","effect_seeking","c50-h36",0.292,584,2000
28,8000,70,4,"heterogeneous","bonferroni","effect_seeking","c50-h36",0.3195,639,2000
29,4000,140,4,"heterogeneous","bonferroni","effect_seeking","c50-h36",0.2975,595,2000
30,8000,140,4,"heterogeneous","bonferroni","effect_seeking","c50-h36",0.302,604,2000
31,4000,35,16,"heterogeneous","bonferroni","effect_seeking","c50-h36",0.0355,71,2000
32,8000,35,16,"heterogeneous","bonferroni","effect_seeking","c50-h36",0.0405,81,2000
33,4000,70,16,"heterogeneous","bonferroni","effect_seeking","c50-h36",0.0335,67,2000
34,8000,70,16,"heterogeneous","bonferroni","effect_seeking","c50-h36",0.026,52,2000
35,4000,140,16,"heterogeneous","bonferroni","effect_seeking","c50-h36",0.0235,47,2000
36,8000,140,16,"heterogeneous","bonferroni","effect_seeking","c50-h36",0.025,50,2000
1,4000,35,4,"null","naive","effect_seeking","c50-h36",0.256,512,2000
2,8000,35,4,"null","naive","effect_seeking","c50-h36",0.26,520,2000
3,4000,70,4,"null","naive","effect_seeking","c50-h36",0.25,500,2000
4,8000,70,4,"null","naive","effect_seeking","c50-h36",0.266,532,2000
5,4000,140,4,"null","naive","effect_seeking","c50-h36",0.2615,523,2000
6,8000,140,4,"null","naive","effect_seeking","c50-h36",0.2625,525,2000
7,4000,35,16,"null","naive","effect_seeking","c50-h36",0.042,84,2000
8,8000,35,16,"null","naive","effect_seeking","c50-h36",0.0365,73,2000
9,4000,70,16,"null","naive","effect_seeking","c50-h36",0.038,76,2000
10,8000,70,16,"null","naive","effect_seeking","c50-h36",0.0325,65,2000
11,4000,140,16,"null","naive","effect_seeking","c50-h36",0.0355,71,2000
12,8000,140,16,"null","naive","effect_seeking","c50-h36",0.037,74,2000
13,4000,35,4,"homogeneous","naive","effect_seeking","c50-h36",0.2195,439,2000
14,8000,35,4,"homogeneous","naive","effect_seeking","c50-h36",0.201,402,2000
15,4000,70,4,"homogeneous","naive","effect_seeking","c50-h36",0.189,378,2000
16,8000,70,4,"homogeneous","naive","effect_seeking","c50-h36",0.2,400,2000
17,4000,140,4,"homogeneous","naive","effect_seeking","c50-h36",0.163,326,2000
18,8000,140,4,"homogeneous","naive","effect_seeking","c50-h36",0.1595,319,2000
19,4000,35,16,"homogeneous","naive","effect_seeking","c50-h36",0.034,68,2000
20,8000,35,16,"homogeneous","naive","effect_seeking","c50-h36",0.034,68,2000
21,4000,70,16,"homogeneous","naive","effect_seeking","c50-h36",0.033,66,2000
22,8000,70,16,"homogeneous","naive","effect_seeking","c50-h36",0.028,56,2000
23,4000,140,16,"homogeneous","naive","effect_seeking","c50-h36",0.026,52,2000
24,8000,140,16,"homogeneous","naive","effect_seeking","c50-h36",0.0295,59,2000
25,4000,35,4,"heterogeneous","naive","effect_seeking","c50-h36",0.2925,585,2000
26,8000,35,4,"heterogeneous","naive","effect_seeking","c50-h36",0.2985,597,2000
27,4000,70,4,"heterogeneous","naive","effect_seeking","c50-h36",0.292,584,2000
28,8000,70,4,"heterogeneous","naive","effect_seeking","c50-h36",0.3195,639,2000
29,4000,140,4,"heterogeneous","naive","effect_seeking","c50-h36",0.2975,595,2000
30,8000,140,4,"heterogeneous","naive","effect_seeking","c50-h36",0.302,604,2000
31,4000,35,16,"heterogeneous","naive","effect_seeking","c50-h36",0.0355,71,2000
32,8000,35,16,"heterogeneous","naive","effect_seeking","c50-h36",0.0405,81,2000
33,4000,70,16,"heterogeneous","naive","effect_seeking","c50-h36",0.0335,67,2000
34,8000,70,16,"heterogeneous","naive","effect_seeking","c50-h36",0.026,52,2000
35,4000,140,16,"heterogeneous","naive","effect_seeking","c50-h36",0.0235,47,2000
36,8000,140,16,"heterogeneous","naive","effect_seeking","c50-h36",0.025,50,2000
1,4000,35,4,"null","bonferroni","prognostic_high","c50-h36",0.0325,65,2000
2,8000,35,4,"null","bonferroni","prognostic_high","c50-h36",0.047,94,2000
3,4000,70,4,"null","bonferroni","prognostic_high","c50-h36",0.0145,29,2000
4,8000,70,4,"null","bonferroni","prognostic_high","c50-h36",0.0085,17,2000
5,4000,140,4,"null","bonferroni","prognostic_high","c50-h36",0.0015,3,2000
6,8000,140,4,"null","bonferroni","prognostic_high","c50-h36",0.0015,3,2000
7,4000,35,16,"null","bonferroni","prognostic_high","c50-h36",0.005,10,2000
8,8000,35,16,"null","bonferroni","prognostic_high","c50-h36",0.0055,11,2000
9,4000,70,16,"null","bonferroni","prognostic_high","c50-h36",0.0015,3,2000
10,8000,70,16,"null","bonferroni","prognostic_high","c50-h36",0.001,2,2000
13,4000,35,4,"homogeneous","bonferroni","prognostic_high","c50-h36",0.0455,91,2000
14,8000,35,4,"homogeneous","bonferroni","prognostic_high","c50-h36",0.052,104,2000
15,4000,70,4,"homogeneous","bonferroni","prognostic_high","c50-h36",0.0155,31,2000
16,8000,70,4,"homogeneous","bonferroni","prognostic_high","c50-h36",0.0235,47,2000
17,4000,140,4,"homogeneous","bonferroni","prognostic_high","c50-h36",0.004,8,2000
18,8000,140,4,"homogeneous","bonferroni","prognostic_high","c50-h36",0.003,6,2000
19,4000,35,16,"homogeneous","bonferroni","prognostic_high","c50-h36",0.0055,11,2000
20,8000,35,16,"homogeneous","bonferroni","prognostic_high","c50-h36",0.0095,19,2000
21,4000,70,16,"homogeneous","bonferroni","prognostic_high","c50-h36",0.0045,9,2000
22,8000,70,16,"homogeneous","bonferroni","prognostic_high","c50-h36",0.001,2,2000
23,4000,140,16,"homogeneous","bonferroni","prognostic_high","c50-h36",5e-04,1,2000
24,8000,140,16,"homogeneous","bonferroni","prognostic_high","c50-h36",5e-04,1,2000
25,4000,35,4,"heterogeneous","bonferroni","prognostic_high","c50-h36",0.0355,71,2000
26,8000,35,4,"heterogeneous","bonferroni","prognostic_high","c50-h36",0.0265,53,2000
27,4000,70,4,"heterogeneous","bonferroni","prognostic_high","c50-h36",0.0125,25,2000
28,8000,70,4,"heterogeneous","bonferroni","prognostic_high","c50-h36",0.007,14,2000
29,4000,140,4,"heterogeneous","bonferroni","prognostic_high","c50-h36",0.001,2,2000
30,8000,140,4,"heterogeneous","bonferroni","prognostic_high","c50-h36",0.001,2,2000
31,4000,35,16,"heterogeneous","bonferroni","prognostic_high","c50-h36",0.0045,9,2000
32,8000,35,16,"heterogeneous","bonferroni","prognostic_high","c50-h36",0.0065,13,2000
33,4000,70,16,"heterogeneous","bonferroni","prognostic_high","c50-h36",5e-04,1,2000
1,4000,35,4,"null","naive","prognostic_high","c50-h36",0.0325,65,2000
2,8000,35,4,"null","naive","prognostic_high","c50-h36",0.047,94,2000
3,4000,70,4,"null","naive","prognostic_high","c50-h36",0.0145,29,2000
4,8000,70,4,"null","naive","prognostic_high","c50-h36",0.0085,17,2000
5,4000,140,4,"null","naive","prognostic_high","c50-h36",0.0015,3,2000
6,8000,140,4,"null","naive","prognostic_high","c50-h36",0.0015,3,2000
7,4000,35,16,"null","naive","prognostic_high","c50-h36",0.005,10,2000
8,8000,35,16,"null","naive","prognostic_high","c50-h36",0.0055,11,2000
9,4000,70,16,"null","naive","prognostic_high","c50-h36",0.0015,3,2000
10,8000,70,16,"null","naive","prognostic_high","c50-h36",0.001,2,2000
13,4000,35,4,"homogeneous","naive","prognostic_high","c50-h36",0.0455,91,2000
14,8000,35,4,"homogeneous","naive","prognostic_high","c50-h36",0.052,104,2000
15,4000,70,4,"homogeneous","naive","prognostic_high","c50-h36",0.0155,31,2000
16,8000,70,4,"homogeneous","naive","prognostic_high","c50-h36",0.0235,47,2000
17,4000,140,4,"homogeneous","naive","prognostic_high","c50-h36",0.004,8,2000
18,8000,140,4,"homogeneous","naive","prognostic_high","c50-h36",0.003,6,2000
19,4000,35,16,"homogeneous","naive","prognostic_high","c50-h36",0.0055,11,2000
20,8000,35,16,"homogeneous","naive","prognostic_high","c50-h36",0.0095,19,2000
21,4000,70,16,"homogeneous","naive","prognostic_high","c50-h36",0.0045,9,2000
22,8000,70,16,"homogeneous","naive","prognostic_high","c50-h36",0.001,2,2000
23,4000,140,16,"homogeneous","naive","prognostic_high","c50-h36",5e-04,1,2000
24,8000,140,16,"homogeneous","naive","prognostic_high","c50-h36",5e-04,1,2000
25,4000,35,4,"heterogeneous","naive","prognostic_high","c50-h36",0.0355,71,2000
26,8000,35,4,"heterogeneous","naive","prognostic_high","c50-h36",0.0265,53,2000
27,4000,70,4,"heterogeneous","naive","prognostic_high","c50-h36",0.0125,25,2000
28,8000,70,4,"heterogeneous","naive","prognostic_high","c50-h36",0.007,14,2000
29,4000,140,4,"heterogeneous","naive","prognostic_high","c50-h36",0.001,2,2000
30,8000,140,4,"heterogeneous","naive","prognostic_high","c50-h36",0.001,2,2000
31,4000,35,16,"heterogeneous","naive","prognostic_high","c50-h36",0.0045,9,2000
32,8000,35,16,"heterogeneous","naive","prognostic_high","c50-h36",0.0065,13,2000
33,4000,70,16,"heterogeneous","naive","prognostic_high","c50-h36",5e-04,1,2000
1,4000,35,4,"null","split","prognostic_high","c50-h36",0.074,148,2000
2,8000,35,4,"null","split","prognostic_high","c50-h36",0.0765,153,2000
3,4000,70,4,"null","split","prognostic_high","c50-h36",0.032,64,2000
4,8000,70,4,"null","split","prognostic_high","c50-h36",0.028,56,2000
5,4000,140,4,"null","split","prognostic_high","c50-h36",0.01,20,2000
6,8000,140,4,"null","split","prognostic_high","c50-h36",0.008,16,2000
7,4000,35,16,"null","split","prognostic_high","c50-h36",0.0105,21,2000
8,8000,35,16,"null","split","prognostic_high","c50-h36",0.01,20,2000
9,4000,70,16,"null","split","prognostic_high","c50-h36",0.01,20,2000
10,8000,70,16,"null","split","prognostic_high","c50-h36",0.004,8,2000
12,8000,140,16,"null","split","prognostic_high","c50-h36",0.001,2,2000
13,4000,35,4,"homogeneous","split","prognostic_high","c50-h36",0.104,208,2000
14,8000,35,4,"homogeneous","split","prognostic_high","c50-h36",0.095,190,2000
15,4000,70,4,"homogeneous","split","prognostic_high","c50-h36",0.053,106,2000
16,8000,70,4,"homogeneous","split","prognostic_high","c50-h36",0.058,116,2000
17,4000,140,4,"homogeneous","split","prognostic_high","c50-h36",0.027,54,2000
18,8000,140,4,"homogeneous","split","prognostic_high","c50-h36",0.019,38,2000
19,4000,35,16,"homogeneous","split","prognostic_high","c50-h36",0.0115,23,2000
20,8000,35,16,"homogeneous","split","prognostic_high","c50-h36",0.0165,33,2000
21,4000,70,16,"homogeneous","split","prognostic_high","c50-h36",0.01,20,2000
22,8000,70,16,"homogeneous","split","prognostic_high","c50-h36",0.0095,19,2000
23,4000,140,16,"homogeneous","split","prognostic_high","c50-h36",0.003,6,2000
24,8000,140,16,"homogeneous","split","prognostic_high","c50-h36",0.004,8,2000
25,4000,35,4,"heterogeneous","split","prognostic_high","c50-h36",0.0795,159,2000
26,8000,35,4,"heterogeneous","split","prognostic_high","c50-h36",0.0665,133,2000
27,4000,70,4,"heterogeneous","split","prognostic_high","c50-h36",0.033,66,2000
28,8000,70,4,"heterogeneous","split","prognostic_high","c50-h36",0.036,72,2000
29,4000,140,4,"heterogeneous","split","prognostic_high","c50-h36",0.013,26,2000
30,8000,140,4,"heterogeneous","split","prognostic_high","c50-h36",0.008,16,2000
31,4000,35,16,"heterogeneous","split","prognostic_high","c50-h36",0.013,26,2000
32,8000,35,16,"heterogeneous","split","prognostic_high","c50-h36",0.011,22,2000
33,4000,70,16,"heterogeneous","split","prognostic_high","c50-h36",0.005,10,2000
34,8000,70,16,"heterogeneous","split","prognostic_high","c50-h36",0.008,16,2000
35,4000,140,16,"heterogeneous","split","prognostic_high","c50-h36",0.0015,3,2000
36,8000,140,16,"heterogeneous","split","prognostic_high","c50-h36",0.0015,3,2000
1,4000,35,4,"null","bonferroni","prognostic_low","c50-h36",0.082,164,2000
2,8000,35,4,"null","bonferroni","prognostic_low","c50-h36",0.1005,201,2000
3,4000,70,4,"null","bonferroni","prognostic_low","c50-h36",0.048,96,2000
4,8000,70,4,"null","bonferroni","prognostic_low","c50-h36",0.056,112,2000
5,4000,140,4,"null","bonferroni","prognostic_low","c50-h36",0.014,28,2000
6,8000,140,4,"null","bonferroni","prognostic_low","c50-h36",0.0155,31,2000
7,4000,35,16,"null","bonferroni","prognostic_low","c50-h36",0.014,28,2000
8,8000,35,16,"null","bonferroni","prognostic_low","c50-h36",0.011,22,2000
9,4000,70,16,"null","bonferroni","prognostic_low","c50-h36",0.0085,17,2000
10,8000,70,16,"null","bonferroni","prognostic_low","c50-h36",0.0105,21,2000
11,4000,140,16,"null","bonferroni","prognostic_low","c50-h36",0.001,2,2000
12,8000,140,16,"null","bonferroni","prognostic_low","c50-h36",0.0015,3,2000
13,4000,35,4,"homogeneous","bonferroni","prognostic_low","c50-h36",0.119,238,2000
14,8000,35,4,"homogeneous","bonferroni","prognostic_low","c50-h36",0.1025,205,2000
15,4000,70,4,"homogeneous","bonferroni","prognostic_low","c50-h36",0.072,144,2000
16,8000,70,4,"homogeneous","bonferroni","prognostic_low","c50-h36",0.0775,155,2000
17,4000,140,4,"homogeneous","bonferroni","prognostic_low","c50-h36",0.038,76,2000
18,8000,140,4,"homogeneous","bonferroni","prognostic_low","c50-h36",0.03,60,2000
19,4000,35,16,"homogeneous","bonferroni","prognostic_low","c50-h36",0.014,28,2000
20,8000,35,16,"homogeneous","bonferroni","prognostic_low","c50-h36",0.019,38,2000
21,4000,70,16,"homogeneous","bonferroni","prognostic_low","c50-h36",0.0115,23,2000
22,8000,70,16,"homogeneous","bonferroni","prognostic_low","c50-h36",0.008,16,2000
23,4000,140,16,"homogeneous","bonferroni","prognostic_low","c50-h36",0.0045,9,2000
24,8000,140,16,"homogeneous","bonferroni","prognostic_low","c50-h36",0.0035,7,2000
25,4000,35,4,"heterogeneous","bonferroni","prognostic_low","c50-h36",0.074,148,2000
26,8000,35,4,"heterogeneous","bonferroni","prognostic_low","c50-h36",0.062,124,2000
27,4000,70,4,"heterogeneous","bonferroni","prognostic_low","c50-h36",0.0435,87,2000
28,8000,70,4,"heterogeneous","bonferroni","prognostic_low","c50-h36",0.028,56,2000
29,4000,140,4,"heterogeneous","bonferroni","prognostic_low","c50-h36",0.0105,21,2000
30,8000,140,4,"heterogeneous","bonferroni","prognostic_low","c50-h36",0.0105,21,2000
31,4000,35,16,"heterogeneous","bonferroni","prognostic_low","c50-h36",0.0115,23,2000
32,8000,35,16,"heterogeneous","bonferroni","prognostic_low","c50-h36",0.0075,15,2000
33,4000,70,16,"heterogeneous","bonferroni","prognostic_low","c50-h36",0.004,8,2000
34,8000,70,16,"heterogeneous","bonferroni","prognostic_low","c50-h36",0.006,12,2000
35,4000,140,16,"heterogeneous","bonferroni","prognostic_low","c50-h36",0.001,2,2000
36,8000,140,16,"heterogeneous","bonferroni","prognostic_low","c50-h36",0.001,2,2000
1,4000,35,4,"null","naive","prognostic_low","c50-h36",0.082,164,2000
2,8000,35,4,"null","naive","prognostic_low","c50-h36",0.1005,201,2000
3,4000,70,4,"null","naive","prognostic_low","c50-h36",0.048,96,2000
4,8000,70,4,"null","naive","prognostic_low","c50-h36",0.056,112,2000
5,4000,140,4,"null","naive","prognostic_low","c50-h36",0.014,28,2000
6,8000,140,4,"null","naive","prognostic_low","c50-h36",0.0155,31,2000
7,4000,35,16,"null","naive","prognostic_low","c50-h36",0.014,28,2000
8,8000,35,16,"null","naive","prognostic_low","c50-h36",0.011,22,2000
9,4000,70,16,"null","naive","prognostic_low","c50-h36",0.0085,17,2000
10,8000,70,16,"null","naive","prognostic_low","c50-h36",0.0105,21,2000
11,4000,140,16,"null","naive","prognostic_low","c50-h36",0.001,2,2000
12,8000,140,16,"null","naive","prognostic_low","c50-h36",0.0015,3,2000
13,4000,35,4,"homogeneous","naive","prognostic_low","c50-h36",0.119,238,2000
14,8000,35,4,"homogeneous","naive","prognostic_low","c50-h36",0.1025,205,2000
15,4000,70,4,"homogeneous","naive","prognostic_low","c50-h36",0.072,144,2000
16,8000,70,4,"homogeneous","naive","prognostic_low","c50-h36",0.0775,155,2000
17,4000,140,4,"homogeneous","naive","prognostic_low","c50-h36",0.038,76,2000
18,8000,140,4,"homogeneous","naive","prognostic_low","c50-h36",0.03,60,2000
19,4000,35,16,"homogeneous","naive","prognostic_low","c50-h36",0.014,28,2000
20,8000,35,16,"homogeneous","naive","prognostic_low","c50-h36",0.019,38,2000
21,4000,70,16,"homogeneous","naive","prognostic_low","c50-h36",0.0115,23,2000
22,8000,70,16,"homogeneous","naive","prognostic_low","c50-h36",0.008,16,2000
23,4000,140,16,"homogeneous","naive","prognostic_low","c50-h36",0.0045,9,2000
24,8000,140,16,"homogeneous","naive","prognostic_low","c50-h36",0.0035,7,2000
25,4000,35,4,"heterogeneous","naive","prognostic_low","c50-h36",0.074,148,2000
26,8000,35,4,"heterogeneous","naive","prognostic_low","c50-h36",0.062,124,2000
27,4000,70,4,"heterogeneous","naive","prognostic_low","c50-h36",0.0435,87,2000
28,8000,70,4,"heterogeneous","naive","prognostic_low","c50-h36",0.028,56,2000
29,4000,140,4,"heterogeneous","naive","prognostic_low","c50-h36",0.0105,21,2000
30,8000,140,4,"heterogeneous","naive","prognostic_low","c50-h36",0.0105,21,2000
31,4000,35,16,"heterogeneous","naive","prognostic_low","c50-h36",0.0115,23,2000
32,8000,35,16,"heterogeneous","naive","prognostic_low","c50-h36",0.0075,15,2000
33,4000,70,16,"heterogeneous","naive","prognostic_low","c50-h36",0.004,8,2000
34,8000,70,16,"heterogeneous","naive","prognostic_low","c50-h36",0.006,12,2000
35,4000,140,16,"heterogeneous","naive","prognostic_low","c50-h36",0.001,2,2000
36,8000,140,16,"heterogeneous","naive","prognostic_low","c50-h36",0.001,2,2000
1,4000,35,4,"null","split","prognostic_low","c50-h36",0.135,270,2000
2,8000,35,4,"null","split","prognostic_low","c50-h36",0.1405,281,2000
3,4000,70,4,"null","split","prognostic_low","c50-h36",0.091,182,2000
4,8000,70,4,"null","split","prognostic_low","c50-h36",0.104,208,2000
5,4000,140,4,"null","split","prognostic_low","c50-h36",0.053,106,2000
6,8000,140,4,"null","split","prognostic_low","c50-h36",0.0595,119,2000
7,4000,35,16,"null","split","prognostic_low","c50-h36",0.0115,23,2000
8,8000,35,16,"null","split","prognostic_low","c50-h36",0.0185,37,2000
9,4000,70,16,"null","split","prognostic_low","c50-h36",0.0135,27,2000
10,8000,70,16,"null","split","prognostic_low","c50-h36",0.014,28,2000
11,4000,140,16,"null","split","prognostic_low","c50-h36",0.009,18,2000
12,8000,140,16,"null","split","prognostic_low","c50-h36",0.006,12,2000
13,4000,35,4,"homogeneous","split","prognostic_low","c50-h36",0.172,344,2000
14,8000,35,4,"homogeneous","split","prognostic_low","c50-h36",0.1445,289,2000
15,4000,70,4,"homogeneous","split","prognostic_low","c50-h36",0.131,262,2000
16,8000,70,4,"homogeneous","split","prognostic_low","c50-h36",0.116,232,2000
17,4000,140,4,"homogeneous","split","prognostic_low","c50-h36",0.0775,155,2000
18,8000,140,4,"homogeneous","split","prognostic_low","c50-h36",0.074,148,2000
19,4000,35,16,"homogeneous","split","prognostic_low","c50-h36",0.023,46,2000
20,8000,35,16,"homogeneous","split","prognostic_low","c50-h36",0.025,50,2000
21,4000,70,16,"homogeneous","split","prognostic_low","c50-h36",0.0175,35,2000
22,8000,70,16,"homogeneous","split","prognostic_low","c50-h36",0.0135,27,2000
23,4000,140,16,"homogeneous","split","prognostic_low","c50-h36",0.014,28,2000
24,8000,140,16,"homogeneous","split","prognostic_low","c50-h36",0.0105,21,2000
25,4000,35,4,"heterogeneous","split","prognostic_low","c50-h36",0.127,254,2000
26,8000,35,4,"heterogeneous","split","prognostic_low","c50-h36",0.107,214,2000
27,4000,70,4,"heterogeneous","split","prognostic_low","c50-h36",0.076,152,2000
28,8000,70,4,"heterogeneous","split","prognostic_low","c50-h36",0.0765,153,2000
29,4000,140,4,"heterogeneous","split","prognostic_low","c50-h36",0.039,78,2000
30,8000,140,4,"heterogeneous","split","prognostic_low","c50-h36",0.036,72,2000
31,4000,35,16,"heterogeneous","split","prognostic_low","c50-h36",0.018,36,2000
32,8000,35,16,"heterogeneous","split","prognostic_low","c50-h36",0.0185,37,2000
33,4000,70,16,"heterogeneous","split","prognostic_low","c50-h36",0.0115,23,2000
34,8000,70,16,"heterogeneous","split","prognostic_low","c50-h36",0.01,20,2000
35,4000,140,16,"heterogeneous","split","prognostic_low","c50-h36",0.006,12,2000
36,8000,140,16,"heterogeneous","split","prognostic_low","c50-h36",0.0055,11,2000
16,8000,70,4,"homogeneous","bonferroni","workability","c50-h36",5e-04,1,2000
16,8000,70,4,"homogeneous","naive","workability","c50-h36",5e-04,1,2000
2,8000,35,4,"null","split","workability","c50-h36",5e-04,1,2000
8,8000,35,16,"null","split","workability","c50-h36",5e-04,1,2000
15,4000,70,4,"homogeneous","split","workability","c50-h36",5e-04,1,2000
16,8000,70,4,"homogeneous","split","workability","c50-h36",5e-04,1,2000
19,4000,35,16,"homogeneous","split","workability","c50-h36",0.001,2,2000
21,4000,70,16,"homogeneous","split","workability","c50-h36",5e-04,1,2000
22,8000,70,16,"homogeneous","split","workability","c50-h36",5e-04,1,2000
26,8000,35,4,"heterogeneous","split","workability","c50-h36",5e-04,1,2000
7,4000,35,16,"null","bonferroni","effect_seeking","c50-h48",0.046,92,2000
8,8000,35,16,"null","bonferroni","effect_seeking","c50-h48",0.03,60,2000
9,4000,70,16,"null","bonferroni","effect_seeking","c50-h48",0.037,74,2000
10,8000,70,16,"null","bonferroni","effect_seeking","c50-h48",0.0375,75,2000
11,4000,140,16,"null","bonferroni","effect_seeking","c50-h48",0.042,84,2000
12,8000,140,16,"null","bonferroni","effect_seeking","c50-h48",0.036,72,2000
19,4000,35,16,"homogeneous","bonferroni","effect_seeking","c50-h48",0.0465,93,2000
20,8000,35,16,"homogeneous","bonferroni","effect_seeking","c50-h48",0.0565,113,2000
21,4000,70,16,"homogeneous","bonferroni","effect_seeking","c50-h48",0.046,92,2000
22,8000,70,16,"homogeneous","bonferroni","effect_seeking","c50-h48",0.049,98,2000
23,4000,140,16,"homogeneous","bonferroni","effect_seeking","c50-h48",0.036,72,2000
24,8000,140,16,"homogeneous","bonferroni","effect_seeking","c50-h48",0.045,90,2000
31,4000,35,16,"heterogeneous","bonferroni","effect_seeking","c50-h48",0.04,80,2000
32,8000,35,16,"heterogeneous","bonferroni","effect_seeking","c50-h48",0.0345,69,2000
33,4000,70,16,"heterogeneous","bonferroni","effect_seeking","c50-h48",0.0365,73,2000
34,8000,70,16,"heterogeneous","bonferroni","effect_seeking","c50-h48",0.034,68,2000
35,4000,140,16,"heterogeneous","bonferroni","effect_seeking","c50-h48",0.0355,71,2000
36,8000,140,16,"heterogeneous","bonferroni","effect_seeking","c50-h48",0.0275,55,2000
7,4000,35,16,"null","naive","effect_seeking","c50-h48",0.046,92,2000
8,8000,35,16,"null","naive","effect_seeking","c50-h48",0.03,60,2000
9,4000,70,16,"null","naive","effect_seeking","c50-h48",0.037,74,2000
10,8000,70,16,"null","naive","effect_seeking","c50-h48",0.0375,75,2000
11,4000,140,16,"null","naive","effect_seeking","c50-h48",0.042,84,2000
12,8000,140,16,"null","naive","effect_seeking","c50-h48",0.036,72,2000
19,4000,35,16,"homogeneous","naive","effect_seeking","c50-h48",0.0465,93,2000
20,8000,35,16,"homogeneous","naive","effect_seeking","c50-h48",0.0565,113,2000
21,4000,70,16,"homogeneous","naive","effect_seeking","c50-h48",0.046,92,2000
22,8000,70,16,"homogeneous","naive","effect_seeking","c50-h48",0.049,98,2000
23,4000,140,16,"homogeneous","naive","effect_seeking","c50-h48",0.036,72,2000
24,8000,140,16,"homogeneous","naive","effect_seeking","c50-h48",0.045,90,2000
31,4000,35,16,"heterogeneous","naive","effect_seeking","c50-h48",0.04,80,2000
32,8000,35,16,"heterogeneous","naive","effect_seeking","c50-h48",0.0345,69,2000
33,4000,70,16,"heterogeneous","naive","effect_seeking","c50-h48",0.0365,73,2000
34,8000,70,16,"heterogeneous","naive","effect_seeking","c50-h48",0.034,68,2000
35,4000,140,16,"heterogeneous","naive","effect_seeking","c50-h48",0.0355,71,2000
36,8000,140,16,"heterogeneous","naive","effect_seeking","c50-h48",0.0275,55,2000
7,4000,35,16,"null","bonferroni","prognostic_high","c50-h48",0.0125,25,2000
8,8000,35,16,"null","bonferroni","prognostic_high","c50-h48",0.019,38,2000
9,4000,70,16,"null","bonferroni","prognostic_high","c50-h48",0.01,20,2000
10,8000,70,16,"null","bonferroni","prognostic_high","c50-h48",0.0085,17,2000
11,4000,140,16,"null","bonferroni","prognostic_high","c50-h48",0.002,4,2000
12,8000,140,16,"null","bonferroni","prognostic_high","c50-h48",0.005,10,2000
19,4000,35,16,"homogeneous","bonferroni","prognostic_high","c50-h48",0.023,46,2000
20,8000,35,16,"homogeneous","bonferroni","prognostic_high","c50-h48",0.017,34,2000
21,4000,70,16,"homogeneous","bonferroni","prognostic_high","c50-h48",0.0135,27,2000
22,8000,70,16,"homogeneous","bonferroni","prognostic_high","c50-h48",0.0185,37,2000
23,4000,140,16,"homogeneous","bonferroni","prognostic_high","c50-h48",0.0055,11,2000
24,8000,140,16,"homogeneous","bonferroni","prognostic_high","c50-h48",0.005,10,2000
31,4000,35,16,"heterogeneous","bonferroni","prognostic_high","c50-h48",0.02,40,2000
32,8000,35,16,"heterogeneous","bonferroni","prognostic_high","c50-h48",0.0135,27,2000
33,4000,70,16,"heterogeneous","bonferroni","prognostic_high","c50-h48",0.0095,19,2000
34,8000,70,16,"heterogeneous","bonferroni","prognostic_high","c50-h48",0.004,8,2000
35,4000,140,16,"heterogeneous","bonferroni","prognostic_high","c50-h48",0.0035,7,2000
36,8000,140,16,"heterogeneous","bonferroni","prognostic_high","c50-h48",0.003,6,2000
7,4000,35,16,"null","naive","prognostic_high","c50-h48",0.0125,25,2000
8,8000,35,16,"null","naive","prognostic_high","c50-h48",0.019,38,2000
9,4000,70,16,"null","naive","prognostic_high","c50-h48",0.01,20,2000
10,8000,70,16,"null","naive","prognostic_high","c50-h48",0.0085,17,2000
11,4000,140,16,"null","naive","prognostic_high","c50-h48",0.002,4,2000
12,8000,140,16,"null","naive","prognostic_high","c50-h48",0.005,10,2000
19,4000,35,16,"homogeneous","naive","prognostic_high","c50-h48",0.023,46,2000
20,8000,35,16,"homogeneous","naive","prognostic_high","c50-h48",0.017,34,2000
21,4000,70,16,"homogeneous","naive","prognostic_high","c50-h48",0.0135,27,2000
22,8000,70,16,"homogeneous","naive","prognostic_high","c50-h48",0.0185,37,2000
23,4000,140,16,"homogeneous","naive","prognostic_high","c50-h48",0.0055,11,2000
24,8000,140,16,"homogeneous","naive","prognostic_high","c50-h48",0.005,10,2000
31,4000,35,16,"heterogeneous","naive","prognostic_high","c50-h48",0.02,40,2000
32,8000,35,16,"heterogeneous","naive","prognostic_high","c50-h48",0.0135,27,2000
33,4000,70,16,"heterogeneous","naive","prognostic_high","c50-h48",0.0095,19,2000
34,8000,70,16,"heterogeneous","naive","prognostic_high","c50-h48",0.004,8,2000
35,4000,140,16,"heterogeneous","naive","prognostic_high","c50-h48",0.0035,7,2000
36,8000,140,16,"heterogeneous","naive","prognostic_high","c50-h48",0.003,6,2000
7,4000,35,16,"null","split","prognostic_high","c50-h48",0.0195,39,2000
8,8000,35,16,"null","split","prognostic_high","c50-h48",0.0285,57,2000
9,4000,70,16,"null","split","prognostic_high","c50-h48",0.018,36,2000
10,8000,70,16,"null","split","prognostic_high","c50-h48",0.0225,45,2000
11,4000,140,16,"null","split","prognostic_high","c50-h48",0.011,22,2000
12,8000,140,16,"null","split","prognostic_high","c50-h48",0.0145,29,2000
19,4000,35,16,"homogeneous","split","prognostic_high","c50-h48",0.0255,51,2000
20,8000,35,16,"homogeneous","split","prognostic_high","c50-h48",0.019,38,2000
21,4000,70,16,"homogeneous","split","prognostic_high","c50-h48",0.019,38,2000
22,8000,70,16,"homogeneous","split","prognostic_high","c50-h48",0.021,42,2000
23,4000,140,16,"homogeneous","split","prognostic_high","c50-h48",0.015,30,2000
24,8000,140,16,"homogeneous","split","prognostic_high","c50-h48",0.012,24,2000
31,4000,35,16,"heterogeneous","split","prognostic_high","c50-h48",0.0205,41,2000
32,8000,35,16,"heterogeneous","split","prognostic_high","c50-h48",0.0215,43,2000
33,4000,70,16,"heterogeneous","split","prognostic_high","c50-h48",0.0145,29,2000
34,8000,70,16,"heterogeneous","split","prognostic_high","c50-h48",0.016,32,2000
35,4000,140,16,"heterogeneous","split","prognostic_high","c50-h48",0.009,18,2000
36,8000,140,16,"heterogeneous","split","prognostic_high","c50-h48",0.0095,19,2000
7,4000,35,16,"null","bonferroni","prognostic_low","c50-h48",0.0315,63,2000
8,8000,35,16,"null","bonferroni","prognostic_low","c50-h48",0.025,50,2000
9,4000,70,16,"null","bonferroni","prognostic_low","c50-h48",0.022,44,2000
10,8000,70,16,"null","bonferroni","prognostic_low","c50-h48",0.0215,43,2000
11,4000,140,16,"null","bonferroni","prognostic_low","c50-h48",0.01,20,2000
12,8000,140,16,"null","bonferroni","prognostic_low","c50-h48",0.0165,33,2000
19,4000,35,16,"homogeneous","bonferroni","prognostic_low","c50-h48",0.033,66,2000
20,8000,35,16,"homogeneous","bonferroni","prognostic_low","c50-h48",0.021,42,2000
21,4000,70,16,"homogeneous","bonferroni","prognostic_low","c50-h48",0.028,56,2000
22,8000,70,16,"homogeneous","bonferroni","prognostic_low","c50-h48",0.0265,53,2000
23,4000,140,16,"homogeneous","bonferroni","prognostic_low","c50-h48",0.013,26,2000
24,8000,140,16,"homogeneous","bonferroni","prognostic_low","c50-h48",0.0165,33,2000
31,4000,35,16,"heterogeneous","bonferroni","prognostic_low","c50-h48",0.0295,59,2000
32,8000,35,16,"heterogeneous","bonferroni","prognostic_low","c50-h48",0.0295,59,2000
33,4000,70,16,"heterogeneous","bonferroni","prognostic_low","c50-h48",0.018,36,2000
34,8000,70,16,"heterogeneous","bonferroni","prognostic_low","c50-h48",0.019,38,2000
35,4000,140,16,"heterogeneous","bonferroni","prognostic_low","c50-h48",0.015,30,2000
36,8000,140,16,"heterogeneous","bonferroni","prognostic_low","c50-h48",0.011,22,2000
7,4000,35,16,"null","naive","prognostic_low","c50-h48",0.0315,63,2000
8,8000,35,16,"null","naive","prognostic_low","c50-h48",0.025,50,2000
9,4000,70,16,"null","naive","prognostic_low","c50-h48",0.022,44,2000
10,8000,70,16,"null","naive","prognostic_low","c50-h48",0.0215,43,2000
11,4000,140,16,"null","naive","prognostic_low","c50-h48",0.01,20,2000
12,8000,140,16,"null","naive","prognostic_low","c50-h48",0.0165,33,2000
19,4000,35,16,"homogeneous","naive","prognostic_low","c50-h48",0.033,66,2000
20,8000,35,16,"homogeneous","naive","prognostic_low","c50-h48",0.021,42,2000
21,4000,70,16,"homogeneous","naive","prognostic_low","c50-h48",0.028,56,2000
22,8000,70,16,"homogeneous","naive","prognostic_low","c50-h48",0.0265,53,2000
23,4000,140,16,"homogeneous","naive","prognostic_low","c50-h48",0.013,26,2000
24,8000,140,16,"homogeneous","naive","prognostic_low","c50-h48",0.0165,33,2000
31,4000,35,16,"heterogeneous","naive","prognostic_low","c50-h48",0.0295,59,2000
32,8000,35,16,"heterogeneous","naive","prognostic_low","c50-h48",0.0295,59,2000
33,4000,70,16,"heterogeneous","naive","prognostic_low","c50-h48",0.018,36,2000
34,8000,70,16,"heterogeneous","naive","prognostic_low","c50-h48",0.019,38,2000
35,4000,140,16,"heterogeneous","naive","prognostic_low","c50-h48",0.015,30,2000
36,8000,140,16,"heterogeneous","naive","prognostic_low","c50-h48",0.011,22,2000
7,4000,35,16,"null","split","prognostic_low","c50-h48",0.0335,67,2000
8,8000,35,16,"null","split","prognostic_low","c50-h48",0.034,68,2000
9,4000,70,16,"null","split","prognostic_low","c50-h48",0.0265,53,2000
10,8000,70,16,"null","split","prognostic_low","c50-h48",0.031,62,2000
11,4000,140,16,"null","split","prognostic_low","c50-h48",0.0275,55,2000
12,8000,140,16,"null","split","prognostic_low","c50-h48",0.0225,45,2000
19,4000,35,16,"homogeneous","split","prognostic_low","c50-h48",0.0315,63,2000
20,8000,35,16,"homogeneous","split","prognostic_low","c50-h48",0.0245,49,2000
21,4000,70,16,"homogeneous","split","prognostic_low","c50-h48",0.0325,65,2000
22,8000,70,16,"homogeneous","split","prognostic_low","c50-h48",0.0285,57,2000
23,4000,140,16,"homogeneous","split","prognostic_low","c50-h48",0.018,36,2000
24,8000,140,16,"homogeneous","split","prognostic_low","c50-h48",0.023,46,2000
31,4000,35,16,"heterogeneous","split","prognostic_low","c50-h48",0.0335,67,2000
32,8000,35,16,"heterogeneous","split","prognostic_low","c50-h48",0.035,70,2000
33,4000,70,16,"heterogeneous","split","prognostic_low","c50-h48",0.0295,59,2000
34,8000,70,16,"heterogeneous","split","prognostic_low","c50-h48",0.0245,49,2000
35,4000,140,16,"heterogeneous","split","prognostic_low","c50-h48",0.02,40,2000
36,8000,140,16,"heterogeneous","split","prognostic_low","c50-h48",0.019,38,2000
7,4000,35,16,"null","bonferroni","workability","c50-h48",0.029,58,2000
8,8000,35,16,"null","bonferroni","workability","c50-h48",0.023,46,2000
19,4000,35,16,"homogeneous","bonferroni","workability","c50-h48",0.003,6,2000
20,8000,35,16,"homogeneous","bonferroni","workability","c50-h48",0.002,4,2000
21,4000,70,16,"homogeneous","bonferroni","workability","c50-h48",5e-04,1,2000
22,8000,70,16,"homogeneous","bonferroni","workability","c50-h48",5e-04,1,2000
31,4000,35,16,"heterogeneous","bonferroni","workability","c50-h48",0.0085,17,2000
32,8000,35,16,"heterogeneous","bonferroni","workability","c50-h48",0.009,18,2000
7,4000,35,16,"null","naive","workability","c50-h48",0.029,58,2000
8,8000,35,16,"null","naive","workability","c50-h48",0.023,46,2000
19,4000,35,16,"homogeneous","naive","workability","c50-h48",0.003,6,2000
20,8000,35,16,"homogeneous","naive","workability","c50-h48",0.002,4,2000
21,4000,70,16,"homogeneous","naive","workability","c50-h48",5e-04,1,2000
22,8000,70,16,"homogeneous","naive","workability","c50-h48",5e-04,1,2000
31,4000,35,16,"heterogeneous","naive","workability","c50-h48",0.0085,17,2000
32,8000,35,16,"heterogeneous","naive","workability","c50-h48",0.009,18,2000
7,4000,35,16,"null","split","workability","c50-h48",0.064,128,2000
8,8000,35,16,"null","split","workability","c50-h48",0.046,92,2000
19,4000,35,16,"homogeneous","split","workability","c50-h48",0.0175,35,2000
20,8000,35,16,"homogeneous","split","workability","c50-h48",0.0165,33,2000
21,4000,70,16,"homogeneous","split","workability","c50-h48",0.0045,9,2000
22,8000,70,16,"homogeneous","split","workability","c50-h48",0.0085,17,2000
31,4000,35,16,"heterogeneous","split","workability","c50-h48",0.031,62,2000
32,8000,35,16,"heterogeneous","split","workability","c50-h48",0.0285,57,2000
33,4000,70,16,"heterogeneous","split","workability","c50-h48",0.001,2,2000
34,8000,70,16,"heterogeneous","split","workability","c50-h48",5e-04,1,2000
1,4000,35,4,"null","bonferroni","effect_seeking","c50-h60",0.2545,509,2000
2,8000,35,4,"null","bonferroni","effect_seeking","c50-h60",0.259,518,2000
3,4000,70,4,"null","bonferroni","effect_seeking","c50-h60",0.274,548,2000
4,8000,70,4,"null","bonferroni","effect_seeking","c50-h60",0.257,514,2000
5,4000,140,4,"null","bonferroni","effect_seeking","c50-h60",0.2415,483,2000
6,8000,140,4,"null","bonferroni","effect_seeking","c50-h60",0.235,470,2000
7,4000,35,16,"null","bonferroni","effect_seeking","c50-h60",0.047,94,2000
8,8000,35,16,"null","bonferroni","effect_seeking","c50-h60",0.0505,101,2000
9,4000,70,16,"null","bonferroni","effect_seeking","c50-h60",0.0515,103,2000
10,8000,70,16,"null","bonferroni","effect_seeking","c50-h60",0.0465,93,2000
11,4000,140,16,"null","bonferroni","effect_seeking","c50-h60",0.0515,103,2000
12,8000,140,16,"null","bonferroni","effect_seeking","c50-h60",0.053,106,2000
13,4000,35,4,"homogeneous","bonferroni","effect_seeking","c50-h60",0.4135,827,2000
14,8000,35,4,"homogeneous","bonferroni","effect_seeking","c50-h60",0.4115,823,2000
15,4000,70,4,"homogeneous","bonferroni","effect_seeking","c50-h60",0.4625,925,2000
16,8000,70,4,"homogeneous","bonferroni","effect_seeking","c50-h60",0.443,886,2000
17,4000,140,4,"homogeneous","bonferroni","effect_seeking","c50-h60",0.5175,1035,2000
18,8000,140,4,"homogeneous","bonferroni","effect_seeking","c50-h60",0.5525,1105,2000
19,4000,35,16,"homogeneous","bonferroni","effect_seeking","c50-h60",0.103,206,2000
20,8000,35,16,"homogeneous","bonferroni","effect_seeking","c50-h60",0.094,188,2000
21,4000,70,16,"homogeneous","bonferroni","effect_seeking","c50-h60",0.1075,215,2000
22,8000,70,16,"homogeneous","bonferroni","effect_seeking","c50-h60",0.111,222,2000
23,4000,140,16,"homogeneous","bonferroni","effect_seeking","c50-h60",0.124,248,2000
24,8000,140,16,"homogeneous","bonferroni","effect_seeking","c50-h60",0.138,276,2000
25,4000,35,4,"heterogeneous","bonferroni","effect_seeking","c50-h60",0.407,814,2000
26,8000,35,4,"heterogeneous","bonferroni","effect_seeking","c50-h60",0.4005,801,2000
27,4000,70,4,"heterogeneous","bonferroni","effect_seeking","c50-h60",0.4545,909,2000
28,8000,70,4,"heterogeneous","bonferroni","effect_seeking","c50-h60",0.4385,877,2000
29,4000,140,4,"heterogeneous","bonferroni","effect_seeking","c50-h60",0.517,1034,2000
30,8000,140,4,"heterogeneous","bonferroni","effect_seeking","c50-h60",0.5195,1039,2000
31,4000,35,16,"heterogeneous","bonferroni","effect_seeking","c50-h60",0.0565,113,2000
32,8000,35,16,"heterogeneous","bonferroni","effect_seeking","c50-h60",0.0525,105,2000
33,4000,70,16,"heterogeneous","bonferroni","effect_seeking","c50-h60",0.0665,133,2000
34,8000,70,16,"heterogeneous","bonferroni","effect_seeking","c50-h60",0.064,128,2000
35,4000,140,16,"heterogeneous","bonferroni","effect_seeking","c50-h60",0.058,116,2000
36,8000,140,16,"heterogeneous","bonferroni","effect_seeking","c50-h60",0.0505,101,2000
1,4000,35,4,"null","naive","effect_seeking","c50-h60",0.2545,509,2000
2,8000,35,4,"null","naive","effect_seeking","c50-h60",0.259,518,2000
3,4000,70,4,"null","naive","effect_seeking","c50-h60",0.274,548,2000
4,8000,70,4,"null","naive","effect_seeking","c50-h60",0.257,514,2000
5,4000,140,4,"null","naive","effect_seeking","c50-h60",0.2415,483,2000
6,8000,140,4,"null","naive","effect_seeking","c50-h60",0.235,470,2000
7,4000,35,16,"null","naive","effect_seeking","c50-h60",0.047,94,2000
8,8000,35,16,"null","naive","effect_seeking","c50-h60",0.0505,101,2000
9,4000,70,16,"null","naive","effect_seeking","c50-h60",0.0515,103,2000
10,8000,70,16,"null","naive","effect_seeking","c50-h60",0.0465,93,2000
11,4000,140,16,"null","naive","effect_seeking","c50-h60",0.0515,103,2000
12,8000,140,16,"null","naive","effect_seeking","c50-h60",0.053,106,2000
13,4000,35,4,"homogeneous","naive","effect_seeking","c50-h60",0.4135,827,2000
14,8000,35,4,"homogeneous","naive","effect_seeking","c50-h60",0.4115,823,2000
15,4000,70,4,"homogeneous","naive","effect_seeking","c50-h60",0.4625,925,2000
16,8000,70,4,"homogeneous","naive","effect_seeking","c50-h60",0.443,886,2000
17,4000,140,4,"homogeneous","naive","effect_seeking","c50-h60",0.5175,1035,2000
18,8000,140,4,"homogeneous","naive","effect_seeking","c50-h60",0.5525,1105,2000
19,4000,35,16,"homogeneous","naive","effect_seeking","c50-h60",0.103,206,2000
20,8000,35,16,"homogeneous","naive","effect_seeking","c50-h60",0.094,188,2000
21,4000,70,16,"homogeneous","naive","effect_seeking","c50-h60",0.1075,215,2000
22,8000,70,16,"homogeneous","naive","effect_seeking","c50-h60",0.111,222,2000
23,4000,140,16,"homogeneous","naive","effect_seeking","c50-h60",0.124,248,2000
24,8000,140,16,"homogeneous","naive","effect_seeking","c50-h60",0.138,276,2000
25,4000,35,4,"heterogeneous","naive","effect_seeking","c50-h60",0.407,814,2000
26,8000,35,4,"heterogeneous","naive","effect_seeking","c50-h60",0.4005,801,2000
27,4000,70,4,"heterogeneous","naive","effect_seeking","c50-h60",0.4545,909,2000
28,8000,70,4,"heterogeneous","naive","effect_seeking","c50-h60",0.4385,877,2000
29,4000,140,4,"heterogeneous","naive","effect_seeking","c50-h60",0.517,1034,2000
30,8000,140,4,"heterogeneous","naive","effect_seeking","c50-h60",0.5195,1039,2000
31,4000,35,16,"heterogeneous","naive","effect_seeking","c50-h60",0.0565,113,2000
32,8000,35,16,"heterogeneous","naive","effect_seeking","c50-h60",0.0525,105,2000
33,4000,70,16,"heterogeneous","naive","effect_seeking","c50-h60",0.0665,133,2000
34,8000,70,16,"heterogeneous","naive","effect_seeking","c50-h60",0.064,128,2000
35,4000,140,16,"heterogeneous","naive","effect_seeking","c50-h60",0.058,116,2000
36,8000,140,16,"heterogeneous","naive","effect_seeking","c50-h60",0.0505,101,2000
1,4000,35,4,"null","bonferroni","outcome_blinded","c50-h60",0.768,1536,2000
2,8000,35,4,"null","bonferroni","outcome_blinded","c50-h60",0.783,1566,2000
3,4000,70,4,"null","bonferroni","outcome_blinded","c50-h60",0.781,1562,2000
4,8000,70,4,"null","bonferroni","outcome_blinded","c50-h60",0.7705,1541,2000
5,4000,140,4,"null","bonferroni","outcome_blinded","c50-h60",0.7785,1557,2000
6,8000,140,4,"null","bonferroni","outcome_blinded","c50-h60",0.7695,1539,2000
7,4000,35,16,"null","bonferroni","outcome_blinded","c50-h60",0.214,428,2000
8,8000,35,16,"null","bonferroni","outcome_blinded","c50-h60",0.202,404,2000
9,4000,70,16,"null","bonferroni","outcome_blinded","c50-h60",0.204,408,2000
10,8000,70,16,"null","bonferroni","outcome_blinded","c50-h60",0.2185,437,2000
11,4000,140,16,"null","bonferroni","outcome_blinded","c50-h60",0.217,434,2000
12,8000,140,16,"null","bonferroni","outcome_blinded","c50-h60",0.207,414,2000
13,4000,35,4,"homogeneous","bonferroni","outcome_blinded","c50-h60",0.787,1574,2000
14,8000,35,4,"homogeneous","bonferroni","outcome_blinded","c50-h60",0.783,1566,2000
15,4000,70,4,"homogeneous","bonferroni","outcome_blinded","c50-h60",0.7875,1575,2000
16,8000,70,4,"homogeneous","bonferroni","outcome_blinded","c50-h60",0.7785,1557,2000
17,4000,140,4,"homogeneous","bonferroni","outcome_blinded","c50-h60",0.779,1558,2000
18,8000,140,4,"homogeneous","bonferroni","outcome_blinded","c50-h60",0.774,1548,2000
19,4000,35,16,"homogeneous","bonferroni","outcome_blinded","c50-h60",0.1975,395,2000
20,8000,35,16,"homogeneous","bonferroni","outcome_blinded","c50-h60",0.1985,397,2000
21,4000,70,16,"homogeneous","bonferroni","outcome_blinded","c50-h60",0.1995,399,2000
22,8000,70,16,"homogeneous","bonferroni","outcome_blinded","c50-h60",0.204,408,2000
23,4000,140,16,"homogeneous","bonferroni","outcome_blinded","c50-h60",0.19,380,2000
24,8000,140,16,"homogeneous","bonferroni","outcome_blinded","c50-h60",0.2115,423,2000
25,4000,35,4,"heterogeneous","bonferroni","outcome_blinded","c50-h60",0.7795,1559,2000
26,8000,35,4,"heterogeneous","bonferroni","outcome_blinded","c50-h60",0.7805,1561,2000
27,4000,70,4,"heterogeneous","bonferroni","outcome_blinded","c50-h60",0.772,1544,2000
28,8000,70,4,"heterogeneous","bonferroni","outcome_blinded","c50-h60",0.7635,1527,2000
29,4000,140,4,"heterogeneous","bonferroni","outcome_blinded","c50-h60",0.791,1582,2000
30,8000,140,4,"heterogeneous","bonferroni","outcome_blinded","c50-h60",0.7785,1557,2000
31,4000,35,16,"heterogeneous","bonferroni","outcome_blinded","c50-h60",0.2105,421,2000
32,8000,35,16,"heterogeneous","bonferroni","outcome_blinded","c50-h60",0.214,428,2000
33,4000,70,16,"heterogeneous","bonferroni","outcome_blinded","c50-h60",0.2165,433,2000
34,8000,70,16,"heterogeneous","bonferroni","outcome_blinded","c50-h60",0.209,418,2000
35,4000,140,16,"heterogeneous","bonferroni","outcome_blinded","c50-h60",0.218,436,2000
36,8000,140,16,"heterogeneous","bonferroni","outcome_blinded","c50-h60",0.217,434,2000
1,4000,35,4,"null","naive","outcome_blinded","c50-h60",0.768,1536,2000
2,8000,35,4,"null","naive","outcome_blinded","c50-h60",0.783,1566,2000
3,4000,70,4,"null","naive","outcome_blinded","c50-h60",0.781,1562,2000
4,8000,70,4,"null","naive","outcome_blinded","c50-h60",0.7705,1541,2000
5,4000,140,4,"null","naive","outcome_blinded","c50-h60",0.7785,1557,2000
6,8000,140,4,"null","naive","outcome_blinded","c50-h60",0.7695,1539,2000
7,4000,35,16,"null","naive","outcome_blinded","c50-h60",0.214,428,2000
8,8000,35,16,"null","naive","outcome_blinded","c50-h60",0.202,404,2000
9,4000,70,16,"null","naive","outcome_blinded","c50-h60",0.204,408,2000
10,8000,70,16,"null","naive","outcome_blinded","c50-h60",0.2185,437,2000
11,4000,140,16,"null","naive","outcome_blinded","c50-h60",0.217,434,2000
12,8000,140,16,"null","naive","outcome_blinded","c50-h60",0.207,414,2000
13,4000,35,4,"homogeneous","naive","outcome_blinded","c50-h60",0.787,1574,2000
14,8000,35,4,"homogeneous","naive","outcome_blinded","c50-h60",0.783,1566,2000
15,4000,70,4,"homogeneous","naive","outcome_blinded","c50-h60",0.7875,1575,2000
16,8000,70,4,"homogeneous","naive","outcome_blinded","c50-h60",0.7785,1557,2000
17,4000,140,4,"homogeneous","naive","outcome_blinded","c50-h60",0.779,1558,2000
18,8000,140,4,"homogeneous","naive","outcome_blinded","c50-h60",0.774,1548,2000
19,4000,35,16,"homogeneous","naive","outcome_blinded","c50-h60",0.1975,395,2000
20,8000,35,16,"homogeneous","naive","outcome_blinded","c50-h60",0.1985,397,2000
21,4000,70,16,"homogeneous","naive","outcome_blinded","c50-h60",0.1995,399,2000
22,8000,70,16,"homogeneous","naive","outcome_blinded","c50-h60",0.204,408,2000
23,4000,140,16,"homogeneous","naive","outcome_blinded","c50-h60",0.19,380,2000
24,8000,140,16,"homogeneous","naive","outcome_blinded","c50-h60",0.2115,423,2000
25,4000,35,4,"heterogeneous","naive","outcome_blinded","c50-h60",0.7795,1559,2000
26,8000,35,4,"heterogeneous","naive","outcome_blinded","c50-h60",0.7805,1561,2000
27,4000,70,4,"heterogeneous","naive","outcome_blinded","c50-h60",0.772,1544,2000
28,8000,70,4,"heterogeneous","naive","outcome_blinded","c50-h60",0.7635,1527,2000
29,4000,140,4,"heterogeneous","naive","outcome_blinded","c50-h60",0.791,1582,2000
30,8000,140,4,"heterogeneous","naive","outcome_blinded","c50-h60",0.7785,1557,2000
31,4000,35,16,"heterogeneous","naive","outcome_blinded","c50-h60",0.2105,421,2000
32,8000,35,16,"heterogeneous","naive","outcome_blinded","c50-h60",0.214,428,2000
33,4000,70,16,"heterogeneous","naive","outcome_blinded","c50-h60",0.2165,433,2000
34,8000,70,16,"heterogeneous","naive","outcome_blinded","c50-h60",0.209,418,2000
35,4000,140,16,"heterogeneous","naive","outcome_blinded","c50-h60",0.218,436,2000
36,8000,140,16,"heterogeneous","naive","outcome_blinded","c50-h60",0.217,434,2000
1,4000,35,4,"null","bonferroni","prognostic_high","c50-h60",0.5305,1061,2000
2,8000,35,4,"null","bonferroni","prognostic_high","c50-h60",0.493,986,2000
3,4000,70,4,"null","bonferroni","prognostic_high","c50-h60",0.562,1124,2000
4,8000,70,4,"null","bonferroni","prognostic_high","c50-h60",0.574,1148,2000
5,4000,140,4,"null","bonferroni","prognostic_high","c50-h60",0.593,1186,2000
6,8000,140,4,"null","bonferroni","prognostic_high","c50-h60",0.5745,1149,2000
7,4000,35,16,"null","bonferroni","prognostic_high","c50-h60",0.1315,263,2000
8,8000,35,16,"null","bonferroni","prognostic_high","c50-h60",0.1175,235,2000
9,4000,70,16,"null","bonferroni","prognostic_high","c50-h60",0.132,264,2000
10,8000,70,16,"null","bonferroni","prognostic_high","c50-h60",0.1235,247,2000
11,4000,140,16,"null","bonferroni","prognostic_high","c50-h60",0.1255,251,2000
12,8000,140,16,"null","bonferroni","prognostic_high","c50-h60",0.142,284,2000
13,4000,35,4,"homogeneous","bonferroni","prognostic_high","c50-h60",0.4925,985,2000
14,8000,35,4,"homogeneous","bonferroni","prognostic_high","c50-h60",0.4985,997,2000
15,4000,70,4,"homogeneous","bonferroni","prognostic_high","c50-h60",0.5475,1095,2000
16,8000,70,4,"homogeneous","bonferroni","prognostic_high","c50-h60",0.5565,1113,2000
17,4000,140,4,"homogeneous","bonferroni","prognostic_high","c50-h60",0.5855,1171,2000
18,8000,140,4,"homogeneous","bonferroni","prognostic_high","c50-h60",0.5815,1163,2000
19,4000,35,16,"homogeneous","bonferroni","prognostic_high","c50-h60",0.113,226,2000
20,8000,35,16,"homogeneous","bonferroni","prognostic_high","c50-h60",0.106,212,2000
21,4000,70,16,"homogeneous","bonferroni","prognostic_high","c50-h60",0.1295,259,2000
22,8000,70,16,"homogeneous","bonferroni","prognostic_high","c50-h60",0.137,274,2000
23,4000,140,16,"homogeneous","bonferroni","prognostic_high","c50-h60",0.139,278,2000
24,8000,140,16,"homogeneous","bonferroni","prognostic_high","c50-h60",0.1455,291,2000
25,4000,35,4,"heterogeneous","bonferroni","prognostic_high","c50-h60",0.508,1016,2000
26,8000,35,4,"heterogeneous","bonferroni","prognostic_high","c50-h60",0.498,996,2000
27,4000,70,4,"heterogeneous","bonferroni","prognostic_high","c50-h60",0.539,1078,2000
28,8000,70,4,"heterogeneous","bonferroni","prognostic_high","c50-h60",0.5435,1087,2000
29,4000,140,4,"heterogeneous","bonferroni","prognostic_high","c50-h60",0.5835,1167,2000
30,8000,140,4,"heterogeneous","bonferroni","prognostic_high","c50-h60",0.552,1104,2000
31,4000,35,16,"heterogeneous","bonferroni","prognostic_high","c50-h60",0.1165,233,2000
32,8000,35,16,"heterogeneous","bonferroni","prognostic_high","c50-h60",0.108,216,2000
33,4000,70,16,"heterogeneous","bonferroni","prognostic_high","c50-h60",0.1305,261,2000
34,8000,70,16,"heterogeneous","bonferroni","prognostic_high","c50-h60",0.1365,273,2000
35,4000,140,16,"heterogeneous","bonferroni","prognostic_high","c50-h60",0.1275,255,2000
36,8000,140,16,"heterogeneous","bonferroni","prognostic_high","c50-h60",0.1245,249,2000
1,4000,35,4,"null","naive","prognostic_high","c50-h60",0.5305,1061,2000
2,8000,35,4,"null","naive","prognostic_high","c50-h60",0.493,986,2000
3,4000,70,4,"null","naive","prognostic_high","c50-h60",0.562,1124,2000
4,8000,70,4,"null","naive","prognostic_high","c50-h60",0.574,1148,2000
5,4000,140,4,"null","naive","prognostic_high","c50-h60",0.593,1186,2000
6,8000,140,4,"null","naive","prognostic_high","c50-h60",0.5745,1149,2000
7,4000,35,16,"null","naive","prognostic_high","c50-h60",0.1315,263,2000
8,8000,35,16,"null","naive","prognostic_high","c50-h60",0.1175,235,2000
9,4000,70,16,"null","naive","prognostic_high","c50-h60",0.132,264,2000
10,8000,70,16,"null","naive","prognostic_high","c50-h60",0.1235,247,2000
11,4000,140,16,"null","naive","prognostic_high","c50-h60",0.1255,251,2000
12,8000,140,16,"null","naive","prognostic_high","c50-h60",0.142,284,2000
13,4000,35,4,"homogeneous","naive","prognostic_high","c50-h60",0.4925,985,2000
14,8000,35,4,"homogeneous","naive","prognostic_high","c50-h60",0.4985,997,2000
15,4000,70,4,"homogeneous","naive","prognostic_high","c50-h60",0.5475,1095,2000
16,8000,70,4,"homogeneous","naive","prognostic_high","c50-h60",0.5565,1113,2000
17,4000,140,4,"homogeneous","naive","prognostic_high","c50-h60",0.5855,1171,2000
18,8000,140,4,"homogeneous","naive","prognostic_high","c50-h60",0.5815,1163,2000
19,4000,35,16,"homogeneous","naive","prognostic_high","c50-h60",0.113,226,2000
20,8000,35,16,"homogeneous","naive","prognostic_high","c50-h60",0.106,212,2000
21,4000,70,16,"homogeneous","naive","prognostic_high","c50-h60",0.1295,259,2000
22,8000,70,16,"homogeneous","naive","prognostic_high","c50-h60",0.137,274,2000
23,4000,140,16,"homogeneous","naive","prognostic_high","c50-h60",0.139,278,2000
24,8000,140,16,"homogeneous","naive","prognostic_high","c50-h60",0.1455,291,2000
25,4000,35,4,"heterogeneous","naive","prognostic_high","c50-h60",0.508,1016,2000
26,8000,35,4,"heterogeneous","naive","prognostic_high","c50-h60",0.498,996,2000
27,4000,70,4,"heterogeneous","naive","prognostic_high","c50-h60",0.539,1078,2000
28,8000,70,4,"heterogeneous","naive","prognostic_high","c50-h60",0.5435,1087,2000
29,4000,140,4,"heterogeneous","naive","prognostic_high","c50-h60",0.5835,1167,2000
30,8000,140,4,"heterogeneous","naive","prognostic_high","c50-h60",0.552,1104,2000
31,4000,35,16,"heterogeneous","naive","prognostic_high","c50-h60",0.1165,233,2000
32,8000,35,16,"heterogeneous","naive","prognostic_high","c50-h60",0.108,216,2000
33,4000,70,16,"heterogeneous","naive","prognostic_high","c50-h60",0.1305,261,2000
34,8000,70,16,"heterogeneous","naive","prognostic_high","c50-h60",0.1365,273,2000
35,4000,140,16,"heterogeneous","naive","prognostic_high","c50-h60",0.1275,255,2000
36,8000,140,16,"heterogeneous","naive","prognostic_high","c50-h60",0.1245,249,2000
1,4000,35,4,"null","split","prognostic_high","c50-h60",0.472,944,2000
2,8000,35,4,"null","split","prognostic_high","c50-h60",0.459,918,2000
3,4000,70,4,"null","split","prognostic_high","c50-h60",0.5175,1035,2000
4,8000,70,4,"null","split","prognostic_high","c50-h60",0.5125,1025,2000
5,4000,140,4,"null","split","prognostic_high","c50-h60",0.578,1156,2000
6,8000,140,4,"null","split","prognostic_high","c50-h60",0.5565,1113,2000
7,4000,35,16,"null","split","prognostic_high","c50-h60",0.109,218,2000
8,8000,35,16,"null","split","prognostic_high","c50-h60",0.097,194,2000
9,4000,70,16,"null","split","prognostic_high","c50-h60",0.126,252,2000
10,8000,70,16,"null","split","prognostic_high","c50-h60",0.122,244,2000
11,4000,140,16,"null","split","prognostic_high","c50-h60",0.1365,273,2000
12,8000,140,16,"null","split","prognostic_high","c50-h60",0.1275,255,2000
13,4000,35,4,"homogeneous","split","prognostic_high","c50-h60",0.4475,895,2000
14,8000,35,4,"homogeneous","split","prognostic_high","c50-h60",0.4315,863,2000
15,4000,70,4,"homogeneous","split","prognostic_high","c50-h60",0.488,976,2000
16,8000,70,4,"homogeneous","split","prognostic_high","c50-h60",0.5125,1025,2000
17,4000,140,4,"homogeneous","split","prognostic_high","c50-h60",0.531,1062,2000
18,8000,140,4,"homogeneous","split","prognostic_high","c50-h60",0.5495,1099,2000
19,4000,35,16,"homogeneous","split","prognostic_high","c50-h60",0.096,192,2000
20,8000,35,16,"homogeneous","split","prognostic_high","c50-h60",0.088,176,2000
21,4000,70,16,"homogeneous","split","prognostic_high","c50-h60",0.1025,205,2000
22,8000,70,16,"homogeneous","split","prognostic_high","c50-h60",0.109,218,2000
23,4000,140,16,"homogeneous","split","prognostic_high","c50-h60",0.1305,261,2000
24,8000,140,16,"homogeneous","split","prognostic_high","c50-h60",0.1235,247,2000
25,4000,35,4,"heterogeneous","split","prognostic_high","c50-h60",0.4735,947,2000
26,8000,35,4,"heterogeneous","split","prognostic_high","c50-h60",0.4505,901,2000
27,4000,70,4,"heterogeneous","split","prognostic_high","c50-h60",0.4935,987,2000
28,8000,70,4,"heterogeneous","split","prognostic_high","c50-h60",0.4995,999,2000
29,4000,140,4,"heterogeneous","split","prognostic_high","c50-h60",0.54,1080,2000
30,8000,140,4,"heterogeneous","split","prognostic_high","c50-h60",0.5335,1067,2000
31,4000,35,16,"heterogeneous","split","prognostic_high","c50-h60",0.109,218,2000
32,8000,35,16,"heterogeneous","split","prognostic_high","c50-h60",0.0905,181,2000
33,4000,70,16,"heterogeneous","split","prognostic_high","c50-h60",0.12,240,2000
34,8000,70,16,"heterogeneous","split","prognostic_high","c50-h60",0.104,208,2000
35,4000,140,16,"heterogeneous","split","prognostic_high","c50-h60",0.1335,267,2000
36,8000,140,16,"heterogeneous","split","prognostic_high","c50-h60",0.126,252,2000
1,4000,35,4,"null","bonferroni","prognostic_low","c50-h60",0.5485,1097,2000
2,8000,35,4,"null","bonferroni","prognostic_low","c50-h60",0.5255,1051,2000
3,4000,70,4,"null","bonferroni","prognostic_low","c50-h60",0.6495,1299,2000
4,8000,70,4,"null","bonferroni","prognostic_low","c50-h60",0.65,1300,2000
5,4000,140,4,"null","bonferroni","prognostic_low","c50-h60",0.774,1548,2000
6,8000,140,4,"null","bonferroni","prognostic_low","c50-h60",0.742,1484,2000
7,4000,35,16,"null","bonferroni","prognostic_low","c50-h60",0.1095,219,2000
8,8000,35,16,"null","bonferroni","prognostic_low","c50-h60",0.1095,219,2000
9,4000,70,16,"null","bonferroni","prognostic_low","c50-h60",0.125,250,2000
10,8000,70,16,"null","bonferroni","prognostic_low","c50-h60",0.1275,255,2000
11,4000,140,16,"null","bonferroni","prognostic_low","c50-h60",0.112,224,2000
12,8000,140,16,"null","bonferroni","prognostic_low","c50-h60",0.111,222,2000
13,4000,35,4,"homogeneous","bonferroni","prognostic_low","c50-h60",0.4775,955,2000
14,8000,35,4,"homogeneous","bonferroni","prognostic_low","c50-h60",0.5045,1009,2000
15,4000,70,4,"homogeneous","bonferroni","prognostic_low","c50-h60",0.5905,1181,2000
16,8000,70,4,"homogeneous","bonferroni","prognostic_low","c50-h60",0.61,1220,2000
17,4000,140,4,"homogeneous","bonferroni","prognostic_low","c50-h60",0.6865,1373,2000
18,8000,140,4,"homogeneous","bonferroni","prognostic_low","c50-h60",0.7045,1409,2000
19,4000,35,16,"homogeneous","bonferroni","prognostic_low","c50-h60",0.1055,211,2000
20,8000,35,16,"homogeneous","bonferroni","prognostic_low","c50-h60",0.103,206,2000
21,4000,70,16,"homogeneous","bonferroni","prognostic_low","c50-h60",0.107,214,2000
22,8000,70,16,"homogeneous","bonferroni","prognostic_low","c50-h60",0.12,240,2000
23,4000,140,16,"homogeneous","bonferroni","prognostic_low","c50-h60",0.111,222,2000
24,8000,140,16,"homogeneous","bonferroni","prognostic_low","c50-h60",0.1225,245,2000
25,4000,35,4,"heterogeneous","bonferroni","prognostic_low","c50-h60",0.564,1128,2000
26,8000,35,4,"heterogeneous","bonferroni","prognostic_low","c50-h60",0.5545,1109,2000
27,4000,70,4,"heterogeneous","bonferroni","prognostic_low","c50-h60",0.642,1284,2000
28,8000,70,4,"heterogeneous","bonferroni","prognostic_low","c50-h60",0.654,1308,2000
29,4000,140,4,"heterogeneous","bonferroni","prognostic_low","c50-h60",0.743,1486,2000
30,8000,140,4,"heterogeneous","bonferroni","prognostic_low","c50-h60",0.745,1490,2000
31,4000,35,16,"heterogeneous","bonferroni","prognostic_low","c50-h60",0.1175,235,2000
32,8000,35,16,"heterogeneous","bonferroni","prognostic_low","c50-h60",0.121,242,2000
33,4000,70,16,"heterogeneous","bonferroni","prognostic_low","c50-h60",0.1325,265,2000
34,8000,70,16,"heterogeneous","bonferroni","prognostic_low","c50-h60",0.149,298,2000
35,4000,140,16,"heterogeneous","bonferroni","prognostic_low","c50-h60",0.1325,265,2000
36,8000,140,16,"heterogeneous","bonferroni","prognostic_low","c50-h60",0.1505,301,2000
1,4000,35,4,"null","naive","prognostic_low","c50-h60",0.5485,1097,2000
2,8000,35,4,"null","naive","prognostic_low","c50-h60",0.5255,1051,2000
3,4000,70,4,"null","naive","prognostic_low","c50-h60",0.6495,1299,2000
4,8000,70,4,"null","naive","prognostic_low","c50-h60",0.65,1300,2000
5,4000,140,4,"null","naive","prognostic_low","c50-h60",0.774,1548,2000
6,8000,140,4,"null","naive","prognostic_low","c50-h60",0.742,1484,2000
7,4000,35,16,"null","naive","prognostic_low","c50-h60",0.1095,219,2000
8,8000,35,16,"null","naive","prognostic_low","c50-h60",0.1095,219,2000
9,4000,70,16,"null","naive","prognostic_low","c50-h60",0.125,250,2000
10,8000,70,16,"null","naive","prognostic_low","c50-h60",0.1275,255,2000
11,4000,140,16,"null","naive","prognostic_low","c50-h60",0.112,224,2000
12,8000,140,16,"null","naive","prognostic_low","c50-h60",0.111,222,2000
13,4000,35,4,"homogeneous","naive","prognostic_low","c50-h60",0.4775,955,2000
14,8000,35,4,"homogeneous","naive","prognostic_low","c50-h60",0.5045,1009,2000
15,4000,70,4,"homogeneous","naive","prognostic_low","c50-h60",0.5905,1181,2000
16,8000,70,4,"homogeneous","naive","prognostic_low","c50-h60",0.61,1220,2000
17,4000,140,4,"homogeneous","naive","prognostic_low","c50-h60",0.6865,1373,2000
18,8000,140,4,"homogeneous","naive","prognostic_low","c50-h60",0.7045,1409,2000
19,4000,35,16,"homogeneous","naive","prognostic_low","c50-h60",0.1055,211,2000
20,8000,35,16,"homogeneous","naive","prognostic_low","c50-h60",0.103,206,2000
21,4000,70,16,"homogeneous","naive","prognostic_low","c50-h60",0.107,214,2000
22,8000,70,16,"homogeneous","naive","prognostic_low","c50-h60",0.12,240,2000
23,4000,140,16,"homogeneous","naive","prognostic_low","c50-h60",0.111,222,2000
24,8000,140,16,"homogeneous","naive","prognostic_low","c50-h60",0.1225,245,2000
25,4000,35,4,"heterogeneous","naive","prognostic_low","c50-h60",0.564,1128,2000
26,8000,35,4,"heterogeneous","naive","prognostic_low","c50-h60",0.5545,1109,2000
27,4000,70,4,"heterogeneous","naive","prognostic_low","c50-h60",0.642,1284,2000
28,8000,70,4,"heterogeneous","naive","prognostic_low","c50-h60",0.654,1308,2000
29,4000,140,4,"heterogeneous","naive","prognostic_low","c50-h60",0.743,1486,2000
30,8000,140,4,"heterogeneous","naive","prognostic_low","c50-h60",0.745,1490,2000
31,4000,35,16,"heterogeneous","naive","prognostic_low","c50-h60",0.1175,235,2000
32,8000,35,16,"heterogeneous","naive","prognostic_low","c50-h60",0.121,242,2000
33,4000,70,16,"heterogeneous","naive","prognostic_low","c50-h60",0.1325,265,2000
34,8000,70,16,"heterogeneous","naive","prognostic_low","c50-h60",0.149,298,2000
35,4000,140,16,"heterogeneous","naive","prognostic_low","c50-h60",0.1325,265,2000
36,8000,140,16,"heterogeneous","naive","prognostic_low","c50-h60",0.1505,301,2000
1,4000,35,4,"null","split","prognostic_low","c50-h60",0.4575,915,2000
2,8000,35,4,"null","split","prognostic_low","c50-h60",0.4415,883,2000
3,4000,70,4,"null","split","prognostic_low","c50-h60",0.529,1058,2000
4,8000,70,4,"null","split","prognostic_low","c50-h60",0.5565,1113,2000
5,4000,140,4,"null","split","prognostic_low","c50-h60",0.6445,1289,2000
6,8000,140,4,"null","split","prognostic_low","c50-h60",0.6415,1283,2000
7,4000,35,16,"null","split","prognostic_low","c50-h60",0.0935,187,2000
8,8000,35,16,"null","split","prognostic_low","c50-h60",0.089,178,2000
9,4000,70,16,"null","split","prognostic_low","c50-h60",0.107,214,2000
10,8000,70,16,"null","split","prognostic_low","c50-h60",0.1125,225,2000
11,4000,140,16,"null","split","prognostic_low","c50-h60",0.119,238,2000
12,8000,140,16,"null","split","prognostic_low","c50-h60",0.117,234,2000
13,4000,35,4,"homogeneous","split","prognostic_low","c50-h60",0.3985,797,2000
14,8000,35,4,"homogeneous","split","prognostic_low","c50-h60",0.4005,801,2000
15,4000,70,4,"homogeneous","split","prognostic_low","c50-h60",0.4785,957,2000
16,8000,70,4,"homogeneous","split","prognostic_low","c50-h60",0.5175,1035,2000
17,4000,140,4,"homogeneous","split","prognostic_low","c50-h60",0.59,1180,2000
18,8000,140,4,"homogeneous","split","prognostic_low","c50-h60",0.587,1174,2000
19,4000,35,16,"homogeneous","split","prognostic_low","c50-h60",0.0705,141,2000
20,8000,35,16,"homogeneous","split","prognostic_low","c50-h60",0.0805,161,2000
21,4000,70,16,"homogeneous","split","prognostic_low","c50-h60",0.083,166,2000
22,8000,70,16,"homogeneous","split","prognostic_low","c50-h60",0.097,194,2000
23,4000,140,16,"homogeneous","split","prognostic_low","c50-h60",0.123,246,2000
24,8000,140,16,"homogeneous","split","prognostic_low","c50-h60",0.124,248,2000
25,4000,35,4,"heterogeneous","split","prognostic_low","c50-h60",0.465,930,2000
26,8000,35,4,"heterogeneous","split","prognostic_low","c50-h60",0.462,924,2000
27,4000,70,4,"heterogeneous","split","prognostic_low","c50-h60",0.5385,1077,2000
28,8000,70,4,"heterogeneous","split","prognostic_low","c50-h60",0.5585,1117,2000
29,4000,140,4,"heterogeneous","split","prognostic_low","c50-h60",0.651,1302,2000
30,8000,140,4,"heterogeneous","split","prognostic_low","c50-h60",0.6495,1299,2000
31,4000,35,16,"heterogeneous","split","prognostic_low","c50-h60",0.1045,209,2000
32,8000,35,16,"heterogeneous","split","prognostic_low","c50-h60",0.095,190,2000
33,4000,70,16,"heterogeneous","split","prognostic_low","c50-h60",0.13,260,2000
34,8000,70,16,"heterogeneous","split","prognostic_low","c50-h60",0.1275,255,2000
35,4000,140,16,"heterogeneous","split","prognostic_low","c50-h60",0.1295,259,2000
36,8000,140,16,"heterogeneous","split","prognostic_low","c50-h60",0.132,264,2000
1,4000,35,4,"null","bonferroni","workability","c50-h60",0.9355,1871,2000
2,8000,35,4,"null","bonferroni","workability","c50-h60",0.9415,1883,2000
7,4000,35,16,"null","bonferroni","workability","c50-h60",0.5195,1039,2000
8,8000,35,16,"null","bonferroni","workability","c50-h60",0.4975,995,2000
13,4000,35,4,"homogeneous","bonferroni","workability","c50-h60",0.998,1996,2000
14,8000,35,4,"homogeneous","bonferroni","workability","c50-h60",0.997,1994,2000
15,4000,70,4,"homogeneous","bonferroni","workability","c50-h60",0.001,2,2000
16,8000,70,4,"homogeneous","bonferroni","workability","c50-h60",0.0015,3,2000
19,4000,35,16,"homogeneous","bonferroni","workability","c50-h60",0.153,306,2000
20,8000,35,16,"homogeneous","bonferroni","workability","c50-h60",0.145,290,2000
21,4000,70,16,"homogeneous","bonferroni","workability","c50-h60",5e-04,1,2000
25,4000,35,4,"heterogeneous","bonferroni","workability","c50-h60",0.949,1898,2000
26,8000,35,4,"heterogeneous","bonferroni","workability","c50-h60",0.957,1914,2000
31,4000,35,16,"heterogeneous","bonferroni","workability","c50-h60",0.3865,773,2000
32,8000,35,16,"heterogeneous","bonferroni","workability","c50-h60",0.3785,757,2000
1,4000,35,4,"null","naive","workability","c50-h60",0.9355,1871,2000
2,8000,35,4,"null","naive","workability","c50-h60",0.9415,1883,2000
7,4000,35,16,"null","naive","workability","c50-h60",0.5195,1039,2000
8,8000,35,16,"null","naive","workability","c50-h60",0.4975,995,2000
13,4000,35,4,"homogeneous","naive","workability","c50-h60",0.998,1996,2000
14,8000,35,4,"homogeneous","naive","workability","c50-h60",0.997,1994,2000
15,4000,70,4,"homogeneous","naive","workability","c50-h60",0.001,2,2000
16,8000,70,4,"homogeneous","naive","workability","c50-h60",0.0015,3,2000
19,4000,35,16,"homogeneous","naive","workability","c50-h60",0.153,306,2000
20,8000,35,16,"homogeneous","naive","workability","c50-h60",0.145,290,2000
21,4000,70,16,"homogeneous","naive","workability","c50-h60",5e-04,1,2000
25,4000,35,4,"heterogeneous","naive","workability","c50-h60",0.949,1898,2000
26,8000,35,4,"heterogeneous","naive","workability","c50-h60",0.957,1914,2000
31,4000,35,16,"heterogeneous","naive","workability","c50-h60",0.3865,773,2000
32,8000,35,16,"heterogeneous","naive","workability","c50-h60",0.3785,757,2000
1,4000,35,4,"null","split","workability","c50-h60",0.846,1692,2000
2,8000,35,4,"null","split","workability","c50-h60",0.8395,1679,2000
4,8000,70,4,"null","split","workability","c50-h60",0.001,2,2000
7,4000,35,16,"null","split","workability","c50-h60",0.3875,775,2000
8,8000,35,16,"null","split","workability","c50-h60",0.3865,773,2000
9,4000,70,16,"null","split","workability","c50-h60",5e-04,1,2000
13,4000,35,4,"homogeneous","split","workability","c50-h60",0.9705,1941,2000
14,8000,35,4,"homogeneous","split","workability","c50-h60",0.965,1930,2000
15,4000,70,4,"homogeneous","split","workability","c50-h60",0.009,18,2000
16,8000,70,4,"homogeneous","split","workability","c50-h60",0.013,26,2000
19,4000,35,16,"homogeneous","split","workability","c50-h60",0.2135,427,2000
20,8000,35,16,"homogeneous","split","workability","c50-h60",0.229,458,2000
21,4000,70,16,"homogeneous","split","workability","c50-h60",0.0045,9,2000
22,8000,70,16,"homogeneous","split","workability","c50-h60",0.005,10,2000
25,4000,35,4,"heterogeneous","split","workability","c50-h60",0.8835,1767,2000
26,8000,35,4,"heterogeneous","split","workability","c50-h60",0.8815,1763,2000
27,4000,70,4,"heterogeneous","split","workability","c50-h60",0.0015,3,2000
28,8000,70,4,"heterogeneous","split","workability","c50-h60",0.002,4,2000
31,4000,35,16,"heterogeneous","split","workability","c50-h60",0.333,666,2000
32,8000,35,16,"heterogeneous","split","workability","c50-h60",0.3405,681,2000
33,4000,70,16,"heterogeneous","split","workability","c50-h60",0.001,2,2000
34,8000,70,16,"heterogeneous","split","workability","c50-h60",5e-04,1,2000
7,4000,35,16,"null","bonferroni","effect_seeking","c55-h24",0.058,116,2000
8,8000,35,16,"null","bonferroni","effect_seeking","c55-h24",0.0615,123,2000
9,4000,70,16,"null","bonferroni","effect_seeking","c55-h24",0.0675,135,2000
10,8000,70,16,"null","bonferroni","effect_seeking","c55-h24",0.0685,137,2000
11,4000,140,16,"null","bonferroni","effect_seeking","c55-h24",0.07,140,2000
12,8000,140,16,"null","bonferroni","effect_seeking","c55-h24",0.06,120,2000
19,4000,35,16,"homogeneous","bonferroni","effect_seeking","c55-h24",0.0395,79,2000
20,8000,35,16,"homogeneous","bonferroni","effect_seeking","c55-h24",0.034,68,2000
21,4000,70,16,"homogeneous","bonferroni","effect_seeking","c55-h24",0.03,60,2000
22,8000,70,16,"homogeneous","bonferroni","effect_seeking","c55-h24",0.026,52,2000
23,4000,140,16,"homogeneous","bonferroni","effect_seeking","c55-h24",0.0205,41,2000
24,8000,140,16,"homogeneous","bonferroni","effect_seeking","c55-h24",0.019,38,2000
31,4000,35,16,"heterogeneous","bonferroni","effect_seeking","c55-h24",0.0355,71,2000
32,8000,35,16,"heterogeneous","bonferroni","effect_seeking","c55-h24",0.0365,73,2000
33,4000,70,16,"heterogeneous","bonferroni","effect_seeking","c55-h24",0.0355,71,2000
34,8000,70,16,"heterogeneous","bonferroni","effect_seeking","c55-h24",0.029,58,2000
35,4000,140,16,"heterogeneous","bonferroni","effect_seeking","c55-h24",0.02,40,2000
36,8000,140,16,"heterogeneous","bonferroni","effect_seeking","c55-h24",0.017,34,2000
7,4000,35,16,"null","naive","effect_seeking","c55-h24",0.058,116,2000
8,8000,35,16,"null","naive","effect_seeking","c55-h24",0.0615,123,2000
9,4000,70,16,"null","naive","effect_seeking","c55-h24",0.0675,135,2000
10,8000,70,16,"null","naive","effect_seeking","c55-h24",0.0685,137,2000
11,4000,140,16,"null","naive","effect_seeking","c55-h24",0.07,140,2000
12,8000,140,16,"null","naive","effect_seeking","c55-h24",0.06,120,2000
19,4000,35,16,"homogeneous","naive","effect_seeking","c55-h24",0.0395,79,2000
20,8000,35,16,"homogeneous","naive","effect_seeking","c55-h24",0.034,68,2000
21,4000,70,16,"homogeneous","naive","effect_seeking","c55-h24",0.03,60,2000
22,8000,70,16,"homogeneous","naive","effect_seeking","c55-h24",0.026,52,2000
23,4000,140,16,"homogeneous","naive","effect_seeking","c55-h24",0.0205,41,2000
24,8000,140,16,"homogeneous","naive","effect_seeking","c55-h24",0.019,38,2000
31,4000,35,16,"heterogeneous","naive","effect_seeking","c55-h24",0.0355,71,2000
32,8000,35,16,"heterogeneous","naive","effect_seeking","c55-h24",0.0365,73,2000
33,4000,70,16,"heterogeneous","naive","effect_seeking","c55-h24",0.0355,71,2000
34,8000,70,16,"heterogeneous","naive","effect_seeking","c55-h24",0.029,58,2000
35,4000,140,16,"heterogeneous","naive","effect_seeking","c55-h24",0.02,40,2000
36,8000,140,16,"heterogeneous","naive","effect_seeking","c55-h24",0.017,34,2000
7,4000,35,16,"null","bonferroni","prognostic_high","c55-h24",0.0015,3,2000
8,8000,35,16,"null","bonferroni","prognostic_high","c55-h24",0.0045,9,2000
9,4000,70,16,"null","bonferroni","prognostic_high","c55-h24",0.003,6,2000
10,8000,70,16,"null","bonferroni","prognostic_high","c55-h24",0.001,2,2000
19,4000,35,16,"homogeneous","bonferroni","prognostic_high","c55-h24",0.0075,15,2000
20,8000,35,16,"homogeneous","bonferroni","prognostic_high","c55-h24",0.006,12,2000
21,4000,70,16,"homogeneous","bonferroni","prognostic_high","c55-h24",0.0025,5,2000
22,8000,70,16,"homogeneous","bonferroni","prognostic_high","c55-h24",0.0025,5,2000
24,8000,140,16,"homogeneous","bonferroni","prognostic_high","c55-h24",5e-04,1,2000
31,4000,35,16,"heterogeneous","bonferroni","prognostic_high","c55-h24",0.002,4,2000
32,8000,35,16,"heterogeneous","bonferroni","prognostic_high","c55-h24",5e-04,1,2000
33,4000,70,16,"heterogeneous","bonferroni","prognostic_high","c55-h24",5e-04,1,2000
34,8000,70,16,"heterogeneous","bonferroni","prognostic_high","c55-h24",5e-04,1,2000
7,4000,35,16,"null","naive","prognostic_high","c55-h24",0.0015,3,2000
8,8000,35,16,"null","naive","prognostic_high","c55-h24",0.0045,9,2000
9,4000,70,16,"null","naive","prognostic_high","c55-h24",0.003,6,2000
10,8000,70,16,"null","naive","prognostic_high","c55-h24",0.001,2,2000
19,4000,35,16,"homogeneous","naive","prognostic_high","c55-h24",0.0075,15,2000
20,8000,35,16,"homogeneous","naive","prognostic_high","c55-h24",0.006,12,2000
21,4000,70,16,"homogeneous","naive","prognostic_high","c55-h24",0.0025,5,2000
22,8000,70,16,"homogeneous","naive","prognostic_high","c55-h24",0.0025,5,2000
24,8000,140,16,"homogeneous","naive","prognostic_high","c55-h24",5e-04,1,2000
31,4000,35,16,"heterogeneous","naive","prognostic_high","c55-h24",0.002,4,2000
32,8000,35,16,"heterogeneous","naive","prognostic_high","c55-h24",5e-04,1,2000
33,4000,70,16,"heterogeneous","naive","prognostic_high","c55-h24",5e-04,1,2000
34,8000,70,16,"heterogeneous","naive","prognostic_high","c55-h24",5e-04,1,2000
7,4000,35,16,"null","split","prognostic_high","c55-h24",0.0105,21,2000
8,8000,35,16,"null","split","prognostic_high","c55-h24",0.0145,29,2000
9,4000,70,16,"null","split","prognostic_high","c55-h24",0.0055,11,2000
10,8000,70,16,"null","split","prognostic_high","c55-h24",0.0045,9,2000
12,8000,140,16,"null","split","prognostic_high","c55-h24",5e-04,1,2000
19,4000,35,16,"homogeneous","split","prognostic_high","c55-h24",0.0205,41,2000
20,8000,35,16,"homogeneous","split","prognostic_high","c55-h24",0.01,20,2000
21,4000,70,16,"homogeneous","split","prognostic_high","c55-h24",0.008,16,2000
22,8000,70,16,"homogeneous","split","prognostic_high","c55-h24",0.0075,15,2000
23,4000,140,16,"homogeneous","split","prognostic_high","c55-h24",0.002,4,2000
24,8000,140,16,"homogeneous","split","prognostic_high","c55-h24",0.001,2,2000
31,4000,35,16,"heterogeneous","split","prognostic_high","c55-h24",0.01,20,2000
32,8000,35,16,"heterogeneous","split","prognostic_high","c55-h24",0.0085,17,2000
33,4000,70,16,"heterogeneous","split","prognostic_high","c55-h24",0.0035,7,2000
34,8000,70,16,"heterogeneous","split","prognostic_high","c55-h24",0.003,6,2000
7,4000,35,16,"null","bonferroni","prognostic_low","c55-h24",0.012,24,2000
8,8000,35,16,"null","bonferroni","prognostic_low","c55-h24",0.0155,31,2000
9,4000,70,16,"null","bonferroni","prognostic_low","c55-h24",0.0045,9,2000
10,8000,70,16,"null","bonferroni","prognostic_low","c55-h24",0.005,10,2000
11,4000,140,16,"null","bonferroni","prognostic_low","c55-h24",0.0015,3,2000
12,8000,140,16,"null","bonferroni","prognostic_low","c55-h24",0.002,4,2000
19,4000,35,16,"homogeneous","bonferroni","prognostic_low","c55-h24",0.024,48,2000
20,8000,35,16,"homogeneous","bonferroni","prognostic_low","c55-h24",0.0165,33,2000
21,4000,70,16,"homogeneous","bonferroni","prognostic_low","c55-h24",0.0075,15,2000
22,8000,70,16,"homogeneous","bonferroni","prognostic_low","c55-h24",0.006,12,2000
23,4000,140,16,"homogeneous","bonferroni","prognostic_low","c55-h24",0.001,2,2000
24,8000,140,16,"homogeneous","bonferroni","prognostic_low","c55-h24",0.005,10,2000
31,4000,35,16,"heterogeneous","bonferroni","prognostic_low","c55-h24",0.013,26,2000
32,8000,35,16,"heterogeneous","bonferroni","prognostic_low","c55-h24",0.0075,15,2000
33,4000,70,16,"heterogeneous","bonferroni","prognostic_low","c55-h24",0.003,6,2000
34,8000,70,16,"heterogeneous","bonferroni","prognostic_low","c55-h24",0.002,4,2000
35,4000,140,16,"heterogeneous","bonferroni","prognostic_low","c55-h24",5e-04,1,2000
7,4000,35,16,"null","naive","prognostic_low","c55-h24",0.012,24,2000
8,8000,35,16,"null","naive","prognostic_low","c55-h24",0.0155,31,2000
9,4000,70,16,"null","naive","prognostic_low","c55-h24",0.0045,9,2000
10,8000,70,16,"null","naive","prognostic_low","c55-h24",0.005,10,2000
11,4000,140,16,"null","naive","prognostic_low","c55-h24",0.0015,3,2000
12,8000,140,16,"null","naive","prognostic_low","c55-h24",0.002,4,2000
19,4000,35,16,"homogeneous","naive","prognostic_low","c55-h24",0.024,48,2000
20,8000,35,16,"homogeneous","naive","prognostic_low","c55-h24",0.0165,33,2000
21,4000,70,16,"homogeneous","naive","prognostic_low","c55-h24",0.0075,15,2000
22,8000,70,16,"homogeneous","naive","prognostic_low","c55-h24",0.006,12,2000
23,4000,140,16,"homogeneous","naive","prognostic_low","c55-h24",0.001,2,2000
24,8000,140,16,"homogeneous","naive","prognostic_low","c55-h24",0.005,10,2000
31,4000,35,16,"heterogeneous","naive","prognostic_low","c55-h24",0.013,26,2000
32,8000,35,16,"heterogeneous","naive","prognostic_low","c55-h24",0.0075,15,2000
33,4000,70,16,"heterogeneous","naive","prognostic_low","c55-h24",0.003,6,2000
34,8000,70,16,"heterogeneous","naive","prognostic_low","c55-h24",0.002,4,2000
35,4000,140,16,"heterogeneous","naive","prognostic_low","c55-h24",5e-04,1,2000
7,4000,35,16,"null","split","prognostic_low","c55-h24",0.0245,49,2000
8,8000,35,16,"null","split","prognostic_low","c55-h24",0.027,54,2000
9,4000,70,16,"null","split","prognostic_low","c55-h24",0.0155,31,2000
10,8000,70,16,"null","split","prognostic_low","c55-h24",0.011,22,2000
11,4000,140,16,"null","split","prognostic_low","c55-h24",0.005,10,2000
12,8000,140,16,"null","split","prognostic_low","c55-h24",0.007,14,2000
19,4000,35,16,"homogeneous","split","prognostic_low","c55-h24",0.033,66,2000
20,8000,35,16,"homogeneous","split","prognostic_low","c55-h24",0.035,70,2000
21,4000,70,16,"homogeneous","split","prognostic_low","c55-h24",0.02,40,2000
22,8000,70,16,"homogeneous","split","prognostic_low","c55-h24",0.0145,29,2000
23,4000,140,16,"homogeneous","split","prognostic_low","c55-h24",0.0085,17,2000
24,8000,140,16,"homogeneous","split","prognostic_low","c55-h24",0.009,18,2000
31,4000,35,16,"heterogeneous","split","prognostic_low","c55-h24",0.0225,45,2000
32,8000,35,16,"heterogeneous","split","prognostic_low","c55-h24",0.023,46,2000
33,4000,70,16,"heterogeneous","split","prognostic_low","c55-h24",0.008,16,2000
34,8000,70,16,"heterogeneous","split","prognostic_low","c55-h24",0.013,26,2000
35,4000,140,16,"heterogeneous","split","prognostic_low","c55-h24",0.0045,9,2000
36,8000,140,16,"heterogeneous","split","prognostic_low","c55-h24",0.004,8,2000
1,4000,35,4,"null","bonferroni","effect_seeking","c55-h36",0.2525,505,2000
2,8000,35,4,"null","bonferroni","effect_seeking","c55-h36",0.2305,461,2000
3,4000,70,4,"null","bonferroni","effect_seeking","c55-h36",0.2355,471,2000
4,8000,70,4,"null","bonferroni","effect_seeking","c55-h36",0.237,474,2000
5,4000,140,4,"null","bonferroni","effect_seeking","c55-h36",0.238,476,2000
6,8000,140,4,"null","bonferroni","effect_seeking","c55-h36",0.2595,519,2000
7,4000,35,16,"null","bonferroni","effect_seeking","c55-h36",0.0335,67,2000
8,8000,35,16,"null","bonferroni","effect_seeking","c55-h36",0.039,78,2000
9,4000,70,16,"null","bonferroni","effect_seeking","c55-h36",0.0445,89,2000
10,8000,70,16,"null","bonferroni","effect_seeking","c55-h36",0.049,98,2000
11,4000,140,16,"null","bonferroni","effect_seeking","c55-h36",0.038,76,2000
12,8000,140,16,"null","bonferroni","effect_seeking","c55-h36",0.046,92,2000
13,4000,35,4,"homogeneous","bonferroni","effect_seeking","c55-h36",0.141,282,2000
14,8000,35,4,"homogeneous","bonferroni","effect_seeking","c55-h36",0.1505,301,2000
15,4000,70,4,"homogeneous","bonferroni","effect_seeking","c55-h36",0.1035,207,2000
16,8000,70,4,"homogeneous","bonferroni","effect_seeking","c55-h36",0.118,236,2000
17,4000,140,4,"homogeneous","bonferroni","effect_seeking","c55-h36",0.0915,183,2000
18,8000,140,4,"homogeneous","bonferroni","effect_seeking","c55-h36",0.0795,159,2000
19,4000,35,16,"homogeneous","bonferroni","effect_seeking","c55-h36",0.0315,63,2000
20,8000,35,16,"homogeneous","bonferroni","effect_seeking","c55-h36",0.0315,63,2000
21,4000,70,16,"homogeneous","bonferroni","effect_seeking","c55-h36",0.029,58,2000
22,8000,70,16,"homogeneous","bonferroni","effect_seeking","c55-h36",0.026,52,2000
23,4000,140,16,"homogeneous","bonferroni","effect_seeking","c55-h36",0.017,34,2000
24,8000,140,16,"homogeneous","bonferroni","effect_seeking","c55-h36",0.014,28,2000
25,4000,35,4,"heterogeneous","bonferroni","effect_seeking","c55-h36",0.1565,313,2000
26,8000,35,4,"heterogeneous","bonferroni","effect_seeking","c55-h36",0.1465,293,2000
27,4000,70,4,"heterogeneous","bonferroni","effect_seeking","c55-h36",0.119,238,2000
28,8000,70,4,"heterogeneous","bonferroni","effect_seeking","c55-h36",0.1155,231,2000
29,4000,140,4,"heterogeneous","bonferroni","effect_seeking","c55-h36",0.089,178,2000
30,8000,140,4,"heterogeneous","bonferroni","effect_seeking","c55-h36",0.087,174,2000
31,4000,35,16,"heterogeneous","bonferroni","effect_seeking","c55-h36",0.028,56,2000
32,8000,35,16,"heterogeneous","bonferroni","effect_seeking","c55-h36",0.0295,59,2000
33,4000,70,16,"heterogeneous","bonferroni","effect_seeking","c55-h36",0.0175,35,2000
34,8000,70,16,"heterogeneous","bonferroni","effect_seeking","c55-h36",0.019,38,2000
35,4000,140,16,"heterogeneous","bonferroni","effect_seeking","c55-h36",0.0185,37,2000
36,8000,140,16,"heterogeneous","bonferroni","effect_seeking","c55-h36",0.017,34,2000
1,4000,35,4,"null","naive","effect_seeking","c55-h36",0.2525,505,2000
2,8000,35,4,"null","naive","effect_seeking","c55-h36",0.2305,461,2000
3,4000,70,4,"null","naive","effect_seeking","c55-h36",0.2355,471,2000
4,8000,70,4,"null","naive","effect_seeking","c55-h36",0.237,474,2000
5,4000,140,4,"null","naive","effect_seeking","c55-h36",0.238,476,2000
6,8000,140,4,"null","naive","effect_seeking","c55-h36",0.2595,519,2000
7,4000,35,16,"null","naive","effect_seeking","c55-h36",0.0335,67,2000
8,8000,35,16,"null","naive","effect_seeking","c55-h36",0.039,78,2000
9,4000,70,16,"null","naive","effect_seeking","c55-h36",0.0445,89,2000
10,8000,70,16,"null","naive","effect_seeking","c55-h36",0.049,98,2000
11,4000,140,16,"null","naive","effect_seeking","c55-h36",0.038,76,2000
12,8000,140,16,"null","naive","effect_seeking","c55-h36",0.046,92,2000
13,4000,35,4,"homogeneous","naive","effect_seeking","c55-h36",0.141,282,2000
14,8000,35,4,"homogeneous","naive","effect_seeking","c55-h36",0.1505,301,2000
15,4000,70,4,"homogeneous","naive","effect_seeking","c55-h36",0.1035,207,2000
16,8000,70,4,"homogeneous","naive","effect_seeking","c55-h36",0.118,236,2000
17,4000,140,4,"homogeneous","naive","effect_seeking","c55-h36",0.0915,183,2000
18,8000,140,4,"homogeneous","naive","effect_seeking","c55-h36",0.0795,159,2000
19,4000,35,16,"homogeneous","naive","effect_seeking","c55-h36",0.0315,63,2000
20,8000,35,16,"homogeneous","naive","effect_seeking","c55-h36",0.0315,63,2000
21,4000,70,16,"homogeneous","naive","effect_seeking","c55-h36",0.029,58,2000
22,8000,70,16,"homogeneous","naive","effect_seeking","c55-h36",0.026,52,2000
23,4000,140,16,"homogeneous","naive","effect_seeking","c55-h36",0.017,34,2000
24,8000,140,16,"homogeneous","naive","effect_seeking","c55-h36",0.014,28,2000
25,4000,35,4,"heterogeneous","naive","effect_seeking","c55-h36",0.1565,313,2000
26,8000,35,4,"heterogeneous","naive","effect_seeking","c55-h36",0.1465,293,2000
27,4000,70,4,"heterogeneous","naive","effect_seeking","c55-h36",0.119,238,2000
28,8000,70,4,"heterogeneous","naive","effect_seeking","c55-h36",0.1155,231,2000
29,4000,140,4,"heterogeneous","naive","effect_seeking","c55-h36",0.089,178,2000
30,8000,140,4,"heterogeneous","naive","effect_seeking","c55-h36",0.087,174,2000
31,4000,35,16,"heterogeneous","naive","effect_seeking","c55-h36",0.028,56,2000
32,8000,35,16,"heterogeneous","naive","effect_seeking","c55-h36",0.0295,59,2000
33,4000,70,16,"heterogeneous","naive","effect_seeking","c55-h36",0.0175,35,2000
34,8000,70,16,"heterogeneous","naive","effect_seeking","c55-h36",0.019,38,2000
35,4000,140,16,"heterogeneous","naive","effect_seeking","c55-h36",0.0185,37,2000
36,8000,140,16,"heterogeneous","naive","effect_seeking","c55-h36",0.017,34,2000
1,4000,35,4,"null","bonferroni","prognostic_high","c55-h36",0.0535,107,2000
2,8000,35,4,"null","bonferroni","prognostic_high","c55-h36",0.0475,95,2000
3,4000,70,4,"null","bonferroni","prognostic_high","c55-h36",0.018,36,2000
4,8000,70,4,"null","bonferroni","prognostic_high","c55-h36",0.013,26,2000
5,4000,140,4,"null","bonferroni","prognostic_high","c55-h36",0.0025,5,2000
6,8000,140,4,"null","bonferroni","prognostic_high","c55-h36",0.0025,5,2000
7,4000,35,16,"null","bonferroni","prognostic_high","c55-h36",0.009,18,2000
8,8000,35,16,"null","bonferroni","prognostic_high","c55-h36",0.009,18,2000
9,4000,70,16,"null","bonferroni","prognostic_high","c55-h36",0.0045,9,2000
10,8000,70,16,"null","bonferroni","prognostic_high","c55-h36",0.0035,7,2000
11,4000,140,16,"null","bonferroni","prognostic_high","c55-h36",0.001,2,2000
13,4000,35,4,"homogeneous","bonferroni","prognostic_high","c55-h36",0.0745,149,2000
14,8000,35,4,"homogeneous","bonferroni","prognostic_high","c55-h36",0.068,136,2000
15,4000,70,4,"homogeneous","bonferroni","prognostic_high","c55-h36",0.0345,69,2000
16,8000,70,4,"homogeneous","bonferroni","prognostic_high","c55-h36",0.024,48,2000
17,4000,140,4,"homogeneous","bonferroni","prognostic_high","c55-h36",0.0075,15,2000
18,8000,140,4,"homogeneous","bonferroni","prognostic_high","c55-h36",0.005,10,2000
19,4000,35,16,"homogeneous","bonferroni","prognostic_high","c55-h36",0.0125,25,2000
20,8000,35,16,"homogeneous","bonferroni","prognostic_high","c55-h36",0.0135,27,2000
21,4000,70,16,"homogeneous","bonferroni","prognostic_high","c55-h36",0.0055,11,2000
22,8000,70,16,"homogeneous","bonferroni","prognostic_high","c55-h36",0.005,10,2000
23,4000,140,16,"homogeneous","bonferroni","prognostic_high","c55-h36",0.001,2,2000
24,8000,140,16,"homogeneous","bonferroni","prognostic_high","c55-h36",0.001,2,2000
25,4000,35,4,"heterogeneous","bonferroni","prognostic_high","c55-h36",0.045,90,2000
26,8000,35,4,"heterogeneous","bonferroni","prognostic_high","c55-h36",0.0465,93,2000
27,4000,70,4,"heterogeneous","bonferroni","prognostic_high","c55-h36",0.0145,29,2000
28,8000,70,4,"heterogeneous","bonferroni","prognostic_high","c55-h36",0.02,40,2000
29,4000,140,4,"heterogeneous","bonferroni","prognostic_high","c55-h36",0.003,6,2000
30,8000,140,4,"heterogeneous","bonferroni","prognostic_high","c55-h36",0.005,10,2000
31,4000,35,16,"heterogeneous","bonferroni","prognostic_high","c55-h36",0.0125,25,2000
32,8000,35,16,"heterogeneous","bonferroni","prognostic_high","c55-h36",0.0135,27,2000
33,4000,70,16,"heterogeneous","bonferroni","prognostic_high","c55-h36",0.0015,3,2000
34,8000,70,16,"heterogeneous","bonferroni","prognostic_high","c55-h36",0.0015,3,2000
35,4000,140,16,"heterogeneous","bonferroni","prognostic_high","c55-h36",5e-04,1,2000
1,4000,35,4,"null","naive","prognostic_high","c55-h36",0.0535,107,2000
2,8000,35,4,"null","naive","prognostic_high","c55-h36",0.0475,95,2000
3,4000,70,4,"null","naive","prognostic_high","c55-h36",0.018,36,2000
4,8000,70,4,"null","naive","prognostic_high","c55-h36",0.013,26,2000
5,4000,140,4,"null","naive","prognostic_high","c55-h36",0.0025,5,2000
6,8000,140,4,"null","naive","prognostic_high","c55-h36",0.0025,5,2000
7,4000,35,16,"null","naive","prognostic_high","c55-h36",0.009,18,2000
8,8000,35,16,"null","naive","prognostic_high","c55-h36",0.009,18,2000
9,4000,70,16,"null","naive","prognostic_high","c55-h36",0.0045,9,2000
10,8000,70,16,"null","naive","prognostic_high","c55-h36",0.0035,7,2000
11,4000,140,16,"null","naive","prognostic_high","c55-h36",0.001,2,2000
13,4000,35,4,"homogeneous","naive","prognostic_high","c55-h36",0.0745,149,2000
14,8000,35,4,"homogeneous","naive","prognostic_high","c55-h36",0.068,136,2000
15,4000,70,4,"homogeneous","naive","prognostic_high","c55-h36",0.0345,69,2000
16,8000,70,4,"homogeneous","naive","prognostic_high","c55-h36",0.024,48,2000
17,4000,140,4,"homogeneous","naive","prognostic_high","c55-h36",0.0075,15,2000
18,8000,140,4,"homogeneous","naive","prognostic_high","c55-h36",0.005,10,2000
19,4000,35,16,"homogeneous","naive","prognostic_high","c55-h36",0.0125,25,2000
20,8000,35,16,"homogeneous","naive","prognostic_high","c55-h36",0.0135,27,2000
21,4000,70,16,"homogeneous","naive","prognostic_high","c55-h36",0.0055,11,2000
22,8000,70,16,"homogeneous","naive","prognostic_high","c55-h36",0.005,10,2000
23,4000,140,16,"homogeneous","naive","prognostic_high","c55-h36",0.001,2,2000
24,8000,140,16,"homogeneous","naive","prognostic_high","c55-h36",0.001,2,2000
25,4000,35,4,"heterogeneous","naive","prognostic_high","c55-h36",0.045,90,2000
26,8000,35,4,"heterogeneous","naive","prognostic_high","c55-h36",0.0465,93,2000
27,4000,70,4,"heterogeneous","naive","prognostic_high","c55-h36",0.0145,29,2000
28,8000,70,4,"heterogeneous","naive","prognostic_high","c55-h36",0.02,40,2000
29,4000,140,4,"heterogeneous","naive","prognostic_high","c55-h36",0.003,6,2000
30,8000,140,4,"heterogeneous","naive","prognostic_high","c55-h36",0.005,10,2000
31,4000,35,16,"heterogeneous","naive","prognostic_high","c55-h36",0.0125,25,2000
32,8000,35,16,"heterogeneous","naive","prognostic_high","c55-h36",0.0135,27,2000
33,4000,70,16,"heterogeneous","naive","prognostic_high","c55-h36",0.0015,3,2000
34,8000,70,16,"heterogeneous","naive","prognostic_high","c55-h36",0.0015,3,2000
35,4000,140,16,"heterogeneous","naive","prognostic_high","c55-h36",5e-04,1,2000
1,4000,35,4,"null","split","prognostic_high","c55-h36",0.0945,189,2000
2,8000,35,4,"null","split","prognostic_high","c55-h36",0.1025,205,2000
3,4000,70,4,"null","split","prognostic_high","c55-h36",0.044,88,2000
4,8000,70,4,"null","split","prognostic_high","c55-h36",0.052,104,2000
5,4000,140,4,"null","split","prognostic_high","c55-h36",0.0185,37,2000
6,8000,140,4,"null","split","prognostic_high","c55-h36",0.014,28,2000
7,4000,35,16,"null","split","prognostic_high","c55-h36",0.015,30,2000
8,8000,35,16,"null","split","prognostic_high","c55-h36",0.018,36,2000
9,4000,70,16,"null","split","prognostic_high","c55-h36",0.011,22,2000
10,8000,70,16,"null","split","prognostic_high","c55-h36",0.014,28,2000
11,4000,140,16,"null","split","prognostic_high","c55-h36",0.0045,9,2000
12,8000,140,16,"null","split","prognostic_high","c55-h36",0.0045,9,2000
13,4000,35,4,"homogeneous","split","prognostic_high","c55-h36",0.105,210,2000
14,8000,35,4,"homogeneous","split","prognostic_high","c55-h36",0.12,240,2000
15,4000,70,4,"homogeneous","split","prognostic_high","c55-h36",0.0665,133,2000
16,8000,70,4,"homogeneous","split","prognostic_high","c55-h36",0.0545,109,2000
17,4000,140,4,"homogeneous","split","prognostic_high","c55-h36",0.035,70,2000
18,8000,140,4,"homogeneous","split","prognostic_high","c55-h36",0.0305,61,2000
19,4000,35,16,"homogeneous","split","prognostic_high","c55-h36",0.0175,35,2000
20,8000,35,16,"homogeneous","split","prognostic_high","c55-h36",0.0205,41,2000
21,4000,70,16,"homogeneous","split","prognostic_high","c55-h36",0.013,26,2000
22,8000,70,16,"homogeneous","split","prognostic_high","c55-h36",0.0135,27,2000
23,4000,140,16,"homogeneous","split","prognostic_high","c55-h36",0.007,14,2000
24,8000,140,16,"homogeneous","split","prognostic_high","c55-h36",0.0055,11,2000
25,4000,35,4,"heterogeneous","split","prognostic_high","c55-h36",0.085,170,2000
26,8000,35,4,"heterogeneous","split","prognostic_high","c55-h36",0.0785,157,2000
27,4000,70,4,"heterogeneous","split","prognostic_high","c55-h36",0.051,102,2000
28,8000,70,4,"heterogeneous","split","prognostic_high","c55-h36",0.0475,95,2000
29,4000,140,4,"heterogeneous","split","prognostic_high","c55-h36",0.0205,41,2000
30,8000,140,4,"heterogeneous","split","prognostic_high","c55-h36",0.02,40,2000
31,4000,35,16,"heterogeneous","split","prognostic_high","c55-h36",0.0215,43,2000
32,8000,35,16,"heterogeneous","split","prognostic_high","c55-h36",0.0165,33,2000
33,4000,70,16,"heterogeneous","split","prognostic_high","c55-h36",0.011,22,2000
34,8000,70,16,"heterogeneous","split","prognostic_high","c55-h36",0.008,16,2000
35,4000,140,16,"heterogeneous","split","prognostic_high","c55-h36",0.0045,9,2000
36,8000,140,16,"heterogeneous","split","prognostic_high","c55-h36",0.001,2,2000
1,4000,35,4,"null","bonferroni","prognostic_low","c55-h36",0.0955,191,2000
2,8000,35,4,"null","bonferroni","prognostic_low","c55-h36",0.0855,171,2000
3,4000,70,4,"null","bonferroni","prognostic_low","c55-h36",0.05,100,2000
4,8000,70,4,"null","bonferroni","prognostic_low","c55-h36",0.0405,81,2000
5,4000,140,4,"null","bonferroni","prognostic_low","c55-h36",0.017,34,2000
6,8000,140,4,"null","bonferroni","prognostic_low","c55-h36",0.019,38,2000
7,4000,35,16,"null","bonferroni","prognostic_low","c55-h36",0.0145,29,2000
8,8000,35,16,"null","bonferroni","prognostic_low","c55-h36",0.0195,39,2000
9,4000,70,16,"null","bonferroni","prognostic_low","c55-h36",0.006,12,2000
10,8000,70,16,"null","bonferroni","prognostic_low","c55-h36",0.0085,17,2000
11,4000,140,16,"null","bonferroni","prognostic_low","c55-h36",0.002,4,2000
12,8000,140,16,"null","bonferroni","prognostic_low","c55-h36",0.002,4,2000
13,4000,35,4,"homogeneous","bonferroni","prognostic_low","c55-h36",0.111,222,2000
14,8000,35,4,"homogeneous","bonferroni","prognostic_low","c55-h36",0.1135,227,2000
15,4000,70,4,"homogeneous","bonferroni","prognostic_low","c55-h36",0.068,136,2000
16,8000,70,4,"homogeneous","bonferroni","prognostic_low","c55-h36",0.052,104,2000
17,4000,140,4,"homogeneous","bonferroni","prognostic_low","c55-h36",0.0325,65,2000
18,8000,140,4,"homogeneous","bonferroni","prognostic_low","c55-h36",0.0235,47,2000
19,4000,35,16,"homogeneous","bonferroni","prognostic_low","c55-h36",0.0195,39,2000
20,8000,35,16,"homogeneous","bonferroni","prognostic_low","c55-h36",0.021,42,2000
21,4000,70,16,"homogeneous","bonferroni","prognostic_low","c55-h36",0.0125,25,2000
22,8000,70,16,"homogeneous","bonferroni","prognostic_low","c55-h36",0.0125,25,2000
23,4000,140,16,"homogeneous","bonferroni","prognostic_low","c55-h36",0.0065,13,2000
24,8000,140,16,"homogeneous","bonferroni","prognostic_low","c55-h36",0.0045,9,2000
25,4000,35,4,"heterogeneous","bonferroni","prognostic_low","c55-h36",0.0815,163,2000
26,8000,35,4,"heterogeneous","bonferroni","prognostic_low","c55-h36",0.0705,141,2000
27,4000,70,4,"heterogeneous","bonferroni","prognostic_low","c55-h36",0.037,74,2000
28,8000,70,4,"heterogeneous","bonferroni","prognostic_low","c55-h36",0.038,76,2000
29,4000,140,4,"heterogeneous","bonferroni","prognostic_low","c55-h36",0.012,24,2000
30,8000,140,4,"heterogeneous","bonferroni","prognostic_low","c55-h36",0.013,26,2000
31,4000,35,16,"heterogeneous","bonferroni","prognostic_low","c55-h36",0.023,46,2000
32,8000,35,16,"heterogeneous","bonferroni","prognostic_low","c55-h36",0.0215,43,2000
33,4000,70,16,"heterogeneous","bonferroni","prognostic_low","c55-h36",0.0065,13,2000
34,8000,70,16,"heterogeneous","bonferroni","prognostic_low","c55-h36",0.0095,19,2000
35,4000,140,16,"heterogeneous","bonferroni","prognostic_low","c55-h36",0.0035,7,2000
36,8000,140,16,"heterogeneous","bonferroni","prognostic_low","c55-h36",0.0015,3,2000
1,4000,35,4,"null","naive","prognostic_low","c55-h36",0.0955,191,2000
2,8000,35,4,"null","naive","prognostic_low","c55-h36",0.0855,171,2000
3,4000,70,4,"null","naive","prognostic_low","c55-h36",0.05,100,2000
4,8000,70,4,"null","naive","prognostic_low","c55-h36",0.0405,81,2000
5,4000,140,4,"null","naive","prognostic_low","c55-h36",0.017,34,2000
6,8000,140,4,"null","naive","prognostic_low","c55-h36",0.019,38,2000
7,4000,35,16,"null","naive","prognostic_low","c55-h36",0.0145,29,2000
8,8000,35,16,"null","naive","prognostic_low","c55-h36",0.0195,39,2000
9,4000,70,16,"null","naive","prognostic_low","c55-h36",0.006,12,2000
10,8000,70,16,"null","naive","prognostic_low","c55-h36",0.0085,17,2000
11,4000,140,16,"null","naive","prognostic_low","c55-h36",0.002,4,2000
12,8000,140,16,"null","naive","prognostic_low","c55-h36",0.002,4,2000
13,4000,35,4,"homogeneous","naive","prognostic_low","c55-h36",0.111,222,2000
14,8000,35,4,"homogeneous","naive","prognostic_low","c55-h36",0.1135,227,2000
15,4000,70,4,"homogeneous","naive","prognostic_low","c55-h36",0.068,136,2000
16,8000,70,4,"homogeneous","naive","prognostic_low","c55-h36",0.052,104,2000
17,4000,140,4,"homogeneous","naive","prognostic_low","c55-h36",0.0325,65,2000
18,8000,140,4,"homogeneous","naive","prognostic_low","c55-h36",0.0235,47,2000
19,4000,35,16,"homogeneous","naive","prognostic_low","c55-h36",0.0195,39,2000
20,8000,35,16,"homogeneous","naive","prognostic_low","c55-h36",0.021,42,2000
21,4000,70,16,"homogeneous","naive","prognostic_low","c55-h36",0.0125,25,2000
22,8000,70,16,"homogeneous","naive","prognostic_low","c55-h36",0.0125,25,2000
23,4000,140,16,"homogeneous","naive","prognostic_low","c55-h36",0.0065,13,2000
24,8000,140,16,"homogeneous","naive","prognostic_low","c55-h36",0.0045,9,2000
25,4000,35,4,"heterogeneous","naive","prognostic_low","c55-h36",0.0815,163,2000
26,8000,35,4,"heterogeneous","naive","prognostic_low","c55-h36",0.0705,141,2000
27,4000,70,4,"heterogeneous","naive","prognostic_low","c55-h36",0.037,74,2000
28,8000,70,4,"heterogeneous","naive","prognostic_low","c55-h36",0.038,76,2000
29,4000,140,4,"heterogeneous","naive","prognostic_low","c55-h36",0.012,24,2000
30,8000,140,4,"heterogeneous","naive","prognostic_low","c55-h36",0.013,26,2000
31,4000,35,16,"heterogeneous","naive","prognostic_low","c55-h36",0.023,46,2000
32,8000,35,16,"heterogeneous","naive","prognostic_low","c55-h36",0.0215,43,2000
33,4000,70,16,"heterogeneous","naive","prognostic_low","c55-h36",0.0065,13,2000
34,8000,70,16,"heterogeneous","naive","prognostic_low","c55-h36",0.0095,19,2000
35,4000,140,16,"heterogeneous","naive","prognostic_low","c55-h36",0.0035,7,2000
36,8000,140,16,"heterogeneous","naive","prognostic_low","c55-h36",0.0015,3,2000
1,4000,35,4,"null","split","prognostic_low","c55-h36",0.1475,295,2000
2,8000,35,4,"null","split","prognostic_low","c55-h36",0.138,276,2000
3,4000,70,4,"null","split","prognostic_low","c55-h36",0.0935,187,2000
4,8000,70,4,"null","split","prognostic_low","c55-h36",0.087,174,2000
5,4000,140,4,"null","split","prognostic_low","c55-h36",0.0515,103,2000
6,8000,140,4,"null","split","prognostic_low","c55-h36",0.04,80,2000
7,4000,35,16,"null","split","prognostic_low","c55-h36",0.0245,49,2000
8,8000,35,16,"null","split","prognostic_low","c55-h36",0.024,48,2000
9,4000,70,16,"null","split","prognostic_low","c55-h36",0.018,36,2000
10,8000,70,16,"null","split","prognostic_low","c55-h36",0.0165,33,2000
11,4000,140,16,"null","split","prognostic_low","c55-h36",0.0115,23,2000
12,8000,140,16,"null","split","prognostic_low","c55-h36",0.0095,19,2000
13,4000,35,4,"homogeneous","split","prognostic_low","c55-h36",0.157,314,2000
14,8000,35,4,"homogeneous","split","prognostic_low","c55-h36",0.1725,345,2000
15,4000,70,4,"homogeneous","split","prognostic_low","c55-h36",0.106,212,2000
16,8000,70,4,"homogeneous","split","prognostic_low","c55-h36",0.1085,217,2000
17,4000,140,4,"homogeneous","split","prognostic_low","c55-h36",0.0725,145,2000
18,8000,140,4,"homogeneous","split","prognostic_low","c55-h36",0.0615,123,2000
19,4000,35,16,"homogeneous","split","prognostic_low","c55-h36",0.025,50,2000
20,8000,35,16,"homogeneous","split","prognostic_low","c55-h36",0.026,52,2000
21,4000,70,16,"homogeneous","split","prognostic_low","c55-h36",0.0215,43,2000
22,8000,70,16,"homogeneous","split","prognostic_low","c55-h36",0.0195,39,2000
23,4000,140,16,"homogeneous","split","prognostic_low","c55-h36",0.0145,29,2000
24,8000,140,16,"homogeneous","split","prognostic_low","c55-h36",0.014,28,2000
25,4000,35,4,"heterogeneous","split","prognostic_low","c55-h36",0.1285,257,2000
26,8000,35,4,"heterogeneous","split","prognostic_low","c55-h36",0.113,226,2000
27,4000,70,4,"heterogeneous","split","prognostic_low","c55-h36",0.079,158,2000
28,8000,70,4,"heterogeneous","split","prognostic_low","c55-h36",0.077,154,2000
29,4000,140,4,"heterogeneous","split","prognostic_low","c55-h36",0.0465,93,2000
30,8000,140,4,"heterogeneous","split","prognostic_low","c55-h36",0.045,90,2000
31,4000,35,16,"heterogeneous","split","prognostic_low","c55-h36",0.03,60,2000
32,8000,35,16,"heterogeneous","split","prognostic_low","c55-h36",0.025,50,2000
33,4000,70,16,"heterogeneous","split","prognostic_low","c55-h36",0.019,38,2000
34,8000,70,16,"heterogeneous","split","prognostic_low","c55-h36",0.0195,39,2000
35,4000,140,16,"heterogeneous","split","prognostic_low","c55-h36",0.009,18,2000
36,8000,140,16,"heterogeneous","split","prognostic_low","c55-h36",0.005,10,2000
3,4000,70,4,"null","bonferroni","workability","c55-h36",0.5065,1013,2000
4,8000,70,4,"null","bonferroni","workability","c55-h36",0.503,1006,2000
5,4000,140,4,"null","bonferroni","workability","c55-h36",1,2000,2000
6,8000,140,4,"null","bonferroni","workability","c55-h36",1,2000,2000
9,4000,70,16,"null","bonferroni","workability","c55-h36",0.016,32,2000
10,8000,70,16,"null","bonferroni","workability","c55-h36",0.0115,23,2000
15,4000,70,4,"homogeneous","bonferroni","workability","c55-h36",0.0955,191,2000
16,8000,70,4,"homogeneous","bonferroni","workability","c55-h36",0.1005,201,2000
17,4000,140,4,"homogeneous","bonferroni","workability","c55-h36",1,2000,2000
18,8000,140,4,"homogeneous","bonferroni","workability","c55-h36",1,2000,2000
21,4000,70,16,"homogeneous","bonferroni","workability","c55-h36",0.0145,29,2000
22,8000,70,16,"homogeneous","bonferroni","workability","c55-h36",0.0125,25,2000
27,4000,70,4,"heterogeneous","bonferroni","workability","c55-h36",0.42,840,2000
28,8000,70,4,"heterogeneous","bonferroni","workability","c55-h36",0.407,814,2000
29,4000,140,4,"heterogeneous","bonferroni","workability","c55-h36",1,2000,2000
30,8000,140,4,"heterogeneous","bonferroni","workability","c55-h36",1,2000,2000
33,4000,70,16,"heterogeneous","bonferroni","workability","c55-h36",0.006,12,2000
34,8000,70,16,"heterogeneous","bonferroni","workability","c55-h36",0.0055,11,2000
3,4000,70,4,"null","naive","workability","c55-h36",0.5065,1013,2000
4,8000,70,4,"null","naive","workability","c55-h36",0.503,1006,2000
5,4000,140,4,"null","naive","workability","c55-h36",1,2000,2000
6,8000,140,4,"null","naive","workability","c55-h36",1,2000,2000
9,4000,70,16,"null","naive","workability","c55-h36",0.016,32,2000
10,8000,70,16,"null","naive","workability","c55-h36",0.0115,23,2000
15,4000,70,4,"homogeneous","naive","workability","c55-h36",0.0955,191,2000
16,8000,70,4,"homogeneous","naive","workability","c55-h36",0.1005,201,2000
17,4000,140,4,"homogeneous","naive","workability","c55-h36",1,2000,2000
18,8000,140,4,"homogeneous","naive","workability","c55-h36",1,2000,2000
21,4000,70,16,"homogeneous","naive","workability","c55-h36",0.0145,29,2000
22,8000,70,16,"homogeneous","naive","workability","c55-h36",0.0125,25,2000
27,4000,70,4,"heterogeneous","naive","workability","c55-h36",0.42,840,2000
28,8000,70,4,"heterogeneous","naive","workability","c55-h36",0.407,814,2000
29,4000,140,4,"heterogeneous","naive","workability","c55-h36",1,2000,2000
30,8000,140,4,"heterogeneous","naive","workability","c55-h36",1,2000,2000
33,4000,70,16,"heterogeneous","naive","workability","c55-h36",0.006,12,2000
34,8000,70,16,"heterogeneous","naive","workability","c55-h36",0.0055,11,2000
3,4000,70,4,"null","split","workability","c55-h36",0.5065,1013,2000
4,8000,70,4,"null","split","workability","c55-h36",0.5235,1047,2000
5,4000,140,4,"null","split","workability","c55-h36",1,2000,2000
6,8000,140,4,"null","split","workability","c55-h36",1,2000,2000
9,4000,70,16,"null","split","workability","c55-h36",0.0405,81,2000
10,8000,70,16,"null","split","workability","c55-h36",0.0305,61,2000
15,4000,70,4,"homogeneous","split","workability","c55-h36",0.191,382,2000
16,8000,70,4,"homogeneous","split","workability","c55-h36",0.1815,363,2000
17,4000,140,4,"homogeneous","split","workability","c55-h36",1,2000,2000
18,8000,140,4,"homogeneous","split","workability","c55-h36",1,2000,2000
21,4000,70,16,"homogeneous","split","workability","c55-h36",0.032,64,2000
22,8000,70,16,"homogeneous","split","workability","c55-h36",0.0285,57,2000
25,4000,35,4,"heterogeneous","split","workability","c55-h36",5e-04,1,2000
26,8000,35,4,"heterogeneous","split","workability","c55-h36",0.001,2,2000
27,4000,70,4,"heterogeneous","split","workability","c55-h36",0.456,912,2000
28,8000,70,4,"heterogeneous","split","workability","c55-h36",0.468,936,2000
29,4000,140,4,"heterogeneous","split","workability","c55-h36",1,2000,2000
30,8000,140,4,"heterogeneous","split","workability","c55-h36",1,2000,2000
33,4000,70,16,"heterogeneous","split","workability","c55-h36",0.0225,45,2000
34,8000,70,16,"heterogeneous","split","workability","c55-h36",0.0185,37,2000
7,4000,35,16,"null","bonferroni","effect_seeking","c55-h48",0.0415,83,2000
8,8000,35,16,"null","bonferroni","effect_seeking","c55-h48",0.046,92,2000
9,4000,70,16,"null","bonferroni","effect_seeking","c55-h48",0.037,74,2000
10,8000,70,16,"null","bonferroni","effect_seeking","c55-h48",0.038,76,2000
11,4000,140,16,"null","bonferroni","effect_seeking","c55-h48",0.0435,87,2000
12,8000,140,16,"null","bonferroni","effect_seeking","c55-h48",0.037,74,2000
19,4000,35,16,"homogeneous","bonferroni","effect_seeking","c55-h48",0.032,64,2000
20,8000,35,16,"homogeneous","bonferroni","effect_seeking","c55-h48",0.0365,73,2000
21,4000,70,16,"homogeneous","bonferroni","effect_seeking","c55-h48",0.033,66,2000
22,8000,70,16,"homogeneous","bonferroni","effect_seeking","c55-h48",0.0315,63,2000
23,4000,140,16,"homogeneous","bonferroni","effect_seeking","c55-h48",0.0345,69,2000
24,8000,140,16,"homogeneous","bonferroni","effect_seeking","c55-h48",0.03,60,2000
31,4000,35,16,"heterogeneous","bonferroni","effect_seeking","c55-h48",0.0245,49,2000
32,8000,35,16,"heterogeneous","bonferroni","effect_seeking","c55-h48",0.023,46,2000
33,4000,70,16,"heterogeneous","bonferroni","effect_seeking","c55-h48",0.0165,33,2000
34,8000,70,16,"heterogeneous","bonferroni","effect_seeking","c55-h48",0.0145,29,2000
35,4000,140,16,"heterogeneous","bonferroni","effect_seeking","c55-h48",0.014,28,2000
36,8000,140,16,"heterogeneous","bonferroni","effect_seeking","c55-h48",0.015,30,2000
7,4000,35,16,"null","naive","effect_seeking","c55-h48",0.0415,83,2000
8,8000,35,16,"null","naive","effect_seeking","c55-h48",0.046,92,2000
9,4000,70,16,"null","naive","effect_seeking","c55-h48",0.037,74,2000
10,8000,70,16,"null","naive","effect_seeking","c55-h48",0.038,76,2000
11,4000,140,16,"null","naive","effect_seeking","c55-h48",0.0435,87,2000
12,8000,140,16,"null","naive","effect_seeking","c55-h48",0.037,74,2000
19,4000,35,16,"homogeneous","naive","effect_seeking","c55-h48",0.032,64,2000
20,8000,35,16,"homogeneous","naive","effect_seeking","c55-h48",0.0365,73,2000
21,4000,70,16,"homogeneous","naive","effect_seeking","c55-h48",0.033,66,2000
22,8000,70,16,"homogeneous","naive","effect_seeking","c55-h48",0.0315,63,2000
23,4000,140,16,"homogeneous","naive","effect_seeking","c55-h48",0.0345,69,2000
24,8000,140,16,"homogeneous","naive","effect_seeking","c55-h48",0.03,60,2000
31,4000,35,16,"heterogeneous","naive","effect_seeking","c55-h48",0.0245,49,2000
32,8000,35,16,"heterogeneous","naive","effect_seeking","c55-h48",0.023,46,2000
33,4000,70,16,"heterogeneous","naive","effect_seeking","c55-h48",0.0165,33,2000
34,8000,70,16,"heterogeneous","naive","effect_seeking","c55-h48",0.0145,29,2000
35,4000,140,16,"heterogeneous","naive","effect_seeking","c55-h48",0.014,28,2000
36,8000,140,16,"heterogeneous","naive","effect_seeking","c55-h48",0.015,30,2000
7,4000,35,16,"null","bonferroni","prognostic_high","c55-h48",0.021,42,2000
8,8000,35,16,"null","bonferroni","prognostic_high","c55-h48",0.026,52,2000
9,4000,70,16,"null","bonferroni","prognostic_high","c55-h48",0.0215,43,2000
10,8000,70,16,"null","bonferroni","prognostic_high","c55-h48",0.015,30,2000
11,4000,140,16,"null","bonferroni","prognostic_high","c55-h48",0.01,20,2000
12,8000,140,16,"null","bonferroni","prognostic_high","c55-h48",0.004,8,2000
19,4000,35,16,"homogeneous","bonferroni","prognostic_high","c55-h48",0.037,74,2000
20,8000,35,16,"homogeneous","bonferroni","prognostic_high","c55-h48",0.028,56,2000
21,4000,70,16,"homogeneous","bonferroni","prognostic_high","c55-h48",0.0195,39,2000
22,8000,70,16,"homogeneous","bonferroni","prognostic_high","c55-h48",0.022,44,2000
23,4000,140,16,"homogeneous","bonferroni","prognostic_high","c55-h48",0.013,26,2000
24,8000,140,16,"homogeneous","bonferroni","prognostic_high","c55-h48",0.0085,17,2000
31,4000,35,16,"heterogeneous","bonferroni","prognostic_high","c55-h48",0.0215,43,2000
32,8000,35,16,"heterogeneous","bonferroni","prognostic_high","c55-h48",0.022,44,2000
33,4000,70,16,"heterogeneous","bonferroni","prognostic_high","c55-h48",0.014,28,2000
34,8000,70,16,"heterogeneous","bonferroni","prognostic_high","c55-h48",0.0245,49,2000
35,4000,140,16,"heterogeneous","bonferroni","prognostic_high","c55-h48",0.0085,17,2000
36,8000,140,16,"heterogeneous","bonferroni","prognostic_high","c55-h48",0.006,12,2000
7,4000,35,16,"null","naive","prognostic_high","c55-h48",0.021,42,2000
8,8000,35,16,"null","naive","prognostic_high","c55-h48",0.026,52,2000
9,4000,70,16,"null","naive","prognostic_high","c55-h48",0.0215,43,2000
10,8000,70,16,"null","naive","prognostic_high","c55-h48",0.015,30,2000
11,4000,140,16,"null","naive","prognostic_high","c55-h48",0.01,20,2000
12,8000,140,16,"null","naive","prognostic_high","c55-h48",0.004,8,2000
19,4000,35,16,"homogeneous","naive","prognostic_high","c55-h48",0.037,74,2000
20,8000,35,16,"homogeneous","naive","prognostic_high","c55-h48",0.028,56,2000
21,4000,70,16,"homogeneous","naive","prognostic_high","c55-h48",0.0195,39,2000
22,8000,70,16,"homogeneous","naive","prognostic_high","c55-h48",0.022,44,2000
23,4000,140,16,"homogeneous","naive","prognostic_high","c55-h48",0.013,26,2000
24,8000,140,16,"homogeneous","naive","prognostic_high","c55-h48",0.0085,17,2000
31,4000,35,16,"heterogeneous","naive","prognostic_high","c55-h48",0.0215,43,2000
32,8000,35,16,"heterogeneous","naive","prognostic_high","c55-h48",0.022,44,2000
33,4000,70,16,"heterogeneous","naive","prognostic_high","c55-h48",0.014,28,2000
34,8000,70,16,"heterogeneous","naive","prognostic_high","c55-h48",0.0245,49,2000
35,4000,140,16,"heterogeneous","naive","prognostic_high","c55-h48",0.0085,17,2000
36,8000,140,16,"heterogeneous","naive","prognostic_high","c55-h48",0.006,12,2000
7,4000,35,16,"null","split","prognostic_high","c55-h48",0.0375,75,2000
8,8000,35,16,"null","split","prognostic_high","c55-h48",0.0295,59,2000
9,4000,70,16,"null","split","prognostic_high","c55-h48",0.0285,57,2000
10,8000,70,16,"null","split","prognostic_high","c55-h48",0.024,48,2000
11,4000,140,16,"null","split","prognostic_high","c55-h48",0.021,42,2000
12,8000,140,16,"null","split","prognostic_high","c55-h48",0.0165,33,2000
19,4000,35,16,"homogeneous","split","prognostic_high","c55-h48",0.0415,83,2000
20,8000,35,16,"homogeneous","split","prognostic_high","c55-h48",0.0335,67,2000
21,4000,70,16,"homogeneous","split","prognostic_high","c55-h48",0.037,74,2000
22,8000,70,16,"homogeneous","split","prognostic_high","c55-h48",0.029,58,2000
23,4000,140,16,"homogeneous","split","prognostic_high","c55-h48",0.018,36,2000
24,8000,140,16,"homogeneous","split","prognostic_high","c55-h48",0.022,44,2000
31,4000,35,16,"heterogeneous","split","prognostic_high","c55-h48",0.0355,71,2000
32,8000,35,16,"heterogeneous","split","prognostic_high","c55-h48",0.0305,61,2000
33,4000,70,16,"heterogeneous","split","prognostic_high","c55-h48",0.029,58,2000
34,8000,70,16,"heterogeneous","split","prognostic_high","c55-h48",0.026,52,2000
35,4000,140,16,"heterogeneous","split","prognostic_high","c55-h48",0.015,30,2000
36,8000,140,16,"heterogeneous","split","prognostic_high","c55-h48",0.018,36,2000
7,4000,35,16,"null","bonferroni","prognostic_low","c55-h48",0.0355,71,2000
8,8000,35,16,"null","bonferroni","prognostic_low","c55-h48",0.0305,61,2000
9,4000,70,16,"null","bonferroni","prognostic_low","c55-h48",0.024,48,2000
10,8000,70,16,"null","bonferroni","prognostic_low","c55-h48",0.023,46,2000
11,4000,140,16,"null","bonferroni","prognostic_low","c55-h48",0.011,22,2000
12,8000,140,16,"null","bonferroni","prognostic_low","c55-h48",0.0125,25,2000
19,4000,35,16,"homogeneous","bonferroni","prognostic_low","c55-h48",0.0315,63,2000
20,8000,35,16,"homogeneous","bonferroni","prognostic_low","c55-h48",0.031,62,2000
21,4000,70,16,"homogeneous","bonferroni","prognostic_low","c55-h48",0.0245,49,2000
22,8000,70,16,"homogeneous","bonferroni","prognostic_low","c55-h48",0.03,60,2000
23,4000,140,16,"homogeneous","bonferroni","prognostic_low","c55-h48",0.015,30,2000
24,8000,140,16,"homogeneous","bonferroni","prognostic_low","c55-h48",0.011,22,2000
31,4000,35,16,"heterogeneous","bonferroni","prognostic_low","c55-h48",0.0355,71,2000
32,8000,35,16,"heterogeneous","bonferroni","prognostic_low","c55-h48",0.0225,45,2000
33,4000,70,16,"heterogeneous","bonferroni","prognostic_low","c55-h48",0.026,52,2000
34,8000,70,16,"heterogeneous","bonferroni","prognostic_low","c55-h48",0.022,44,2000
35,4000,140,16,"heterogeneous","bonferroni","prognostic_low","c55-h48",0.008,16,2000
36,8000,140,16,"heterogeneous","bonferroni","prognostic_low","c55-h48",0.01,20,2000
7,4000,35,16,"null","naive","prognostic_low","c55-h48",0.0355,71,2000
8,8000,35,16,"null","naive","prognostic_low","c55-h48",0.0305,61,2000
9,4000,70,16,"null","naive","prognostic_low","c55-h48",0.024,48,2000
10,8000,70,16,"null","naive","prognostic_low","c55-h48",0.023,46,2000
11,4000,140,16,"null","naive","prognostic_low","c55-h48",0.011,22,2000
12,8000,140,16,"null","naive","prognostic_low","c55-h48",0.0125,25,2000
19,4000,35,16,"homogeneous","naive","prognostic_low","c55-h48",0.0315,63,2000
20,8000,35,16,"homogeneous","naive","prognostic_low","c55-h48",0.031,62,2000
21,4000,70,16,"homogeneous","naive","prognostic_low","c55-h48",0.0245,49,2000
22,8000,70,16,"homogeneous","naive","prognostic_low","c55-h48",0.03,60,2000
23,4000,140,16,"homogeneous","naive","prognostic_low","c55-h48",0.015,30,2000
24,8000,140,16,"homogeneous","naive","prognostic_low","c55-h48",0.011,22,2000
31,4000,35,16,"heterogeneous","naive","prognostic_low","c55-h48",0.0355,71,2000
32,8000,35,16,"heterogeneous","naive","prognostic_low","c55-h48",0.0225,45,2000
33,4000,70,16,"heterogeneous","naive","prognostic_low","c55-h48",0.026,52,2000
34,8000,70,16,"heterogeneous","naive","prognostic_low","c55-h48",0.022,44,2000
35,4000,140,16,"heterogeneous","naive","prognostic_low","c55-h48",0.008,16,2000
36,8000,140,16,"heterogeneous","naive","prognostic_low","c55-h48",0.01,20,2000
7,4000,35,16,"null","split","prognostic_low","c55-h48",0.0345,69,2000
8,8000,35,16,"null","split","prognostic_low","c55-h48",0.0345,69,2000
9,4000,70,16,"null","split","prognostic_low","c55-h48",0.035,70,2000
10,8000,70,16,"null","split","prognostic_low","c55-h48",0.0345,69,2000
11,4000,140,16,"null","split","prognostic_low","c55-h48",0.021,42,2000
12,8000,140,16,"null","split","prognostic_low","c55-h48",0.019,38,2000
19,4000,35,16,"homogeneous","split","prognostic_low","c55-h48",0.0435,87,2000
20,8000,35,16,"homogeneous","split","prognostic_low","c55-h48",0.0345,69,2000
21,4000,70,16,"homogeneous","split","prognostic_low","c55-h48",0.036,72,2000
22,8000,70,16,"homogeneous","split","prognostic_low","c55-h48",0.037,74,2000
23,4000,140,16,"homogeneous","split","prognostic_low","c55-h48",0.026,52,2000
24,8000,140,16,"homogeneous","split","prognostic_low","c55-h48",0.025,50,2000
31,4000,35,16,"heterogeneous","split","prognostic_low","c55-h48",0.0345,69,2000
32,8000,35,16,"heterogeneous","split","prognostic_low","c55-h48",0.033,66,2000
33,4000,70,16,"heterogeneous","split","prognostic_low","c55-h48",0.034,68,2000
34,8000,70,16,"heterogeneous","split","prognostic_low","c55-h48",0.029,58,2000
35,4000,140,16,"heterogeneous","split","prognostic_low","c55-h48",0.0195,39,2000
36,8000,140,16,"heterogeneous","split","prognostic_low","c55-h48",0.023,46,2000
7,4000,35,16,"null","bonferroni","workability","c55-h48",0.001,2,2000
8,8000,35,16,"null","bonferroni","workability","c55-h48",5e-04,1,2000
9,4000,70,16,"null","bonferroni","workability","c55-h48",0.1025,205,2000
10,8000,70,16,"null","bonferroni","workability","c55-h48",0.1015,203,2000
21,4000,70,16,"homogeneous","bonferroni","workability","c55-h48",0.472,944,2000
22,8000,70,16,"homogeneous","bonferroni","workability","c55-h48",0.4475,895,2000
31,4000,35,16,"heterogeneous","bonferroni","workability","c55-h48",5e-04,1,2000
32,8000,35,16,"heterogeneous","bonferroni","workability","c55-h48",5e-04,1,2000
33,4000,70,16,"heterogeneous","bonferroni","workability","c55-h48",0.0915,183,2000
34,8000,70,16,"heterogeneous","bonferroni","workability","c55-h48",0.0915,183,2000
7,4000,35,16,"null","naive","workability","c55-h48",0.001,2,2000
8,8000,35,16,"null","naive","workability","c55-h48",5e-04,1,2000
9,4000,70,16,"null","naive","workability","c55-h48",0.1025,205,2000
10,8000,70,16,"null","naive","workability","c55-h48",0.1015,203,2000
21,4000,70,16,"homogeneous","naive","workability","c55-h48",0.472,944,2000
22,8000,70,16,"homogeneous","naive","workability","c55-h48",0.4475,895,2000
31,4000,35,16,"heterogeneous","naive","workability","c55-h48",5e-04,1,2000
32,8000,35,16,"heterogeneous","naive","workability","c55-h48",5e-04,1,2000
33,4000,70,16,"heterogeneous","naive","workability","c55-h48",0.0915,183,2000
34,8000,70,16,"heterogeneous","naive","workability","c55-h48",0.0915,183,2000
7,4000,35,16,"null","split","workability","c55-h48",0.013,26,2000
8,8000,35,16,"null","split","workability","c55-h48",0.019,38,2000
9,4000,70,16,"null","split","workability","c55-h48",0.1355,271,2000
10,8000,70,16,"null","split","workability","c55-h48",0.137,274,2000
20,8000,35,16,"homogeneous","split","workability","c55-h48",0.001,2,2000
21,4000,70,16,"homogeneous","split","workability","c55-h48",0.3395,679,2000
22,8000,70,16,"homogeneous","split","workability","c55-h48",0.3135,627,2000
31,4000,35,16,"heterogeneous","split","workability","c55-h48",0.0065,13,2000
32,8000,35,16,"heterogeneous","split","workability","c55-h48",0.008,16,2000
33,4000,70,16,"heterogeneous","split","workability","c55-h48",0.1265,253,2000
34,8000,70,16,"heterogeneous","split","workability","c55-h48",0.118,236,2000
1,4000,35,4,"null","bonferroni","effect_seeking","c55-h60",0.237,474,2000
2,8000,35,4,"null","bonferroni","effect_seeking","c55-h60",0.2505,501,2000
3,4000,70,4,"null","bonferroni","effect_seeking","c55-h60",0.2405,481,2000
4,8000,70,4,"null","bonferroni","effect_seeking","c55-h60",0.24,480,2000
5,4000,140,4,"null","bonferroni","effect_seeking","c55-h60",0.259,518,2000
6,8000,140,4,"null","bonferroni","effect_seeking","c55-h60",0.243,486,2000
7,4000,35,16,"null","bonferroni","effect_seeking","c55-h60",0.0535,107,2000
8,8000,35,16,"null","bonferroni","effect_seeking","c55-h60",0.068,136,2000
9,4000,70,16,"null","bonferroni","effect_seeking","c55-h60",0.054,108,2000
10,8000,70,16,"null","bonferroni","effect_seeking","c55-h60",0.0605,121,2000
11,4000,140,16,"null","bonferroni","effect_seeking","c55-h60",0.058,116,2000
12,8000,140,16,"null","bonferroni","effect_seeking","c55-h60",0.062,124,2000
13,4000,35,4,"homogeneous","bonferroni","effect_seeking","c55-h60",0.226,452,2000
14,8000,35,4,"homogeneous","bonferroni","effect_seeking","c55-h60",0.237,474,2000
15,4000,70,4,"homogeneous","bonferroni","effect_seeking","c55-h60",0.245,490,2000
16,8000,70,4,"homogeneous","bonferroni","effect_seeking","c55-h60",0.239,478,2000
17,4000,140,4,"homogeneous","bonferroni","effect_seeking","c55-h60",0.228,456,2000
18,8000,140,4,"homogeneous","bonferroni","effect_seeking","c55-h60",0.2085,417,2000
19,4000,35,16,"homogeneous","bonferroni","effect_seeking","c55-h60",0.078,156,2000
20,8000,35,16,"homogeneous","bonferroni","effect_seeking","c55-h60",0.0735,147,2000
21,4000,70,16,"homogeneous","bonferroni","effect_seeking","c55-h60",0.064,128,2000
22,8000,70,16,"homogeneous","bonferroni","effect_seeking","c55-h60",0.081,162,2000
23,4000,140,16,"homogeneous","bonferroni","effect_seeking","c55-h60",0.081,162,2000
24,8000,140,16,"homogeneous","bonferroni","effect_seeking","c55-h60",0.0785,157,2000
25,4000,35,4,"heterogeneous","bonferroni","effect_seeking","c55-h60",0.144,288,2000
26,8000,35,4,"heterogeneous","bonferroni","effect_seeking","c55-h60",0.1545,309,2000
27,4000,70,4,"heterogeneous","bonferroni","effect_seeking","c55-h60",0.1345,269,2000
28,8000,70,4,"heterogeneous","bonferroni","effect_seeking","c55-h60",0.1265,253,2000
29,4000,140,4,"heterogeneous","bonferroni","effect_seeking","c55-h60",0.0965,193,2000
30,8000,140,4,"heterogeneous","bonferroni","effect_seeking","c55-h60",0.0915,183,2000
31,4000,35,16,"heterogeneous","bonferroni","effect_seeking","c55-h60",0.038,76,2000
32,8000,35,16,"heterogeneous","bonferroni","effect_seeking","c55-h60",0.0455,91,2000
33,4000,70,16,"heterogeneous","bonferroni","effect_seeking","c55-h60",0.027,54,2000
34,8000,70,16,"heterogeneous","bonferroni","effect_seeking","c55-h60",0.0295,59,2000
35,4000,140,16,"heterogeneous","bonferroni","effect_seeking","c55-h60",0.017,34,2000
36,8000,140,16,"heterogeneous","bonferroni","effect_seeking","c55-h60",0.0185,37,2000
1,4000,35,4,"null","naive","effect_seeking","c55-h60",0.237,474,2000
2,8000,35,4,"null","naive","effect_seeking","c55-h60",0.2505,501,2000
3,4000,70,4,"null","naive","effect_seeking","c55-h60",0.2405,481,2000
4,8000,70,4,"null","naive","effect_seeking","c55-h60",0.24,480,2000
5,4000,140,4,"null","naive","effect_seeking","c55-h60",0.259,518,2000
6,8000,140,4,"null","naive","effect_seeking","c55-h60",0.243,486,2000
7,4000,35,16,"null","naive","effect_seeking","c55-h60",0.0535,107,2000
8,8000,35,16,"null","naive","effect_seeking","c55-h60",0.068,136,2000
9,4000,70,16,"null","naive","effect_seeking","c55-h60",0.054,108,2000
10,8000,70,16,"null","naive","effect_seeking","c55-h60",0.0605,121,2000
11,4000,140,16,"null","naive","effect_seeking","c55-h60",0.058,116,2000
12,8000,140,16,"null","naive","effect_seeking","c55-h60",0.062,124,2000
13,4000,35,4,"homogeneous","naive","effect_seeking","c55-h60",0.226,452,2000
14,8000,35,4,"homogeneous","naive","effect_seeking","c55-h60",0.237,474,2000
15,4000,70,4,"homogeneous","naive","effect_seeking","c55-h60",0.245,490,2000
16,8000,70,4,"homogeneous","naive","effect_seeking","c55-h60",0.239,478,2000
17,4000,140,4,"homogeneous","naive","effect_seeking","c55-h60",0.228,456,2000
18,8000,140,4,"homogeneous","naive","effect_seeking","c55-h60",0.2085,417,2000
19,4000,35,16,"homogeneous","naive","effect_seeking","c55-h60",0.078,156,2000
20,8000,35,16,"homogeneous","naive","effect_seeking","c55-h60",0.0735,147,2000
21,4000,70,16,"homogeneous","naive","effect_seeking","c55-h60",0.064,128,2000
22,8000,70,16,"homogeneous","naive","effect_seeking","c55-h60",0.081,162,2000
23,4000,140,16,"homogeneous","naive","effect_seeking","c55-h60",0.081,162,2000
24,8000,140,16,"homogeneous","naive","effect_seeking","c55-h60",0.0785,157,2000
25,4000,35,4,"heterogeneous","naive","effect_seeking","c55-h60",0.144,288,2000
26,8000,35,4,"heterogeneous","naive","effect_seeking","c55-h60",0.1545,309,2000
27,4000,70,4,"heterogeneous","naive","effect_seeking","c55-h60",0.1345,269,2000
28,8000,70,4,"heterogeneous","naive","effect_seeking","c55-h60",0.1265,253,2000
29,4000,140,4,"heterogeneous","naive","effect_seeking","c55-h60",0.0965,193,2000
30,8000,140,4,"heterogeneous","naive","effect_seeking","c55-h60",0.0915,183,2000
31,4000,35,16,"heterogeneous","naive","effect_seeking","c55-h60",0.038,76,2000
32,8000,35,16,"heterogeneous","naive","effect_seeking","c55-h60",0.0455,91,2000
33,4000,70,16,"heterogeneous","naive","effect_seeking","c55-h60",0.027,54,2000
34,8000,70,16,"heterogeneous","naive","effect_seeking","c55-h60",0.0295,59,2000
35,4000,140,16,"heterogeneous","naive","effect_seeking","c55-h60",0.017,34,2000
36,8000,140,16,"heterogeneous","naive","effect_seeking","c55-h60",0.0185,37,2000
1,4000,35,4,"null","bonferroni","outcome_blinded","c55-h60",0.232,464,2000
2,8000,35,4,"null","bonferroni","outcome_blinded","c55-h60",0.217,434,2000
3,4000,70,4,"null","bonferroni","outcome_blinded","c55-h60",0.219,438,2000
4,8000,70,4,"null","bonferroni","outcome_blinded","c55-h60",0.2295,459,2000
5,4000,140,4,"null","bonferroni","outcome_blinded","c55-h60",0.2215,443,2000
6,8000,140,4,"null","bonferroni","outcome_blinded","c55-h60",0.2305,461,2000
7,4000,35,16,"null","bonferroni","outcome_blinded","c55-h60",0.0635,127,2000
8,8000,35,16,"null","bonferroni","outcome_blinded","c55-h60",0.061,122,2000
9,4000,70,16,"null","bonferroni","outcome_blinded","c55-h60",0.0685,137,2000
10,8000,70,16,"null","bonferroni","outcome_blinded","c55-h60",0.072,144,2000
11,4000,140,16,"null","bonferroni","outcome_blinded","c55-h60",0.0655,131,2000
12,8000,140,16,"null","bonferroni","outcome_blinded","c55-h60",0.076,152,2000
13,4000,35,4,"homogeneous","bonferroni","outcome_blinded","c55-h60",0.213,426,2000
14,8000,35,4,"homogeneous","bonferroni","outcome_blinded","c55-h60",0.217,434,2000
15,4000,70,4,"homogeneous","bonferroni","outcome_blinded","c55-h60",0.2125,425,2000
16,8000,70,4,"homogeneous","bonferroni","outcome_blinded","c55-h60",0.2215,443,2000
17,4000,140,4,"homogeneous","bonferroni","outcome_blinded","c55-h60",0.221,442,2000
18,8000,140,4,"homogeneous","bonferroni","outcome_blinded","c55-h60",0.226,452,2000
19,4000,35,16,"homogeneous","bonferroni","outcome_blinded","c55-h60",0.0635,127,2000
20,8000,35,16,"homogeneous","bonferroni","outcome_blinded","c55-h60",0.0645,129,2000
21,4000,70,16,"homogeneous","bonferroni","outcome_blinded","c55-h60",0.0675,135,2000
22,8000,70,16,"homogeneous","bonferroni","outcome_blinded","c55-h60",0.0585,117,2000
23,4000,140,16,"homogeneous","bonferroni","outcome_blinded","c55-h60",0.069,138,2000
24,8000,140,16,"homogeneous","bonferroni","outcome_blinded","c55-h60",0.064,128,2000
25,4000,35,4,"heterogeneous","bonferroni","outcome_blinded","c55-h60",0.2205,441,2000
26,8000,35,4,"heterogeneous","bonferroni","outcome_blinded","c55-h60",0.2195,439,2000
27,4000,70,4,"heterogeneous","bonferroni","outcome_blinded","c55-h60",0.228,456,2000
28,8000,70,4,"heterogeneous","bonferroni","outcome_blinded","c55-h60",0.2365,473,2000
29,4000,140,4,"heterogeneous","bonferroni","outcome_blinded","c55-h60",0.209,418,2000
30,8000,140,4,"heterogeneous","bonferroni","outcome_blinded","c55-h60",0.2215,443,2000
31,4000,35,16,"heterogeneous","bonferroni","outcome_blinded","c55-h60",0.0635,127,2000
32,8000,35,16,"heterogeneous","bonferroni","outcome_blinded","c55-h60",0.0605,121,2000
33,4000,70,16,"heterogeneous","bonferroni","outcome_blinded","c55-h60",0.06,120,2000
34,8000,70,16,"heterogeneous","bonferroni","outcome_blinded","c55-h60",0.066,132,2000
35,4000,140,16,"heterogeneous","bonferroni","outcome_blinded","c55-h60",0.064,128,2000
36,8000,140,16,"heterogeneous","bonferroni","outcome_blinded","c55-h60",0.0635,127,2000
1,4000,35,4,"null","naive","outcome_blinded","c55-h60",0.232,464,2000
2,8000,35,4,"null","naive","outcome_blinded","c55-h60",0.217,434,2000
3,4000,70,4,"null","naive","outcome_blinded","c55-h60",0.219,438,2000
4,8000,70,4,"null","naive","outcome_blinded","c55-h60",0.2295,459,2000
5,4000,140,4,"null","naive","outcome_blinded","c55-h60",0.2215,443,2000
6,8000,140,4,"null","naive","outcome_blinded","c55-h60",0.2305,461,2000
7,4000,35,16,"null","naive","outcome_blinded","c55-h60",0.0635,127,2000
8,8000,35,16,"null","naive","outcome_blinded","c55-h60",0.061,122,2000
9,4000,70,16,"null","naive","outcome_blinded","c55-h60",0.0685,137,2000
10,8000,70,16,"null","naive","outcome_blinded","c55-h60",0.072,144,2000
11,4000,140,16,"null","naive","outcome_blinded","c55-h60",0.0655,131,2000
12,8000,140,16,"null","naive","outcome_blinded","c55-h60",0.076,152,2000
13,4000,35,4,"homogeneous","naive","outcome_blinded","c55-h60",0.213,426,2000
14,8000,35,4,"homogeneous","naive","outcome_blinded","c55-h60",0.217,434,2000
15,4000,70,4,"homogeneous","naive","outcome_blinded","c55-h60",0.2125,425,2000
16,8000,70,4,"homogeneous","naive","outcome_blinded","c55-h60",0.2215,443,2000
17,4000,140,4,"homogeneous","naive","outcome_blinded","c55-h60",0.221,442,2000
18,8000,140,4,"homogeneous","naive","outcome_blinded","c55-h60",0.226,452,2000
19,4000,35,16,"homogeneous","naive","outcome_blinded","c55-h60",0.0635,127,2000
20,8000,35,16,"homogeneous","naive","outcome_blinded","c55-h60",0.0645,129,2000
21,4000,70,16,"homogeneous","naive","outcome_blinded","c55-h60",0.0675,135,2000
22,8000,70,16,"homogeneous","naive","outcome_blinded","c55-h60",0.0585,117,2000
23,4000,140,16,"homogeneous","naive","outcome_blinded","c55-h60",0.069,138,2000
24,8000,140,16,"homogeneous","naive","outcome_blinded","c55-h60",0.064,128,2000
25,4000,35,4,"heterogeneous","naive","outcome_blinded","c55-h60",0.2205,441,2000
26,8000,35,4,"heterogeneous","naive","outcome_blinded","c55-h60",0.2195,439,2000
27,4000,70,4,"heterogeneous","naive","outcome_blinded","c55-h60",0.228,456,2000
28,8000,70,4,"heterogeneous","naive","outcome_blinded","c55-h60",0.2365,473,2000
29,4000,140,4,"heterogeneous","naive","outcome_blinded","c55-h60",0.209,418,2000
30,8000,140,4,"heterogeneous","naive","outcome_blinded","c55-h60",0.2215,443,2000
31,4000,35,16,"heterogeneous","naive","outcome_blinded","c55-h60",0.0635,127,2000
32,8000,35,16,"heterogeneous","naive","outcome_blinded","c55-h60",0.0605,121,2000
33,4000,70,16,"heterogeneous","naive","outcome_blinded","c55-h60",0.06,120,2000
34,8000,70,16,"heterogeneous","naive","outcome_blinded","c55-h60",0.066,132,2000
35,4000,140,16,"heterogeneous","naive","outcome_blinded","c55-h60",0.064,128,2000
36,8000,140,16,"heterogeneous","naive","outcome_blinded","c55-h60",0.0635,127,2000
1,4000,35,4,"null","bonferroni","prognostic_high","c55-h60",0.3835,767,2000
2,8000,35,4,"null","bonferroni","prognostic_high","c55-h60",0.4125,825,2000
3,4000,70,4,"null","bonferroni","prognostic_high","c55-h60",0.4055,811,2000
4,8000,70,4,"null","bonferroni","prognostic_high","c55-h60",0.4045,809,2000
5,4000,140,4,"null","bonferroni","prognostic_high","c55-h60",0.403,806,2000
6,8000,140,4,"null","bonferroni","prognostic_high","c55-h60",0.4215,843,2000
7,4000,35,16,"null","bonferroni","prognostic_high","c55-h60",0.1335,267,2000
8,8000,35,16,"null","bonferroni","prognostic_high","c55-h60",0.1305,261,2000
9,4000,70,16,"null","bonferroni","prognostic_high","c55-h60",0.124,248,2000
10,8000,70,16,"null","bonferroni","prognostic_high","c55-h60",0.149,298,2000
11,4000,140,16,"null","bonferroni","prognostic_high","c55-h60",0.133,266,2000
12,8000,140,16,"null","bonferroni","prognostic_high","c55-h60",0.1325,265,2000
13,4000,35,4,"homogeneous","bonferroni","prognostic_high","c55-h60",0.3875,775,2000
14,8000,35,4,"homogeneous","bonferroni","prognostic_high","c55-h60",0.3815,763,2000
15,4000,70,4,"homogeneous","bonferroni","prognostic_high","c55-h60",0.4025,805,2000
16,8000,70,4,"homogeneous","bonferroni","prognostic_high","c55-h60",0.396,792,2000
17,4000,140,4,"homogeneous","bonferroni","prognostic_high","c55-h60",0.403,806,2000
18,8000,140,4,"homogeneous","bonferroni","prognostic_high","c55-h60",0.4105,821,2000
19,4000,35,16,"homogeneous","bonferroni","prognostic_high","c55-h60",0.112,224,2000
20,8000,35,16,"homogeneous","bonferroni","prognostic_high","c55-h60",0.1125,225,2000
21,4000,70,16,"homogeneous","bonferroni","prognostic_high","c55-h60",0.133,266,2000
22,8000,70,16,"homogeneous","bonferroni","prognostic_high","c55-h60",0.1355,271,2000
23,4000,140,16,"homogeneous","bonferroni","prognostic_high","c55-h60",0.124,248,2000
24,8000,140,16,"homogeneous","bonferroni","prognostic_high","c55-h60",0.127,254,2000
25,4000,35,4,"heterogeneous","bonferroni","prognostic_high","c55-h60",0.4115,823,2000
26,8000,35,4,"heterogeneous","bonferroni","prognostic_high","c55-h60",0.429,858,2000
27,4000,70,4,"heterogeneous","bonferroni","prognostic_high","c55-h60",0.434,868,2000
28,8000,70,4,"heterogeneous","bonferroni","prognostic_high","c55-h60",0.4295,859,2000
29,4000,140,4,"heterogeneous","bonferroni","prognostic_high","c55-h60",0.4125,825,2000
30,8000,140,4,"heterogeneous","bonferroni","prognostic_high","c55-h60",0.442,884,2000
31,4000,35,16,"heterogeneous","bonferroni","prognostic_high","c55-h60",0.121,242,2000
32,8000,35,16,"heterogeneous","bonferroni","prognostic_high","c55-h60",0.1355,271,2000
33,4000,70,16,"heterogeneous","bonferroni","prognostic_high","c55-h60",0.15,300,2000
34,8000,70,16,"heterogeneous","bonferroni","prognostic_high","c55-h60",0.1455,291,2000
35,4000,140,16,"heterogeneous","bonferroni","prognostic_high","c55-h60",0.1415,283,2000
36,8000,140,16,"heterogeneous","bonferroni","prognostic_high","c55-h60",0.1485,297,2000
1,4000,35,4,"null","naive","prognostic_high","c55-h60",0.3835,767,2000
2,8000,35,4,"null","naive","prognostic_high","c55-h60",0.4125,825,2000
3,4000,70,4,"null","naive","prognostic_high","c55-h60",0.4055,811,2000
4,8000,70,4,"null","naive","prognostic_high","c55-h60",0.4045,809,2000
5,4000,140,4,"null","naive","prognostic_high","c55-h60",0.403,806,2000
6,8000,140,4,"null","naive","prognostic_high","c55-h60",0.4215,843,2000
7,4000,35,16,"null","naive","prognostic_high","c55-h60",0.1335,267,2000
8,8000,35,16,"null","naive","prognostic_high","c55-h60",0.1305,261,2000
9,4000,70,16,"null","naive","prognostic_high","c55-h60",0.124,248,2000
10,8000,70,16,"null","naive","prognostic_high","c55-h60",0.149,298,2000
11,4000,140,16,"null","naive","prognostic_high","c55-h60",0.133,266,2000
12,8000,140,16,"null","naive","prognostic_high","c55-h60",0.1325,265,2000
13,4000,35,4,"homogeneous","naive","prognostic_high","c55-h60",0.3875,775,2000
14,8000,35,4,"homogeneous","naive","prognostic_high","c55-h60",0.3815,763,2000
15,4000,70,4,"homogeneous","naive","prognostic_high","c55-h60",0.4025,805,2000
16,8000,70,4,"homogeneous","naive","prognostic_high","c55-h60",0.396,792,2000
17,4000,140,4,"homogeneous","naive","prognostic_high","c55-h60",0.403,806,2000
18,8000,140,4,"homogeneous","naive","prognostic_high","c55-h60",0.4105,821,2000
19,4000,35,16,"homogeneous","naive","prognostic_high","c55-h60",0.112,224,2000
20,8000,35,16,"homogeneous","naive","prognostic_high","c55-h60",0.1125,225,2000
21,4000,70,16,"homogeneous","naive","prognostic_high","c55-h60",0.133,266,2000
22,8000,70,16,"homogeneous","naive","prognostic_high","c55-h60",0.1355,271,2000
23,4000,140,16,"homogeneous","naive","prognostic_high","c55-h60",0.124,248,2000
24,8000,140,16,"homogeneous","naive","prognostic_high","c55-h60",0.127,254,2000
25,4000,35,4,"heterogeneous","naive","prognostic_high","c55-h60",0.4115,823,2000
26,8000,35,4,"heterogeneous","naive","prognostic_high","c55-h60",0.429,858,2000
27,4000,70,4,"heterogeneous","naive","prognostic_high","c55-h60",0.434,868,2000
28,8000,70,4,"heterogeneous","naive","prognostic_high","c55-h60",0.4295,859,2000
29,4000,140,4,"heterogeneous","naive","prognostic_high","c55-h60",0.4125,825,2000
30,8000,140,4,"heterogeneous","naive","prognostic_high","c55-h60",0.442,884,2000
31,4000,35,16,"heterogeneous","naive","prognostic_high","c55-h60",0.121,242,2000
32,8000,35,16,"heterogeneous","naive","prognostic_high","c55-h60",0.1355,271,2000
33,4000,70,16,"heterogeneous","naive","prognostic_high","c55-h60",0.15,300,2000
34,8000,70,16,"heterogeneous","naive","prognostic_high","c55-h60",0.1455,291,2000
35,4000,140,16,"heterogeneous","naive","prognostic_high","c55-h60",0.1415,283,2000
36,8000,140,16,"heterogeneous","naive","prognostic_high","c55-h60",0.1485,297,2000
1,4000,35,4,"null","split","prognostic_high","c55-h60",0.3595,719,2000
2,8000,35,4,"null","split","prognostic_high","c55-h60",0.362,724,2000
3,4000,70,4,"null","split","prognostic_high","c55-h60",0.4065,813,2000
4,8000,70,4,"null","split","prognostic_high","c55-h60",0.4075,815,2000
5,4000,140,4,"null","split","prognostic_high","c55-h60",0.3935,787,2000
6,8000,140,4,"null","split","prognostic_high","c55-h60",0.4215,843,2000
7,4000,35,16,"null","split","prognostic_high","c55-h60",0.1065,213,2000
8,8000,35,16,"null","split","prognostic_high","c55-h60",0.121,242,2000
9,4000,70,16,"null","split","prognostic_high","c55-h60",0.123,246,2000
10,8000,70,16,"null","split","prognostic_high","c55-h60",0.1235,247,2000
11,4000,140,16,"null","split","prognostic_high","c55-h60",0.1375,275,2000
12,8000,140,16,"null","split","prognostic_high","c55-h60",0.123,246,2000
13,4000,35,4,"homogeneous","split","prognostic_high","c55-h60",0.3435,687,2000
14,8000,35,4,"homogeneous","split","prognostic_high","c55-h60",0.3535,707,2000
15,4000,70,4,"homogeneous","split","prognostic_high","c55-h60",0.3925,785,2000
16,8000,70,4,"homogeneous","split","prognostic_high","c55-h60",0.375,750,2000
17,4000,140,4,"homogeneous","split","prognostic_high","c55-h60",0.407,814,2000
18,8000,140,4,"homogeneous","split","prognostic_high","c55-h60",0.401,802,2000
19,4000,35,16,"homogeneous","split","prognostic_high","c55-h60",0.091,182,2000
20,8000,35,16,"homogeneous","split","prognostic_high","c55-h60",0.0955,191,2000
21,4000,70,16,"homogeneous","split","prognostic_high","c55-h60",0.1165,233,2000
22,8000,70,16,"homogeneous","split","prognostic_high","c55-h60",0.1255,251,2000
23,4000,140,16,"homogeneous","split","prognostic_high","c55-h60",0.1355,271,2000
24,8000,140,16,"homogeneous","split","prognostic_high","c55-h60",0.124,248,2000
25,4000,35,4,"heterogeneous","split","prognostic_high","c55-h60",0.362,724,2000
26,8000,35,4,"heterogeneous","split","prognostic_high","c55-h60",0.4045,809,2000
27,4000,70,4,"heterogeneous","split","prognostic_high","c55-h60",0.4225,845,2000
28,8000,70,4,"heterogeneous","split","prognostic_high","c55-h60",0.417,834,2000
29,4000,140,4,"heterogeneous","split","prognostic_high","c55-h60",0.4265,853,2000
30,8000,140,4,"heterogeneous","split","prognostic_high","c55-h60",0.4385,877,2000
31,4000,35,16,"heterogeneous","split","prognostic_high","c55-h60",0.103,206,2000
32,8000,35,16,"heterogeneous","split","prognostic_high","c55-h60",0.1095,219,2000
33,4000,70,16,"heterogeneous","split","prognostic_high","c55-h60",0.1415,283,2000
34,8000,70,16,"heterogeneous","split","prognostic_high","c55-h60",0.1405,281,2000
35,4000,140,16,"heterogeneous","split","prognostic_high","c55-h60",0.1295,259,2000
36,8000,140,16,"heterogeneous","split","prognostic_high","c55-h60",0.1435,287,2000
1,4000,35,4,"null","bonferroni","prognostic_low","c55-h60",0.274,548,2000
2,8000,35,4,"null","bonferroni","prognostic_low","c55-h60",0.2885,577,2000
3,4000,70,4,"null","bonferroni","prognostic_low","c55-h60",0.2525,505,2000
4,8000,70,4,"null","bonferroni","prognostic_low","c55-h60",0.2535,507,2000
5,4000,140,4,"null","bonferroni","prognostic_low","c55-h60",0.195,390,2000
6,8000,140,4,"null","bonferroni","prognostic_low","c55-h60",0.2235,447,2000
7,4000,35,16,"null","bonferroni","prognostic_low","c55-h60",0.0875,175,2000
8,8000,35,16,"null","bonferroni","prognostic_low","c55-h60",0.0965,193,2000
9,4000,70,16,"null","bonferroni","prognostic_low","c55-h60",0.077,154,2000
10,8000,70,16,"null","bonferroni","prognostic_low","c55-h60",0.084,168,2000
11,4000,140,16,"null","bonferroni","prognostic_low","c55-h60",0.0595,119,2000
12,8000,140,16,"null","bonferroni","prognostic_low","c55-h60",0.0515,103,2000
13,4000,35,4,"homogeneous","bonferroni","prognostic_low","c55-h60",0.2925,585,2000
14,8000,35,4,"homogeneous","bonferroni","prognostic_low","c55-h60",0.2795,559,2000
15,4000,70,4,"homogeneous","bonferroni","prognostic_low","c55-h60",0.2695,539,2000
16,8000,70,4,"homogeneous","bonferroni","prognostic_low","c55-h60",0.2605,521,2000
17,4000,140,4,"homogeneous","bonferroni","prognostic_low","c55-h60",0.243,486,2000
18,8000,140,4,"homogeneous","bonferroni","prognostic_low","c55-h60",0.242,484,2000
19,4000,35,16,"homogeneous","bonferroni","prognostic_low","c55-h60",0.085,170,2000
20,8000,35,16,"homogeneous","bonferroni","prognostic_low","c55-h60",0.082,164,2000
21,4000,70,16,"homogeneous","bonferroni","prognostic_low","c55-h60",0.088,176,2000
22,8000,70,16,"homogeneous","bonferroni","prognostic_low","c55-h60",0.0935,187,2000
23,4000,140,16,"homogeneous","bonferroni","prognostic_low","c55-h60",0.075,150,2000
24,8000,140,16,"homogeneous","bonferroni","prognostic_low","c55-h60",0.068,136,2000
25,4000,35,4,"heterogeneous","bonferroni","prognostic_low","c55-h60",0.2805,561,2000
26,8000,35,4,"heterogeneous","bonferroni","prognostic_low","c55-h60",0.313,626,2000
27,4000,70,4,"heterogeneous","bonferroni","prognostic_low","c55-h60",0.2775,555,2000
28,8000,70,4,"heterogeneous","bonferroni","prognostic_low","c55-h60",0.28,560,2000
29,4000,140,4,"heterogeneous","bonferroni","prognostic_low","c55-h60",0.2345,469,2000
30,8000,140,4,"heterogeneous","bonferroni","prognostic_low","c55-h60",0.2315,463,2000
31,4000,35,16,"heterogeneous","bonferroni","prognostic_low","c55-h60",0.0915,183,2000
32,8000,35,16,"heterogeneous","bonferroni","prognostic_low","c55-h60",0.103,206,2000
33,4000,70,16,"heterogeneous","bonferroni","prognostic_low","c55-h60",0.11,220,2000
34,8000,70,16,"heterogeneous","bonferroni","prognostic_low","c55-h60",0.0975,195,2000
35,4000,140,16,"heterogeneous","bonferroni","prognostic_low","c55-h60",0.0795,159,2000
36,8000,140,16,"heterogeneous","bonferroni","prognostic_low","c55-h60",0.0855,171,2000
1,4000,35,4,"null","naive","prognostic_low","c55-h60",0.274,548,2000
2,8000,35,4,"null","naive","prognostic_low","c55-h60",0.2885,577,2000
3,4000,70,4,"null","naive","prognostic_low","c55-h60",0.2525,505,2000
4,8000,70,4,"null","naive","prognostic_low","c55-h60",0.2535,507,2000
5,4000,140,4,"null","naive","prognostic_low","c55-h60",0.195,390,2000
6,8000,140,4,"null","naive","prognostic_low","c55-h60",0.2235,447,2000
7,4000,35,16,"null","naive","prognostic_low","c55-h60",0.0875,175,2000
8,8000,35,16,"null","naive","prognostic_low","c55-h60",0.0965,193,2000
9,4000,70,16,"null","naive","prognostic_low","c55-h60",0.077,154,2000
10,8000,70,16,"null","naive","prognostic_low","c55-h60",0.084,168,2000
11,4000,140,16,"null","naive","prognostic_low","c55-h60",0.0595,119,2000
12,8000,140,16,"null","naive","prognostic_low","c55-h60",0.0515,103,2000
13,4000,35,4,"homogeneous","naive","prognostic_low","c55-h60",0.2925,585,2000
14,8000,35,4,"homogeneous","naive","prognostic_low","c55-h60",0.2795,559,2000
15,4000,70,4,"homogeneous","naive","prognostic_low","c55-h60",0.2695,539,2000
16,8000,70,4,"homogeneous","naive","prognostic_low","c55-h60",0.2605,521,2000
17,4000,140,4,"homogeneous","naive","prognostic_low","c55-h60",0.243,486,2000
18,8000,140,4,"homogeneous","naive","prognostic_low","c55-h60",0.242,484,2000
19,4000,35,16,"homogeneous","naive","prognostic_low","c55-h60",0.085,170,2000
20,8000,35,16,"homogeneous","naive","prognostic_low","c55-h60",0.082,164,2000
21,4000,70,16,"homogeneous","naive","prognostic_low","c55-h60",0.088,176,2000
22,8000,70,16,"homogeneous","naive","prognostic_low","c55-h60",0.0935,187,2000
23,4000,140,16,"homogeneous","naive","prognostic_low","c55-h60",0.075,150,2000
24,8000,140,16,"homogeneous","naive","prognostic_low","c55-h60",0.068,136,2000
25,4000,35,4,"heterogeneous","naive","prognostic_low","c55-h60",0.2805,561,2000
26,8000,35,4,"heterogeneous","naive","prognostic_low","c55-h60",0.313,626,2000
27,4000,70,4,"heterogeneous","naive","prognostic_low","c55-h60",0.2775,555,2000
28,8000,70,4,"heterogeneous","naive","prognostic_low","c55-h60",0.28,560,2000
29,4000,140,4,"heterogeneous","naive","prognostic_low","c55-h60",0.2345,469,2000
30,8000,140,4,"heterogeneous","naive","prognostic_low","c55-h60",0.2315,463,2000
31,4000,35,16,"heterogeneous","naive","prognostic_low","c55-h60",0.0915,183,2000
32,8000,35,16,"heterogeneous","naive","prognostic_low","c55-h60",0.103,206,2000
33,4000,70,16,"heterogeneous","naive","prognostic_low","c55-h60",0.11,220,2000
34,8000,70,16,"heterogeneous","naive","prognostic_low","c55-h60",0.0975,195,2000
35,4000,140,16,"heterogeneous","naive","prognostic_low","c55-h60",0.0795,159,2000
36,8000,140,16,"heterogeneous","naive","prognostic_low","c55-h60",0.0855,171,2000
1,4000,35,4,"null","split","prognostic_low","c55-h60",0.26,520,2000
2,8000,35,4,"null","split","prognostic_low","c55-h60",0.28,560,2000
3,4000,70,4,"null","split","prognostic_low","c55-h60",0.2865,573,2000
4,8000,70,4,"null","split","prognostic_low","c55-h60",0.2525,505,2000
5,4000,140,4,"null","split","prognostic_low","c55-h60",0.251,502,2000
6,8000,140,4,"null","split","prognostic_low","c55-h60",0.259,518,2000
7,4000,35,16,"null","split","prognostic_low","c55-h60",0.0745,149,2000
8,8000,35,16,"null","split","prognostic_low","c55-h60",0.085,170,2000
9,4000,70,16,"null","split","prognostic_low","c55-h60",0.0845,169,2000
10,8000,70,16,"null","split","prognostic_low","c55-h60",0.096,192,2000
11,4000,140,16,"null","split","prognostic_low","c55-h60",0.08,160,2000
12,8000,140,16,"null","split","prognostic_low","c55-h60",0.066,132,2000
13,4000,35,4,"homogeneous","split","prognostic_low","c55-h60",0.2725,545,2000
14,8000,35,4,"homogeneous","split","prognostic_low","c55-h60",0.2825,565,2000
15,4000,70,4,"homogeneous","split","prognostic_low","c55-h60",0.2845,569,2000
16,8000,70,4,"homogeneous","split","prognostic_low","c55-h60",0.258,516,2000
17,4000,140,4,"homogeneous","split","prognostic_low","c55-h60",0.26,520,2000
18,8000,140,4,"homogeneous","split","prognostic_low","c55-h60",0.2775,555,2000
19,4000,35,16,"homogeneous","split","prognostic_low","c55-h60",0.07,140,2000
20,8000,35,16,"homogeneous","split","prognostic_low","c55-h60",0.072,144,2000
21,4000,70,16,"homogeneous","split","prognostic_low","c55-h60",0.088,176,2000
22,8000,70,16,"homogeneous","split","prognostic_low","c55-h60",0.089,178,2000
23,4000,140,16,"homogeneous","split","prognostic_low","c55-h60",0.091,182,2000
24,8000,140,16,"homogeneous","split","prognostic_low","c55-h60",0.086,172,2000
25,4000,35,4,"heterogeneous","split","prognostic_low","c55-h60",0.2795,559,2000
26,8000,35,4,"heterogeneous","split","prognostic_low","c55-h60",0.318,636,2000
27,4000,70,4,"heterogeneous","split","prognostic_low","c55-h60",0.3065,613,2000
28,8000,70,4,"heterogeneous","split","prognostic_low","c55-h60",0.288,576,2000
29,4000,140,4,"heterogeneous","split","prognostic_low","c55-h60",0.2635,527,2000
30,8000,140,4,"heterogeneous","split","prognostic_low","c55-h60",0.2695,539,2000
31,4000,35,16,"heterogeneous","split","prognostic_low","c55-h60",0.0835,167,2000
32,8000,35,16,"heterogeneous","split","prognostic_low","c55-h60",0.085,170,2000
33,4000,70,16,"heterogeneous","split","prognostic_low","c55-h60",0.092,184,2000
34,8000,70,16,"heterogeneous","split","prognostic_low","c55-h60",0.1155,231,2000
35,4000,140,16,"heterogeneous","split","prognostic_low","c55-h60",0.1015,203,2000
36,8000,140,16,"heterogeneous","split","prognostic_low","c55-h60",0.106,212,2000
1,4000,35,4,"null","bonferroni","workability","c55-h60",0.0645,129,2000
2,8000,35,4,"null","bonferroni","workability","c55-h60",0.0585,117,2000
3,4000,70,4,"null","bonferroni","workability","c55-h60",0.4935,987,2000
4,8000,70,4,"null","bonferroni","workability","c55-h60",0.497,994,2000
7,4000,35,16,"null","bonferroni","workability","c55-h60",0.0645,129,2000
8,8000,35,16,"null","bonferroni","workability","c55-h60",0.0705,141,2000
9,4000,70,16,"null","bonferroni","workability","c55-h60",0.0065,13,2000
10,8000,70,16,"null","bonferroni","workability","c55-h60",0.003,6,2000
13,4000,35,4,"homogeneous","bonferroni","workability","c55-h60",0.002,4,2000
14,8000,35,4,"homogeneous","bonferroni","workability","c55-h60",0.003,6,2000
15,4000,70,4,"homogeneous","bonferroni","workability","c55-h60",0.9035,1807,2000
16,8000,70,4,"homogeneous","bonferroni","workability","c55-h60",0.8975,1795,2000
19,4000,35,16,"homogeneous","bonferroni","workability","c55-h60",0.002,4,2000
20,8000,35,16,"homogeneous","bonferroni","workability","c55-h60",0.005,10,2000
21,4000,70,16,"homogeneous","bonferroni","workability","c55-h60",0.1175,235,2000
22,8000,70,16,"homogeneous","bonferroni","workability","c55-h60",0.1455,291,2000
25,4000,35,4,"heterogeneous","bonferroni","workability","c55-h60",0.051,102,2000
26,8000,35,4,"heterogeneous","bonferroni","workability","c55-h60",0.043,86,2000
27,4000,70,4,"heterogeneous","bonferroni","workability","c55-h60",0.58,1160,2000
28,8000,70,4,"heterogeneous","bonferroni","workability","c55-h60",0.593,1186,2000
31,4000,35,16,"heterogeneous","bonferroni","workability","c55-h60",0.05,100,2000
32,8000,35,16,"heterogeneous","bonferroni","workability","c55-h60",0.057,114,2000
33,4000,70,16,"heterogeneous","bonferroni","workability","c55-h60",0.012,24,2000
34,8000,70,16,"heterogeneous","bonferroni","workability","c55-h60",0.008,16,2000
1,4000,35,4,"null","naive","workability","c55-h60",0.0645,129,2000
2,8000,35,4,"null","naive","workability","c55-h60",0.0585,117,2000
3,4000,70,4,"null","naive","workability","c55-h60",0.4935,987,2000
4,8000,70,4,"null","naive","workability","c55-h60",0.497,994,2000
7,4000,35,16,"null","naive","workability","c55-h60",0.0645,129,2000
8,8000,35,16,"null","naive","workability","c55-h60",0.0705,141,2000
9,4000,70,16,"null","naive","workability","c55-h60",0.0065,13,2000
10,8000,70,16,"null","naive","workability","c55-h60",0.003,6,2000
13,4000,35,4,"homogeneous","naive","workability","c55-h60",0.002,4,2000
14,8000,35,4,"homogeneous","naive","workability","c55-h60",0.003,6,2000
15,4000,70,4,"homogeneous","naive","workability","c55-h60",0.9035,1807,2000
16,8000,70,4,"homogeneous","naive","workability","c55-h60",0.8975,1795,2000
19,4000,35,16,"homogeneous","naive","workability","c55-h60",0.002,4,2000
20,8000,35,16,"homogeneous","naive","workability","c55-h60",0.005,10,2000
21,4000,70,16,"homogeneous","naive","workability","c55-h60",0.1175,235,2000
22,8000,70,16,"homogeneous","naive","workability","c55-h60",0.1455,291,2000
25,4000,35,4,"heterogeneous","naive","workability","c55-h60",0.051,102,2000
26,8000,35,4,"heterogeneous","naive","workability","c55-h60",0.043,86,2000
27,4000,70,4,"heterogeneous","naive","workability","c55-h60",0.58,1160,2000
28,8000,70,4,"heterogeneous","naive","workability","c55-h60",0.593,1186,2000
31,4000,35,16,"heterogeneous","naive","workability","c55-h60",0.05,100,2000
32,8000,35,16,"heterogeneous","naive","workability","c55-h60",0.057,114,2000
33,4000,70,16,"heterogeneous","naive","workability","c55-h60",0.012,24,2000
34,8000,70,16,"heterogeneous","naive","workability","c55-h60",0.008,16,2000
1,4000,35,4,"null","split","workability","c55-h60",0.154,308,2000
2,8000,35,4,"null","split","workability","c55-h60",0.16,320,2000
3,4000,70,4,"null","split","workability","c55-h60",0.4935,987,2000
4,8000,70,4,"null","split","workability","c55-h60",0.4755,951,2000
7,4000,35,16,"null","split","workability","c55-h60",0.125,250,2000
8,8000,35,16,"null","split","workability","c55-h60",0.138,276,2000
9,4000,70,16,"null","split","workability","c55-h60",0.031,62,2000
10,8000,70,16,"null","split","workability","c55-h60",0.0325,65,2000
13,4000,35,4,"homogeneous","split","workability","c55-h60",0.0295,59,2000
14,8000,35,4,"homogeneous","split","workability","c55-h60",0.035,70,2000
15,4000,70,4,"homogeneous","split","workability","c55-h60",0.7995,1599,2000
16,8000,70,4,"homogeneous","split","workability","c55-h60",0.805,1610,2000
19,4000,35,16,"homogeneous","split","workability","c55-h60",0.032,64,2000
20,8000,35,16,"homogeneous","split","workability","c55-h60",0.026,52,2000
21,4000,70,16,"homogeneous","split","workability","c55-h60",0.1795,359,2000
22,8000,70,16,"homogeneous","split","workability","c55-h60",0.1955,391,2000
25,4000,35,4,"heterogeneous","split","workability","c55-h60",0.116,232,2000
26,8000,35,4,"heterogeneous","split","workability","c55-h60",0.117,234,2000
27,4000,70,4,"heterogeneous","split","workability","c55-h60",0.5425,1085,2000
28,8000,70,4,"heterogeneous","split","workability","c55-h60",0.53,1060,2000
31,4000,35,16,"heterogeneous","split","workability","c55-h60",0.109,218,2000
32,8000,35,16,"heterogeneous","split","workability","c55-h60",0.1215,243,2000
33,4000,70,16,"heterogeneous","split","workability","c55-h60",0.042,84,2000
34,8000,70,16,"heterogeneous","split","workability","c55-h60",0.0395,79,2000
7,4000,35,16,"null","bonferroni","effect_seeking","c60-h24",0.107,214,2000
8,8000,35,16,"null","bonferroni","effect_seeking","c60-h24",0.113,226,2000
9,4000,70,16,"null","bonferroni","effect_seeking","c60-h24",0.1105,221,2000
10,8000,70,16,"null","bonferroni","effect_seeking","c60-h24",0.117,234,2000
11,4000,140,16,"null","bonferroni","effect_seeking","c60-h24",0.1025,205,2000
12,8000,140,16,"null","bonferroni","effect_seeking","c60-h24",0.1035,207,2000
19,4000,35,16,"homogeneous","bonferroni","effect_seeking","c60-h24",0.0465,93,2000
20,8000,35,16,"homogeneous","bonferroni","effect_seeking","c60-h24",0.043,86,2000
21,4000,70,16,"homogeneous","bonferroni","effect_seeking","c60-h24",0.0295,59,2000
22,8000,70,16,"homogeneous","bonferroni","effect_seeking","c60-h24",0.025,50,2000
23,4000,140,16,"homogeneous","bonferroni","effect_seeking","c60-h24",0.0205,41,2000
24,8000,140,16,"homogeneous","bonferroni","effect_seeking","c60-h24",0.017,34,2000
31,4000,35,16,"heterogeneous","bonferroni","effect_seeking","c60-h24",0.059,118,2000
32,8000,35,16,"heterogeneous","bonferroni","effect_seeking","c60-h24",0.0555,111,2000
33,4000,70,16,"heterogeneous","bonferroni","effect_seeking","c60-h24",0.0375,75,2000
34,8000,70,16,"heterogeneous","bonferroni","effect_seeking","c60-h24",0.035,70,2000
35,4000,140,16,"heterogeneous","bonferroni","effect_seeking","c60-h24",0.0195,39,2000
36,8000,140,16,"heterogeneous","bonferroni","effect_seeking","c60-h24",0.0235,47,2000
7,4000,35,16,"null","naive","effect_seeking","c60-h24",0.107,214,2000
8,8000,35,16,"null","naive","effect_seeking","c60-h24",0.113,226,2000
9,4000,70,16,"null","naive","effect_seeking","c60-h24",0.1105,221,2000
10,8000,70,16,"null","naive","effect_seeking","c60-h24",0.117,234,2000
11,4000,140,16,"null","naive","effect_seeking","c60-h24",0.1025,205,2000
12,8000,140,16,"null","naive","effect_seeking","c60-h24",0.1035,207,2000
19,4000,35,16,"homogeneous","naive","effect_seeking","c60-h24",0.0465,93,2000
20,8000,35,16,"homogeneous","naive","effect_seeking","c60-h24",0.043,86,2000
21,4000,70,16,"homogeneous","naive","effect_seeking","c60-h24",0.0295,59,2000
22,8000,70,16,"homogeneous","naive","effect_seeking","c60-h24",0.025,50,2000
23,4000,140,16,"homogeneous","naive","effect_seeking","c60-h24",0.0205,41,2000
24,8000,140,16,"homogeneous","naive","effect_seeking","c60-h24",0.017,34,2000
31,4000,35,16,"heterogeneous","naive","effect_seeking","c60-h24",0.059,118,2000
32,8000,35,16,"heterogeneous","naive","effect_seeking","c60-h24",0.0555,111,2000
33,4000,70,16,"heterogeneous","naive","effect_seeking","c60-h24",0.0375,75,2000
34,8000,70,16,"heterogeneous","naive","effect_seeking","c60-h24",0.035,70,2000
35,4000,140,16,"heterogeneous","naive","effect_seeking","c60-h24",0.0195,39,2000
36,8000,140,16,"heterogeneous","naive","effect_seeking","c60-h24",0.0235,47,2000
7,4000,35,16,"null","bonferroni","prognostic_high","c60-h24",0.02,40,2000
8,8000,35,16,"null","bonferroni","prognostic_high","c60-h24",0.014,28,2000
9,4000,70,16,"null","bonferroni","prognostic_high","c60-h24",0.0045,9,2000
10,8000,70,16,"null","bonferroni","prognostic_high","c60-h24",0.004,8,2000
11,4000,140,16,"null","bonferroni","prognostic_high","c60-h24",0.002,4,2000
12,8000,140,16,"null","bonferroni","prognostic_high","c60-h24",5e-04,1,2000
19,4000,35,16,"homogeneous","bonferroni","prognostic_high","c60-h24",0.0245,49,2000
20,8000,35,16,"homogeneous","bonferroni","prognostic_high","c60-h24",0.028,56,2000
21,4000,70,16,"homogeneous","bonferroni","prognostic_high","c60-h24",0.0115,23,2000
22,8000,70,16,"homogeneous","bonferroni","prognostic_high","c60-h24",0.01,20,2000
23,4000,140,16,"homogeneous","bonferroni","prognostic_high","c60-h24",0.002,4,2000
24,8000,140,16,"homogeneous","bonferroni","prognostic_high","c60-h24",0.001,2,2000
31,4000,35,16,"heterogeneous","bonferroni","prognostic_high","c60-h24",0.0185,37,2000
32,8000,35,16,"heterogeneous","bonferroni","prognostic_high","c60-h24",0.019,38,2000
33,4000,70,16,"heterogeneous","bonferroni","prognostic_high","c60-h24",0.007,14,2000
34,8000,70,16,"heterogeneous","bonferroni","prognostic_high","c60-h24",0.0045,9,2000
35,4000,140,16,"heterogeneous","bonferroni","prognostic_high","c60-h24",5e-04,1,2000
7,4000,35,16,"null","naive","prognostic_high","c60-h24",0.02,40,2000
8,8000,35,16,"null","naive","prognostic_high","c60-h24",0.014,28,2000
9,4000,70,16,"null","naive","prognostic_high","c60-h24",0.0045,9,2000
10,8000,70,16,"null","naive","prognostic_high","c60-h24",0.004,8,2000
11,4000,140,16,"null","naive","prognostic_high","c60-h24",0.002,4,2000
12,8000,140,16,"null","naive","prognostic_high","c60-h24",5e-04,1,2000
19,4000,35,16,"homogeneous","naive","prognostic_high","c60-h24",0.0245,49,2000
20,8000,35,16,"homogeneous","naive","prognostic_high","c60-h24",0.028,56,2000
21,4000,70,16,"homogeneous","naive","prognostic_high","c60-h24",0.0115,23,2000
22,8000,70,16,"homogeneous","naive","prognostic_high","c60-h24",0.01,20,2000
23,4000,140,16,"homogeneous","naive","prognostic_high","c60-h24",0.002,4,2000
24,8000,140,16,"homogeneous","naive","prognostic_high","c60-h24",0.001,2,2000
31,4000,35,16,"heterogeneous","naive","prognostic_high","c60-h24",0.0185,37,2000
32,8000,35,16,"heterogeneous","naive","prognostic_high","c60-h24",0.019,38,2000
33,4000,70,16,"heterogeneous","naive","prognostic_high","c60-h24",0.007,14,2000
34,8000,70,16,"heterogeneous","naive","prognostic_high","c60-h24",0.0045,9,2000
35,4000,140,16,"heterogeneous","naive","prognostic_high","c60-h24",5e-04,1,2000
7,4000,35,16,"null","split","prognostic_high","c60-h24",0.049,98,2000
8,8000,35,16,"null","split","prognostic_high","c60-h24",0.0395,79,2000
9,4000,70,16,"null","split","prognostic_high","c60-h24",0.019,38,2000
10,8000,70,16,"null","split","prognostic_high","c60-h24",0.018,36,2000
11,4000,140,16,"null","split","prognostic_high","c60-h24",0.0135,27,2000
12,8000,140,16,"null","split","prognostic_high","c60-h24",0.005,10,2000
19,4000,35,16,"homogeneous","split","prognostic_high","c60-h24",0.065,130,2000
20,8000,35,16,"homogeneous","split","prognostic_high","c60-h24",0.0665,133,2000
21,4000,70,16,"homogeneous","split","prognostic_high","c60-h24",0.037,74,2000
22,8000,70,16,"homogeneous","split","prognostic_high","c60-h24",0.029,58,2000
23,4000,140,16,"homogeneous","split","prognostic_high","c60-h24",0.0095,19,2000
24,8000,140,16,"homogeneous","split","prognostic_high","c60-h24",0.0085,17,2000
31,4000,35,16,"heterogeneous","split","prognostic_high","c60-h24",0.046,92,2000
32,8000,35,16,"heterogeneous","split","prognostic_high","c60-h24",0.035,70,2000
33,4000,70,16,"heterogeneous","split","prognostic_high","c60-h24",0.0165,33,2000
34,8000,70,16,"heterogeneous","split","prognostic_high","c60-h24",0.0215,43,2000
35,4000,140,16,"heterogeneous","split","prognostic_high","c60-h24",0.0055,11,2000
36,8000,140,16,"heterogeneous","split","prognostic_high","c60-h24",0.0055,11,2000
7,4000,35,16,"null","bonferroni","prognostic_low","c60-h24",0.0455,91,2000
8,8000,35,16,"null","bonferroni","prognostic_low","c60-h24",0.031,62,2000
9,4000,70,16,"null","bonferroni","prognostic_low","c60-h24",0.0165,33,2000
10,8000,70,16,"null","bonferroni","prognostic_low","c60-h24",0.017,34,2000
11,4000,140,16,"null","bonferroni","prognostic_low","c60-h24",0.006,12,2000
12,8000,140,16,"null","bonferroni","prognostic_low","c60-h24",0.0045,9,2000
19,4000,35,16,"homogeneous","bonferroni","prognostic_low","c60-h24",0.0535,107,2000
20,8000,35,16,"homogeneous","bonferroni","prognostic_low","c60-h24",0.058,116,2000
21,4000,70,16,"homogeneous","bonferroni","prognostic_low","c60-h24",0.029,58,2000
22,8000,70,16,"homogeneous","bonferroni","prognostic_low","c60-h24",0.0285,57,2000
23,4000,140,16,"homogeneous","bonferroni","prognostic_low","c60-h24",0.0105,21,2000
24,8000,140,16,"homogeneous","bonferroni","prognostic_low","c60-h24",0.0065,13,2000
31,4000,35,16,"heterogeneous","bonferroni","prognostic_low","c60-h24",0.025,50,2000
32,8000,35,16,"heterogeneous","bonferroni","prognostic_low","c60-h24",0.0345,69,2000
33,4000,70,16,"heterogeneous","bonferroni","prognostic_low","c60-h24",0.014,28,2000
34,8000,70,16,"heterogeneous","bonferroni","prognostic_low","c60-h24",0.011,22,2000
35,4000,140,16,"heterogeneous","bonferroni","prognostic_low","c60-h24",0.003,6,2000
36,8000,140,16,"heterogeneous","bonferroni","prognostic_low","c60-h24",0.0015,3,2000
7,4000,35,16,"null","naive","prognostic_low","c60-h24",0.0455,91,2000
8,8000,35,16,"null","naive","prognostic_low","c60-h24",0.031,62,2000
9,4000,70,16,"null","naive","prognostic_low","c60-h24",0.0165,33,2000
10,8000,70,16,"null","naive","prognostic_low","c60-h24",0.017,34,2000
11,4000,140,16,"null","naive","prognostic_low","c60-h24",0.006,12,2000
12,8000,140,16,"null","naive","prognostic_low","c60-h24",0.0045,9,2000
19,4000,35,16,"homogeneous","naive","prognostic_low","c60-h24",0.0535,107,2000
20,8000,35,16,"homogeneous","naive","prognostic_low","c60-h24",0.058,116,2000
21,4000,70,16,"homogeneous","naive","prognostic_low","c60-h24",0.029,58,2000
22,8000,70,16,"homogeneous","naive","prognostic_low","c60-h24",0.0285,57,2000
23,4000,140,16,"homogeneous","naive","prognostic_low","c60-h24",0.0105,21,2000
24,8000,140,16,"homogeneous","naive","prognostic_low","c60-h24",0.0065,13,2000
31,4000,35,16,"heterogeneous","naive","prognostic_low","c60-h24",0.025,50,2000
32,8000,35,16,"heterogeneous","naive","prognostic_low","c60-h24",0.0345,69,2000
33,4000,70,16,"heterogeneous","naive","prognostic_low","c60-h24",0.014,28,2000
34,8000,70,16,"heterogeneous","naive","prognostic_low","c60-h24",0.011,22,2000
35,4000,140,16,"heterogeneous","naive","prognostic_low","c60-h24",0.003,6,2000
36,8000,140,16,"heterogeneous","naive","prognostic_low","c60-h24",0.0015,3,2000
7,4000,35,16,"null","split","prognostic_low","c60-h24",0.0845,169,2000
8,8000,35,16,"null","split","prognostic_low","c60-h24",0.077,154,2000
9,4000,70,16,"null","split","prognostic_low","c60-h24",0.047,94,2000
10,8000,70,16,"null","split","prognostic_low","c60-h24",0.044,88,2000
11,4000,140,16,"null","split","prognostic_low","c60-h24",0.017,34,2000
12,8000,140,16,"null","split","prognostic_low","c60-h24",0.0145,29,2000
19,4000,35,16,"homogeneous","split","prognostic_low","c60-h24",0.1005,201,2000
20,8000,35,16,"homogeneous","split","prognostic_low","c60-h24",0.1,200,2000
21,4000,70,16,"homogeneous","split","prognostic_low","c60-h24",0.0545,109,2000
22,8000,70,16,"homogeneous","split","prognostic_low","c60-h24",0.0565,113,2000
23,4000,140,16,"homogeneous","split","prognostic_low","c60-h24",0.0305,61,2000
24,8000,140,16,"homogeneous","split","prognostic_low","c60-h24",0.023,46,2000
31,4000,35,16,"heterogeneous","split","prognostic_low","c60-h24",0.062,124,2000
32,8000,35,16,"heterogeneous","split","prognostic_low","c60-h24",0.053,106,2000
33,4000,70,16,"heterogeneous","split","prognostic_low","c60-h24",0.0345,69,2000
34,8000,70,16,"heterogeneous","split","prognostic_low","c60-h24",0.0375,75,2000
35,4000,140,16,"heterogeneous","split","prognostic_low","c60-h24",0.016,32,2000
36,8000,140,16,"heterogeneous","split","prognostic_low","c60-h24",0.01,20,2000
11,4000,140,16,"null","bonferroni","workability","c60-h24",0.2855,571,2000
12,8000,140,16,"null","bonferroni","workability","c60-h24",0.2935,587,2000
23,4000,140,16,"homogeneous","bonferroni","workability","c60-h24",0.032,64,2000
24,8000,140,16,"homogeneous","bonferroni","workability","c60-h24",0.0275,55,2000
35,4000,140,16,"heterogeneous","bonferroni","workability","c60-h24",0.326,652,2000
36,8000,140,16,"heterogeneous","bonferroni","workability","c60-h24",0.306,612,2000
11,4000,140,16,"null","naive","workability","c60-h24",0.2855,571,2000
12,8000,140,16,"null","naive","workability","c60-h24",0.2935,587,2000
23,4000,140,16,"homogeneous","naive","workability","c60-h24",0.032,64,2000
24,8000,140,16,"homogeneous","naive","workability","c60-h24",0.0275,55,2000
35,4000,140,16,"heterogeneous","naive","workability","c60-h24",0.326,652,2000
36,8000,140,16,"heterogeneous","naive","workability","c60-h24",0.306,612,2000
11,4000,140,16,"null","split","workability","c60-h24",0.3755,751,2000
12,8000,140,16,"null","split","workability","c60-h24",0.3735,747,2000
23,4000,140,16,"homogeneous","split","workability","c60-h24",0.1045,209,2000
24,8000,140,16,"homogeneous","split","workability","c60-h24",0.0825,165,2000
35,4000,140,16,"heterogeneous","split","workability","c60-h24",0.3645,729,2000
36,8000,140,16,"heterogeneous","split","workability","c60-h24",0.361,722,2000
7,4000,35,16,"null","bonferroni","effect_seeking","c60-h36",0.071,142,2000
8,8000,35,16,"null","bonferroni","effect_seeking","c60-h36",0.063,126,2000
9,4000,70,16,"null","bonferroni","effect_seeking","c60-h36",0.0625,125,2000
10,8000,70,16,"null","bonferroni","effect_seeking","c60-h36",0.0455,91,2000
11,4000,140,16,"null","bonferroni","effect_seeking","c60-h36",0.069,138,2000
12,8000,140,16,"null","bonferroni","effect_seeking","c60-h36",0.066,132,2000
19,4000,35,16,"homogeneous","bonferroni","effect_seeking","c60-h36",0.036,72,2000
20,8000,35,16,"homogeneous","bonferroni","effect_seeking","c60-h36",0.0385,77,2000
21,4000,70,16,"homogeneous","bonferroni","effect_seeking","c60-h36",0.0265,53,2000
22,8000,70,16,"homogeneous","bonferroni","effect_seeking","c60-h36",0.032,64,2000
23,4000,140,16,"homogeneous","bonferroni","effect_seeking","c60-h36",0.022,44,2000
24,8000,140,16,"homogeneous","bonferroni","effect_seeking","c60-h36",0.0215,43,2000
31,4000,35,16,"heterogeneous","bonferroni","effect_seeking","c60-h36",0.0305,61,2000
32,8000,35,16,"heterogeneous","bonferroni","effect_seeking","c60-h36",0.0295,59,2000
33,4000,70,16,"heterogeneous","bonferroni","effect_seeking","c60-h36",0.0245,49,2000
34,8000,70,16,"heterogeneous","bonferroni","effect_seeking","c60-h36",0.0215,43,2000
35,4000,140,16,"heterogeneous","bonferroni","effect_seeking","c60-h36",0.0105,21,2000
36,8000,140,16,"heterogeneous","bonferroni","effect_seeking","c60-h36",0.012,24,2000
7,4000,35,16,"null","naive","effect_seeking","c60-h36",0.071,142,2000
8,8000,35,16,"null","naive","effect_seeking","c60-h36",0.063,126,2000
9,4000,70,16,"null","naive","effect_seeking","c60-h36",0.0625,125,2000
10,8000,70,16,"null","naive","effect_seeking","c60-h36",0.0455,91,2000
11,4000,140,16,"null","naive","effect_seeking","c60-h36",0.069,138,2000
12,8000,140,16,"null","naive","effect_seeking","c60-h36",0.066,132,2000
19,4000,35,16,"homogeneous","naive","effect_seeking","c60-h36",0.036,72,2000
20,8000,35,16,"homogeneous","naive","effect_seeking","c60-h36",0.0385,77,2000
21,4000,70,16,"homogeneous","naive","effect_seeking","c60-h36",0.0265,53,2000
22,8000,70,16,"homogeneous","naive","effect_seeking","c60-h36",0.032,64,2000
23,4000,140,16,"homogeneous","naive","effect_seeking","c60-h36",0.022,44,2000
24,8000,140,16,"homogeneous","naive","effect_seeking","c60-h36",0.0215,43,2000
31,4000,35,16,"heterogeneous","naive","effect_seeking","c60-h36",0.0305,61,2000
32,8000,35,16,"heterogeneous","naive","effect_seeking","c60-h36",0.0295,59,2000
33,4000,70,16,"heterogeneous","naive","effect_seeking","c60-h36",0.0245,49,2000
34,8000,70,16,"heterogeneous","naive","effect_seeking","c60-h36",0.0215,43,2000
35,4000,140,16,"heterogeneous","naive","effect_seeking","c60-h36",0.0105,21,2000
36,8000,140,16,"heterogeneous","naive","effect_seeking","c60-h36",0.012,24,2000
7,4000,35,16,"null","bonferroni","prognostic_high","c60-h36",0.032,64,2000
8,8000,35,16,"null","bonferroni","prognostic_high","c60-h36",0.0325,65,2000
9,4000,70,16,"null","bonferroni","prognostic_high","c60-h36",0.012,24,2000
10,8000,70,16,"null","bonferroni","prognostic_high","c60-h36",0.0205,41,2000
11,4000,140,16,"null","bonferroni","prognostic_high","c60-h36",0.009,18,2000
12,8000,140,16,"null","bonferroni","prognostic_high","c60-h36",0.003,6,2000
19,4000,35,16,"homogeneous","bonferroni","prognostic_high","c60-h36",0.0455,91,2000
20,8000,35,16,"homogeneous","bonferroni","prognostic_high","c60-h36",0.0445,89,2000
21,4000,70,16,"homogeneous","bonferroni","prognostic_high","c60-h36",0.0275,55,2000
22,8000,70,16,"homogeneous","bonferroni","prognostic_high","c60-h36",0.0225,45,2000
23,4000,140,16,"homogeneous","bonferroni","prognostic_high","c60-h36",0.015,30,2000
24,8000,140,16,"homogeneous","bonferroni","prognostic_high","c60-h36",0.0075,15,2000
31,4000,35,16,"heterogeneous","bonferroni","prognostic_high","c60-h36",0.035,70,2000
32,8000,35,16,"heterogeneous","bonferroni","prognostic_high","c60-h36",0.0365,73,2000
33,4000,70,16,"heterogeneous","bonferroni","prognostic_high","c60-h36",0.015,30,2000
34,8000,70,16,"heterogeneous","bonferroni","prognostic_high","c60-h36",0.018,36,2000
35,4000,140,16,"heterogeneous","bonferroni","prognostic_high","c60-h36",0.0055,11,2000
36,8000,140,16,"heterogeneous","bonferroni","prognostic_high","c60-h36",0.006,12,2000
7,4000,35,16,"null","naive","prognostic_high","c60-h36",0.032,64,2000
8,8000,35,16,"null","naive","prognostic_high","c60-h36",0.0325,65,2000
9,4000,70,16,"null","naive","prognostic_high","c60-h36",0.012,24,2000
10,8000,70,16,"null","naive","prognostic_high","c60-h36",0.0205,41,2000
11,4000,140,16,"null","naive","prognostic_high","c60-h36",0.009,18,2000
12,8000,140,16,"null","naive","prognostic_high","c60-h36",0.003,6,2000
19,4000,35,16,"homogeneous","naive","prognostic_high","c60-h36",0.0455,91,2000
20,8000,35,16,"homogeneous","naive","prognostic_high","c60-h36",0.0445,89,2000
21,4000,70,16,"homogeneous","naive","prognostic_high","c60-h36",0.0275,55,2000
22,8000,70,16,"homogeneous","naive","prognostic_high","c60-h36",0.0225,45,2000
23,4000,140,16,"homogeneous","naive","prognostic_high","c60-h36",0.015,30,2000
24,8000,140,16,"homogeneous","naive","prognostic_high","c60-h36",0.0075,15,2000
31,4000,35,16,"heterogeneous","naive","prognostic_high","c60-h36",0.035,70,2000
32,8000,35,16,"heterogeneous","naive","prognostic_high","c60-h36",0.0365,73,2000
33,4000,70,16,"heterogeneous","naive","prognostic_high","c60-h36",0.015,30,2000
34,8000,70,16,"heterogeneous","naive","prognostic_high","c60-h36",0.018,36,2000
35,4000,140,16,"heterogeneous","naive","prognostic_high","c60-h36",0.0055,11,2000
36,8000,140,16,"heterogeneous","naive","prognostic_high","c60-h36",0.006,12,2000
7,4000,35,16,"null","split","prognostic_high","c60-h36",0.0645,129,2000
8,8000,35,16,"null","split","prognostic_high","c60-h36",0.052,104,2000
9,4000,70,16,"null","split","prognostic_high","c60-h36",0.033,66,2000
10,8000,70,16,"null","split","prognostic_high","c60-h36",0.0335,67,2000
11,4000,140,16,"null","split","prognostic_high","c60-h36",0.019,38,2000
12,8000,140,16,"null","split","prognostic_high","c60-h36",0.0155,31,2000
19,4000,35,16,"homogeneous","split","prognostic_high","c60-h36",0.054,108,2000
20,8000,35,16,"homogeneous","split","prognostic_high","c60-h36",0.066,132,2000
21,4000,70,16,"homogeneous","split","prognostic_high","c60-h36",0.046,92,2000
22,8000,70,16,"homogeneous","split","prognostic_high","c60-h36",0.0445,89,2000
23,4000,140,16,"homogeneous","split","prognostic_high","c60-h36",0.0285,57,2000
24,8000,140,16,"homogeneous","split","prognostic_high","c60-h36",0.032,64,2000
31,4000,35,16,"heterogeneous","split","prognostic_high","c60-h36",0.052,104,2000
32,8000,35,16,"heterogeneous","split","prognostic_high","c60-h36",0.057,114,2000
33,4000,70,16,"heterogeneous","split","prognostic_high","c60-h36",0.0275,55,2000
34,8000,70,16,"heterogeneous","split","prognostic_high","c60-h36",0.033,66,2000
35,4000,140,16,"heterogeneous","split","prognostic_high","c60-h36",0.02,40,2000
36,8000,140,16,"heterogeneous","split","prognostic_high","c60-h36",0.0195,39,2000
7,4000,35,16,"null","bonferroni","prognostic_low","c60-h36",0.0545,109,2000
8,8000,35,16,"null","bonferroni","prognostic_low","c60-h36",0.0475,95,2000
9,4000,70,16,"null","bonferroni","prognostic_low","c60-h36",0.0205,41,2000
10,8000,70,16,"null","bonferroni","prognostic_low","c60-h36",0.0185,37,2000
11,4000,140,16,"null","bonferroni","prognostic_low","c60-h36",0.0095,19,2000
12,8000,140,16,"null","bonferroni","prognostic_low","c60-h36",0.008,16,2000
19,4000,35,16,"homogeneous","bonferroni","prognostic_low","c60-h36",0.055,110,2000
20,8000,35,16,"homogeneous","bonferroni","prognostic_low","c60-h36",0.0555,111,2000
21,4000,70,16,"homogeneous","bonferroni","prognostic_low","c60-h36",0.03,60,2000
22,8000,70,16,"homogeneous","bonferroni","prognostic_low","c60-h36",0.026,52,2000
23,4000,140,16,"homogeneous","bonferroni","prognostic_low","c60-h36",0.021,42,2000
24,8000,140,16,"homogeneous","bonferroni","prognostic_low","c60-h36",0.0145,29,2000
31,4000,35,16,"heterogeneous","bonferroni","prognostic_low","c60-h36",0.0385,77,2000
32,8000,35,16,"heterogeneous","bonferroni","prognostic_low","c60-h36",0.03,60,2000
33,4000,70,16,"heterogeneous","bonferroni","prognostic_low","c60-h36",0.024,48,2000
34,8000,70,16,"heterogeneous","bonferroni","prognostic_low","c60-h36",0.022,44,2000
35,4000,140,16,"heterogeneous","bonferroni","prognostic_low","c60-h36",0.005,10,2000
36,8000,140,16,"heterogeneous","bonferroni","prognostic_low","c60-h36",0.006,12,2000
7,4000,35,16,"null","naive","prognostic_low","c60-h36",0.0545,109,2000
8,8000,35,16,"null","naive","prognostic_low","c60-h36",0.0475,95,2000
9,4000,70,16,"null","naive","prognostic_low","c60-h36",0.0205,41,2000
10,8000,70,16,"null","naive","prognostic_low","c60-h36",0.0185,37,2000
11,4000,140,16,"null","naive","prognostic_low","c60-h36",0.0095,19,2000
12,8000,140,16,"null","naive","prognostic_low","c60-h36",0.008,16,2000
19,4000,35,16,"homogeneous","naive","prognostic_low","c60-h36",0.055,110,2000
20,8000,35,16,"homogeneous","naive","prognostic_low","c60-h36",0.0555,111,2000
21,4000,70,16,"homogeneous","naive","prognostic_low","c60-h36",0.03,60,2000
22,8000,70,16,"homogeneous","naive","prognostic_low","c60-h36",0.026,52,2000
23,4000,140,16,"homogeneous","naive","prognostic_low","c60-h36",0.021,42,2000
24,8000,140,16,"homogeneous","naive","prognostic_low","c60-h36",0.0145,29,2000
31,4000,35,16,"heterogeneous","naive","prognostic_low","c60-h36",0.0385,77,2000
32,8000,35,16,"heterogeneous","naive","prognostic_low","c60-h36",0.03,60,2000
33,4000,70,16,"heterogeneous","naive","prognostic_low","c60-h36",0.024,48,2000
34,8000,70,16,"heterogeneous","naive","prognostic_low","c60-h36",0.022,44,2000
35,4000,140,16,"heterogeneous","naive","prognostic_low","c60-h36",0.005,10,2000
36,8000,140,16,"heterogeneous","naive","prognostic_low","c60-h36",0.006,12,2000
7,4000,35,16,"null","split","prognostic_low","c60-h36",0.071,142,2000
8,8000,35,16,"null","split","prognostic_low","c60-h36",0.063,126,2000
9,4000,70,16,"null","split","prognostic_low","c60-h36",0.0445,89,2000
10,8000,70,16,"null","split","prognostic_low","c60-h36",0.0415,83,2000
11,4000,140,16,"null","split","prognostic_low","c60-h36",0.021,42,2000
12,8000,140,16,"null","split","prognostic_low","c60-h36",0.02,40,2000
19,4000,35,16,"homogeneous","split","prognostic_low","c60-h36",0.068,136,2000
20,8000,35,16,"homogeneous","split","prognostic_low","c60-h36",0.0785,157,2000
21,4000,70,16,"homogeneous","split","prognostic_low","c60-h36",0.054,108,2000
22,8000,70,16,"homogeneous","split","prognostic_low","c60-h36",0.0545,109,2000
23,4000,140,16,"homogeneous","split","prognostic_low","c60-h36",0.0365,73,2000
24,8000,140,16,"homogeneous","split","prognostic_low","c60-h36",0.036,72,2000
31,4000,35,16,"heterogeneous","split","prognostic_low","c60-h36",0.06,120,2000
32,8000,35,16,"heterogeneous","split","prognostic_low","c60-h36",0.0545,109,2000
33,4000,70,16,"heterogeneous","split","prognostic_low","c60-h36",0.0375,75,2000
34,8000,70,16,"heterogeneous","split","prognostic_low","c60-h36",0.0405,81,2000
35,4000,140,16,"heterogeneous","split","prognostic_low","c60-h36",0.023,46,2000
36,8000,140,16,"heterogeneous","split","prognostic_low","c60-h36",0.017,34,2000
9,4000,70,16,"null","bonferroni","workability","c60-h36",0.0035,7,2000
10,8000,70,16,"null","bonferroni","workability","c60-h36",0.001,2,2000
11,4000,140,16,"null","bonferroni","workability","c60-h36",0.714,1428,2000
12,8000,140,16,"null","bonferroni","workability","c60-h36",0.7025,1405,2000
23,4000,140,16,"homogeneous","bonferroni","workability","c60-h36",0.8875,1775,2000
24,8000,140,16,"homogeneous","bonferroni","workability","c60-h36",0.891,1782,2000
33,4000,70,16,"heterogeneous","bonferroni","workability","c60-h36",0.0035,7,2000
34,8000,70,16,"heterogeneous","bonferroni","workability","c60-h36",0.0035,7,2000
35,4000,140,16,"heterogeneous","bonferroni","workability","c60-h36",0.6735,1347,2000
36,8000,140,16,"heterogeneous","bonferroni","workability","c60-h36",0.6925,1385,2000
9,4000,70,16,"null","naive","workability","c60-h36",0.0035,7,2000
10,8000,70,16,"null","naive","workability","c60-h36",0.001,2,2000
11,4000,140,16,"null","naive","workability","c60-h36",0.714,1428,2000
12,8000,140,16,"null","naive","workability","c60-h36",0.7025,1405,2000
23,4000,140,16,"homogeneous","naive","workability","c60-h36",0.8875,1775,2000
24,8000,140,16,"homogeneous","naive","workability","c60-h36",0.891,1782,2000
33,4000,70,16,"heterogeneous","naive","workability","c60-h36",0.0035,7,2000
34,8000,70,16,"heterogeneous","naive","workability","c60-h36",0.0035,7,2000
35,4000,140,16,"heterogeneous","naive","workability","c60-h36",0.6735,1347,2000
36,8000,140,16,"heterogeneous","naive","workability","c60-h36",0.6925,1385,2000
9,4000,70,16,"null","split","workability","c60-h36",0.0265,53,2000
10,8000,70,16,"null","split","workability","c60-h36",0.0245,49,2000
11,4000,140,16,"null","split","workability","c60-h36",0.604,1208,2000
12,8000,140,16,"null","split","workability","c60-h36",0.6035,1207,2000
21,4000,70,16,"homogeneous","split","workability","c60-h36",0.002,4,2000
22,8000,70,16,"homogeneous","split","workability","c60-h36",0.0025,5,2000
23,4000,140,16,"homogeneous","split","workability","c60-h36",0.7515,1503,2000
24,8000,140,16,"homogeneous","split","workability","c60-h36",0.7495,1499,2000
33,4000,70,16,"heterogeneous","split","workability","c60-h36",0.024,48,2000
34,8000,70,16,"heterogeneous","split","workability","c60-h36",0.0205,41,2000
35,4000,140,16,"heterogeneous","split","workability","c60-h36",0.6165,1233,2000
36,8000,140,16,"heterogeneous","split","workability","c60-h36",0.6165,1233,2000
7,4000,35,16,"null","bonferroni","effect_seeking","c60-h48",0.068,136,2000
8,8000,35,16,"null","bonferroni","effect_seeking","c60-h48",0.0575,115,2000
9,4000,70,16,"null","bonferroni","effect_seeking","c60-h48",0.0705,141,2000
10,8000,70,16,"null","bonferroni","effect_seeking","c60-h48",0.0685,137,2000
11,4000,140,16,"null","bonferroni","effect_seeking","c60-h48",0.067,134,2000
12,8000,140,16,"null","bonferroni","effect_seeking","c60-h48",0.0635,127,2000
19,4000,35,16,"homogeneous","bonferroni","effect_seeking","c60-h48",0.045,90,2000
20,8000,35,16,"homogeneous","bonferroni","effect_seeking","c60-h48",0.0375,75,2000
21,4000,70,16,"homogeneous","bonferroni","effect_seeking","c60-h48",0.038,76,2000
22,8000,70,16,"homogeneous","bonferroni","effect_seeking","c60-h48",0.0335,67,2000
23,4000,140,16,"homogeneous","bonferroni","effect_seeking","c60-h48",0.0195,39,2000
24,8000,140,16,"homogeneous","bonferroni","effect_seeking","c60-h48",0.0225,45,2000
31,4000,35,16,"heterogeneous","bonferroni","effect_seeking","c60-h48",0.0225,45,2000
32,8000,35,16,"heterogeneous","bonferroni","effect_seeking","c60-h48",0.0255,51,2000
33,4000,70,16,"heterogeneous","bonferroni","effect_seeking","c60-h48",0.0165,33,2000
34,8000,70,16,"heterogeneous","bonferroni","effect_seeking","c60-h48",0.0225,45,2000
35,4000,140,16,"heterogeneous","bonferroni","effect_seeking","c60-h48",0.012,24,2000
36,8000,140,16,"heterogeneous","bonferroni","effect_seeking","c60-h48",0.0065,13,2000
7,4000,35,16,"null","naive","effect_seeking","c60-h48",0.068,136,2000
8,8000,35,16,"null","naive","effect_seeking","c60-h48",0.0575,115,2000
9,4000,70,16,"null","naive","effect_seeking","c60-h48",0.0705,141,2000
10,8000,70,16,"null","naive","effect_seeking","c60-h48",0.0685,137,2000
11,4000,140,16,"null","naive","effect_seeking","c60-h48",0.067,134,2000
12,8000,140,16,"null","naive","effect_seeking","c60-h48",0.0635,127,2000
19,4000,35,16,"homogeneous","naive","effect_seeking","c60-h48",0.045,90,2000
20,8000,35,16,"homogeneous","naive","effect_seeking","c60-h48",0.0375,75,2000
21,4000,70,16,"homogeneous","naive","effect_seeking","c60-h48",0.038,76,2000
22,8000,70,16,"homogeneous","naive","effect_seeking","c60-h48",0.0335,67,2000
23,4000,140,16,"homogeneous","naive","effect_seeking","c60-h48",0.0195,39,2000
24,8000,140,16,"homogeneous","naive","effect_seeking","c60-h48",0.0225,45,2000
31,4000,35,16,"heterogeneous","naive","effect_seeking","c60-h48",0.0225,45,2000
32,8000,35,16,"heterogeneous","naive","effect_seeking","c60-h48",0.0255,51,2000
33,4000,70,16,"heterogeneous","naive","effect_seeking","c60-h48",0.0165,33,2000
34,8000,70,16,"heterogeneous","naive","effect_seeking","c60-h48",0.0225,45,2000
35,4000,140,16,"heterogeneous","naive","effect_seeking","c60-h48",0.012,24,2000
36,8000,140,16,"heterogeneous","naive","effect_seeking","c60-h48",0.0065,13,2000
7,4000,35,16,"null","bonferroni","prognostic_high","c60-h48",0.073,146,2000
8,8000,35,16,"null","bonferroni","prognostic_high","c60-h48",0.066,132,2000
9,4000,70,16,"null","bonferroni","prognostic_high","c60-h48",0.052,104,2000
10,8000,70,16,"null","bonferroni","prognostic_high","c60-h48",0.0455,91,2000
11,4000,140,16,"null","bonferroni","prognostic_high","c60-h48",0.0405,81,2000
12,8000,140,16,"null","bonferroni","prognostic_high","c60-h48",0.028,56,2000
19,4000,35,16,"homogeneous","bonferroni","prognostic_high","c60-h48",0.075,150,2000
20,8000,35,16,"homogeneous","bonferroni","prognostic_high","c60-h48",0.0825,165,2000
21,4000,70,16,"homogeneous","bonferroni","prognostic_high","c60-h48",0.067,134,2000
22,8000,70,16,"homogeneous","bonferroni","prognostic_high","c60-h48",0.0585,117,2000
23,4000,140,16,"homogeneous","bonferroni","prognostic_high","c60-h48",0.039,78,2000
24,8000,140,16,"homogeneous","bonferroni","prognostic_high","c60-h48",0.0325,65,2000
31,4000,35,16,"heterogeneous","bonferroni","prognostic_high","c60-h48",0.0705,141,2000
32,8000,35,16,"heterogeneous","bonferroni","prognostic_high","c60-h48",0.0695,139,2000
33,4000,70,16,"heterogeneous","bonferroni","prognostic_high","c60-h48",0.0505,101,2000
34,8000,70,16,"heterogeneous","bonferroni","prognostic_high","c60-h48",0.0555,111,2000
35,4000,140,16,"heterogeneous","bonferroni","prognostic_high","c60-h48",0.034,68,2000
36,8000,140,16,"heterogeneous","bonferroni","prognostic_high","c60-h48",0.027,54,2000
7,4000,35,16,"null","naive","prognostic_high","c60-h48",0.073,146,2000
8,8000,35,16,"null","naive","prognostic_high","c60-h48",0.066,132,2000
9,4000,70,16,"null","naive","prognostic_high","c60-h48",0.052,104,2000
10,8000,70,16,"null","naive","prognostic_high","c60-h48",0.0455,91,2000
11,4000,140,16,"null","naive","prognostic_high","c60-h48",0.0405,81,2000
12,8000,140,16,"null","naive","prognostic_high","c60-h48",0.028,56,2000
19,4000,35,16,"homogeneous","naive","prognostic_high","c60-h48",0.075,150,2000
20,8000,35,16,"homogeneous","naive","prognostic_high","c60-h48",0.0825,165,2000
21,4000,70,16,"homogeneous","naive","prognostic_high","c60-h48",0.067,134,2000
22,8000,70,16,"homogeneous","naive","prognostic_high","c60-h48",0.0585,117,2000
23,4000,140,16,"homogeneous","naive","prognostic_high","c60-h48",0.039,78,2000
24,8000,140,16,"homogeneous","naive","prognostic_high","c60-h48",0.0325,65,2000
31,4000,35,16,"heterogeneous","naive","prognostic_high","c60-h48",0.0705,141,2000
32,8000,35,16,"heterogeneous","naive","prognostic_high","c60-h48",0.0695,139,2000
33,4000,70,16,"heterogeneous","naive","prognostic_high","c60-h48",0.0505,101,2000
34,8000,70,16,"heterogeneous","naive","prognostic_high","c60-h48",0.0555,111,2000
35,4000,140,16,"heterogeneous","naive","prognostic_high","c60-h48",0.034,68,2000
36,8000,140,16,"heterogeneous","naive","prognostic_high","c60-h48",0.027,54,2000
7,4000,35,16,"null","split","prognostic_high","c60-h48",0.093,186,2000
8,8000,35,16,"null","split","prognostic_high","c60-h48",0.0885,177,2000
9,4000,70,16,"null","split","prognostic_high","c60-h48",0.0615,123,2000
10,8000,70,16,"null","split","prognostic_high","c60-h48",0.0725,145,2000
11,4000,140,16,"null","split","prognostic_high","c60-h48",0.052,104,2000
12,8000,140,16,"null","split","prognostic_high","c60-h48",0.0545,109,2000
19,4000,35,16,"homogeneous","split","prognostic_high","c60-h48",0.087,174,2000
20,8000,35,16,"homogeneous","split","prognostic_high","c60-h48",0.0935,187,2000
21,4000,70,16,"homogeneous","split","prognostic_high","c60-h48",0.0775,155,2000
22,8000,70,16,"homogeneous","split","prognostic_high","c60-h48",0.069,138,2000
23,4000,140,16,"homogeneous","split","prognostic_high","c60-h48",0.0615,123,2000
24,8000,140,16,"homogeneous","split","prognostic_high","c60-h48",0.054,108,2000
31,4000,35,16,"heterogeneous","split","prognostic_high","c60-h48",0.0935,187,2000
32,8000,35,16,"heterogeneous","split","prognostic_high","c60-h48",0.093,186,2000
33,4000,70,16,"heterogeneous","split","prognostic_high","c60-h48",0.0765,153,2000
34,8000,70,16,"heterogeneous","split","prognostic_high","c60-h48",0.077,154,2000
35,4000,140,16,"heterogeneous","split","prognostic_high","c60-h48",0.0625,125,2000
36,8000,140,16,"heterogeneous","split","prognostic_high","c60-h48",0.053,106,2000
7,4000,35,16,"null","bonferroni","prognostic_low","c60-h48",0.05,100,2000
8,8000,35,16,"null","bonferroni","prognostic_low","c60-h48",0.0505,101,2000
9,4000,70,16,"null","bonferroni","prognostic_low","c60-h48",0.0445,89,2000
10,8000,70,16,"null","bonferroni","prognostic_low","c60-h48",0.0375,75,2000
11,4000,140,16,"null","bonferroni","prognostic_low","c60-h48",0.0265,53,2000
12,8000,140,16,"null","bonferroni","prognostic_low","c60-h48",0.02,40,2000
19,4000,35,16,"homogeneous","bonferroni","prognostic_low","c60-h48",0.065,130,2000
20,8000,35,16,"homogeneous","bonferroni","prognostic_low","c60-h48",0.067,134,2000
21,4000,70,16,"homogeneous","bonferroni","prognostic_low","c60-h48",0.053,106,2000
22,8000,70,16,"homogeneous","bonferroni","prognostic_low","c60-h48",0.041,82,2000
23,4000,140,16,"homogeneous","bonferroni","prognostic_low","c60-h48",0.033,66,2000
24,8000,140,16,"homogeneous","bonferroni","prognostic_low","c60-h48",0.029,58,2000
31,4000,35,16,"heterogeneous","bonferroni","prognostic_low","c60-h48",0.054,108,2000
32,8000,35,16,"heterogeneous","bonferroni","prognostic_low","c60-h48",0.0565,113,2000
33,4000,70,16,"heterogeneous","bonferroni","prognostic_low","c60-h48",0.0375,75,2000
34,8000,70,16,"heterogeneous","bonferroni","prognostic_low","c60-h48",0.038,76,2000
35,4000,140,16,"heterogeneous","bonferroni","prognostic_low","c60-h48",0.025,50,2000
36,8000,140,16,"heterogeneous","bonferroni","prognostic_low","c60-h48",0.0185,37,2000
7,4000,35,16,"null","naive","prognostic_low","c60-h48",0.05,100,2000
8,8000,35,16,"null","naive","prognostic_low","c60-h48",0.0505,101,2000
9,4000,70,16,"null","naive","prognostic_low","c60-h48",0.0445,89,2000
10,8000,70,16,"null","naive","prognostic_low","c60-h48",0.0375,75,2000
11,4000,140,16,"null","naive","prognostic_low","c60-h48",0.0265,53,2000
12,8000,140,16,"null","naive","prognostic_low","c60-h48",0.02,40,2000
19,4000,35,16,"homogeneous","naive","prognostic_low","c60-h48",0.065,130,2000
20,8000,35,16,"homogeneous","naive","prognostic_low","c60-h48",0.067,134,2000
21,4000,70,16,"homogeneous","naive","prognostic_low","c60-h48",0.053,106,2000
22,8000,70,16,"homogeneous","naive","prognostic_low","c60-h48",0.041,82,2000
23,4000,140,16,"homogeneous","naive","prognostic_low","c60-h48",0.033,66,2000
24,8000,140,16,"homogeneous","naive","prognostic_low","c60-h48",0.029,58,2000
31,4000,35,16,"heterogeneous","naive","prognostic_low","c60-h48",0.054,108,2000
32,8000,35,16,"heterogeneous","naive","prognostic_low","c60-h48",0.0565,113,2000
33,4000,70,16,"heterogeneous","naive","prognostic_low","c60-h48",0.0375,75,2000
34,8000,70,16,"heterogeneous","naive","prognostic_low","c60-h48",0.038,76,2000
35,4000,140,16,"heterogeneous","naive","prognostic_low","c60-h48",0.025,50,2000
36,8000,140,16,"heterogeneous","naive","prognostic_low","c60-h48",0.0185,37,2000
7,4000,35,16,"null","split","prognostic_low","c60-h48",0.075,150,2000
8,8000,35,16,"null","split","prognostic_low","c60-h48",0.0685,137,2000
9,4000,70,16,"null","split","prognostic_low","c60-h48",0.0545,109,2000
10,8000,70,16,"null","split","prognostic_low","c60-h48",0.0495,99,2000
11,4000,140,16,"null","split","prognostic_low","c60-h48",0.0435,87,2000
12,8000,140,16,"null","split","prognostic_low","c60-h48",0.0425,85,2000
19,4000,35,16,"homogeneous","split","prognostic_low","c60-h48",0.0845,169,2000
20,8000,35,16,"homogeneous","split","prognostic_low","c60-h48",0.0825,165,2000
21,4000,70,16,"homogeneous","split","prognostic_low","c60-h48",0.0655,131,2000
22,8000,70,16,"homogeneous","split","prognostic_low","c60-h48",0.0585,117,2000
23,4000,140,16,"homogeneous","split","prognostic_low","c60-h48",0.046,92,2000
24,8000,140,16,"homogeneous","split","prognostic_low","c60-h48",0.054,108,2000
31,4000,35,16,"heterogeneous","split","prognostic_low","c60-h48",0.0795,159,2000
32,8000,35,16,"heterogeneous","split","prognostic_low","c60-h48",0.0775,155,2000
33,4000,70,16,"heterogeneous","split","prognostic_low","c60-h48",0.056,112,2000
34,8000,70,16,"heterogeneous","split","prognostic_low","c60-h48",0.056,112,2000
35,4000,140,16,"heterogeneous","split","prognostic_low","c60-h48",0.0435,87,2000
36,8000,140,16,"heterogeneous","split","prognostic_low","c60-h48",0.042,84,2000
9,4000,70,16,"null","bonferroni","workability","c60-h48",0.2505,501,2000
10,8000,70,16,"null","bonferroni","workability","c60-h48",0.2685,537,2000
11,4000,140,16,"null","bonferroni","workability","c60-h48",5e-04,1,2000
12,8000,140,16,"null","bonferroni","workability","c60-h48",0.004,8,2000
21,4000,70,16,"homogeneous","bonferroni","workability","c60-h48",0.023,46,2000
22,8000,70,16,"homogeneous","bonferroni","workability","c60-h48",0.0255,51,2000
23,4000,140,16,"homogeneous","bonferroni","workability","c60-h48",0.0805,161,2000
24,8000,140,16,"homogeneous","bonferroni","workability","c60-h48",0.0815,163,2000
33,4000,70,16,"heterogeneous","bonferroni","workability","c60-h48",0.26,520,2000
34,8000,70,16,"heterogeneous","bonferroni","workability","c60-h48",0.269,538,2000
35,4000,140,16,"heterogeneous","bonferroni","workability","c60-h48",5e-04,1,2000
36,8000,140,16,"heterogeneous","bonferroni","workability","c60-h48",0.0015,3,2000
9,4000,70,16,"null","naive","workability","c60-h48",0.2505,501,2000
10,8000,70,16,"null","naive","workability","c60-h48",0.2685,537,2000
11,4000,140,16,"null","naive","workability","c60-h48",5e-04,1,2000
12,8000,140,16,"null","naive","workability","c60-h48",0.004,8,2000
21,4000,70,16,"homogeneous","naive","workability","c60-h48",0.023,46,2000
22,8000,70,16,"homogeneous","naive","workability","c60-h48",0.0255,51,2000
23,4000,140,16,"homogeneous","naive","workability","c60-h48",0.0805,161,2000
24,8000,140,16,"homogeneous","naive","workability","c60-h48",0.0815,163,2000
33,4000,70,16,"heterogeneous","naive","workability","c60-h48",0.26,520,2000
34,8000,70,16,"heterogeneous","naive","workability","c60-h48",0.269,538,2000
35,4000,140,16,"heterogeneous","naive","workability","c60-h48",5e-04,1,2000
36,8000,140,16,"heterogeneous","naive","workability","c60-h48",0.0015,3,2000
9,4000,70,16,"null","split","workability","c60-h48",0.302,604,2000
10,8000,70,16,"null","split","workability","c60-h48",0.307,614,2000
11,4000,140,16,"null","split","workability","c60-h48",0.02,40,2000
12,8000,140,16,"null","split","workability","c60-h48",0.0225,45,2000
21,4000,70,16,"homogeneous","split","workability","c60-h48",0.0945,189,2000
22,8000,70,16,"homogeneous","split","workability","c60-h48",0.086,172,2000
23,4000,140,16,"homogeneous","split","workability","c60-h48",0.1435,287,2000
24,8000,140,16,"homogeneous","split","workability","c60-h48",0.1665,333,2000
33,4000,70,16,"heterogeneous","split","workability","c60-h48",0.3055,611,2000
34,8000,70,16,"heterogeneous","split","workability","c60-h48",0.336,672,2000
35,4000,140,16,"heterogeneous","split","workability","c60-h48",0.0185,37,2000
36,8000,140,16,"heterogeneous","split","workability","c60-h48",0.0225,45,2000
7,4000,35,16,"null","bonferroni","effect_seeking","c60-h60",0.082,164,2000
8,8000,35,16,"null","bonferroni","effect_seeking","c60-h60",0.0875,175,2000
9,4000,70,16,"null","bonferroni","effect_seeking","c60-h60",0.0825,165,2000
10,8000,70,16,"null","bonferroni","effect_seeking","c60-h60",0.0925,185,2000
11,4000,140,16,"null","bonferroni","effect_seeking","c60-h60",0.0865,173,2000
12,8000,140,16,"null","bonferroni","effect_seeking","c60-h60",0.1,200,2000
19,4000,35,16,"homogeneous","bonferroni","effect_seeking","c60-h60",0.066,132,2000
20,8000,35,16,"homogeneous","bonferroni","effect_seeking","c60-h60",0.0715,143,2000
21,4000,70,16,"homogeneous","bonferroni","effect_seeking","c60-h60",0.0635,127,2000
22,8000,70,16,"homogeneous","bonferroni","effect_seeking","c60-h60",0.059,118,2000
23,4000,140,16,"homogeneous","bonferroni","effect_seeking","c60-h60",0.0435,87,2000
24,8000,140,16,"homogeneous","bonferroni","effect_seeking","c60-h60",0.0485,97,2000
31,4000,35,16,"heterogeneous","bonferroni","effect_seeking","c60-h60",0.0425,85,2000
32,8000,35,16,"heterogeneous","bonferroni","effect_seeking","c60-h60",0.033,66,2000
33,4000,70,16,"heterogeneous","bonferroni","effect_seeking","c60-h60",0.021,42,2000
34,8000,70,16,"heterogeneous","bonferroni","effect_seeking","c60-h60",0.032,64,2000
35,4000,140,16,"heterogeneous","bonferroni","effect_seeking","c60-h60",0.013,26,2000
36,8000,140,16,"heterogeneous","bonferroni","effect_seeking","c60-h60",0.01,20,2000
7,4000,35,16,"null","naive","effect_seeking","c60-h60",0.082,164,2000
8,8000,35,16,"null","naive","effect_seeking","c60-h60",0.0875,175,2000
9,4000,70,16,"null","naive","effect_seeking","c60-h60",0.0825,165,2000
10,8000,70,16,"null","naive","effect_seeking","c60-h60",0.0925,185,2000
11,4000,140,16,"null","naive","effect_seeking","c60-h60",0.0865,173,2000
12,8000,140,16,"null","naive","effect_seeking","c60-h60",0.1,200,2000
19,4000,35,16,"homogeneous","naive","effect_seeking","c60-h60",0.066,132,2000
20,8000,35,16,"homogeneous","naive","effect_seeking","c60-h60",0.0715,143,2000
21,4000,70,16,"homogeneous","naive","effect_seeking","c60-h60",0.0635,127,2000
22,8000,70,16,"homogeneous","naive","effect_seeking","c60-h60",0.059,118,2000
23,4000,140,16,"homogeneous","naive","effect_seeking","c60-h60",0.0435,87,2000
24,8000,140,16,"homogeneous","naive","effect_seeking","c60-h60",0.0485,97,2000
31,4000,35,16,"heterogeneous","naive","effect_seeking","c60-h60",0.0425,85,2000
32,8000,35,16,"heterogeneous","naive","effect_seeking","c60-h60",0.033,66,2000
33,4000,70,16,"heterogeneous","naive","effect_seeking","c60-h60",0.021,42,2000
34,8000,70,16,"heterogeneous","naive","effect_seeking","c60-h60",0.032,64,2000
35,4000,140,16,"heterogeneous","naive","effect_seeking","c60-h60",0.013,26,2000
36,8000,140,16,"heterogeneous","naive","effect_seeking","c60-h60",0.01,20,2000
7,4000,35,16,"null","bonferroni","outcome_blinded","c60-h60",0.0175,35,2000
8,8000,35,16,"null","bonferroni","outcome_blinded","c60-h60",0.015,30,2000
9,4000,70,16,"null","bonferroni","outcome_blinded","c60-h60",0.0165,33,2000
10,8000,70,16,"null","bonferroni","outcome_blinded","c60-h60",0.019,38,2000
11,4000,140,16,"null","bonferroni","outcome_blinded","c60-h60",0.0225,45,2000
12,8000,140,16,"null","bonferroni","outcome_blinded","c60-h60",0.0205,41,2000
19,4000,35,16,"homogeneous","bonferroni","outcome_blinded","c60-h60",0.02,40,2000
20,8000,35,16,"homogeneous","bonferroni","outcome_blinded","c60-h60",0.0165,33,2000
21,4000,70,16,"homogeneous","bonferroni","outcome_blinded","c60-h60",0.0215,43,2000
22,8000,70,16,"homogeneous","bonferroni","outcome_blinded","c60-h60",0.0105,21,2000
23,4000,140,16,"homogeneous","bonferroni","outcome_blinded","c60-h60",0.022,44,2000
24,8000,140,16,"homogeneous","bonferroni","outcome_blinded","c60-h60",0.0145,29,2000
31,4000,35,16,"heterogeneous","bonferroni","outcome_blinded","c60-h60",0.0175,35,2000
32,8000,35,16,"heterogeneous","bonferroni","outcome_blinded","c60-h60",0.016,32,2000
33,4000,70,16,"heterogeneous","bonferroni","outcome_blinded","c60-h60",0.0175,35,2000
34,8000,70,16,"heterogeneous","bonferroni","outcome_blinded","c60-h60",0.017,34,2000
35,4000,140,16,"heterogeneous","bonferroni","outcome_blinded","c60-h60",0.013,26,2000
36,8000,140,16,"heterogeneous","bonferroni","outcome_blinded","c60-h60",0.018,36,2000
7,4000,35,16,"null","naive","outcome_blinded","c60-h60",0.0175,35,2000
8,8000,35,16,"null","naive","outcome_blinded","c60-h60",0.015,30,2000
9,4000,70,16,"null","naive","outcome_blinded","c60-h60",0.0165,33,2000
10,8000,70,16,"null","naive","outcome_blinded","c60-h60",0.019,38,2000
11,4000,140,16,"null","naive","outcome_blinded","c60-h60",0.0225,45,2000
12,8000,140,16,"null","naive","outcome_blinded","c60-h60",0.0205,41,2000
19,4000,35,16,"homogeneous","naive","outcome_blinded","c60-h60",0.02,40,2000
20,8000,35,16,"homogeneous","naive","outcome_blinded","c60-h60",0.0165,33,2000
21,4000,70,16,"homogeneous","naive","outcome_blinded","c60-h60",0.0215,43,2000
22,8000,70,16,"homogeneous","naive","outcome_blinded","c60-h60",0.0105,21,2000
23,4000,140,16,"homogeneous","naive","outcome_blinded","c60-h60",0.022,44,2000
24,8000,140,16,"homogeneous","naive","outcome_blinded","c60-h60",0.0145,29,2000
31,4000,35,16,"heterogeneous","naive","outcome_blinded","c60-h60",0.0175,35,2000
32,8000,35,16,"heterogeneous","naive","outcome_blinded","c60-h60",0.016,32,2000
33,4000,70,16,"heterogeneous","naive","outcome_blinded","c60-h60",0.0175,35,2000
34,8000,70,16,"heterogeneous","naive","outcome_blinded","c60-h60",0.017,34,2000
35,4000,140,16,"heterogeneous","naive","outcome_blinded","c60-h60",0.013,26,2000
36,8000,140,16,"heterogeneous","naive","outcome_blinded","c60-h60",0.018,36,2000
7,4000,35,16,"null","bonferroni","prognostic_high","c60-h60",0.249,498,2000
8,8000,35,16,"null","bonferroni","prognostic_high","c60-h60",0.255,510,2000
9,4000,70,16,"null","bonferroni","prognostic_high","c60-h60",0.2745,549,2000
10,8000,70,16,"null","bonferroni","prognostic_high","c60-h60",0.2695,539,2000
11,4000,140,16,"null","bonferroni","prognostic_high","c60-h60",0.2725,545,2000
12,8000,140,16,"null","bonferroni","prognostic_high","c60-h60",0.2635,527,2000
19,4000,35,16,"homogeneous","bonferroni","prognostic_high","c60-h60",0.21,420,2000
20,8000,35,16,"homogeneous","bonferroni","prognostic_high","c60-h60",0.235,470,2000
21,4000,70,16,"homogeneous","bonferroni","prognostic_high","c60-h60",0.233,466,2000
22,8000,70,16,"homogeneous","bonferroni","prognostic_high","c60-h60",0.232,464,2000
23,4000,140,16,"homogeneous","bonferroni","prognostic_high","c60-h60",0.246,492,2000
24,8000,140,16,"homogeneous","bonferroni","prognostic_high","c60-h60",0.26,520,2000
31,4000,35,16,"heterogeneous","bonferroni","prognostic_high","c60-h60",0.281,562,2000
32,8000,35,16,"heterogeneous","bonferroni","prognostic_high","c60-h60",0.2655,531,2000
33,4000,70,16,"heterogeneous","bonferroni","prognostic_high","c60-h60",0.302,604,2000
34,8000,70,16,"heterogeneous","bonferroni","prognostic_high","c60-h60",0.31,620,2000
35,4000,140,16,"heterogeneous","bonferroni","prognostic_high","c60-h60",0.3195,639,2000
36,8000,140,16,"heterogeneous","bonferroni","prognostic_high","c60-h60",0.323,646,2000
7,4000,35,16,"null","naive","prognostic_high","c60-h60",0.249,498,2000
8,8000,35,16,"null","naive","prognostic_high","c60-h60",0.255,510,2000
9,4000,70,16,"null","naive","prognostic_high","c60-h60",0.2745,549,2000
10,8000,70,16,"null","naive","prognostic_high","c60-h60",0.2695,539,2000
11,4000,140,16,"null","naive","prognostic_high","c60-h60",0.2725,545,2000
12,8000,140,16,"null","naive","prognostic_high","c60-h60",0.2635,527,2000
19,4000,35,16,"homogeneous","naive","prognostic_high","c60-h60",0.21,420,2000
20,8000,35,16,"homogeneous","naive","prognostic_high","c60-h60",0.235,470,2000
21,4000,70,16,"homogeneous","naive","prognostic_high","c60-h60",0.233,466,2000
22,8000,70,16,"homogeneous","naive","prognostic_high","c60-h60",0.232,464,2000
23,4000,140,16,"homogeneous","naive","prognostic_high","c60-h60",0.246,492,2000
24,8000,140,16,"homogeneous","naive","prognostic_high","c60-h60",0.26,520,2000
31,4000,35,16,"heterogeneous","naive","prognostic_high","c60-h60",0.281,562,2000
32,8000,35,16,"heterogeneous","naive","prognostic_high","c60-h60",0.2655,531,2000
33,4000,70,16,"heterogeneous","naive","prognostic_high","c60-h60",0.302,604,2000
34,8000,70,16,"heterogeneous","naive","prognostic_high","c60-h60",0.31,620,2000
35,4000,140,16,"heterogeneous","naive","prognostic_high","c60-h60",0.3195,639,2000
36,8000,140,16,"heterogeneous","naive","prognostic_high","c60-h60",0.323,646,2000
7,4000,35,16,"null","split","prognostic_high","c60-h60",0.2065,413,2000
8,8000,35,16,"null","split","prognostic_high","c60-h60",0.215,430,2000
9,4000,70,16,"null","split","prognostic_high","c60-h60",0.2455,491,2000
10,8000,70,16,"null","split","prognostic_high","c60-h60",0.237,474,2000
11,4000,140,16,"null","split","prognostic_high","c60-h60",0.2665,533,2000
12,8000,140,16,"null","split","prognostic_high","c60-h60",0.263,526,2000
19,4000,35,16,"homogeneous","split","prognostic_high","c60-h60",0.1965,393,2000
20,8000,35,16,"homogeneous","split","prognostic_high","c60-h60",0.2005,401,2000
21,4000,70,16,"homogeneous","split","prognostic_high","c60-h60",0.2375,475,2000
22,8000,70,16,"homogeneous","split","prognostic_high","c60-h60",0.233,466,2000
23,4000,140,16,"homogeneous","split","prognostic_high","c60-h60",0.245,490,2000
24,8000,140,16,"homogeneous","split","prognostic_high","c60-h60",0.248,496,2000
31,4000,35,16,"heterogeneous","split","prognostic_high","c60-h60",0.241,482,2000
32,8000,35,16,"heterogeneous","split","prognostic_high","c60-h60",0.233,466,2000
33,4000,70,16,"heterogeneous","split","prognostic_high","c60-h60",0.2585,517,2000
34,8000,70,16,"heterogeneous","split","prognostic_high","c60-h60",0.2815,563,2000
35,4000,140,16,"heterogeneous","split","prognostic_high","c60-h60",0.2905,581,2000
36,8000,140,16,"heterogeneous","split","prognostic_high","c60-h60",0.309,618,2000
7,4000,35,16,"null","bonferroni","prognostic_low","c60-h60",0.125,250,2000
8,8000,35,16,"null","bonferroni","prognostic_low","c60-h60",0.1345,269,2000
9,4000,70,16,"null","bonferroni","prognostic_low","c60-h60",0.105,210,2000
10,8000,70,16,"null","bonferroni","prognostic_low","c60-h60",0.1095,219,2000
11,4000,140,16,"null","bonferroni","prognostic_low","c60-h60",0.0765,153,2000
12,8000,140,16,"null","bonferroni","prognostic_low","c60-h60",0.0715,143,2000
19,4000,35,16,"homogeneous","bonferroni","prognostic_low","c60-h60",0.1205,241,2000
20,8000,35,16,"homogeneous","bonferroni","prognostic_low","c60-h60",0.132,264,2000
21,4000,70,16,"homogeneous","bonferroni","prognostic_low","c60-h60",0.1005,201,2000
22,8000,70,16,"homogeneous","bonferroni","prognostic_low","c60-h60",0.1195,239,2000
23,4000,140,16,"homogeneous","bonferroni","prognostic_low","c60-h60",0.0895,179,2000
24,8000,140,16,"homogeneous","bonferroni","prognostic_low","c60-h60",0.0885,177,2000
31,4000,35,16,"heterogeneous","bonferroni","prognostic_low","c60-h60",0.1395,279,2000
32,8000,35,16,"heterogeneous","bonferroni","prognostic_low","c60-h60",0.1405,281,2000
33,4000,70,16,"heterogeneous","bonferroni","prognostic_low","c60-h60",0.115,230,2000
34,8000,70,16,"heterogeneous","bonferroni","prognostic_low","c60-h60",0.1135,227,2000
35,4000,140,16,"heterogeneous","bonferroni","prognostic_low","c60-h60",0.0885,177,2000
36,8000,140,16,"heterogeneous","bonferroni","prognostic_low","c60-h60",0.078,156,2000
7,4000,35,16,"null","naive","prognostic_low","c60-h60",0.125,250,2000
8,8000,35,16,"null","naive","prognostic_low","c60-h60",0.1345,269,2000
9,4000,70,16,"null","naive","prognostic_low","c60-h60",0.105,210,2000
10,8000,70,16,"null","naive","prognostic_low","c60-h60",0.1095,219,2000
11,4000,140,16,"null","naive","prognostic_low","c60-h60",0.0765,153,2000
12,8000,140,16,"null","naive","prognostic_low","c60-h60",0.0715,143,2000
19,4000,35,16,"homogeneous","naive","prognostic_low","c60-h60",0.1205,241,2000
20,8000,35,16,"homogeneous","naive","prognostic_low","c60-h60",0.132,264,2000
21,4000,70,16,"homogeneous","naive","prognostic_low","c60-h60",0.1005,201,2000
22,8000,70,16,"homogeneous","naive","prognostic_low","c60-h60",0.1195,239,2000
23,4000,140,16,"homogeneous","naive","prognostic_low","c60-h60",0.0895,179,2000
24,8000,140,16,"homogeneous","naive","prognostic_low","c60-h60",0.0885,177,2000
31,4000,35,16,"heterogeneous","naive","prognostic_low","c60-h60",0.1395,279,2000
32,8000,35,16,"heterogeneous","naive","prognostic_low","c60-h60",0.1405,281,2000
33,4000,70,16,"heterogeneous","naive","prognostic_low","c60-h60",0.115,230,2000
34,8000,70,16,"heterogeneous","naive","prognostic_low","c60-h60",0.1135,227,2000
35,4000,140,16,"heterogeneous","naive","prognostic_low","c60-h60",0.0885,177,2000
36,8000,140,16,"heterogeneous","naive","prognostic_low","c60-h60",0.078,156,2000
7,4000,35,16,"null","split","prognostic_low","c60-h60",0.134,268,2000
8,8000,35,16,"null","split","prognostic_low","c60-h60",0.135,270,2000
9,4000,70,16,"null","split","prognostic_low","c60-h60",0.1225,245,2000
10,8000,70,16,"null","split","prognostic_low","c60-h60",0.1235,247,2000
11,4000,140,16,"null","split","prognostic_low","c60-h60",0.1165,233,2000
12,8000,140,16,"null","split","prognostic_low","c60-h60",0.112,224,2000
19,4000,35,16,"homogeneous","split","prognostic_low","c60-h60",0.128,256,2000
20,8000,35,16,"homogeneous","split","prognostic_low","c60-h60",0.137,274,2000
21,4000,70,16,"homogeneous","split","prognostic_low","c60-h60",0.132,264,2000
22,8000,70,16,"homogeneous","split","prognostic_low","c60-h60",0.136,272,2000
23,4000,140,16,"homogeneous","split","prognostic_low","c60-h60",0.1045,209,2000
24,8000,140,16,"homogeneous","split","prognostic_low","c60-h60",0.102,204,2000
31,4000,35,16,"heterogeneous","split","prognostic_low","c60-h60",0.129,258,2000
32,8000,35,16,"heterogeneous","split","prognostic_low","c60-h60",0.157,314,2000
33,4000,70,16,"heterogeneous","split","prognostic_low","c60-h60",0.132,264,2000
34,8000,70,16,"heterogeneous","split","prognostic_low","c60-h60",0.1265,253,2000
35,4000,140,16,"heterogeneous","split","prognostic_low","c60-h60",0.119,238,2000
36,8000,140,16,"heterogeneous","split","prognostic_low","c60-h60",0.119,238,2000
9,4000,70,16,"null","bonferroni","workability","c60-h60",0.621,1242,2000
10,8000,70,16,"null","bonferroni","workability","c60-h60",0.6145,1229,2000
21,4000,70,16,"homogeneous","bonferroni","workability","c60-h60",0.372,744,2000
22,8000,70,16,"homogeneous","bonferroni","workability","c60-h60",0.3685,737,2000
33,4000,70,16,"heterogeneous","bonferroni","workability","c60-h60",0.627,1254,2000
34,8000,70,16,"heterogeneous","bonferroni","workability","c60-h60",0.6225,1245,2000
9,4000,70,16,"null","naive","workability","c60-h60",0.621,1242,2000
10,8000,70,16,"null","naive","workability","c60-h60",0.6145,1229,2000
21,4000,70,16,"homogeneous","naive","workability","c60-h60",0.372,744,2000
22,8000,70,16,"homogeneous","naive","workability","c60-h60",0.3685,737,2000
33,4000,70,16,"heterogeneous","naive","workability","c60-h60",0.627,1254,2000
34,8000,70,16,"heterogeneous","naive","workability","c60-h60",0.6225,1245,2000
7,4000,35,16,"null","split","workability","c60-h60",0.0035,7,2000
8,8000,35,16,"null","split","workability","c60-h60",0.002,4,2000
9,4000,70,16,"null","split","workability","c60-h60",0.464,928,2000
10,8000,70,16,"null","split","workability","c60-h60",0.4685,937,2000
11,4000,140,16,"null","split","workability","c60-h60",5e-04,1,2000
12,8000,140,16,"null","split","workability","c60-h60",5e-04,1,2000
21,4000,70,16,"homogeneous","split","workability","c60-h60",0.343,686,2000
22,8000,70,16,"homogeneous","split","workability","c60-h60",0.36,720,2000
23,4000,140,16,"homogeneous","split","workability","c60-h60",5e-04,1,2000
24,8000,140,16,"homogeneous","split","workability","c60-h60",0.0015,3,2000
31,4000,35,16,"heterogeneous","split","workability","c60-h60",0.0025,5,2000
32,8000,35,16,"heterogeneous","split","workability","c60-h60",0.0035,7,2000
33,4000,70,16,"heterogeneous","split","workability","c60-h60",0.4775,955,2000
34,8000,70,16,"heterogeneous","split","workability","c60-h60",0.4665,933,2000
35,4000,140,16,"heterogeneous","split","workability","c60-h60",5e-04,1,2000
