"formal_scenario","pair_id","site","theta_local","v_local","theta_q","v_q","intended_theta_q"
1,1,1,-0.06,0.000277324606923071,-0.06,0.000332840092368193,-0.06
1,1,2,-0.06,0.000276689631945643,-0.06,0.000303630075494473,-0.06
1,1,3,-0.06,0.000281638863022205,-0.06,0.000289272796408974,-0.06
1,1,4,-0.06,0.000292710493138556,-0.06,0.00028803865935131,-0.06
1,1,5,-0.06,0.000310674264517776,-0.06,0.000299810978083069,-0.06
1,1,6,-0.06,0.000336564999013679,-0.06,0.000326073121504312,-0.06
1,2,1,-0.06,0.000277324606923071,-0.06,0.000332840092368193,-0.06
1,2,2,-0.06,0.000276689631945643,-0.06,0.000303630075494473,-0.06
1,2,3,-0.06,0.000281638863022205,-0.06,0.000289272796408974,-0.06
1,2,4,-0.06,0.000292710493138556,-0.06,0.00028803865935131,-0.06
1,2,5,-0.06,0.000310674264517776,-0.06,0.000299810978083069,-0.06
1,2,6,-0.06,0.000336564999013679,-0.06,0.000326073121504312,-0.06
1,3,1,-0.06,0.000277324606923071,-0.06,0.000332840092368193,-0.06
1,3,2,-0.06,0.000276689631945643,-0.06,0.000303630075494473,-0.06
1,3,3,-0.06,0.000281638863022205,-0.06,0.000289272796408974,-0.06
1,3,4,-0.06,0.000292710493138556,-0.06,0.00028803865935131,-0.06
1,3,5,-0.06,0.000310674264517776,-0.06,0.000299810978083069,-0.06
1,3,6,-0.06,0.000336564999013679,-0.06,0.000326073121504312,-0.06
2,1,1,-0.06,0.000373355874144531,-0.06,0.000684814398072189,-0.06
2,1,2,-0.06,0.000276689631945643,-0.06,0.000303630075494473,-0.06
2,1,3,-0.06,0.000281638863022205,-0.06,0.000289272796408974,-0.06
2,1,4,-0.06,0.000292710493138556,-0.06,0.00028803865935131,-0.06
2,1,5,-0.06,0.000310674264517776,-0.06,0.000299810978083069,-0.06
2,1,6,-0.06,0.000508075991664223,-0.06,0.000546200866708232,-0.06
2,2,1,-0.06,0.000277324606923071,-0.06,0.000332840092368193,-0.06
2,2,2,-0.06,0.00037949267410602,-0.06,0.000599128235539918,-0.06
2,2,3,-0.06,0.000281638863022205,-0.06,0.000289272796408974,-0.06
2,2,4,-0.06,0.000292710493138556,-0.06,0.00028803865935131,-0.06
2,2,5,-0.06,0.000456237679920098,-0.06,0.000522310743231106,-0.06
2,2,6,-0.06,0.000336564999013679,-0.06,0.000326073121504312,-0.06
2,3,1,-0.06,0.000277324606923071,-0.06,0.000332840092368193,-0.06
2,3,2,-0.06,0.000276689631945643,-0.06,0.000303630075494473,-0.06
2,3,3,-0.06,0.000394307898081154,-0.06,0.000547278858573071,-0.06
2,3,4,-0.06,0.00041922273779053,-0.06,0.000522677110324942,-0.06
2,3,5,-0.06,0.000310674264517776,-0.06,0.000299810978083069,-0.06
2,3,6,-0.06,0.000336564999013679,-0.06,0.000326073121504312,-0.06
3,1,1,-0.06,0.00027732460692307,-0.06,0.000332840092368194,-0.06
3,1,2,-0.06,0.000276689631945643,-0.06,0.000303630075494473,-0.06
3,1,3,-0.06,0.000281638863022205,-0.06,0.000289272796408974,-0.06
3,1,4,-0.06,0.000292710493138556,-0.06,0.00028803865935131,-0.06
3,1,5,-0.06,0.000310674264517776,-0.06,0.000299810978083069,-0.06
3,1,6,-0.06,0.000336564999013679,-0.06,0.000326073121504312,-0.06
3,2,1,-0.06,0.000277324606923071,-0.06,0.000332840092368193,-0.06
3,2,2,-0.06,0.000276689631945643,-0.06,0.000303630075494473,-0.06
3,2,3,-0.06,0.000281638863022205,-0.06,0.000289272796408974,-0.06
3,2,4,-0.06,0.000292710493138556,-0.06,0.00028803865935131,-0.06
3,2,5,-0.06,0.000310674264517775,-0.06,0.000299810978083069,-0.06
3,2,6,-0.06,0.000336564999013679,-0.06,0.000326073121504312,-0.06
3,3,1,-0.06,0.000277324606923071,-0.06,0.000332840092368193,-0.06
3,3,2,-0.06,0.000276689631945643,-0.06,0.000303630075494473,-0.06
3,3,3,-0.06,0.000281638863022205,-0.06,0.000289272796408974,-0.06
3,3,4,-0.06,0.000292710493138556,-0.06,0.00028803865935131,-0.06
3,3,5,-0.06,0.000310674264517776,-0.06,0.000299810978083069,-0.06
3,3,6,-0.06,0.000336564999013679,-0.06,0.000326073121504312,-0.06
4,1,1,-0.06,0.000228935685574311,-0.06,0.000277103650559778,-0.06
4,1,2,-0.06,0.000276689631945643,-0.06,0.000303630075494473,-0.06
4,1,3,-0.06,0.000281638863022205,-0.06,0.000289272796408974,-0.06
4,1,4,-0.06,0.000292710493138556,-0.06,0.00028803865935131,-0.06
4,1,5,-0.06,0.000310674264517776,-0.06,0.000299810978083069,-0.06
4,1,6,-0.06,0.000297272275586696,-0.06,0.000285271548753982,-0.06
4,2,1,-0.06,0.000277324606923071,-0.06,0.000332840092368193,-0.06
4,2,2,-0.06,0.000231278591547784,-0.06,0.000255202272436601,-0.06
4,2,3,-0.06,0.000281638863022205,-0.06,0.000289272796408974,-0.06
4,2,4,-0.06,0.000292710493138556,-0.06,0.00028803865935131,-0.06
4,2,5,-0.06,0.00027058236015303,-0.06,0.000259638519215715,-0.06
4,2,6,-0.06,0.000336564999013679,-0.06,0.000326073121504312,-0.06
4,3,1,-0.06,0.000277324606923071,-0.06,0.000332840092368193,-0.06
4,3,2,-0.06,0.000276689631945643,-0.06,0.000303630075494473,-0.06
4,3,3,-0.06,0.000238554598598618,-0.06,0.000245525133638401,-0.06
4,3,4,-0.06,0.000251376308122237,-0.06,0.000246931415002837,-0.06
4,3,5,-0.06,0.000310674264517776,-0.06,0.000299810978083069,-0.06
4,3,6,-0.06,0.000336564999013679,-0.06,0.000326073121504312,-0.06
5,1,1,-0.06,0.000362376896815091,-0.06,0.000418488745416169,-0.06
5,1,2,-0.06,0.000276689631945643,-0.06,0.000303630075494473,-0.06
5,1,3,-0.06,0.000281638863022205,-0.06,0.000289272796408974,-0.06
5,1,4,-0.06,0.000292710493138556,-0.06,0.00028803865935131,-0.06
5,1,5,-0.06,0.000310674264517776,-0.06,0.000299810978083069,-0.06
5,1,6,-0.06,0.000401180522428612,-0.06,0.00040078720965521,-0.06
5,2,1,-0.06,0.000277324606923071,-0.06,0.000332840092368193,-0.06
5,2,2,-0.06,0.00035453302126434,-0.06,0.000380307272867584,-0.06
5,2,3,-0.06,0.000281638863022205,-0.06,0.000289272796408974,-0.06
5,2,4,-0.06,0.000292710493138556,-0.06,0.00028803865935131,-0.06
5,2,5,-0.06,0.000376565099060444,-0.06,0.000370448089811556,-0.06
5,2,6,-0.06,0.000336564999013679,-0.06,0.000326073121504312,-0.06
5,3,1,-0.06,0.000277324606923071,-0.06,0.000332840092368193,-0.06
5,3,2,-0.06,0.000276689631945643,-0.06,0.000303630075494473,-0.06
5,3,3,-0.06,0.000354011137440865,-0.06,0.000360818745604013,-0.06
5,3,4,-0.06,0.000361149502293048,-0.06,0.000357653211877908,-0.06
5,3,5,-0.06,0.000310674264517776,-0.06,0.000299810978083069,-0.06
5,3,6,-0.06,0.000336564999013679,-0.06,0.000326073121504312,-0.06
6,1,1,-0.06,0.000277324606923071,-0.06,0.000332840092368193,-0.06
6,1,2,-0.06,0.000276689631945643,-0.06,0.000303630075494473,-0.06
6,1,3,-0.06,0.000281638863022205,-0.06,0.000289272796408974,-0.06
6,1,4,-0.06,0.000292710493138556,-0.06,0.00028803865935131,-0.06
6,1,5,-0.06,0.000310674264517776,-0.06,0.000299810978083069,-0.06
6,1,6,-0.06,0.000336564999013679,-0.06,0.000326073121504312,-0.06
6,2,1,-0.06,0.000277324606923071,-0.06,0.000332840092368193,-0.06
6,2,2,-0.06,0.000276689631945643,-0.06,0.000303630075494473,-0.06
6,2,3,-0.06,0.000281638863022205,-0.06,0.000289272796408974,-0.06
6,2,4,-0.06,0.000292710493138556,-0.06,0.00028803865935131,-0.06
6,2,5,-0.06,0.000310674264517776,-0.06,0.000299810978083069,-0.06
6,2,6,-0.06,0.000336564999013679,-0.06,0.000326073121504312,-0.06
6,3,1,-0.06,0.000277324606923071,-0.06,0.000332840092368193,-0.06
6,3,2,-0.06,0.000276689631945643,-0.06,0.000303630075494473,-0.06
6,3,3,-0.06,0.000281638863022205,-0.06,0.000289272796408974,-0.06
6,3,4,-0.06,0.000292710493138556,-0.06,0.00028803865935131,-0.06
6,3,5,-0.06,0.000310674264517776,-0.06,0.000299810978083069,-0.06
6,3,6,-0.06,0.000336564999013679,-0.06,0.000326073121504312,-0.06
7,1,1,-0.0721657413076382,0.000273473120819725,-0.0735630784463202,0.000328155122439131,-0.0735630784463202
7,1,2,-0.0726878585366693,0.000273719915594102,-0.0735630784463202,0.000300342066404095,-0.0735630784463202
7,1,3,-0.0732509459324211,0.000279486503081847,-0.0735630784463202,0.000287044849154349,-0.0735630784463202
7,1,4,-0.0738511460862493,0.000291345895067874,-0.0735630784463202,0.000286683714587165,-0.0735630784463202
7,1,5,-0.0744827979802852,0.000310101545002903,-0.0735630784463202,0.000299256928985103,-0.0735630784463202
7,1,6,-0.0751386541727494,0.000336821665855452,-0.0735630784463202,0.000326350852900657,-0.0735630784463202
7,2,1,-0.0721657413076382,0.000273473120819725,-0.0735630784463202,0.000328155122439131,-0.0735630784463202
7,2,2,-0.0726878585366693,0.000273719915594102,-0.0735630784463202,0.000300342066404095,-0.0735630784463202
7,2,3,-0.0732509459324211,0.000279486503081847,-0.0735630784463202,0.000287044849154349,-0.0735630784463202
7,2,4,-0.0738511460862493,0.000291345895067874,-0.0735630784463202,0.000286683714587165,-0.0735630784463202
7,2,5,-0.0744827979802852,0.000310101545002903,-0.0735630784463202,0.000299256928985103,-0.0735630784463202
7,2,6,-0.0751386541727494,0.000336821665855452,-0.0735630784463202,0.000326350852900657,-0.0735630784463202
7,3,1,-0.0721657413076382,0.000273473120819725,-0.0735630784463202,0.000328155122439131,-0.0735630784463202
7,3,2,-0.0726878585366693,0.000273719915594102,-0.0735630784463202,0.000300342066404095,-0.0735630784463202
7,3,3,-0.0732509459324211,0.000279486503081847,-0.0735630784463202,0.000287044849154349,-0.0735630784463202
7,3,4,-0.0738511460862493,0.000291345895067874,-0.0735630784463202,0.000286683714587165,-0.0735630784463202
7,3,5,-0.0744827979802852,0.000310101545002903,-0.0735630784463202,0.000299256928985103,-0.0735630784463202
7,3,6,-0.0751386541727494,0.000336821665855452,-0.0735630784463202,0.000326350852900657,-0.0735630784463202
8,1,1,-0.0687325774529699,0.000368783772250492,-0.0710543287219395,0.000672817046834309,-0.0735630784463202
8,1,2,-0.0726878585366693,0.000273719915594102,-0.0735630784463202,0.000300342066404095,-0.0735630784463202
8,1,3,-0.0732509459324211,0.000279486503081847,-0.0735630784463202,0.000287044849154349,-0.0735630784463202
8,1,4,-0.0738511460862493,0.000291345895067874,-0.0735630784463202,0.000286683714587165,-0.0735630784463202
8,1,5,-0.0744827979802852,0.000310101545002903,-0.0735630784463202,0.000299256928985103,-0.0735630784463202
8,1,6,-0.0703696867501453,0.000507502079847501,-0.0710543287219395,0.00054450064691101,-0.0735630784463202
8,2,1,-0.0721657413076382,0.000273473120819725,-0.0735630784463202,0.000328155122439131,-0.0735630784463202
8,2,2,-0.0690071124164039,0.000375751140703886,-0.0710543287219395,0.000590516790205255,-0.0735630784463202
8,2,3,-0.0732509459324211,0.000279486503081847,-0.0735630784463202,0.000287044849154349,-0.0735630784463202
8,2,4,-0.0738511460862493,0.000291345895067874,-0.0735630784463202,0.000286683714587165,-0.0735630784463202
8,2,5,-0.0699891901178532,0.000454810827744777,-0.0710543287219395,0.000519326941956361,-0.0735630784463202
8,2,6,-0.0751386541727494,0.000336821665855452,-0.0735630784463202,0.000326350852900657,-0.0735630784463202
8,3,1,-0.0721657413076382,0.000273473120819725,-0.0735630784463202,0.000328155122439131,-0.0735630784463202
8,3,2,-0.0726878585366693,0.000273719915594102,-0.0735630784463202,0.000300342066404095,-0.0735630784463202
8,3,3,-0.0693077257634854,0.000391340655272649,-0.0710543287219395,0.000541066238373366,-0.0735630784463202
8,3,4,-0.0696350440898786,0.000417013189739611,-0.0710543287219395,0.000518254126930911,-0.0735630784463202
8,3,5,-0.0744827979802852,0.000310101545002903,-0.0735630784463202,0.000299256928985103,-0.0735630784463202
8,3,6,-0.0751386541727494,0.000336821665855452,-0.0735630784463202,0.000326350852900657,-0.0735630784463202
9,1,1,-0.0745077438978116,0.000273924873929796,-0.0769490715230572,0.000329538427650256,-0.0735630784463202
9,1,2,-0.0726878585366693,0.000273719915594102,-0.0735630784463202,0.000300342066404095,-0.0735630784463202
9,1,3,-0.0732509459324211,0.000279486503081847,-0.0735630784463202,0.000287044849154349,-0.0735630784463202
9,1,4,-0.0738511460862493,0.000291345895067874,-0.0735630784463202,0.000286683714587165,-0.0735630784463202
9,1,5,-0.0744827979802852,0.000310101545002903,-0.0735630784463202,0.000299256928985103,-0.0735630784463202
9,1,6,-0.0797762023906449,0.000339085472848057,-0.0769490715230572,0.00032749061811704,-0.0735630784463202
9,2,1,-0.0721657413076382,0.000273473120819725,-0.0735630784463202,0.000328155122439131,-0.0735630784463202
9,2,2,-0.0753923576155594,0.00027440205353238,-0.0769490715230572,0.000301595262864885,-0.0735630784463202
9,2,3,-0.0732509459324211,0.000279486503081847,-0.0735630784463202,0.000287044849154349,-0.0735630784463202
9,2,4,-0.0738511460862493,0.000291345895067874,-0.0735630784463202,0.000286683714587165,-0.0735630784463202
9,2,5,-0.0785712220350063,0.000311834254521939,-0.0769490715230572,0.000300367153064972,-0.0735630784463202
9,2,6,-0.0751386541727494,0.000336821665855452,-0.0735630784463202,0.000326350852900657,-0.0735630784463202
9,3,1,-0.0721657413076382,0.000273473120819725,-0.0735630784463202,0.000328155122439131,-0.0735630784463202
9,3,2,-0.0726878585366693,0.000273719915594102,-0.0735630784463202,0.000300342066404095,-0.0735630784463202
9,3,3,-0.0763682770367636,0.000280448072389605,-0.0769490715230572,0.000288211452995611,-0.0735630784463202
9,3,4,-0.0774308803730836,0.000292651560917315,-0.0769490715230572,0.000287803236448473,-0.0735630784463202
9,3,5,-0.0744827979802852,0.000310101545002903,-0.0735630784463202,0.000299256928985103,-0.0735630784463202
9,3,6,-0.0751386541727494,0.000336821665855452,-0.0735630784463202,0.000326350852900657,-0.0735630784463202
10,1,1,-0.0571657413076381,0.000243016666944145,-0.0585630784463202,0.000289700132016493,-0.0735630784463202
10,1,2,-0.0726878585366693,0.000273719915594102,-0.0735630784463202,0.000300342066404095,-0.0735630784463202
10,1,3,-0.0732509459324211,0.000279486503081847,-0.0735630784463202,0.000287044849154349,-0.0735630784463202
10,1,4,-0.0738511460862493,0.000291345895067874,-0.0735630784463202,0.000286683714587165,-0.0735630784463202
10,1,5,-0.0744827979802852,0.000310101545002903,-0.0735630784463202,0.000299256928985103,-0.0735630784463202
10,1,6,-0.0601386541727494,0.000307533410881592,-0.0585630784463202,0.000297906962865973,-0.0735630784463202
10,2,1,-0.0721657413076382,0.000273473120819725,-0.0735630784463202,0.000328155122439131,-0.0735630784463202
10,2,2,-0.0576878585366693,0.000243989540416123,-0.0585630784463202,0.000266922770959541,-0.0735630784463202
10,2,3,-0.0732509459324211,0.000279486503081847,-0.0735630784463202,0.000287044849154349,-0.0735630784463202
10,2,4,-0.0738511460862493,0.000291345895067874,-0.0735630784463202,0.000286683714587165,-0.0735630784463202
10,2,5,-0.0594827979802852,0.000281048677997834,-0.0585630784463202,0.000271370364884494,-0.0735630784463202
10,2,6,-0.0751386541727494,0.000336821665855452,-0.0735630784463202,0.000326350852900657,-0.0735630784463202
10,3,1,-0.0721657413076382,0.000273473120819725,-0.0735630784463202,0.000328155122439131,-0.0735630784463202
10,3,2,-0.0726878585366693,0.000273719915594102,-0.0735630784463202,0.000300342066404095,-0.0735630784463202
10,3,3,-0.0582509459324211,0.000250226848614359,-0.0585630784463202,0.000256826789750101,-0.0735630784463202
10,3,4,-0.0588511460862493,0.000262308127334156,-0.0585630784463202,0.000258235043773476,-0.0735630784463202
10,3,5,-0.0744827979802852,0.000310101545002903,-0.0735630784463202,0.000299256928985103,-0.0735630784463202
10,3,6,-0.0751386541727494,0.000336821665855452,-0.0735630784463202,0.000326350852900657,-0.0735630784463202
11,1,1,-0.0421657413076382,0.00039602550799507,-0.0435630784463202,0.000448473358304505,-0.0735630784463202
11,1,2,-0.0726878585366693,0.000273719915594102,-0.0735630784463202,0.000300342066404095,-0.0735630784463202
11,1,3,-0.0732509459324211,0.000279486503081847,-0.0735630784463202,0.000287044849154349,-0.0735630784463202
11,1,4,-0.0738511460862493,0.000291345895067874,-0.0735630784463202,0.000286683714587165,-0.0735630784463202
11,1,5,-0.0744827979802852,0.000310101545002903,-0.0735630784463202,0.000299256928985103,-0.0735630784463202
11,1,6,-0.0451386541727494,0.000420703958991255,-0.0435630784463202,0.000426292356702286,-0.0735630784463202
11,2,1,-0.0721657413076382,0.000273473120819725,-0.0735630784463202,0.000328155122439131,-0.0735630784463202
11,2,2,-0.0426878585366693,0.000384024186161107,-0.0435630784463202,0.000407283677519267,-0.0735630784463202
11,2,3,-0.0732509459324211,0.000279486503081847,-0.0735630784463202,0.000287044849154349,-0.0735630784463202
11,2,4,-0.0738511460862493,0.000291345895067874,-0.0735630784463202,0.000286683714587165,-0.0735630784463202
11,2,5,-0.0444827979802852,0.000397779352200884,-0.0435630784463202,0.000394934559432807,-0.0735630784463202
11,2,6,-0.0751386541727494,0.000336821665855452,-0.0735630784463202,0.000326350852900657,-0.0735630784463202
11,3,1,-0.0721657413076382,0.000273473120819725,-0.0735630784463202,0.000328155122439131,-0.0735630784463202
11,3,2,-0.0726878585366693,0.000273719915594102,-0.0735630784463202,0.000300342066404095,-0.0735630784463202
11,3,3,-0.0432509459324211,0.0003801201408484,-0.0435630784463202,0.000385993926506544,-0.0735630784463202
11,3,4,-0.0438511460862493,0.000384532231054325,-0.0435630784463202,0.000382029686431592,-0.0735630784463202
11,3,5,-0.0744827979802852,0.000310101545002903,-0.0735630784463202,0.000299256928985103,-0.0735630784463202
11,3,6,-0.0751386541727494,0.000336821665855452,-0.0735630784463202,0.000326350852900657,-0.0735630784463202
12,1,1,-0.0721657413076382,0.000273473120819725,-0.0735630784463202,0.000328155122439131,-0.0735630784463202
12,1,2,-0.0726878585366693,0.000273719915594102,-0.0735630784463202,0.000300342066404095,-0.0735630784463202
12,1,3,-0.0732509459324211,0.000279486503081847,-0.0735630784463202,0.000287044849154349,-0.0735630784463202
12,1,4,-0.0738511460862493,0.000291345895067874,-0.0735630784463202,0.000286683714587165,-0.0735630784463202
12,1,5,-0.0744827979802852,0.000310101545002903,-0.0735630784463202,0.000299256928985103,-0.0735630784463202
12,1,6,-0.0751386541727494,0.000336821665855452,-0.0735630784463202,0.000326350852900657,-0.0735630784463202
12,2,1,-0.0721657413076382,0.000273473120819725,-0.0735630784463202,0.000328155122439131,-0.0735630784463202
12,2,2,-0.0726878585366693,0.000273719915594102,-0.0735630784463202,0.000300342066404095,-0.0735630784463202
12,2,3,-0.0732509459324211,0.000279486503081847,-0.0735630784463202,0.000287044849154349,-0.0735630784463202
12,2,4,-0.0738511460862493,0.000291345895067874,-0.0735630784463202,0.000286683714587165,-0.0735630784463202
12,2,5,-0.0744827979802852,0.000310101545002903,-0.0735630784463202,0.000299256928985103,-0.0735630784463202
12,2,6,-0.0751386541727494,0.000336821665855452,-0.0735630784463202,0.000326350852900657,-0.0735630784463202
12,3,1,-0.0721657413076382,0.000273473120819725,-0.0735630784463202,0.000328155122439131,-0.0735630784463202
12,3,2,-0.0726878585366693,0.000273719915594102,-0.0735630784463202,0.000300342066404095,-0.0735630784463202
12,3,3,-0.0732509459324211,0.000279486503081847,-0.0735630784463202,0.000287044849154349,-0.0735630784463202
12,3,4,-0.0738511460862493,0.000291345895067874,-0.0735630784463202,0.000286683714587165,-0.0735630784463202
12,3,5,-0.0744827979802852,0.000310101545002903,-0.0735630784463202,0.000299256928985103,-0.0735630784463202
12,3,6,-0.0751386541727494,0.000336821665855452,-0.0735630784463202,0.000326350852900657,-0.0735630784463202
13,1,1,-0.0843314826152763,0.00027050757339862,-0.0871261568926404,0.00032418437707444,-0.0871261568926404
13,1,2,-0.0853757170733386,0.000271540700562043,-0.0871261568926403,0.00029771021079564,-0.0871261568926403
13,1,3,-0.0865018918648423,0.000278042919371287,-0.0871261568926403,0.000285443098117511,-0.0871261568926403
13,1,4,-0.0877022921724986,0.000290618469932025,-0.0871261568926403,0.000285949853552199,-0.0871261568926403
13,1,5,-0.0889655959605705,0.00031010101313496,-0.0871261568926403,0.000299343095236011,-0.0871261568926403
13,1,6,-0.0902773083454988,0.000337588613325735,-0.0871261568926403,0.000327314136321057,-0.0871261568926403
13,2,1,-0.0843314826152763,0.00027050757339862,-0.0871261568926404,0.00032418437707444,-0.0871261568926404
13,2,2,-0.0853757170733386,0.000271540700562043,-0.0871261568926403,0.00029771021079564,-0.0871261568926403
13,2,3,-0.0865018918648423,0.000278042919371287,-0.0871261568926403,0.000285443098117511,-0.0871261568926403
13,2,4,-0.0877022921724986,0.000290618469932025,-0.0871261568926403,0.000285949853552199,-0.0871261568926403
13,2,5,-0.0889655959605705,0.00031010101313496,-0.0871261568926403,0.000299343095236011,-0.0871261568926403
13,2,6,-0.0902773083454988,0.000337588613325735,-0.0871261568926403,0.000327314136321057,-0.0871261568926403
13,3,1,-0.0843314826152763,0.00027050757339862,-0.0871261568926404,0.00032418437707444,-0.0871261568926404
13,3,2,-0.0853757170733386,0.000271540700562043,-0.0871261568926403,0.00029771021079564,-0.0871261568926403
13,3,3,-0.0865018918648423,0.000278042919371287,-0.0871261568926403,0.000285443098117511,-0.0871261568926403
13,3,4,-0.0877022921724986,0.000290618469932025,-0.0871261568926403,0.000285949853552199,-0.0871261568926403
13,3,5,-0.0889655959605705,0.00031010101313496,-0.0871261568926403,0.000299343095236011,-0.0871261568926403
13,3,6,-0.0902773083454988,0.000337588613325735,-0.0871261568926403,0.000327314136321057,-0.0871261568926403
14,1,1,-0.0774651549059398,0.000365261820122807,-0.082108657443879,0.00066135208303946,-0.0871261568926404
14,1,2,-0.0853757170733386,0.000271540700562043,-0.0871261568926403,0.00029771021079564,-0.0871261568926403
14,1,3,-0.0865018918648423,0.000278042919371287,-0.0871261568926403,0.000285443098117511,-0.0871261568926403
14,1,4,-0.0877022921724986,0.000290618469932025,-0.0871261568926403,0.000285949853552199,-0.0871261568926403
14,1,5,-0.0889655959605705,0.00031010101313496,-0.0871261568926403,0.000299343095236011,-0.0871261568926403
14,1,6,-0.0807393735002905,0.000507729026226279,-0.082108657443879,0.000543440051148494,-0.0871261568926403
14,2,1,-0.0843314826152763,0.00027050757339862,-0.0871261568926404,0.00032418437707444,-0.0871261568926404
14,2,2,-0.0780142248328078,0.000372980386096805,-0.082108657443879,0.000582428294042966,-0.0871261568926403
14,2,3,-0.0865018918648423,0.000278042919371287,-0.0871261568926403,0.000285443098117511,-0.0871261568926403
14,2,4,-0.0877022921724986,0.000290618469932025,-0.0871261568926403,0.000285949853552199,-0.0871261568926403
14,2,5,-0.0799783802357066,0.000454210257557835,-0.082108657443879,0.000516924249012526,-0.0871261568926403
14,2,6,-0.0902773083454988,0.000337588613325735,-0.0871261568926403,0.000327314136321057,-0.0871261568926403
14,3,1,-0.0843314826152763,0.00027050757339862,-0.0871261568926404,0.00032418437707444,-0.0871261568926404
14,3,2,-0.0853757170733386,0.000271540700562043,-0.0871261568926403,0.00029771021079564,-0.0871261568926403
14,3,3,-0.0786154515269708,0.000389282176631582,-0.082108657443879,0.000535380003032024,-0.0871261568926403
14,3,4,-0.0792700881797573,0.000415665071068982,-0.082108657443879,0.00051437594858091,-0.0871261568926403
14,3,5,-0.0889655959605705,0.00031010101313496,-0.0871261568926403,0.000299343095236011,-0.0871261568926403
14,3,6,-0.0902773083454988,0.000337588613325735,-0.0871261568926403,0.000327314136321057,-0.0871261568926403
15,1,1,-0.0890154877956231,0.000271555228291998,-0.0938981430461143,0.000327072650892915,-0.0871261568926404
15,1,2,-0.0853757170733386,0.000271540700562043,-0.0871261568926403,0.00029771021079564,-0.0871261568926403
15,1,3,-0.0865018918648423,0.000278042919371287,-0.0871261568926403,0.000285443098117511,-0.0871261568926403
15,1,4,-0.0877022921724986,0.000290618469932025,-0.0871261568926403,0.000285949853552199,-0.0871261568926403
15,1,5,-0.0889655959605705,0.00031010101313496,-0.0871261568926403,0.000299343095236011,-0.0871261568926403
15,1,6,-0.0995524047812897,0.000342025241875529,-0.0938981430461144,0.000329562083052759,-0.0871261568926403
15,2,1,-0.0843314826152763,0.00027050757339862,-0.0871261568926404,0.00032418437707444,-0.0871261568926404
15,2,2,-0.0907847152311188,0.000273031400289301,-0.0938981430461143,0.000300283700839386,-0.0871261568926403
15,2,3,-0.0865018918648423,0.000278042919371287,-0.0871261568926403,0.000285443098117511,-0.0871261568926403
15,2,4,-0.0877022921724986,0.000290618469932025,-0.0871261568926403,0.000285949853552199,-0.0871261568926403
15,2,5,-0.0971424440700125,0.000313564553102019,-0.0938981430461144,0.000301547991551859,-0.0871261568926403
15,2,6,-0.0902773083454988,0.000337588613325735,-0.0871261568926403,0.000327314136321057,-0.0871261568926403
15,3,1,-0.0843314826152763,0.00027050757339862,-0.0871261568926404,0.00032418437707444,-0.0871261568926404
15,3,2,-0.0853757170733386,0.000271540700562043,-0.0871261568926403,0.00029771021079564,-0.0871261568926403
15,3,3,-0.0927365540735272,0.00028006566450331,-0.0938981430461143,0.000287806471884265,-0.0871261568926403
15,3,4,-0.0948617607461671,0.000293288738830105,-0.0938981430461144,0.000288192965338306,-0.0871261568926403
15,3,5,-0.0889655959605705,0.00031010101313496,-0.0871261568926403,0.000299343095236011,-0.0871261568926403
15,3,6,-0.0902773083454988,0.000337588613325735,-0.0871261568926403,0.000327314136321057,-0.0871261568926403
16,1,1,-0.0543314826152763,0.000257503057014797,-0.0571261568926403,0.00030269309569328,-0.0871261568926404
16,1,2,-0.0853757170733386,0.000271540700562043,-0.0871261568926403,0.00029771021079564,-0.0871261568926403
16,1,3,-0.0865018918648423,0.000278042919371287,-0.0871261568926403,0.000285443098117511,-0.0871261568926403
16,1,4,-0.0877022921724986,0.000290618469932025,-0.0871261568926403,0.000285949853552199,-0.0871261568926403
16,1,5,-0.0889655959605705,0.00031010101313496,-0.0871261568926403,0.000299343095236011,-0.0871261568926403
16,1,6,-0.0602773083454988,0.000318102336842079,-0.0571261568926403,0.000310862803935148,-0.0871261568926403
16,2,1,-0.0843314826152763,0.00027050757339862,-0.0871261568926404,0.00032418437707444,-0.0871261568926404
16,2,2,-0.0553757170733386,0.000257083520917637,-0.0571261568926403,0.000278986975447128,-0.0871261568926403
16,2,3,-0.0865018918648423,0.000278042919371287,-0.0871261568926403,0.000285443098117511,-0.0871261568926403
16,2,4,-0.0877022921724986,0.000290618469932025,-0.0871261568926403,0.000285949853552199,-0.0871261568926403
16,2,5,-0.0589655959605705,0.000291843312775779,-0.0571261568926403,0.000283404503281917,-0.0871261568926403
16,2,6,-0.0902773083454988,0.000337588613325735,-0.0871261568926403,0.000327314136321057,-0.0871261568926403
16,3,1,-0.0843314826152763,0.00027050757339862,-0.0871261568926404,0.00032418437707444,-0.0871261568926404
16,3,2,-0.0853757170733386,0.000271540700562043,-0.0871261568926403,0.00029771021079564,-0.0871261568926403
16,3,3,-0.0565018918648423,0.000262262987342212,-0.0571261568926403,0.000268441469799527,-0.0871261568926403
16,3,4,-0.0577022921724986,0.000273586230376167,-0.0571261568926403,0.000269838551386195,-0.0871261568926403
16,3,5,-0.0889655959605705,0.00031010101313496,-0.0871261568926403,0.000299343095236011,-0.0871261568926403
16,3,6,-0.0902773083454988,0.000337588613325735,-0.0871261568926403,0.000327314136321057,-0.0871261568926403
17,1,1,-0.0243314826152763,0.000427878066165553,-0.0271261568926404,0.000476833867648587,-0.0871261568926404
17,1,2,-0.0853757170733386,0.000271540700562043,-0.0871261568926403,0.00029771021079564,-0.0871261568926403
17,1,3,-0.0865018918648423,0.000278042919371287,-0.0871261568926403,0.000285443098117511,-0.0871261568926403
17,1,4,-0.0877022921724986,0.000290618469932025,-0.0871261568926403,0.000285949853552199,-0.0871261568926403
17,1,5,-0.0889655959605705,0.00031010101313496,-0.0871261568926403,0.000299343095236011,-0.0871261568926403
17,1,6,-0.0302773083454988,0.00043920682926453,-0.0271261568926403,0.000450423336685406,-0.0871261568926403
17,2,1,-0.0843314826152763,0.00027050757339862,-0.0871261568926404,0.00032418437707444,-0.0871261568926404
17,2,2,-0.0253757170733385,0.000411948694964905,-0.0271261568926403,0.000432787732220153,-0.0871261568926403
17,2,3,-0.0865018918648423,0.000278042919371287,-0.0871261568926403,0.000285443098117511,-0.0871261568926403
17,2,4,-0.0877022921724986,0.000290618469932025,-0.0871261568926403,0.000285949853552199,-0.0871261568926403
17,2,5,-0.0289655959605705,0.000417884166471309,-0.0271261568926403,0.000418088718392041,-0.0871261568926403
17,2,6,-0.0902773083454988,0.000337588613325735,-0.0871261568926403,0.000327314136321057,-0.0871261568926403
17,3,1,-0.0843314826152763,0.00027050757339862,-0.0871261568926404,0.00032418437707444,-0.0871261568926404
17,3,2,-0.0853757170733386,0.000271540700562043,-0.0871261568926403,0.00029771021079564,-0.0871261568926403
17,3,3,-0.0265018918648423,0.000404850053974861,-0.0271261568926403,0.000409790590581969,-0.0871261568926403
17,3,4,-0.0277022921724986,0.000406686936633486,-0.0271261568926404,0.000405072742067034,-0.0871261568926403
17,3,5,-0.0889655959605705,0.00031010101313496,-0.0871261568926403,0.000299343095236011,-0.0871261568926403
17,3,6,-0.0902773083454988,0.000337588613325735,-0.0871261568926403,0.000327314136321057,-0.0871261568926403
18,1,1,-0.0843314826152763,0.00027050757339862,-0.0871261568926404,0.00032418437707444,-0.0871261568926404
18,1,2,-0.0853757170733386,0.000271540700562043,-0.0871261568926403,0.00029771021079564,-0.0871261568926403
18,1,3,-0.0865018918648423,0.000278042919371287,-0.0871261568926403,0.000285443098117511,-0.0871261568926403
18,1,4,-0.0877022921724986,0.000290618469932025,-0.0871261568926403,0.000285949853552199,-0.0871261568926403
18,1,5,-0.0889655959605705,0.00031010101313496,-0.0871261568926403,0.000299343095236011,-0.0871261568926403
18,1,6,-0.0902773083454988,0.000337588613325735,-0.0871261568926403,0.000327314136321057,-0.0871261568926403
18,2,1,-0.0843314826152763,0.00027050757339862,-0.0871261568926404,0.00032418437707444,-0.0871261568926404
18,2,2,-0.0853757170733386,0.000271540700562043,-0.0871261568926403,0.00029771021079564,-0.0871261568926403
18,2,3,-0.0865018918648423,0.000278042919371287,-0.0871261568926403,0.000285443098117511,-0.0871261568926403
18,2,4,-0.0877022921724986,0.000290618469932025,-0.0871261568926403,0.000285949853552199,-0.0871261568926403
18,2,5,-0.0889655959605705,0.00031010101313496,-0.0871261568926403,0.000299343095236011,-0.0871261568926403
18,2,6,-0.0902773083454988,0.000337588613325735,-0.0871261568926403,0.000327314136321057,-0.0871261568926403
18,3,1,-0.0843314826152763,0.00027050757339862,-0.0871261568926404,0.00032418437707444,-0.0871261568926404
18,3,2,-0.0853757170733386,0.000271540700562043,-0.0871261568926403,0.00029771021079564,-0.0871261568926403
18,3,3,-0.0865018918648423,0.000278042919371287,-0.0871261568926403,0.000285443098117511,-0.0871261568926403
18,3,4,-0.0877022921724986,0.000290618469932025,-0.0871261568926403,0.000285949853552199,-0.0871261568926403
18,3,5,-0.0889655959605705,0.00031010101313496,-0.0871261568926403,0.000299343095236011,-0.0871261568926403
18,3,6,-0.0902773083454988,0.000337588613325735,-0.0871261568926403,0.000327314136321057,-0.0871261568926403
19,1,1,-0.085,0.000239448620644145,-0.085,0.000297361617682328,-0.085
19,1,2,-0.075,0.000257123231757204,-0.075,0.000285227638122168,-0.075
19,1,3,-0.065,0.000275984301783431,-0.065,0.00028377189694739,-0.065
19,1,4,-0.055,0.000297649300561309,-0.055,0.0002931553552235,-0.055
19,1,5,-0.045,0.000323714786438135,-0.045,0.000314612573360527,-0.045
19,1,6,-0.035,0.000355841685341982,-0.035,0.000350709578287422,-0.035
19,2,1,-0.085,0.000239448620644145,-0.085,0.000297361617682328,-0.085
19,2,2,-0.075,0.000257123231757204,-0.075,0.000285227638122168,-0.075
19,2,3,-0.065,0.000275984301783431,-0.065,0.00028377189694739,-0.065
19,2,4,-0.055,0.000297649300561309,-0.055,0.0002931553552235,-0.055
19,2,5,-0.045,0.000323714786438135,-0.045,0.000314612573360527,-0.045
19,2,6,-0.035,0.000355841685341982,-0.035,0.000350709578287422,-0.035
19,3,1,-0.085,0.000239448620644145,-0.085,0.000297361617682328,-0.085
19,3,2,-0.075,0.000257123231757204,-0.075,0.000285227638122168,-0.075
19,3,3,-0.065,0.000275984301783431,-0.065,0.00028377189694739,-0.065
19,3,4,-0.055,0.000297649300561309,-0.055,0.0002931553552235,-0.055
19,3,5,-0.045,0.000323714786438135,-0.045,0.000314612573360527,-0.045
19,3,6,-0.035,0.000355841685341982,-0.035,0.000350709578287422,-0.035
20,1,1,-0.085,0.000317063122451928,-0.085,0.000625268189154057,-0.085
20,1,2,-0.075,0.000257123231757204,-0.075,0.000285227638122168,-0.075
20,1,3,-0.065,0.000275984301783431,-0.065,0.00028377189694739,-0.065
20,1,4,-0.055,0.000297649300561309,-0.055,0.0002931553552235,-0.055
20,1,5,-0.045,0.000323714786438135,-0.045,0.000314612573360527,-0.045
20,1,6,-0.035,0.000542928987382104,-0.035,0.000580962267552641,-0.035
20,2,1,-0.085,0.000239448620644145,-0.085,0.000297361617682328,-0.085
20,2,2,-0.075,0.000349421185331965,-0.075,0.000569466080635119,-0.075
20,2,3,-0.065,0.000275984301783431,-0.065,0.00028377189694739,-0.065
20,2,4,-0.055,0.000297649300561309,-0.055,0.0002931553552235,-0.055
20,2,5,-0.045,0.000478798072153629,-0.045,0.000543798661680037,-0.045
20,2,6,-0.035,0.000355841685341982,-0.035,0.000350709578287422,-0.035
20,3,1,-0.085,0.000239448620644145,-0.085,0.000297361617682328,-0.085
20,3,2,-0.075,0.000257123231757204,-0.075,0.000285227638122168,-0.075
20,3,3,-0.065,0.000385292744651321,-0.065,0.000538742006692984,-0.065
20,3,4,-0.055,0.000427414720719945,-0.055,0.000530344901129862,-0.055
20,3,5,-0.045,0.000323714786438135,-0.045,0.000314612573360527,-0.045
20,3,6,-0.035,0.000355841685341982,-0.035,0.000350709578287422,-0.035
21,1,1,-0.085,0.000239448620644145,-0.085,0.000297361617682328,-0.085
21,1,2,-0.075,0.000257123231757204,-0.075,0.000285227638122168,-0.075
21,1,3,-0.065,0.000275984301783431,-0.065,0.00028377189694739,-0.065
21,1,4,-0.055,0.000297649300561309,-0.055,0.0002931553552235,-0.055
21,1,5,-0.045,0.000323714786438135,-0.045,0.000314612573360527,-0.045
21,1,6,-0.035,0.000355841685341982,-0.035,0.000350709578287422,-0.035
21,2,1,-0.085,0.000239448620644145,-0.085,0.000297361617682328,-0.085
21,2,2,-0.075,0.000257123231757205,-0.075,0.000285227638122168,-0.075
21,2,3,-0.065,0.000275984301783431,-0.065,0.00028377189694739,-0.065
21,2,4,-0.055,0.000297649300561309,-0.055,0.0002931553552235,-0.055
21,2,5,-0.045,0.000323714786438136,-0.045,0.000314612573360527,-0.045
21,2,6,-0.035,0.000355841685341982,-0.035,0.000350709578287422,-0.035
21,3,1,-0.085,0.000239448620644145,-0.085,0.000297361617682328,-0.085
21,3,2,-0.075,0.000257123231757204,-0.075,0.000285227638122168,-0.075
21,3,3,-0.065,0.000275984301783431,-0.065,0.00028377189694739,-0.065
21,3,4,-0.055,0.000297649300561309,-0.055,0.0002931553552235,-0.055
21,3,5,-0.045,0.000323714786438135,-0.045,0.000314612573360527,-0.045
21,3,6,-0.035,0.000355841685341982,-0.035,0.000350709578287422,-0.035
22,1,1,-0.085,0.000200528695865117,-0.085,0.000250494794545379,-0.085
22,1,2,-0.075,0.000257123231757204,-0.075,0.000285227638122168,-0.075
22,1,3,-0.065,0.000275984301783431,-0.065,0.00028377189694739,-0.065
22,1,4,-0.055,0.000297649300561309,-0.055,0.0002931553552235,-0.055
22,1,5,-0.045,0.000323714786438135,-0.045,0.000314612573360527,-0.045
22,1,6,-0.035,0.000311729790332923,-0.035,0.000303748891341315,-0.035
22,2,1,-0.085,0.000239448620644145,-0.085,0.000297361617682328,-0.085
22,2,2,-0.075,0.000216603791406455,-0.075,0.000241400444407373,-0.075
22,2,3,-0.065,0.000275984301783431,-0.065,0.00028377189694739,-0.065
22,2,4,-0.055,0.000297649300561309,-0.055,0.0002931553552235,-0.055
22,2,5,-0.045,0.0002803627515933,-0.045,0.000270739715673809,-0.045
22,2,6,-0.035,0.000355841685341982,-0.035,0.000350709578287422,-0.035
22,3,1,-0.085,0.000239448620644145,-0.085,0.000297361617682328,-0.085
22,3,2,-0.075,0.000257123231757204,-0.075,0.000285227638122168,-0.075
22,3,3,-0.065,0.000234313677669537,-0.065,0.000241399459042213,-0.065
22,3,4,-0.055,0.000255080413689302,-0.055,0.000250768936906979,-0.055
22,3,5,-0.045,0.000323714786438135,-0.045,0.000314612573360527,-0.045
22,3,6,-0.035,0.000355841685341982,-0.035,0.000350709578287422,-0.035
23,1,1,-0.085,0.000329344135857208,-0.085,0.000388128291231038,-0.085
23,1,2,-0.075,0.000257123231757204,-0.075,0.000285227638122168,-0.075
23,1,3,-0.065,0.000275984301783431,-0.065,0.00028377189694739,-0.065
23,1,4,-0.055,0.000297649300561309,-0.055,0.0002931553552235,-0.055
23,1,5,-0.045,0.000323714786438135,-0.045,0.000314612573360527,-0.045
23,1,6,-0.035,0.000417252633452894,-0.035,0.000421850656118159,-0.035
23,2,1,-0.085,0.000239448620644145,-0.085,0.000297361617682328,-0.085
23,2,2,-0.075,0.000337580762442855,-0.075,0.000364554403987599,-0.075
23,2,3,-0.065,0.000275984301783431,-0.065,0.00028377189694739,-0.065
23,2,4,-0.055,0.000297649300561309,-0.055,0.0002931553552235,-0.055
23,2,5,-0.045,0.000387566142889236,-0.045,0.000383113009593247,-0.045
23,2,6,-0.035,0.000355841685341982,-0.035,0.000350709578287422,-0.035
23,3,1,-0.085,0.000239448620644145,-0.085,0.000297361617682328,-0.085
23,3,2,-0.075,0.000257123231757204,-0.075,0.000285227638122168,-0.075
23,3,3,-0.065,0.000349149292400227,-0.065,0.000356109250736435,-0.065
23,3,4,-0.055,0.000365358605255424,-0.055,0.000362033213119285,-0.055
23,3,5,-0.045,0.000323714786438135,-0.045,0.000314612573360527,-0.045
23,3,6,-0.035,0.000355841685341982,-0.035,0.000350709578287422,-0.035
24,1,1,-0.085,0.000239448620644145,-0.085,0.000297361617682328,-0.085
24,1,2,-0.075,0.000257123231757204,-0.075,0.000285227638122168,-0.075
24,1,3,-0.065,0.000275984301783431,-0.065,0.00028377189694739,-0.065
24,1,4,-0.055,0.000297649300561309,-0.055,0.0002931553552235,-0.055
24,1,5,-0.045,0.000323714786438135,-0.045,0.000314612573360527,-0.045
24,1,6,-0.035,0.000355841685341982,-0.035,0.000350709578287422,-0.035
24,2,1,-0.085,0.000239448620644145,-0.085,0.000297361617682328,-0.085
24,2,2,-0.075,0.000257123231757204,-0.075,0.000285227638122168,-0.075
24,2,3,-0.065,0.000275984301783431,-0.065,0.00028377189694739,-0.065
24,2,4,-0.055,0.000297649300561309,-0.055,0.0002931553552235,-0.055
24,2,5,-0.045,0.000323714786438135,-0.045,0.000314612573360527,-0.045
24,2,6,-0.035,0.000355841685341982,-0.035,0.000350709578287422,-0.035
24,3,1,-0.085,0.000239448620644145,-0.085,0.000297361617682328,-0.085
24,3,2,-0.075,0.000257123231757204,-0.075,0.000285227638122168,-0.075
24,3,3,-0.065,0.000275984301783431,-0.065,0.00028377189694739,-0.065
24,3,4,-0.055,0.000297649300561309,-0.055,0.0002931553552235,-0.055
24,3,5,-0.045,0.000323714786438135,-0.045,0.000314612573360527,-0.045
24,3,6,-0.035,0.000355841685341982,-0.035,0.000350709578287422,-0.035
25,1,1,-0.0971657413076382,0.000235159754635423,-0.0985630784463202,0.000292091721169838,-0.0985630784463202
25,1,2,-0.0876878585366693,0.00025391004808452,-0.0885630784463202,0.000281654115438279,-0.0885630784463202
25,1,3,-0.0782509459324211,0.000273755519050591,-0.0785630784463201,0.00028146366649483,-0.0785630784463201
25,1,4,-0.0688511460862493,0.000296357753813055,-0.0685630784463202,0.000291870654707718,-0.0685630784463202
25,1,5,-0.0594827979802852,0.000323354612300039,-0.0585630784463202,0.000314249713803433,-0.0585630784463202
25,1,6,-0.0501386541727494,0.000356446579930976,-0.0485630784463202,0.000351286833161975,-0.0485630784463202
25,2,1,-0.0971657413076382,0.000235159754635423,-0.0985630784463202,0.000292091721169838,-0.0985630784463202
25,2,2,-0.0876878585366693,0.00025391004808452,-0.0885630784463202,0.000281654115438279,-0.0885630784463202
25,2,3,-0.0782509459324211,0.000273755519050591,-0.0785630784463201,0.00028146366649483,-0.0785630784463201
25,2,4,-0.0688511460862493,0.000296357753813055,-0.0685630784463202,0.000291870654707718,-0.0685630784463202
25,2,5,-0.0594827979802852,0.000323354612300039,-0.0585630784463202,0.000314249713803433,-0.0585630784463202
25,2,6,-0.0501386541727494,0.000356446579930976,-0.0485630784463202,0.000351286833161975,-0.0485630784463202
25,3,1,-0.0971657413076382,0.000235159754635423,-0.0985630784463202,0.000292091721169838,-0.0985630784463202
25,3,2,-0.0876878585366693,0.00025391004808452,-0.0885630784463202,0.000281654115438279,-0.0885630784463202
25,3,3,-0.0782509459324211,0.000273755519050591,-0.0785630784463201,0.00028146366649483,-0.0785630784463201
25,3,4,-0.0688511460862493,0.000296357753813055,-0.0685630784463202,0.000291870654707718,-0.0685630784463202
25,3,5,-0.0594827979802852,0.000323354612300039,-0.0585630784463202,0.000314249713803433,-0.0585630784463202
25,3,6,-0.0501386541727494,0.000356446579930976,-0.0485630784463202,0.000351286833161975,-0.0485630784463202
26,1,1,-0.0937325774529699,0.000312016440023376,-0.0960543287219395,0.000611949537744835,-0.0985630784463202
26,1,2,-0.0876878585366693,0.00025391004808452,-0.0885630784463202,0.000281654115438279,-0.0885630784463202
26,1,3,-0.0782509459324211,0.000273755519050591,-0.0785630784463201,0.00028146366649483,-0.0785630784463201
26,1,4,-0.0688511460862493,0.000296357753813055,-0.0685630784463202,0.000291870654707718,-0.0685630784463202
26,1,5,-0.0594827979802852,0.000323354612300039,-0.0585630784463202,0.000314249713803433,-0.0585630784463202
26,1,6,-0.0453696867501453,0.00054278948391368,-0.0460543287219395,0.000579816719791894,-0.0485630784463202
26,2,1,-0.0971657413076382,0.000235159754635423,-0.0985630784463202,0.000292091721169838,-0.0985630784463202
26,2,2,-0.0840071124164039,0.000345409861350762,-0.0860543287219395,0.000560234500175898,-0.0885630784463202
26,2,3,-0.0782509459324211,0.000273755519050591,-0.0785630784463201,0.00028146366649483,-0.0785630784463201
26,2,4,-0.0688511460862493,0.000296357753813055,-0.0685630784463202,0.000291870654707718,-0.0685630784463202
26,2,5,-0.0549891901178533,0.000477627171401095,-0.0560543287219395,0.000541182955339089,-0.0585630784463202
26,2,6,-0.0501386541727494,0.000356446579930976,-0.0485630784463202,0.000351286833161975,-0.0485630784463202
26,3,1,-0.0971657413076382,0.000235159754635423,-0.0985630784463202,0.000292091721169838,-0.0985630784463202
26,3,2,-0.0876878585366693,0.00025391004808452,-0.0885630784463202,0.000281654115438279,-0.0885630784463202
26,3,3,-0.0743077257634854,0.000382238744057567,-0.0760543287219395,0.000532361878288886,-0.0785630784463201
26,3,4,-0.0646350440898786,0.000425290426302328,-0.0660543287219395,0.000526062674031012,-0.0685630784463202
26,3,5,-0.0594827979802852,0.000323354612300039,-0.0585630784463202,0.000314249713803433,-0.0585630784463202
26,3,6,-0.0501386541727494,0.000356446579930976,-0.0485630784463202,0.000351286833161975,-0.0485630784463202
27,1,1,-0.0995077438978115,0.000235599219771975,-0.101949071523057,0.000293471786735194,-0.0985630784463202
27,1,2,-0.0876878585366693,0.00025391004808452,-0.0885630784463202,0.000281654115438279,-0.0885630784463202
27,1,3,-0.0782509459324211,0.000273755519050591,-0.0785630784463201,0.00028146366649483,-0.0785630784463201
27,1,4,-0.0688511460862493,0.000296357753813055,-0.0685630784463202,0.000291870654707718,-0.0685630784463202
27,1,5,-0.0594827979802852,0.000323354612300039,-0.0585630784463202,0.000314249713803433,-0.0585630784463202
27,1,6,-0.0547762023906448,0.000358699726521141,-0.0519490715230572,0.000352427239414282,-0.0485630784463202
27,2,1,-0.0971657413076382,0.000235159754635423,-0.0985630784463202,0.000292091721169838,-0.0985630784463202
27,2,2,-0.0903923576155594,0.000254587351367709,-0.0919490715230572,0.000282906257401444,-0.0885630784463202
27,2,3,-0.0782509459324211,0.000273755519050591,-0.0785630784463201,0.00028146366649483,-0.0785630784463201
27,2,4,-0.0688511460862493,0.000296357753813055,-0.0685630784463202,0.000291870654707718,-0.0685630784463202
27,2,5,-0.0635712220350063,0.000325084002361008,-0.0619490715230572,0.000315360292562971,-0.0585630784463202
27,2,6,-0.0501386541727494,0.000356446579930976,-0.0485630784463202,0.000351286833161975,-0.0485630784463202
27,3,1,-0.0971657413076382,0.000235159754635423,-0.0985630784463202,0.000292091721169838,-0.0985630784463202
27,3,2,-0.0876878585366693,0.00025391004808452,-0.0885630784463202,0.000281654115438279,-0.0885630784463202
27,3,3,-0.0813682770367636,0.00027471633885794,-0.0819490715230572,0.000282630067443768,-0.0785630784463201
27,3,4,-0.0724308803730836,0.00029766326917876,-0.0719490715230572,0.000292990313456679,-0.0685630784463202
27,3,5,-0.0594827979802852,0.000323354612300039,-0.0585630784463202,0.000314249713803433,-0.0585630784463202
27,3,6,-0.0501386541727494,0.000356446579930976,-0.0485630784463202,0.000351286833161975,-0.0485630784463202
28,1,1,-0.0821657413076381,0.000215358149023644,-0.0835630784463201,0.000263723265913847,-0.0985630784463202
28,1,2,-0.0876878585366693,0.00025391004808452,-0.0885630784463202,0.000281654115438279,-0.0885630784463202
28,1,3,-0.0782509459324211,0.000273755519050591,-0.0785630784463201,0.00028146366649483,-0.0785630784463201
28,1,4,-0.0688511460862493,0.000296357753813055,-0.0685630784463202,0.000291870654707718,-0.0685630784463202
28,1,5,-0.0594827979802852,0.000323354612300039,-0.0585630784463202,0.000314249713803433,-0.0585630784463202
28,1,6,-0.0351386541727494,0.000321584918578416,-0.0335630784463202,0.000315817660231396,-0.0485630784463202
28,2,1,-0.0971657413076382,0.000235159754635423,-0.0985630784463202,0.000292091721169838,-0.0985630784463202
28,2,2,-0.0726878585366693,0.000229706732282027,-0.0735630784463202,0.00025346813292132,-0.0885630784463202
28,2,3,-0.0782509459324211,0.000273755519050591,-0.0785630784463201,0.00028146366649483,-0.0785630784463201
28,2,4,-0.0688511460862493,0.000296357753813055,-0.0685630784463202,0.000291870654707718,-0.0685630784463202
28,2,5,-0.0444827979802852,0.000290557662750236,-0.0435630784463202,0.00028214641759192,-0.0585630784463202
28,2,6,-0.0501386541727494,0.000356446579930976,-0.0485630784463202,0.000351286833161975,-0.0485630784463202
28,3,1,-0.0971657413076382,0.000235159754635423,-0.0985630784463202,0.000292091721169838,-0.0985630784463202
28,3,2,-0.0876878585366693,0.00025391004808452,-0.0885630784463202,0.000281654115438279,-0.0885630784463202
28,3,3,-0.0632509459324211,0.000246100715338919,-0.0635630784463202,0.000252810618485169,-0.0785630784463201
28,3,4,-0.0538511460862493,0.000265910694641302,-0.0535630784463202,0.000261965433116146,-0.0685630784463202
28,3,5,-0.0594827979802852,0.000323354612300039,-0.0585630784463202,0.000314249713803433,-0.0585630784463202
28,3,6,-0.0501386541727494,0.000356446579930976,-0.0485630784463202,0.000351286833161975,-0.0485630784463202
29,1,1,-0.0671657413076381,0.000365426051712411,-0.0685630784463201,0.000420383137134143,-0.0985630784463202
29,1,2,-0.0876878585366693,0.00025391004808452,-0.0885630784463202,0.000281654115438279,-0.0885630784463202
29,1,3,-0.0782509459324211,0.000273755519050591,-0.0785630784463201,0.00028146366649483,-0.0785630784463201
29,1,4,-0.0688511460862493,0.000296357753813055,-0.0685630784463202,0.000291870654707718,-0.0685630784463202
29,1,5,-0.0594827979802852,0.000323354612300039,-0.0585630784463202,0.000314249713803433,-0.0585630784463202
29,1,6,-0.0201386541727494,0.000435345156803243,-0.0185630784463202,0.000445545225761935,-0.0485630784463202
29,2,1,-0.0971657413076382,0.000235159754635423,-0.0985630784463202,0.000292091721169838,-0.0985630784463202
29,2,2,-0.0576878585366693,0.000368360706680054,-0.0585630784463202,0.000392742162208815,-0.0885630784463202
29,2,3,-0.0782509459324211,0.000273755519050591,-0.0785630784463201,0.00028146366649483,-0.0785630784463201
29,2,4,-0.0688511460862493,0.000296357753813055,-0.0685630784463202,0.000291870654707718,-0.0685630784463202
29,2,5,-0.0294827979802852,0.000407844099485253,-0.0285630784463202,0.000406541239671844,-0.0585630784463202
29,2,6,-0.0501386541727494,0.000356446579930976,-0.0485630784463202,0.000351286833161975,-0.0485630784463202
29,3,1,-0.0971657413076382,0.000235159754635423,-0.0985630784463202,0.000292091721169838,-0.0985630784463202
29,3,2,-0.0876878585366693,0.00025391004808452,-0.0885630784463202,0.000281654115438279,-0.0885630784463202
29,3,3,-0.0482509459324211,0.000375640819009949,-0.0485630784463202,0.000381656723720249,-0.0785630784463201
29,3,4,-0.0388511460862493,0.000388397514001157,-0.0385630784463202,0.000386053756594013,-0.0685630784463202
29,3,5,-0.0594827979802852,0.000323354612300039,-0.0585630784463202,0.000314249713803433,-0.0585630784463202
29,3,6,-0.0501386541727494,0.000356446579930976,-0.0485630784463202,0.000351286833161975,-0.0485630784463202
30,1,1,-0.0971657413076382,0.000235159754635423,-0.0985630784463202,0.000292091721169838,-0.0985630784463202
30,1,2,-0.0876878585366693,0.00025391004808452,-0.0885630784463202,0.000281654115438279,-0.0885630784463202
30,1,3,-0.0782509459324211,0.000273755519050591,-0.0785630784463201,0.00028146366649483,-0.0785630784463201
30,1,4,-0.0688511460862493,0.000296357753813055,-0.0685630784463202,0.000291870654707718,-0.0685630784463202
30,1,5,-0.0594827979802852,0.000323354612300039,-0.0585630784463202,0.000314249713803433,-0.0585630784463202
30,1,6,-0.0501386541727494,0.000356446579930976,-0.0485630784463202,0.000351286833161975,-0.0485630784463202
30,2,1,-0.0971657413076382,0.000235159754635423,-0.0985630784463202,0.000292091721169838,-0.0985630784463202
30,2,2,-0.0876878585366693,0.00025391004808452,-0.0885630784463202,0.000281654115438279,-0.0885630784463202
30,2,3,-0.0782509459324211,0.000273755519050591,-0.0785630784463201,0.00028146366649483,-0.0785630784463201
30,2,4,-0.0688511460862493,0.000296357753813055,-0.0685630784463202,0.000291870654707718,-0.0685630784463202
30,2,5,-0.0594827979802852,0.000323354612300039,-0.0585630784463202,0.000314249713803433,-0.0585630784463202
30,2,6,-0.0501386541727494,0.000356446579930976,-0.0485630784463202,0.000351286833161975,-0.0485630784463202
30,3,1,-0.0971657413076382,0.000235159754635423,-0.0985630784463202,0.000292091721169838,-0.0985630784463202
30,3,2,-0.0876878585366693,0.00025391004808452,-0.0885630784463202,0.000281654115438279,-0.0885630784463202
30,3,3,-0.0782509459324211,0.000273755519050591,-0.0785630784463201,0.00028146366649483,-0.0785630784463201
30,3,4,-0.0688511460862493,0.000296357753813055,-0.0685630784463202,0.000291870654707718,-0.0685630784463202
30,3,5,-0.0594827979802852,0.000323354612300039,-0.0585630784463202,0.000314249713803433,-0.0585630784463202
30,3,6,-0.0501386541727494,0.000356446579930976,-0.0485630784463202,0.000351286833161975,-0.0485630784463202
31,1,1,-0.109331482615276,0.000231813452354373,-0.11212615689264,0.000287594998117104,-0.11212615689264
31,1,2,-0.100375717073339,0.000251517877657918,-0.10212615689264,0.000278767288020645,-0.10212615689264
31,1,3,-0.0915018918648423,0.000272244720347017,-0.0921261568926403,0.000279790765667041,-0.0921261568926403
31,1,4,-0.0827022921724986,0.000295694975690265,-0.0821261568926403,0.000291198523576753,-0.0821261568926403
31,1,5,-0.0739655959605705,0.00032354342901598,-0.0721261568926403,0.000314502335878538,-0.0721261568926403
31,1,6,-0.0652773083454988,0.00035752591785105,-0.0621261568926404,0.000352508213939426,-0.0621261568926404
31,2,1,-0.109331482615276,0.000231813452354373,-0.11212615689264,0.000287594998117104,-0.11212615689264
31,2,2,-0.100375717073339,0.000251517877657918,-0.10212615689264,0.000278767288020645,-0.10212615689264
31,2,3,-0.0915018918648423,0.000272244720347017,-0.0921261568926403,0.000279790765667041,-0.0921261568926403
31,2,4,-0.0827022921724986,0.000295694975690265,-0.0821261568926403,0.000291198523576753,-0.0821261568926403
31,2,5,-0.0739655959605705,0.00032354342901598,-0.0721261568926403,0.000314502335878538,-0.0721261568926403
31,2,6,-0.0652773083454988,0.00035752591785105,-0.0621261568926404,0.000352508213939426,-0.0621261568926404
31,3,1,-0.109331482615276,0.000231813452354373,-0.11212615689264,0.000287594998117104,-0.11212615689264
31,3,2,-0.100375717073339,0.000251517877657918,-0.10212615689264,0.000278767288020645,-0.10212615689264
31,3,3,-0.0915018918648423,0.000272244720347017,-0.0921261568926403,0.000279790765667041,-0.0921261568926403
31,3,4,-0.0827022921724986,0.000295694975690265,-0.0821261568926403,0.000291198523576753,-0.0821261568926403
31,3,5,-0.0739655959605705,0.00032354342901598,-0.0721261568926403,0.000314502335878538,-0.0721261568926403
31,3,6,-0.0652773083454988,0.00035752591785105,-0.0621261568926404,0.000352508213939426,-0.0621261568926404
32,1,1,-0.10246515490594,0.000308082751502568,-0.107108657443879,0.000599236760537469,-0.11212615689264
32,1,2,-0.100375717073339,0.000251517877657918,-0.10212615689264,0.000278767288020645,-0.10212615689264
32,1,3,-0.0915018918648423,0.000272244720347017,-0.0921261568926403,0.000279790765667041,-0.0921261568926403
32,1,4,-0.0827022921724986,0.000295694975690265,-0.0821261568926403,0.000291198523576753,-0.0821261568926403
32,1,5,-0.0739655959605705,0.00032354342901598,-0.0721261568926403,0.000314502335878538,-0.0721261568926403
32,1,6,-0.0557393735002905,0.000543405374781627,-0.057108657443879,0.000579265172211129,-0.0621261568926404
32,2,1,-0.109331482615276,0.000231813452354373,-0.11212615689264,0.000287594998117104,-0.11212615689264
32,2,2,-0.0930142248328078,0.000342403920451088,-0.097108657443879,0.000551562866784984,-0.10212615689264
32,2,3,-0.0915018918648423,0.000272244720347017,-0.0921261568926403,0.000279790765667041,-0.0921261568926403
32,2,4,-0.0827022921724986,0.000295694975690265,-0.0821261568926403,0.000291198523576753,-0.0821261568926403
32,2,5,-0.0649783802357065,0.000477254040964005,-0.067108657443879,0.00053912055417543,-0.0721261568926403
32,2,6,-0.0652773083454988,0.00035752591785105,-0.0621261568926404,0.000352508213939426,-0.0621261568926404
32,3,1,-0.109331482615276,0.000231813452354373,-0.11212615689264,0.000287594998117104,-0.11212615689264
32,3,2,-0.100375717073339,0.000251517877657918,-0.10212615689264,0.000278767288020645,-0.10212615689264
32,3,3,-0.0836154515269708,0.000380104206759624,-0.087108657443879,0.000526518904085184,-0.0921261568926403
32,3,4,-0.0742700881797573,0.000424017530043164,-0.077108657443879,0.000522315460456065,-0.0821261568926403
32,3,5,-0.0739655959605705,0.00032354342901598,-0.0721261568926403,0.000314502335878538,-0.0721261568926403
32,3,6,-0.0652773083454988,0.00035752591785105,-0.0621261568926404,0.000352508213939426,-0.0621261568926404
33,1,1,-0.114015487795623,0.000232847978517159,-0.118898143046114,0.000290499549668098,-0.11212615689264
33,1,2,-0.100375717073339,0.000251517877657918,-0.10212615689264,0.000278767288020645,-0.10212615689264
33,1,3,-0.0915018918648423,0.000272244720347017,-0.0921261568926403,0.000279790765667041,-0.0921261568926403
33,1,4,-0.0827022921724986,0.000295694975690265,-0.0821261568926403,0.000291198523576753,-0.0821261568926403
33,1,5,-0.0739655959605705,0.00032354342901598,-0.0721261568926403,0.000314502335878538,-0.0721261568926403
33,1,6,-0.0745524047812897,0.000361927783059959,-0.0688981430461144,0.000354748952743082,-0.0621261568926404
33,2,1,-0.109331482615276,0.000231813452354373,-0.11212615689264,0.000287594998117104,-0.11212615689264
33,2,2,-0.105784715231119,0.000253005909032414,-0.108898143046114,0.000281349106052754,-0.10212615689264
33,2,3,-0.0915018918648423,0.000272244720347017,-0.0921261568926403,0.000279790765667041,-0.0921261568926403
33,2,4,-0.0827022921724986,0.000295694975690265,-0.0821261568926403,0.000291198523576753,-0.0821261568926403
33,2,5,-0.0821424440700125,0.000326992589724358,-0.0788981430461144,0.000316702179311314,-0.0721261568926403
33,2,6,-0.0652773083454988,0.00035752591785105,-0.0621261568926404,0.000352508213939426,-0.0621261568926404
33,3,1,-0.109331482615276,0.000231813452354373,-0.11212615689264,0.000287594998117104,-0.11212615689264
33,3,2,-0.100375717073339,0.000251517877657918,-0.10212615689264,0.000278767288020645,-0.10212615689264
33,3,3,-0.0977365540735272,0.000274268365351304,-0.0988981430461144,0.000282156485743998,-0.0921261568926403
33,3,4,-0.0898617607461671,0.000298362461428185,-0.0888981430461144,0.000293439652355589,-0.0821261568926403
33,3,5,-0.0739655959605705,0.00032354342901598,-0.0721261568926403,0.000314502335878538,-0.0721261568926403
33,3,6,-0.0652773083454988,0.00035752591785105,-0.0621261568926404,0.000352508213939426,-0.0621261568926404
34,1,1,-0.0793314826152763,0.000230635479667062,-0.0821261568926403,0.000277392431173926,-0.11212615689264
34,1,2,-0.100375717073339,0.000251517877657918,-0.10212615689264,0.000278767288020645,-0.10212615689264
34,1,3,-0.0915018918648423,0.000272244720347017,-0.0921261568926403,0.000279790765667041,-0.0921261568926403
34,1,4,-0.0827022921724986,0.000295694975690265,-0.0821261568926403,0.000291198523576753,-0.0821261568926403
34,1,5,-0.0739655959605705,0.00032354342901598,-0.0721261568926403,0.000314502335878538,-0.0721261568926403
34,1,6,-0.0352773083454988,0.000331720959516429,-0.0321261568926404,0.000328175786487794,-0.0621261568926404
34,2,1,-0.109331482615276,0.000231813452354373,-0.11212615689264,0.000287594998117104,-0.11212615689264
34,2,2,-0.0703757170733385,0.000243215588735724,-0.0721261568926403,0.000265902433738164,-0.10212615689264
34,2,3,-0.0915018918648423,0.000272244720347017,-0.0921261568926403,0.000279790765667041,-0.0921261568926403
34,2,4,-0.0827022921724986,0.000295694975690265,-0.0821261568926403,0.000291198523576753,-0.0821261568926403
34,2,5,-0.0439655959605705,0.000301063493245645,-0.0421261568926403,0.000293836861951169,-0.0721261568926403
34,2,6,-0.0652773083454988,0.00035752591785105,-0.0621261568926404,0.000352508213939426,-0.0621261568926404
34,3,1,-0.109331482615276,0.000231813452354373,-0.11212615689264,0.000287594998117104,-0.11212615689264
34,3,2,-0.100375717073339,0.000251517877657918,-0.10212615689264,0.000278767288020645,-0.10212615689264
34,3,3,-0.0615018918648423,0.000258258547570011,-0.0621261568926404,0.000264541651921088,-0.0921261568926403
34,3,4,-0.0527022921724986,0.000277080956191367,-0.0521261568926403,0.000273455422409122,-0.0821261568926403
34,3,5,-0.0739655959605705,0.00032354342901598,-0.0721261568926403,0.000314502335878538,-0.0721261568926403
34,3,6,-0.0652773083454988,0.00035752591785105,-0.0621261568926404,0.000352508213939426,-0.0621261568926404
35,1,1,-0.0493314826152762,0.000399768539603548,-0.0521261568926403,0.000451072828388379,-0.11212615689264
35,1,2,-0.100375717073339,0.000251517877657918,-0.10212615689264,0.000278767288020645,-0.10212615689264
35,1,3,-0.0915018918648423,0.000272244720347017,-0.0921261568926403,0.000279790765667041,-0.0921261568926403
35,1,4,-0.0827022921724986,0.000295694975690265,-0.0821261568926403,0.000291198523576753,-0.0821261568926403
35,1,5,-0.0739655959605705,0.00032354342901598,-0.0721261568926403,0.000314502335878538,-0.0721261568926403
35,1,6,-0.00527730834549878,0.000452381276566794,-0.00212615689264035,0.000467824202220599,-0.0621261568926404
35,2,1,-0.109331482615276,0.000231813452354373,-0.11212615689264,0.000287594998117104,-0.11212615689264
35,2,2,-0.0403757170733385,0.000397604506750881,-0.0421261568926403,0.000419488112263565,-0.10212615689264
35,2,3,-0.0915018918648423,0.000272244720347017,-0.0921261568926403,0.000279790765667041,-0.0921261568926403
35,2,4,-0.0827022921724986,0.000295694975690265,-0.0821261568926403,0.000291198523576753,-0.0821261568926403
35,2,5,-0.0139655959605705,0.000426989420418362,-0.0121261568926403,0.000428612425371751,-0.0721261568926403
35,2,6,-0.0652773083454988,0.00035752591785105,-0.0621261568926404,0.000352508213939426,-0.0621261568926404
35,3,1,-0.109331482615276,0.000231813452354373,-0.11212615689264,0.000287594998117104,-0.11212615689264
35,3,2,-0.100375717073339,0.000251517877657918,-0.10212615689264,0.000278767288020645,-0.10212615689264
35,3,3,-0.0315018918648423,0.000400762463138065,-0.0321261568926403,0.00040583481328394,-0.0921261568926403
35,3,4,-0.0227022921724986,0.000410199995255404,-0.0221261568926403,0.000408732366806137,-0.0821261568926403
35,3,5,-0.0739655959605705,0.00032354342901598,-0.0721261568926403,0.000314502335878538,-0.0721261568926403
35,3,6,-0.0652773083454988,0.00035752591785105,-0.0621261568926404,0.000352508213939426,-0.0621261568926404
36,1,1,-0.109331482615276,0.000231813452354373,-0.11212615689264,0.000287594998117104,-0.11212615689264
36,1,2,-0.100375717073339,0.000251517877657918,-0.10212615689264,0.000278767288020645,-0.10212615689264
36,1,3,-0.0915018918648423,0.000272244720347017,-0.0921261568926403,0.000279790765667041,-0.0921261568926403
36,1,4,-0.0827022921724986,0.000295694975690265,-0.0821261568926403,0.000291198523576753,-0.0821261568926403
36,1,5,-0.0739655959605705,0.00032354342901598,-0.0721261568926403,0.000314502335878538,-0.0721261568926403
36,1,6,-0.0652773083454988,0.00035752591785105,-0.0621261568926404,0.000352508213939426,-0.0621261568926404
36,2,1,-0.109331482615276,0.000231813452354373,-0.11212615689264,0.000287594998117104,-0.11212615689264
36,2,2,-0.100375717073339,0.000251517877657918,-0.10212615689264,0.000278767288020645,-0.10212615689264
36,2,3,-0.0915018918648423,0.000272244720347017,-0.0921261568926403,0.000279790765667041,-0.0921261568926403
36,2,4,-0.0827022921724986,0.000295694975690265,-0.0821261568926403,0.000291198523576753,-0.0821261568926403
36,2,5,-0.0739655959605705,0.00032354342901598,-0.0721261568926403,0.000314502335878538,-0.0721261568926403
36,2,6,-0.0652773083454988,0.00035752591785105,-0.0621261568926404,0.000352508213939426,-0.0621261568926404
36,3,1,-0.109331482615276,0.000231813452354373,-0.11212615689264,0.000287594998117104,-0.11212615689264
36,3,2,-0.100375717073339,0.000251517877657918,-0.10212615689264,0.000278767288020645,-0.10212615689264
36,3,3,-0.0915018918648423,0.000272244720347017,-0.0921261568926403,0.000279790765667041,-0.0921261568926403
36,3,4,-0.0827022921724986,0.000295694975690265,-0.0821261568926403,0.000291198523576753,-0.0821261568926403
36,3,5,-0.0739655959605705,0.00032354342901598,-0.0721261568926403,0.000314502335878538,-0.0721261568926403
36,3,6,-0.0652773083454988,0.00035752591785105,-0.0621261568926404,0.000352508213939426,-0.0621261568926404
37,1,1,-0.06,0.000277324606923071,-0.06,0.000332840092368193,-0.06
37,1,2,-0.06,0.000276689631945643,-0.06,0.000303630075494473,-0.06
37,1,3,-0.06,0.000281638863022205,-0.06,0.000289272796408974,-0.06
37,1,4,-0.06,0.000292710493138556,-0.06,0.00028803865935131,-0.06
37,1,5,-0.06,0.000310674264517776,-0.06,0.000299810978083069,-0.06
37,1,6,-0.06,0.000336564999013679,-0.06,0.000326073121504312,-0.06
37,2,1,-0.06,0.000277324606923071,-0.06,0.000332840092368193,-0.06
37,2,2,-0.06,0.000276689631945643,-0.06,0.000303630075494473,-0.06
37,2,3,-0.06,0.000281638863022205,-0.06,0.000289272796408974,-0.06
37,2,4,-0.06,0.000292710493138556,-0.06,0.00028803865935131,-0.06
37,2,5,-0.06,0.000310674264517776,-0.06,0.000299810978083069,-0.06
37,2,6,-0.06,0.000336564999013679,-0.06,0.000326073121504312,-0.06
37,3,1,-0.06,0.000277324606923071,-0.06,0.000332840092368193,-0.06
37,3,2,-0.06,0.000276689631945643,-0.06,0.000303630075494473,-0.06
37,3,3,-0.06,0.000281638863022205,-0.06,0.000289272796408974,-0.06
37,3,4,-0.06,0.000292710493138556,-0.06,0.00028803865935131,-0.06
37,3,5,-0.06,0.000310674264517776,-0.06,0.000299810978083069,-0.06
37,3,6,-0.06,0.000336564999013679,-0.06,0.000326073121504312,-0.06
38,1,1,-0.06,0.000373355874144531,-0.06,0.000684814398072189,-0.06
38,1,2,-0.06,0.000276689631945643,-0.06,0.000303630075494473,-0.06
38,1,3,-0.06,0.000281638863022205,-0.06,0.000289272796408974,-0.06
38,1,4,-0.06,0.000292710493138556,-0.06,0.00028803865935131,-0.06
38,1,5,-0.06,0.000310674264517776,-0.06,0.000299810978083069,-0.06
38,1,6,-0.06,0.000508075991664223,-0.06,0.000546200866708232,-0.06
38,2,1,-0.06,0.000277324606923071,-0.06,0.000332840092368193,-0.06
38,2,2,-0.06,0.00037949267410602,-0.06,0.000599128235539918,-0.06
38,2,3,-0.06,0.000281638863022205,-0.06,0.000289272796408974,-0.06
38,2,4,-0.06,0.000292710493138556,-0.06,0.00028803865935131,-0.06
38,2,5,-0.06,0.000456237679920098,-0.06,0.000522310743231106,-0.06
38,2,6,-0.06,0.000336564999013679,-0.06,0.000326073121504312,-0.06
38,3,1,-0.06,0.000277324606923071,-0.06,0.000332840092368193,-0.06
38,3,2,-0.06,0.000276689631945643,-0.06,0.000303630075494473,-0.06
38,3,3,-0.06,0.000394307898081154,-0.06,0.000547278858573071,-0.06
38,3,4,-0.06,0.00041922273779053,-0.06,0.000522677110324942,-0.06
38,3,5,-0.06,0.000310674264517776,-0.06,0.000299810978083069,-0.06
38,3,6,-0.06,0.000336564999013679,-0.06,0.000326073121504312,-0.06
39,1,1,-0.06,0.00027732460692307,-0.06,0.000332840092368194,-0.06
39,1,2,-0.06,0.000276689631945643,-0.06,0.000303630075494473,-0.06
39,1,3,-0.06,0.000281638863022205,-0.06,0.000289272796408974,-0.06
39,1,4,-0.06,0.000292710493138556,-0.06,0.00028803865935131,-0.06
39,1,5,-0.06,0.000310674264517776,-0.06,0.000299810978083069,-0.06
39,1,6,-0.06,0.000336564999013679,-0.06,0.000326073121504312,-0.06
39,2,1,-0.06,0.000277324606923071,-0.06,0.000332840092368193,-0.06
39,2,2,-0.06,0.000276689631945643,-0.06,0.000303630075494473,-0.06
39,2,3,-0.06,0.000281638863022205,-0.06,0.000289272796408974,-0.06
39,2,4,-0.06,0.000292710493138556,-0.06,0.00028803865935131,-0.06
39,2,5,-0.06,0.000310674264517775,-0.06,0.000299810978083069,-0.06
39,2,6,-0.06,0.000336564999013679,-0.06,0.000326073121504312,-0.06
39,3,1,-0.06,0.000277324606923071,-0.06,0.000332840092368193,-0.06
39,3,2,-0.06,0.000276689631945643,-0.06,0.000303630075494473,-0.06
39,3,3,-0.06,0.000281638863022205,-0.06,0.000289272796408974,-0.06
39,3,4,-0.06,0.000292710493138556,-0.06,0.00028803865935131,-0.06
39,3,5,-0.06,0.000310674264517776,-0.06,0.000299810978083069,-0.06
39,3,6,-0.06,0.000336564999013679,-0.06,0.000326073121504312,-0.06
40,1,1,-0.06,0.000228935685574311,-0.06,0.000277103650559778,-0.06
40,1,2,-0.06,0.000276689631945643,-0.06,0.000303630075494473,-0.06
40,1,3,-0.06,0.000281638863022205,-0.06,0.000289272796408974,-0.06
40,1,4,-0.06,0.000292710493138556,-0.06,0.00028803865935131,-0.06
40,1,5,-0.06,0.000310674264517776,-0.06,0.000299810978083069,-0.06
40,1,6,-0.06,0.000297272275586696,-0.06,0.000285271548753982,-0.06
40,2,1,-0.06,0.000277324606923071,-0.06,0.000332840092368193,-0.06
40,2,2,-0.06,0.000231278591547784,-0.06,0.000255202272436601,-0.06
40,2,3,-0.06,0.000281638863022205,-0.06,0.000289272796408974,-0.06
40,2,4,-0.06,0.000292710493138556,-0.06,0.00028803865935131,-0.06
40,2,5,-0.06,0.00027058236015303,-0.06,0.000259638519215715,-0.06
40,2,6,-0.06,0.000336564999013679,-0.06,0.000326073121504312,-0.06
40,3,1,-0.06,0.000277324606923071,-0.06,0.000332840092368193,-0.06
40,3,2,-0.06,0.000276689631945643,-0.06,0.000303630075494473,-0.06
40,3,3,-0.06,0.000238554598598618,-0.06,0.000245525133638401,-0.06
40,3,4,-0.06,0.000251376308122237,-0.06,0.000246931415002837,-0.06
40,3,5,-0.06,0.000310674264517776,-0.06,0.000299810978083069,-0.06
40,3,6,-0.06,0.000336564999013679,-0.06,0.000326073121504312,-0.06
41,1,1,-0.06,0.000362376896815091,-0.06,0.000418488745416169,-0.06
41,1,2,-0.06,0.000276689631945643,-0.06,0.000303630075494473,-0.06
41,1,3,-0.06,0.000281638863022205,-0.06,0.000289272796408974,-0.06
41,1,4,-0.06,0.000292710493138556,-0.06,0.00028803865935131,-0.06
41,1,5,-0.06,0.000310674264517776,-0.06,0.000299810978083069,-0.06
41,1,6,-0.06,0.000401180522428612,-0.06,0.00040078720965521,-0.06
41,2,1,-0.06,0.000277324606923071,-0.06,0.000332840092368193,-0.06
41,2,2,-0.06,0.00035453302126434,-0.06,0.000380307272867584,-0.06
41,2,3,-0.06,0.000281638863022205,-0.06,0.000289272796408974,-0.06
41,2,4,-0.06,0.000292710493138556,-0.06,0.00028803865935131,-0.06
41,2,5,-0.06,0.000376565099060444,-0.06,0.000370448089811556,-0.06
41,2,6,-0.06,0.000336564999013679,-0.06,0.000326073121504312,-0.06
41,3,1,-0.06,0.000277324606923071,-0.06,0.000332840092368193,-0.06
41,3,2,-0.06,0.000276689631945643,-0.06,0.000303630075494473,-0.06
41,3,3,-0.06,0.000354011137440865,-0.06,0.000360818745604013,-0.06
41,3,4,-0.06,0.000361149502293048,-0.06,0.000357653211877908,-0.06
41,3,5,-0.06,0.000310674264517776,-0.06,0.000299810978083069,-0.06
41,3,6,-0.06,0.000336564999013679,-0.06,0.000326073121504312,-0.06
42,1,1,-0.06,0.000277324606923071,-0.06,0.000332840092368193,-0.06
42,1,2,-0.06,0.000276689631945643,-0.06,0.000303630075494473,-0.06
42,1,3,-0.06,0.000281638863022205,-0.06,0.000289272796408974,-0.06
42,1,4,-0.06,0.000292710493138556,-0.06,0.00028803865935131,-0.06
42,1,5,-0.06,0.000310674264517776,-0.06,0.000299810978083069,-0.06
42,1,6,-0.06,0.000336564999013679,-0.06,0.000326073121504312,-0.06
42,2,1,-0.06,0.000277324606923071,-0.06,0.000332840092368193,-0.06
42,2,2,-0.06,0.000276689631945643,-0.06,0.000303630075494473,-0.06
42,2,3,-0.06,0.000281638863022205,-0.06,0.000289272796408974,-0.06
42,2,4,-0.06,0.000292710493138556,-0.06,0.00028803865935131,-0.06
42,2,5,-0.06,0.000310674264517776,-0.06,0.000299810978083069,-0.06
42,2,6,-0.06,0.000336564999013679,-0.06,0.000326073121504312,-0.06
42,3,1,-0.06,0.000277324606923071,-0.06,0.000332840092368193,-0.06
42,3,2,-0.06,0.000276689631945643,-0.06,0.000303630075494473,-0.06
42,3,3,-0.06,0.000281638863022205,-0.06,0.000289272796408974,-0.06
42,3,4,-0.06,0.000292710493138556,-0.06,0.00028803865935131,-0.06
42,3,5,-0.06,0.000310674264517776,-0.06,0.000299810978083069,-0.06
42,3,6,-0.06,0.000336564999013679,-0.06,0.000326073121504312,-0.06
43,1,1,-0.0721657413076382,0.000273473120819725,-0.0735630784463202,0.000328155122439131,-0.0735630784463202
43,1,2,-0.0726878585366693,0.000273719915594102,-0.0735630784463202,0.000300342066404095,-0.0735630784463202
43,1,3,-0.0732509459324211,0.000279486503081847,-0.0735630784463202,0.000287044849154349,-0.0735630784463202
43,1,4,-0.0738511460862493,0.000291345895067874,-0.0735630784463202,0.000286683714587165,-0.0735630784463202
43,1,5,-0.0744827979802852,0.000310101545002903,-0.0735630784463202,0.000299256928985103,-0.0735630784463202
43,1,6,-0.0751386541727494,0.000336821665855452,-0.0735630784463202,0.000326350852900657,-0.0735630784463202
43,2,1,-0.0721657413076382,0.000273473120819725,-0.0735630784463202,0.000328155122439131,-0.0735630784463202
43,2,2,-0.0726878585366693,0.000273719915594102,-0.0735630784463202,0.000300342066404095,-0.0735630784463202
43,2,3,-0.0732509459324211,0.000279486503081847,-0.0735630784463202,0.000287044849154349,-0.0735630784463202
43,2,4,-0.0738511460862493,0.000291345895067874,-0.0735630784463202,0.000286683714587165,-0.0735630784463202
43,2,5,-0.0744827979802852,0.000310101545002903,-0.0735630784463202,0.000299256928985103,-0.0735630784463202
43,2,6,-0.0751386541727494,0.000336821665855452,-0.0735630784463202,0.000326350852900657,-0.0735630784463202
43,3,1,-0.0721657413076382,0.000273473120819725,-0.0735630784463202,0.000328155122439131,-0.0735630784463202
43,3,2,-0.0726878585366693,0.000273719915594102,-0.0735630784463202,0.000300342066404095,-0.0735630784463202
43,3,3,-0.0732509459324211,0.000279486503081847,-0.0735630784463202,0.000287044849154349,-0.0735630784463202
43,3,4,-0.0738511460862493,0.000291345895067874,-0.0735630784463202,0.000286683714587165,-0.0735630784463202
43,3,5,-0.0744827979802852,0.000310101545002903,-0.0735630784463202,0.000299256928985103,-0.0735630784463202
43,3,6,-0.0751386541727494,0.000336821665855452,-0.0735630784463202,0.000326350852900657,-0.0735630784463202
44,1,1,-0.0687325774529699,0.000368783772250492,-0.0710543287219395,0.000672817046834309,-0.0735630784463202
44,1,2,-0.0726878585366693,0.000273719915594102,-0.0735630784463202,0.000300342066404095,-0.0735630784463202
44,1,3,-0.0732509459324211,0.000279486503081847,-0.0735630784463202,0.000287044849154349,-0.0735630784463202
44,1,4,-0.0738511460862493,0.000291345895067874,-0.0735630784463202,0.000286683714587165,-0.0735630784463202
44,1,5,-0.0744827979802852,0.000310101545002903,-0.0735630784463202,0.000299256928985103,-0.0735630784463202
44,1,6,-0.0703696867501453,0.000507502079847501,-0.0710543287219395,0.00054450064691101,-0.0735630784463202
44,2,1,-0.0721657413076382,0.000273473120819725,-0.0735630784463202,0.000328155122439131,-0.0735630784463202
44,2,2,-0.0690071124164039,0.000375751140703886,-0.0710543287219395,0.000590516790205255,-0.0735630784463202
44,2,3,-0.0732509459324211,0.000279486503081847,-0.0735630784463202,0.000287044849154349,-0.0735630784463202
44,2,4,-0.0738511460862493,0.000291345895067874,-0.0735630784463202,0.000286683714587165,-0.0735630784463202
44,2,5,-0.0699891901178532,0.000454810827744777,-0.0710543287219395,0.000519326941956361,-0.0735630784463202
44,2,6,-0.0751386541727494,0.000336821665855452,-0.0735630784463202,0.000326350852900657,-0.0735630784463202
44,3,1,-0.0721657413076382,0.000273473120819725,-0.0735630784463202,0.000328155122439131,-0.0735630784463202
44,3,2,-0.0726878585366693,0.000273719915594102,-0.0735630784463202,0.000300342066404095,-0.0735630784463202
44,3,3,-0.0693077257634854,0.000391340655272649,-0.0710543287219395,0.000541066238373366,-0.0735630784463202
44,3,4,-0.0696350440898786,0.000417013189739611,-0.0710543287219395,0.000518254126930911,-0.0735630784463202
44,3,5,-0.0744827979802852,0.000310101545002903,-0.0735630784463202,0.000299256928985103,-0.0735630784463202
44,3,6,-0.0751386541727494,0.000336821665855452,-0.0735630784463202,0.000326350852900657,-0.0735630784463202
45,1,1,-0.0745077438978116,0.000273924873929796,-0.0769490715230572,0.000329538427650256,-0.0735630784463202
45,1,2,-0.0726878585366693,0.000273719915594102,-0.0735630784463202,0.000300342066404095,-0.0735630784463202
45,1,3,-0.0732509459324211,0.000279486503081847,-0.0735630784463202,0.000287044849154349,-0.0735630784463202
45,1,4,-0.0738511460862493,0.000291345895067874,-0.0735630784463202,0.000286683714587165,-0.0735630784463202
45,1,5,-0.0744827979802852,0.000310101545002903,-0.0735630784463202,0.000299256928985103,-0.0735630784463202
45,1,6,-0.0797762023906449,0.000339085472848057,-0.0769490715230572,0.00032749061811704,-0.0735630784463202
45,2,1,-0.0721657413076382,0.000273473120819725,-0.0735630784463202,0.000328155122439131,-0.0735630784463202
45,2,2,-0.0753923576155594,0.00027440205353238,-0.0769490715230572,0.000301595262864885,-0.0735630784463202
45,2,3,-0.0732509459324211,0.000279486503081847,-0.0735630784463202,0.000287044849154349,-0.0735630784463202
45,2,4,-0.0738511460862493,0.000291345895067874,-0.0735630784463202,0.000286683714587165,-0.0735630784463202
45,2,5,-0.0785712220350063,0.000311834254521939,-0.0769490715230572,0.000300367153064972,-0.0735630784463202
45,2,6,-0.0751386541727494,0.000336821665855452,-0.0735630784463202,0.000326350852900657,-0.0735630784463202
45,3,1,-0.0721657413076382,0.000273473120819725,-0.0735630784463202,0.000328155122439131,-0.0735630784463202
45,3,2,-0.0726878585366693,0.000273719915594102,-0.0735630784463202,0.000300342066404095,-0.0735630784463202
45,3,3,-0.0763682770367636,0.000280448072389605,-0.0769490715230572,0.000288211452995611,-0.0735630784463202
45,3,4,-0.0774308803730836,0.000292651560917315,-0.0769490715230572,0.000287803236448473,-0.0735630784463202
45,3,5,-0.0744827979802852,0.000310101545002903,-0.0735630784463202,0.000299256928985103,-0.0735630784463202
45,3,6,-0.0751386541727494,0.000336821665855452,-0.0735630784463202,0.000326350852900657,-0.0735630784463202
46,1,1,-0.0571657413076381,0.000243016666944145,-0.0585630784463202,0.000289700132016493,-0.0735630784463202
46,1,2,-0.0726878585366693,0.000273719915594102,-0.0735630784463202,0.000300342066404095,-0.0735630784463202
46,1,3,-0.0732509459324211,0.000279486503081847,-0.0735630784463202,0.000287044849154349,-0.0735630784463202
46,1,4,-0.0738511460862493,0.000291345895067874,-0.0735630784463202,0.000286683714587165,-0.0735630784463202
46,1,5,-0.0744827979802852,0.000310101545002903,-0.0735630784463202,0.000299256928985103,-0.0735630784463202
46,1,6,-0.0601386541727494,0.000307533410881592,-0.0585630784463202,0.000297906962865973,-0.0735630784463202
46,2,1,-0.0721657413076382,0.000273473120819725,-0.0735630784463202,0.000328155122439131,-0.0735630784463202
46,2,2,-0.0576878585366693,0.000243989540416123,-0.0585630784463202,0.000266922770959541,-0.0735630784463202
46,2,3,-0.0732509459324211,0.000279486503081847,-0.0735630784463202,0.000287044849154349,-0.0735630784463202
46,2,4,-0.0738511460862493,0.000291345895067874,-0.0735630784463202,0.000286683714587165,-0.0735630784463202
46,2,5,-0.0594827979802852,0.000281048677997834,-0.0585630784463202,0.000271370364884494,-0.0735630784463202
46,2,6,-0.0751386541727494,0.000336821665855452,-0.0735630784463202,0.000326350852900657,-0.0735630784463202
46,3,1,-0.0721657413076382,0.000273473120819725,-0.0735630784463202,0.000328155122439131,-0.0735630784463202
46,3,2,-0.0726878585366693,0.000273719915594102,-0.0735630784463202,0.000300342066404095,-0.0735630784463202
46,3,3,-0.0582509459324211,0.000250226848614359,-0.0585630784463202,0.000256826789750101,-0.0735630784463202
46,3,4,-0.0588511460862493,0.000262308127334156,-0.0585630784463202,0.000258235043773476,-0.0735630784463202
46,3,5,-0.0744827979802852,0.000310101545002903,-0.0735630784463202,0.000299256928985103,-0.0735630784463202
46,3,6,-0.0751386541727494,0.000336821665855452,-0.0735630784463202,0.000326350852900657,-0.0735630784463202
47,1,1,-0.0421657413076382,0.00039602550799507,-0.0435630784463202,0.000448473358304505,-0.0735630784463202
47,1,2,-0.0726878585366693,0.000273719915594102,-0.0735630784463202,0.000300342066404095,-0.0735630784463202
47,1,3,-0.0732509459324211,0.000279486503081847,-0.0735630784463202,0.000287044849154349,-0.0735630784463202
47,1,4,-0.0738511460862493,0.000291345895067874,-0.0735630784463202,0.000286683714587165,-0.0735630784463202
47,1,5,-0.0744827979802852,0.000310101545002903,-0.0735630784463202,0.000299256928985103,-0.0735630784463202
47,1,6,-0.0451386541727494,0.000420703958991255,-0.0435630784463202,0.000426292356702286,-0.0735630784463202
47,2,1,-0.0721657413076382,0.000273473120819725,-0.0735630784463202,0.000328155122439131,-0.0735630784463202
47,2,2,-0.0426878585366693,0.000384024186161107,-0.0435630784463202,0.000407283677519267,-0.0735630784463202
47,2,3,-0.0732509459324211,0.000279486503081847,-0.0735630784463202,0.000287044849154349,-0.0735630784463202
47,2,4,-0.0738511460862493,0.000291345895067874,-0.0735630784463202,0.000286683714587165,-0.0735630784463202
47,2,5,-0.0444827979802852,0.000397779352200884,-0.0435630784463202,0.000394934559432807,-0.0735630784463202
47,2,6,-0.0751386541727494,0.000336821665855452,-0.0735630784463202,0.000326350852900657,-0.0735630784463202
47,3,1,-0.0721657413076382,0.000273473120819725,-0.0735630784463202,0.000328155122439131,-0.0735630784463202
47,3,2,-0.0726878585366693,0.000273719915594102,-0.0735630784463202,0.000300342066404095,-0.0735630784463202
47,3,3,-0.0432509459324211,0.0003801201408484,-0.0435630784463202,0.000385993926506544,-0.0735630784463202
47,3,4,-0.0438511460862493,0.000384532231054325,-0.0435630784463202,0.000382029686431592,-0.0735630784463202
47,3,5,-0.0744827979802852,0.000310101545002903,-0.0735630784463202,0.000299256928985103,-0.0735630784463202
47,3,6,-0.0751386541727494,0.000336821665855452,-0.0735630784463202,0.000326350852900657,-0.0735630784463202
48,1,1,-0.0721657413076382,0.000273473120819725,-0.0735630784463202,0.000328155122439131,-0.0735630784463202
48,1,2,-0.0726878585366693,0.000273719915594102,-0.0735630784463202,0.000300342066404095,-0.0735630784463202
48,1,3,-0.0732509459324211,0.000279486503081847,-0.0735630784463202,0.000287044849154349,-0.0735630784463202
48,1,4,-0.0738511460862493,0.000291345895067874,-0.0735630784463202,0.000286683714587165,-0.0735630784463202
48,1,5,-0.0744827979802852,0.000310101545002903,-0.0735630784463202,0.000299256928985103,-0.0735630784463202
48,1,6,-0.0751386541727494,0.000336821665855452,-0.0735630784463202,0.000326350852900657,-0.0735630784463202
48,2,1,-0.0721657413076382,0.000273473120819725,-0.0735630784463202,0.000328155122439131,-0.0735630784463202
48,2,2,-0.0726878585366693,0.000273719915594102,-0.0735630784463202,0.000300342066404095,-0.0735630784463202
48,2,3,-0.0732509459324211,0.000279486503081847,-0.0735630784463202,0.000287044849154349,-0.0735630784463202
48,2,4,-0.0738511460862493,0.000291345895067874,-0.0735630784463202,0.000286683714587165,-0.0735630784463202
48,2,5,-0.0744827979802852,0.000310101545002903,-0.0735630784463202,0.000299256928985103,-0.0735630784463202
48,2,6,-0.0751386541727494,0.000336821665855452,-0.0735630784463202,0.000326350852900657,-0.0735630784463202
48,3,1,-0.0721657413076382,0.000273473120819725,-0.0735630784463202,0.000328155122439131,-0.0735630784463202
48,3,2,-0.0726878585366693,0.000273719915594102,-0.0735630784463202,0.000300342066404095,-0.0735630784463202
48,3,3,-0.0732509459324211,0.000279486503081847,-0.0735630784463202,0.000287044849154349,-0.0735630784463202
48,3,4,-0.0738511460862493,0.000291345895067874,-0.0735630784463202,0.000286683714587165,-0.0735630784463202
48,3,5,-0.0744827979802852,0.000310101545002903,-0.0735630784463202,0.000299256928985103,-0.0735630784463202
48,3,6,-0.0751386541727494,0.000336821665855452,-0.0735630784463202,0.000326350852900657,-0.0735630784463202
49,1,1,-0.0843314826152763,0.00027050757339862,-0.0871261568926404,0.00032418437707444,-0.0871261568926404
49,1,2,-0.0853757170733386,0.000271540700562043,-0.0871261568926403,0.00029771021079564,-0.0871261568926403
49,1,3,-0.0865018918648423,0.000278042919371287,-0.0871261568926403,0.000285443098117511,-0.0871261568926403
49,1,4,-0.0877022921724986,0.000290618469932025,-0.0871261568926403,0.000285949853552199,-0.0871261568926403
49,1,5,-0.0889655959605705,0.00031010101313496,-0.0871261568926403,0.000299343095236011,-0.0871261568926403
49,1,6,-0.0902773083454988,0.000337588613325735,-0.0871261568926403,0.000327314136321057,-0.0871261568926403
49,2,1,-0.0843314826152763,0.00027050757339862,-0.0871261568926404,0.00032418437707444,-0.0871261568926404
49,2,2,-0.0853757170733386,0.000271540700562043,-0.0871261568926403,0.00029771021079564,-0.0871261568926403
49,2,3,-0.0865018918648423,0.000278042919371287,-0.0871261568926403,0.000285443098117511,-0.0871261568926403
49,2,4,-0.0877022921724986,0.000290618469932025,-0.0871261568926403,0.000285949853552199,-0.0871261568926403
49,2,5,-0.0889655959605705,0.00031010101313496,-0.0871261568926403,0.000299343095236011,-0.0871261568926403
49,2,6,-0.0902773083454988,0.000337588613325735,-0.0871261568926403,0.000327314136321057,-0.0871261568926403
49,3,1,-0.0843314826152763,0.00027050757339862,-0.0871261568926404,0.00032418437707444,-0.0871261568926404
49,3,2,-0.0853757170733386,0.000271540700562043,-0.0871261568926403,0.00029771021079564,-0.0871261568926403
49,3,3,-0.0865018918648423,0.000278042919371287,-0.0871261568926403,0.000285443098117511,-0.0871261568926403
49,3,4,-0.0877022921724986,0.000290618469932025,-0.0871261568926403,0.000285949853552199,-0.0871261568926403
49,3,5,-0.0889655959605705,0.00031010101313496,-0.0871261568926403,0.000299343095236011,-0.0871261568926403
49,3,6,-0.0902773083454988,0.000337588613325735,-0.0871261568926403,0.000327314136321057,-0.0871261568926403
50,1,1,-0.0774651549059398,0.000365261820122807,-0.082108657443879,0.00066135208303946,-0.0871261568926404
50,1,2,-0.0853757170733386,0.000271540700562043,-0.0871261568926403,0.00029771021079564,-0.0871261568926403
50,1,3,-0.0865018918648423,0.000278042919371287,-0.0871261568926403,0.000285443098117511,-0.0871261568926403
50,1,4,-0.0877022921724986,0.000290618469932025,-0.0871261568926403,0.000285949853552199,-0.0871261568926403
50,1,5,-0.0889655959605705,0.00031010101313496,-0.0871261568926403,0.000299343095236011,-0.0871261568926403
50,1,6,-0.0807393735002905,0.000507729026226279,-0.082108657443879,0.000543440051148494,-0.0871261568926403
50,2,1,-0.0843314826152763,0.00027050757339862,-0.0871261568926404,0.00032418437707444,-0.0871261568926404
50,2,2,-0.0780142248328078,0.000372980386096805,-0.082108657443879,0.000582428294042966,-0.0871261568926403
50,2,3,-0.0865018918648423,0.000278042919371287,-0.0871261568926403,0.000285443098117511,-0.0871261568926403
50,2,4,-0.0877022921724986,0.000290618469932025,-0.0871261568926403,0.000285949853552199,-0.0871261568926403
50,2,5,-0.0799783802357066,0.000454210257557835,-0.082108657443879,0.000516924249012526,-0.0871261568926403
50,2,6,-0.0902773083454988,0.000337588613325735,-0.0871261568926403,0.000327314136321057,-0.0871261568926403
50,3,1,-0.0843314826152763,0.00027050757339862,-0.0871261568926404,0.00032418437707444,-0.0871261568926404
50,3,2,-0.0853757170733386,0.000271540700562043,-0.0871261568926403,0.00029771021079564,-0.0871261568926403
50,3,3,-0.0786154515269708,0.000389282176631582,-0.082108657443879,0.000535380003032024,-0.0871261568926403
50,3,4,-0.0792700881797573,0.000415665071068982,-0.082108657443879,0.00051437594858091,-0.0871261568926403
50,3,5,-0.0889655959605705,0.00031010101313496,-0.0871261568926403,0.000299343095236011,-0.0871261568926403
50,3,6,-0.0902773083454988,0.000337588613325735,-0.0871261568926403,0.000327314136321057,-0.0871261568926403
51,1,1,-0.0890154877956231,0.000271555228291998,-0.0938981430461143,0.000327072650892915,-0.0871261568926404
51,1,2,-0.0853757170733386,0.000271540700562043,-0.0871261568926403,0.00029771021079564,-0.0871261568926403
51,1,3,-0.0865018918648423,0.000278042919371287,-0.0871261568926403,0.000285443098117511,-0.0871261568926403
51,1,4,-0.0877022921724986,0.000290618469932025,-0.0871261568926403,0.000285949853552199,-0.0871261568926403
51,1,5,-0.0889655959605705,0.00031010101313496,-0.0871261568926403,0.000299343095236011,-0.0871261568926403
51,1,6,-0.0995524047812897,0.000342025241875529,-0.0938981430461144,0.000329562083052759,-0.0871261568926403
51,2,1,-0.0843314826152763,0.00027050757339862,-0.0871261568926404,0.00032418437707444,-0.0871261568926404
51,2,2,-0.0907847152311188,0.000273031400289301,-0.0938981430461143,0.000300283700839386,-0.0871261568926403
51,2,3,-0.0865018918648423,0.000278042919371287,-0.0871261568926403,0.000285443098117511,-0.0871261568926403
51,2,4,-0.0877022921724986,0.000290618469932025,-0.0871261568926403,0.000285949853552199,-0.0871261568926403
51,2,5,-0.0971424440700125,0.000313564553102019,-0.0938981430461144,0.000301547991551859,-0.0871261568926403
51,2,6,-0.0902773083454988,0.000337588613325735,-0.0871261568926403,0.000327314136321057,-0.0871261568926403
51,3,1,-0.0843314826152763,0.00027050757339862,-0.0871261568926404,0.00032418437707444,-0.0871261568926404
51,3,2,-0.0853757170733386,0.000271540700562043,-0.0871261568926403,0.00029771021079564,-0.0871261568926403
51,3,3,-0.0927365540735272,0.00028006566450331,-0.0938981430461143,0.000287806471884265,-0.0871261568926403
51,3,4,-0.0948617607461671,0.000293288738830105,-0.0938981430461144,0.000288192965338306,-0.0871261568926403
51,3,5,-0.0889655959605705,0.00031010101313496,-0.0871261568926403,0.000299343095236011,-0.0871261568926403
51,3,6,-0.0902773083454988,0.000337588613325735,-0.0871261568926403,0.000327314136321057,-0.0871261568926403
52,1,1,-0.0543314826152763,0.000257503057014797,-0.0571261568926403,0.00030269309569328,-0.0871261568926404
52,1,2,-0.0853757170733386,0.000271540700562043,-0.0871261568926403,0.00029771021079564,-0.0871261568926403
52,1,3,-0.0865018918648423,0.000278042919371287,-0.0871261568926403,0.000285443098117511,-0.0871261568926403
52,1,4,-0.0877022921724986,0.000290618469932025,-0.0871261568926403,0.000285949853552199,-0.0871261568926403
52,1,5,-0.0889655959605705,0.00031010101313496,-0.0871261568926403,0.000299343095236011,-0.0871261568926403
52,1,6,-0.0602773083454988,0.000318102336842079,-0.0571261568926403,0.000310862803935148,-0.0871261568926403
52,2,1,-0.0843314826152763,0.00027050757339862,-0.0871261568926404,0.00032418437707444,-0.0871261568926404
52,2,2,-0.0553757170733386,0.000257083520917637,-0.0571261568926403,0.000278986975447128,-0.0871261568926403
52,2,3,-0.0865018918648423,0.000278042919371287,-0.0871261568926403,0.000285443098117511,-0.0871261568926403
52,2,4,-0.0877022921724986,0.000290618469932025,-0.0871261568926403,0.000285949853552199,-0.0871261568926403
52,2,5,-0.0589655959605705,0.000291843312775779,-0.0571261568926403,0.000283404503281917,-0.0871261568926403
52,2,6,-0.0902773083454988,0.000337588613325735,-0.0871261568926403,0.000327314136321057,-0.0871261568926403
52,3,1,-0.0843314826152763,0.00027050757339862,-0.0871261568926404,0.00032418437707444,-0.0871261568926404
52,3,2,-0.0853757170733386,0.000271540700562043,-0.0871261568926403,0.00029771021079564,-0.0871261568926403
52,3,3,-0.0565018918648423,0.000262262987342212,-0.0571261568926403,0.000268441469799527,-0.0871261568926403
52,3,4,-0.0577022921724986,0.000273586230376167,-0.0571261568926403,0.000269838551386195,-0.0871261568926403
52,3,5,-0.0889655959605705,0.00031010101313496,-0.0871261568926403,0.000299343095236011,-0.0871261568926403
52,3,6,-0.0902773083454988,0.000337588613325735,-0.0871261568926403,0.000327314136321057,-0.0871261568926403
53,1,1,-0.0243314826152763,0.000427878066165553,-0.0271261568926404,0.000476833867648587,-0.0871261568926404
53,1,2,-0.0853757170733386,0.000271540700562043,-0.0871261568926403,0.00029771021079564,-0.0871261568926403
53,1,3,-0.0865018918648423,0.000278042919371287,-0.0871261568926403,0.000285443098117511,-0.0871261568926403
53,1,4,-0.0877022921724986,0.000290618469932025,-0.0871261568926403,0.000285949853552199,-0.0871261568926403
53,1,5,-0.0889655959605705,0.00031010101313496,-0.0871261568926403,0.000299343095236011,-0.0871261568926403
53,1,6,-0.0302773083454988,0.00043920682926453,-0.0271261568926403,0.000450423336685406,-0.0871261568926403
53,2,1,-0.0843314826152763,0.00027050757339862,-0.0871261568926404,0.00032418437707444,-0.0871261568926404
53,2,2,-0.0253757170733385,0.000411948694964905,-0.0271261568926403,0.000432787732220153,-0.0871261568926403
53,2,3,-0.0865018918648423,0.000278042919371287,-0.0871261568926403,0.000285443098117511,-0.0871261568926403
53,2,4,-0.0877022921724986,0.000290618469932025,-0.0871261568926403,0.000285949853552199,-0.0871261568926403
53,2,5,-0.0289655959605705,0.000417884166471309,-0.0271261568926403,0.000418088718392041,-0.0871261568926403
53,2,6,-0.0902773083454988,0.000337588613325735,-0.0871261568926403,0.000327314136321057,-0.0871261568926403
53,3,1,-0.0843314826152763,0.00027050757339862,-0.0871261568926404,0.00032418437707444,-0.0871261568926404
53,3,2,-0.0853757170733386,0.000271540700562043,-0.0871261568926403,0.00029771021079564,-0.0871261568926403
53,3,3,-0.0265018918648423,0.000404850053974861,-0.0271261568926403,0.000409790590581969,-0.0871261568926403
53,3,4,-0.0277022921724986,0.000406686936633486,-0.0271261568926404,0.000405072742067034,-0.0871261568926403
53,3,5,-0.0889655959605705,0.00031010101313496,-0.0871261568926403,0.000299343095236011,-0.0871261568926403
53,3,6,-0.0902773083454988,0.000337588613325735,-0.0871261568926403,0.000327314136321057,-0.0871261568926403
54,1,1,-0.0843314826152763,0.00027050757339862,-0.0871261568926404,0.00032418437707444,-0.0871261568926404
54,1,2,-0.0853757170733386,0.000271540700562043,-0.0871261568926403,0.00029771021079564,-0.0871261568926403
54,1,3,-0.0865018918648423,0.000278042919371287,-0.0871261568926403,0.000285443098117511,-0.0871261568926403
54,1,4,-0.0877022921724986,0.000290618469932025,-0.0871261568926403,0.000285949853552199,-0.0871261568926403
54,1,5,-0.0889655959605705,0.00031010101313496,-0.0871261568926403,0.000299343095236011,-0.0871261568926403
54,1,6,-0.0902773083454988,0.000337588613325735,-0.0871261568926403,0.000327314136321057,-0.0871261568926403
54,2,1,-0.0843314826152763,0.00027050757339862,-0.0871261568926404,0.00032418437707444,-0.0871261568926404
54,2,2,-0.0853757170733386,0.000271540700562043,-0.0871261568926403,0.00029771021079564,-0.0871261568926403
54,2,3,-0.0865018918648423,0.000278042919371287,-0.0871261568926403,0.000285443098117511,-0.0871261568926403
54,2,4,-0.0877022921724986,0.000290618469932025,-0.0871261568926403,0.000285949853552199,-0.0871261568926403
54,2,5,-0.0889655959605705,0.00031010101313496,-0.0871261568926403,0.000299343095236011,-0.0871261568926403
54,2,6,-0.0902773083454988,0.000337588613325735,-0.0871261568926403,0.000327314136321057,-0.0871261568926403
54,3,1,-0.0843314826152763,0.00027050757339862,-0.0871261568926404,0.00032418437707444,-0.0871261568926404
54,3,2,-0.0853757170733386,0.000271540700562043,-0.0871261568926403,0.00029771021079564,-0.0871261568926403
54,3,3,-0.0865018918648423,0.000278042919371287,-0.0871261568926403,0.000285443098117511,-0.0871261568926403
54,3,4,-0.0877022921724986,0.000290618469932025,-0.0871261568926403,0.000285949853552199,-0.0871261568926403
54,3,5,-0.0889655959605705,0.00031010101313496,-0.0871261568926403,0.000299343095236011,-0.0871261568926403
54,3,6,-0.0902773083454988,0.000337588613325735,-0.0871261568926403,0.000327314136321057,-0.0871261568926403
55,1,1,-0.085,0.000239448620644145,-0.085,0.000297361617682328,-0.085
55,1,2,-0.075,0.000257123231757204,-0.075,0.000285227638122168,-0.075
55,1,3,-0.065,0.000275984301783431,-0.065,0.00028377189694739,-0.065
55,1,4,-0.055,0.000297649300561309,-0.055,0.0002931553552235,-0.055
55,1,5,-0.045,0.000323714786438135,-0.045,0.000314612573360527,-0.045
55,1,6,-0.035,0.000355841685341982,-0.035,0.000350709578287422,-0.035
55,2,1,-0.085,0.000239448620644145,-0.085,0.000297361617682328,-0.085
55,2,2,-0.075,0.000257123231757204,-0.075,0.000285227638122168,-0.075
55,2,3,-0.065,0.000275984301783431,-0.065,0.00028377189694739,-0.065
55,2,4,-0.055,0.000297649300561309,-0.055,0.0002931553552235,-0.055
55,2,5,-0.045,0.000323714786438135,-0.045,0.000314612573360527,-0.045
55,2,6,-0.035,0.000355841685341982,-0.035,0.000350709578287422,-0.035
55,3,1,-0.085,0.000239448620644145,-0.085,0.000297361617682328,-0.085
55,3,2,-0.075,0.000257123231757204,-0.075,0.000285227638122168,-0.075
55,3,3,-0.065,0.000275984301783431,-0.065,0.00028377189694739,-0.065
55,3,4,-0.055,0.000297649300561309,-0.055,0.0002931553552235,-0.055
55,3,5,-0.045,0.000323714786438135,-0.045,0.000314612573360527,-0.045
55,3,6,-0.035,0.000355841685341982,-0.035,0.000350709578287422,-0.035
56,1,1,-0.085,0.000317063122451928,-0.085,0.000625268189154057,-0.085
56,1,2,-0.075,0.000257123231757204,-0.075,0.000285227638122168,-0.075
56,1,3,-0.065,0.000275984301783431,-0.065,0.00028377189694739,-0.065
56,1,4,-0.055,0.000297649300561309,-0.055,0.0002931553552235,-0.055
56,1,5,-0.045,0.000323714786438135,-0.045,0.000314612573360527,-0.045
56,1,6,-0.035,0.000542928987382104,-0.035,0.000580962267552641,-0.035
56,2,1,-0.085,0.000239448620644145,-0.085,0.000297361617682328,-0.085
56,2,2,-0.075,0.000349421185331965,-0.075,0.000569466080635119,-0.075
56,2,3,-0.065,0.000275984301783431,-0.065,0.00028377189694739,-0.065
56,2,4,-0.055,0.000297649300561309,-0.055,0.0002931553552235,-0.055
56,2,5,-0.045,0.000478798072153629,-0.045,0.000543798661680037,-0.045
56,2,6,-0.035,0.000355841685341982,-0.035,0.000350709578287422,-0.035
56,3,1,-0.085,0.000239448620644145,-0.085,0.000297361617682328,-0.085
56,3,2,-0.075,0.000257123231757204,-0.075,0.000285227638122168,-0.075
56,3,3,-0.065,0.000385292744651321,-0.065,0.000538742006692984,-0.065
56,3,4,-0.055,0.000427414720719945,-0.055,0.000530344901129862,-0.055
56,3,5,-0.045,0.000323714786438135,-0.045,0.000314612573360527,-0.045
56,3,6,-0.035,0.000355841685341982,-0.035,0.000350709578287422,-0.035
57,1,1,-0.085,0.000239448620644145,-0.085,0.000297361617682328,-0.085
57,1,2,-0.075,0.000257123231757204,-0.075,0.000285227638122168,-0.075
57,1,3,-0.065,0.000275984301783431,-0.065,0.00028377189694739,-0.065
57,1,4,-0.055,0.000297649300561309,-0.055,0.0002931553552235,-0.055
57,1,5,-0.045,0.000323714786438135,-0.045,0.000314612573360527,-0.045
57,1,6,-0.035,0.000355841685341982,-0.035,0.000350709578287422,-0.035
57,2,1,-0.085,0.000239448620644145,-0.085,0.000297361617682328,-0.085
57,2,2,-0.075,0.000257123231757205,-0.075,0.000285227638122168,-0.075
57,2,3,-0.065,0.000275984301783431,-0.065,0.00028377189694739,-0.065
57,2,4,-0.055,0.000297649300561309,-0.055,0.0002931553552235,-0.055
57,2,5,-0.045,0.000323714786438136,-0.045,0.000314612573360527,-0.045
57,2,6,-0.035,0.000355841685341982,-0.035,0.000350709578287422,-0.035
57,3,1,-0.085,0.000239448620644145,-0.085,0.000297361617682328,-0.085
57,3,2,-0.075,0.000257123231757204,-0.075,0.000285227638122168,-0.075
57,3,3,-0.065,0.000275984301783431,-0.065,0.00028377189694739,-0.065
57,3,4,-0.055,0.000297649300561309,-0.055,0.0002931553552235,-0.055
57,3,5,-0.045,0.000323714786438135,-0.045,0.000314612573360527,-0.045
57,3,6,-0.035,0.000355841685341982,-0.035,0.000350709578287422,-0.035
58,1,1,-0.085,0.000200528695865117,-0.085,0.000250494794545379,-0.085
58,1,2,-0.075,0.000257123231757204,-0.075,0.000285227638122168,-0.075
58,1,3,-0.065,0.000275984301783431,-0.065,0.00028377189694739,-0.065
58,1,4,-0.055,0.000297649300561309,-0.055,0.0002931553552235,-0.055
58,1,5,-0.045,0.000323714786438135,-0.045,0.000314612573360527,-0.045
58,1,6,-0.035,0.000311729790332923,-0.035,0.000303748891341315,-0.035
58,2,1,-0.085,0.000239448620644145,-0.085,0.000297361617682328,-0.085
58,2,2,-0.075,0.000216603791406455,-0.075,0.000241400444407373,-0.075
58,2,3,-0.065,0.000275984301783431,-0.065,0.00028377189694739,-0.065
58,2,4,-0.055,0.000297649300561309,-0.055,0.0002931553552235,-0.055
58,2,5,-0.045,0.0002803627515933,-0.045,0.000270739715673809,-0.045
58,2,6,-0.035,0.000355841685341982,-0.035,0.000350709578287422,-0.035
58,3,1,-0.085,0.000239448620644145,-0.085,0.000297361617682328,-0.085
58,3,2,-0.075,0.000257123231757204,-0.075,0.000285227638122168,-0.075
58,3,3,-0.065,0.000234313677669537,-0.065,0.000241399459042213,-0.065
58,3,4,-0.055,0.000255080413689302,-0.055,0.000250768936906979,-0.055
58,3,5,-0.045,0.000323714786438135,-0.045,0.000314612573360527,-0.045
58,3,6,-0.035,0.000355841685341982,-0.035,0.000350709578287422,-0.035
59,1,1,-0.085,0.000329344135857208,-0.085,0.000388128291231038,-0.085
59,1,2,-0.075,0.000257123231757204,-0.075,0.000285227638122168,-0.075
59,1,3,-0.065,0.000275984301783431,-0.065,0.00028377189694739,-0.065
59,1,4,-0.055,0.000297649300561309,-0.055,0.0002931553552235,-0.055
59,1,5,-0.045,0.000323714786438135,-0.045,0.000314612573360527,-0.045
59,1,6,-0.035,0.000417252633452894,-0.035,0.000421850656118159,-0.035
59,2,1,-0.085,0.000239448620644145,-0.085,0.000297361617682328,-0.085
59,2,2,-0.075,0.000337580762442855,-0.075,0.000364554403987599,-0.075
59,2,3,-0.065,0.000275984301783431,-0.065,0.00028377189694739,-0.065
59,2,4,-0.055,0.000297649300561309,-0.055,0.0002931553552235,-0.055
59,2,5,-0.045,0.000387566142889236,-0.045,0.000383113009593247,-0.045
59,2,6,-0.035,0.000355841685341982,-0.035,0.000350709578287422,-0.035
59,3,1,-0.085,0.000239448620644145,-0.085,0.000297361617682328,-0.085
59,3,2,-0.075,0.000257123231757204,-0.075,0.000285227638122168,-0.075
59,3,3,-0.065,0.000349149292400227,-0.065,0.000356109250736435,-0.065
59,3,4,-0.055,0.000365358605255424,-0.055,0.000362033213119285,-0.055
59,3,5,-0.045,0.000323714786438135,-0.045,0.000314612573360527,-0.045
59,3,6,-0.035,0.000355841685341982,-0.035,0.000350709578287422,-0.035
60,1,1,-0.085,0.000239448620644145,-0.085,0.000297361617682328,-0.085
60,1,2,-0.075,0.000257123231757204,-0.075,0.000285227638122168,-0.075
60,1,3,-0.065,0.000275984301783431,-0.065,0.00028377189694739,-0.065
60,1,4,-0.055,0.000297649300561309,-0.055,0.0002931553552235,-0.055
60,1,5,-0.045,0.000323714786438135,-0.045,0.000314612573360527,-0.045
60,1,6,-0.035,0.000355841685341982,-0.035,0.000350709578287422,-0.035
60,2,1,-0.085,0.000239448620644145,-0.085,0.000297361617682328,-0.085
60,2,2,-0.075,0.000257123231757204,-0.075,0.000285227638122168,-0.075
60,2,3,-0.065,0.000275984301783431,-0.065,0.00028377189694739,-0.065
60,2,4,-0.055,0.000297649300561309,-0.055,0.0002931553552235,-0.055
60,2,5,-0.045,0.000323714786438135,-0.045,0.000314612573360527,-0.045
60,2,6,-0.035,0.000355841685341982,-0.035,0.000350709578287422,-0.035
60,3,1,-0.085,0.000239448620644145,-0.085,0.000297361617682328,-0.085
60,3,2,-0.075,0.000257123231757204,-0.075,0.000285227638122168,-0.075
60,3,3,-0.065,0.000275984301783431,-0.065,0.00028377189694739,-0.065
60,3,4,-0.055,0.000297649300561309,-0.055,0.0002931553552235,-0.055
60,3,5,-0.045,0.000323714786438135,-0.045,0.000314612573360527,-0.045
60,3,6,-0.035,0.000355841685341982,-0.035,0.000350709578287422,-0.035
61,1,1,-0.0971657413076382,0.000235159754635423,-0.0985630784463202,0.000292091721169838,-0.0985630784463202
61,1,2,-0.0876878585366693,0.00025391004808452,-0.0885630784463202,0.000281654115438279,-0.0885630784463202
61,1,3,-0.0782509459324211,0.000273755519050591,-0.0785630784463201,0.00028146366649483,-0.0785630784463201
61,1,4,-0.0688511460862493,0.000296357753813055,-0.0685630784463202,0.000291870654707718,-0.0685630784463202
61,1,5,-0.0594827979802852,0.000323354612300039,-0.0585630784463202,0.000314249713803433,-0.0585630784463202
61,1,6,-0.0501386541727494,0.000356446579930976,-0.0485630784463202,0.000351286833161975,-0.0485630784463202
61,2,1,-0.0971657413076382,0.000235159754635423,-0.0985630784463202,0.000292091721169838,-0.0985630784463202
61,2,2,-0.0876878585366693,0.00025391004808452,-0.0885630784463202,0.000281654115438279,-0.0885630784463202
61,2,3,-0.0782509459324211,0.000273755519050591,-0.0785630784463201,0.00028146366649483,-0.0785630784463201
61,2,4,-0.0688511460862493,0.000296357753813055,-0.0685630784463202,0.000291870654707718,-0.0685630784463202
61,2,5,-0.0594827979802852,0.000323354612300039,-0.0585630784463202,0.000314249713803433,-0.0585630784463202
61,2,6,-0.0501386541727494,0.000356446579930976,-0.0485630784463202,0.000351286833161975,-0.0485630784463202
61,3,1,-0.0971657413076382,0.000235159754635423,-0.0985630784463202,0.000292091721169838,-0.0985630784463202
61,3,2,-0.0876878585366693,0.00025391004808452,-0.0885630784463202,0.000281654115438279,-0.0885630784463202
61,3,3,-0.0782509459324211,0.000273755519050591,-0.0785630784463201,0.00028146366649483,-0.0785630784463201
61,3,4,-0.0688511460862493,0.000296357753813055,-0.0685630784463202,0.000291870654707718,-0.0685630784463202
61,3,5,-0.0594827979802852,0.000323354612300039,-0.0585630784463202,0.000314249713803433,-0.0585630784463202
61,3,6,-0.0501386541727494,0.000356446579930976,-0.0485630784463202,0.000351286833161975,-0.0485630784463202
62,1,1,-0.0937325774529699,0.000312016440023376,-0.0960543287219395,0.000611949537744835,-0.0985630784463202
62,1,2,-0.0876878585366693,0.00025391004808452,-0.0885630784463202,0.000281654115438279,-0.0885630784463202
62,1,3,-0.0782509459324211,0.000273755519050591,-0.0785630784463201,0.00028146366649483,-0.0785630784463201
62,1,4,-0.0688511460862493,0.000296357753813055,-0.0685630784463202,0.000291870654707718,-0.0685630784463202
62,1,5,-0.0594827979802852,0.000323354612300039,-0.0585630784463202,0.000314249713803433,-0.0585630784463202
62,1,6,-0.0453696867501453,0.00054278948391368,-0.0460543287219395,0.000579816719791894,-0.0485630784463202
62,2,1,-0.0971657413076382,0.000235159754635423,-0.0985630784463202,0.000292091721169838,-0.0985630784463202
62,2,2,-0.0840071124164039,0.000345409861350762,-0.0860543287219395,0.000560234500175898,-0.0885630784463202
62,2,3,-0.0782509459324211,0.000273755519050591,-0.0785630784463201,0.00028146366649483,-0.0785630784463201
62,2,4,-0.0688511460862493,0.000296357753813055,-0.0685630784463202,0.000291870654707718,-0.0685630784463202
62,2,5,-0.0549891901178533,0.000477627171401095,-0.0560543287219395,0.000541182955339089,-0.0585630784463202
62,2,6,-0.0501386541727494,0.000356446579930976,-0.0485630784463202,0.000351286833161975,-0.0485630784463202
62,3,1,-0.0971657413076382,0.000235159754635423,-0.0985630784463202,0.000292091721169838,-0.0985630784463202
62,3,2,-0.0876878585366693,0.00025391004808452,-0.0885630784463202,0.000281654115438279,-0.0885630784463202
62,3,3,-0.0743077257634854,0.000382238744057567,-0.0760543287219395,0.000532361878288886,-0.0785630784463201
62,3,4,-0.0646350440898786,0.000425290426302328,-0.0660543287219395,0.000526062674031012,-0.0685630784463202
62,3,5,-0.0594827979802852,0.000323354612300039,-0.0585630784463202,0.000314249713803433,-0.0585630784463202
62,3,6,-0.0501386541727494,0.000356446579930976,-0.0485630784463202,0.000351286833161975,-0.0485630784463202
63,1,1,-0.0995077438978115,0.000235599219771975,-0.101949071523057,0.000293471786735194,-0.0985630784463202
63,1,2,-0.0876878585366693,0.00025391004808452,-0.0885630784463202,0.000281654115438279,-0.0885630784463202
63,1,3,-0.0782509459324211,0.000273755519050591,-0.0785630784463201,0.00028146366649483,-0.0785630784463201
63,1,4,-0.0688511460862493,0.000296357753813055,-0.0685630784463202,0.000291870654707718,-0.0685630784463202
63,1,5,-0.0594827979802852,0.000323354612300039,-0.0585630784463202,0.000314249713803433,-0.0585630784463202
63,1,6,-0.0547762023906448,0.000358699726521141,-0.0519490715230572,0.000352427239414282,-0.0485630784463202
63,2,1,-0.0971657413076382,0.000235159754635423,-0.0985630784463202,0.000292091721169838,-0.0985630784463202
63,2,2,-0.0903923576155594,0.000254587351367709,-0.0919490715230572,0.000282906257401444,-0.0885630784463202
63,2,3,-0.0782509459324211,0.000273755519050591,-0.0785630784463201,0.00028146366649483,-0.0785630784463201
63,2,4,-0.0688511460862493,0.000296357753813055,-0.0685630784463202,0.000291870654707718,-0.0685630784463202
63,2,5,-0.0635712220350063,0.000325084002361008,-0.0619490715230572,0.000315360292562971,-0.0585630784463202
63,2,6,-0.0501386541727494,0.000356446579930976,-0.0485630784463202,0.000351286833161975,-0.0485630784463202
63,3,1,-0.0971657413076382,0.000235159754635423,-0.0985630784463202,0.000292091721169838,-0.0985630784463202
63,3,2,-0.0876878585366693,0.00025391004808452,-0.0885630784463202,0.000281654115438279,-0.0885630784463202
63,3,3,-0.0813682770367636,0.00027471633885794,-0.0819490715230572,0.000282630067443768,-0.0785630784463201
63,3,4,-0.0724308803730836,0.00029766326917876,-0.0719490715230572,0.000292990313456679,-0.0685630784463202
63,3,5,-0.0594827979802852,0.000323354612300039,-0.0585630784463202,0.000314249713803433,-0.0585630784463202
63,3,6,-0.0501386541727494,0.000356446579930976,-0.0485630784463202,0.000351286833161975,-0.0485630784463202
64,1,1,-0.0821657413076381,0.000215358149023644,-0.0835630784463201,0.000263723265913847,-0.0985630784463202
64,1,2,-0.0876878585366693,0.00025391004808452,-0.0885630784463202,0.000281654115438279,-0.0885630784463202
64,1,3,-0.0782509459324211,0.000273755519050591,-0.0785630784463201,0.00028146366649483,-0.0785630784463201
64,1,4,-0.0688511460862493,0.000296357753813055,-0.0685630784463202,0.000291870654707718,-0.0685630784463202
64,1,5,-0.0594827979802852,0.000323354612300039,-0.0585630784463202,0.000314249713803433,-0.0585630784463202
64,1,6,-0.0351386541727494,0.000321584918578416,-0.0335630784463202,0.000315817660231396,-0.0485630784463202
64,2,1,-0.0971657413076382,0.000235159754635423,-0.0985630784463202,0.000292091721169838,-0.0985630784463202
64,2,2,-0.0726878585366693,0.000229706732282027,-0.0735630784463202,0.00025346813292132,-0.0885630784463202
64,2,3,-0.0782509459324211,0.000273755519050591,-0.0785630784463201,0.00028146366649483,-0.0785630784463201
64,2,4,-0.0688511460862493,0.000296357753813055,-0.0685630784463202,0.000291870654707718,-0.0685630784463202
64,2,5,-0.0444827979802852,0.000290557662750236,-0.0435630784463202,0.00028214641759192,-0.0585630784463202
64,2,6,-0.0501386541727494,0.000356446579930976,-0.0485630784463202,0.000351286833161975,-0.0485630784463202
64,3,1,-0.0971657413076382,0.000235159754635423,-0.0985630784463202,0.000292091721169838,-0.0985630784463202
64,3,2,-0.0876878585366693,0.00025391004808452,-0.0885630784463202,0.000281654115438279,-0.0885630784463202
64,3,3,-0.0632509459324211,0.000246100715338919,-0.0635630784463202,0.000252810618485169,-0.0785630784463201
64,3,4,-0.0538511460862493,0.000265910694641302,-0.0535630784463202,0.000261965433116146,-0.0685630784463202
64,3,5,-0.0594827979802852,0.000323354612300039,-0.0585630784463202,0.000314249713803433,-0.0585630784463202
64,3,6,-0.0501386541727494,0.000356446579930976,-0.0485630784463202,0.000351286833161975,-0.0485630784463202
65,1,1,-0.0671657413076381,0.000365426051712411,-0.0685630784463201,0.000420383137134143,-0.0985630784463202
65,1,2,-0.0876878585366693,0.00025391004808452,-0.0885630784463202,0.000281654115438279,-0.0885630784463202
65,1,3,-0.0782509459324211,0.000273755519050591,-0.0785630784463201,0.00028146366649483,-0.0785630784463201
65,1,4,-0.0688511460862493,0.000296357753813055,-0.0685630784463202,0.000291870654707718,-0.0685630784463202
65,1,5,-0.0594827979802852,0.000323354612300039,-0.0585630784463202,0.000314249713803433,-0.0585630784463202
65,1,6,-0.0201386541727494,0.000435345156803243,-0.0185630784463202,0.000445545225761935,-0.0485630784463202
65,2,1,-0.0971657413076382,0.000235159754635423,-0.0985630784463202,0.000292091721169838,-0.0985630784463202
65,2,2,-0.0576878585366693,0.000368360706680054,-0.0585630784463202,0.000392742162208815,-0.0885630784463202
65,2,3,-0.0782509459324211,0.000273755519050591,-0.0785630784463201,0.00028146366649483,-0.0785630784463201
65,2,4,-0.0688511460862493,0.000296357753813055,-0.0685630784463202,0.000291870654707718,-0.0685630784463202
65,2,5,-0.0294827979802852,0.000407844099485253,-0.0285630784463202,0.000406541239671844,-0.0585630784463202
65,2,6,-0.0501386541727494,0.000356446579930976,-0.0485630784463202,0.000351286833161975,-0.0485630784463202
65,3,1,-0.0971657413076382,0.000235159754635423,-0.0985630784463202,0.000292091721169838,-0.0985630784463202
65,3,2,-0.0876878585366693,0.00025391004808452,-0.0885630784463202,0.000281654115438279,-0.0885630784463202
65,3,3,-0.0482509459324211,0.000375640819009949,-0.0485630784463202,0.000381656723720249,-0.0785630784463201
65,3,4,-0.0388511460862493,0.000388397514001157,-0.0385630784463202,0.000386053756594013,-0.0685630784463202
65,3,5,-0.0594827979802852,0.000323354612300039,-0.0585630784463202,0.000314249713803433,-0.0585630784463202
65,3,6,-0.0501386541727494,0.000356446579930976,-0.0485630784463202,0.000351286833161975,-0.0485630784463202
66,1,1,-0.0971657413076382,0.000235159754635423,-0.0985630784463202,0.000292091721169838,-0.0985630784463202
66,1,2,-0.0876878585366693,0.00025391004808452,-0.0885630784463202,0.000281654115438279,-0.0885630784463202
66,1,3,-0.0782509459324211,0.000273755519050591,-0.0785630784463201,0.00028146366649483,-0.0785630784463201
66,1,4,-0.0688511460862493,0.000296357753813055,-0.0685630784463202,0.000291870654707718,-0.0685630784463202
66,1,5,-0.0594827979802852,0.000323354612300039,-0.0585630784463202,0.000314249713803433,-0.0585630784463202
66,1,6,-0.0501386541727494,0.000356446579930976,-0.0485630784463202,0.000351286833161975,-0.0485630784463202
66,2,1,-0.0971657413076382,0.000235159754635423,-0.0985630784463202,0.000292091721169838,-0.0985630784463202
66,2,2,-0.0876878585366693,0.00025391004808452,-0.0885630784463202,0.000281654115438279,-0.0885630784463202
66,2,3,-0.0782509459324211,0.000273755519050591,-0.0785630784463201,0.00028146366649483,-0.0785630784463201
66,2,4,-0.0688511460862493,0.000296357753813055,-0.0685630784463202,0.000291870654707718,-0.0685630784463202
66,2,5,-0.0594827979802852,0.000323354612300039,-0.0585630784463202,0.000314249713803433,-0.0585630784463202
66,2,6,-0.0501386541727494,0.000356446579930976,-0.0485630784463202,0.000351286833161975,-0.0485630784463202
66,3,1,-0.0971657413076382,0.000235159754635423,-0.0985630784463202,0.000292091721169838,-0.0985630784463202
66,3,2,-0.0876878585366693,0.00025391004808452,-0.0885630784463202,0.000281654115438279,-0.0885630784463202
66,3,3,-0.0782509459324211,0.000273755519050591,-0.0785630784463201,0.00028146366649483,-0.0785630784463201
66,3,4,-0.0688511460862493,0.000296357753813055,-0.0685630784463202,0.000291870654707718,-0.0685630784463202
66,3,5,-0.0594827979802852,0.000323354612300039,-0.0585630784463202,0.000314249713803433,-0.0585630784463202
66,3,6,-0.0501386541727494,0.000356446579930976,-0.0485630784463202,0.000351286833161975,-0.0485630784463202
67,1,1,-0.109331482615276,0.000231813452354373,-0.11212615689264,0.000287594998117104,-0.11212615689264
67,1,2,-0.100375717073339,0.000251517877657918,-0.10212615689264,0.000278767288020645,-0.10212615689264
67,1,3,-0.0915018918648423,0.000272244720347017,-0.0921261568926403,0.000279790765667041,-0.0921261568926403
67,1,4,-0.0827022921724986,0.000295694975690265,-0.0821261568926403,0.000291198523576753,-0.0821261568926403
67,1,5,-0.0739655959605705,0.00032354342901598,-0.0721261568926403,0.000314502335878538,-0.0721261568926403
67,1,6,-0.0652773083454988,0.00035752591785105,-0.0621261568926404,0.000352508213939426,-0.0621261568926404
67,2,1,-0.109331482615276,0.000231813452354373,-0.11212615689264,0.000287594998117104,-0.11212615689264
67,2,2,-0.100375717073339,0.000251517877657918,-0.10212615689264,0.000278767288020645,-0.10212615689264
67,2,3,-0.0915018918648423,0.000272244720347017,-0.0921261568926403,0.000279790765667041,-0.0921261568926403
67,2,4,-0.0827022921724986,0.000295694975690265,-0.0821261568926403,0.000291198523576753,-0.0821261568926403
67,2,5,-0.0739655959605705,0.00032354342901598,-0.0721261568926403,0.000314502335878538,-0.0721261568926403
67,2,6,-0.0652773083454988,0.00035752591785105,-0.0621261568926404,0.000352508213939426,-0.0621261568926404
67,3,1,-0.109331482615276,0.000231813452354373,-0.11212615689264,0.000287594998117104,-0.11212615689264
67,3,2,-0.100375717073339,0.000251517877657918,-0.10212615689264,0.000278767288020645,-0.10212615689264
67,3,3,-0.0915018918648423,0.000272244720347017,-0.0921261568926403,0.000279790765667041,-0.0921261568926403
67,3,4,-0.0827022921724986,0.000295694975690265,-0.0821261568926403,0.000291198523576753,-0.0821261568926403
67,3,5,-0.0739655959605705,0.00032354342901598,-0.0721261568926403,0.000314502335878538,-0.0721261568926403
67,3,6,-0.0652773083454988,0.00035752591785105,-0.0621261568926404,0.000352508213939426,-0.0621261568926404
68,1,1,-0.10246515490594,0.000308082751502568,-0.107108657443879,0.000599236760537469,-0.11212615689264
68,1,2,-0.100375717073339,0.000251517877657918,-0.10212615689264,0.000278767288020645,-0.10212615689264
68,1,3,-0.0915018918648423,0.000272244720347017,-0.0921261568926403,0.000279790765667041,-0.0921261568926403
68,1,4,-0.0827022921724986,0.000295694975690265,-0.0821261568926403,0.000291198523576753,-0.0821261568926403
68,1,5,-0.0739655959605705,0.00032354342901598,-0.0721261568926403,0.000314502335878538,-0.0721261568926403
68,1,6,-0.0557393735002905,0.000543405374781627,-0.057108657443879,0.000579265172211129,-0.0621261568926404
68,2,1,-0.109331482615276,0.000231813452354373,-0.11212615689264,0.000287594998117104,-0.11212615689264
68,2,2,-0.0930142248328078,0.000342403920451088,-0.097108657443879,0.000551562866784984,-0.10212615689264
68,2,3,-0.0915018918648423,0.000272244720347017,-0.0921261568926403,0.000279790765667041,-0.0921261568926403
68,2,4,-0.0827022921724986,0.000295694975690265,-0.0821261568926403,0.000291198523576753,-0.0821261568926403
68,2,5,-0.0649783802357065,0.000477254040964005,-0.067108657443879,0.00053912055417543,-0.0721261568926403
68,2,6,-0.0652773083454988,0.00035752591785105,-0.0621261568926404,0.000352508213939426,-0.0621261568926404
68,3,1,-0.109331482615276,0.000231813452354373,-0.11212615689264,0.000287594998117104,-0.11212615689264
68,3,2,-0.100375717073339,0.000251517877657918,-0.10212615689264,0.000278767288020645,-0.10212615689264
68,3,3,-0.0836154515269708,0.000380104206759624,-0.087108657443879,0.000526518904085184,-0.0921261568926403
68,3,4,-0.0742700881797573,0.000424017530043164,-0.077108657443879,0.000522315460456065,-0.0821261568926403
68,3,5,-0.0739655959605705,0.00032354342901598,-0.0721261568926403,0.000314502335878538,-0.0721261568926403
68,3,6,-0.0652773083454988,0.00035752591785105,-0.0621261568926404,0.000352508213939426,-0.0621261568926404
69,1,1,-0.114015487795623,0.000232847978517159,-0.118898143046114,0.000290499549668098,-0.11212615689264
69,1,2,-0.100375717073339,0.000251517877657918,-0.10212615689264,0.000278767288020645,-0.10212615689264
69,1,3,-0.0915018918648423,0.000272244720347017,-0.0921261568926403,0.000279790765667041,-0.0921261568926403
69,1,4,-0.0827022921724986,0.000295694975690265,-0.0821261568926403,0.000291198523576753,-0.0821261568926403
69,1,5,-0.0739655959605705,0.00032354342901598,-0.0721261568926403,0.000314502335878538,-0.0721261568926403
69,1,6,-0.0745524047812897,0.000361927783059959,-0.0688981430461144,0.000354748952743082,-0.0621261568926404
69,2,1,-0.109331482615276,0.000231813452354373,-0.11212615689264,0.000287594998117104,-0.11212615689264
69,2,2,-0.105784715231119,0.000253005909032414,-0.108898143046114,0.000281349106052754,-0.10212615689264
69,2,3,-0.0915018918648423,0.000272244720347017,-0.0921261568926403,0.000279790765667041,-0.0921261568926403
69,2,4,-0.0827022921724986,0.000295694975690265,-0.0821261568926403,0.000291198523576753,-0.0821261568926403
69,2,5,-0.0821424440700125,0.000326992589724358,-0.0788981430461144,0.000316702179311314,-0.0721261568926403
69,2,6,-0.0652773083454988,0.00035752591785105,-0.0621261568926404,0.000352508213939426,-0.0621261568926404
69,3,1,-0.109331482615276,0.000231813452354373,-0.11212615689264,0.000287594998117104,-0.11212615689264
69,3,2,-0.100375717073339,0.000251517877657918,-0.10212615689264,0.000278767288020645,-0.10212615689264
69,3,3,-0.0977365540735272,0.000274268365351304,-0.0988981430461144,0.000282156485743998,-0.0921261568926403
69,3,4,-0.0898617607461671,0.000298362461428185,-0.0888981430461144,0.000293439652355589,-0.0821261568926403
69,3,5,-0.0739655959605705,0.00032354342901598,-0.0721261568926403,0.000314502335878538,-0.0721261568926403
69,3,6,-0.0652773083454988,0.00035752591785105,-0.0621261568926404,0.000352508213939426,-0.0621261568926404
70,1,1,-0.0793314826152763,0.000230635479667062,-0.0821261568926403,0.000277392431173926,-0.11212615689264
70,1,2,-0.100375717073339,0.000251517877657918,-0.10212615689264,0.000278767288020645,-0.10212615689264
70,1,3,-0.0915018918648423,0.000272244720347017,-0.0921261568926403,0.000279790765667041,-0.0921261568926403
70,1,4,-0.0827022921724986,0.000295694975690265,-0.0821261568926403,0.000291198523576753,-0.0821261568926403
70,1,5,-0.0739655959605705,0.00032354342901598,-0.0721261568926403,0.000314502335878538,-0.0721261568926403
70,1,6,-0.0352773083454988,0.000331720959516429,-0.0321261568926404,0.000328175786487794,-0.0621261568926404
70,2,1,-0.109331482615276,0.000231813452354373,-0.11212615689264,0.000287594998117104,-0.11212615689264
70,2,2,-0.0703757170733385,0.000243215588735724,-0.0721261568926403,0.000265902433738164,-0.10212615689264
70,2,3,-0.0915018918648423,0.000272244720347017,-0.0921261568926403,0.000279790765667041,-0.0921261568926403
70,2,4,-0.0827022921724986,0.000295694975690265,-0.0821261568926403,0.000291198523576753,-0.0821261568926403
70,2,5,-0.0439655959605705,0.000301063493245645,-0.0421261568926403,0.000293836861951169,-0.0721261568926403
70,2,6,-0.0652773083454988,0.00035752591785105,-0.0621261568926404,0.000352508213939426,-0.0621261568926404
70,3,1,-0.109331482615276,0.000231813452354373,-0.11212615689264,0.000287594998117104,-0.11212615689264
70,3,2,-0.100375717073339,0.000251517877657918,-0.10212615689264,0.000278767288020645,-0.10212615689264
70,3,3,-0.0615018918648423,0.000258258547570011,-0.0621261568926404,0.000264541651921088,-0.0921261568926403
70,3,4,-0.0527022921724986,0.000277080956191367,-0.0521261568926403,0.000273455422409122,-0.0821261568926403
70,3,5,-0.0739655959605705,0.00032354342901598,-0.0721261568926403,0.000314502335878538,-0.0721261568926403
70,3,6,-0.0652773083454988,0.00035752591785105,-0.0621261568926404,0.000352508213939426,-0.0621261568926404
71,1,1,-0.0493314826152762,0.000399768539603548,-0.0521261568926403,0.000451072828388379,-0.11212615689264
71,1,2,-0.100375717073339,0.000251517877657918,-0.10212615689264,0.000278767288020645,-0.10212615689264
71,1,3,-0.0915018918648423,0.000272244720347017,-0.0921261568926403,0.000279790765667041,-0.0921261568926403
71,1,4,-0.0827022921724986,0.000295694975690265,-0.0821261568926403,0.000291198523576753,-0.0821261568926403
71,1,5,-0.0739655959605705,0.00032354342901598,-0.0721261568926403,0.000314502335878538,-0.0721261568926403
71,1,6,-0.00527730834549878,0.000452381276566794,-0.00212615689264035,0.000467824202220599,-0.0621261568926404
71,2,1,-0.109331482615276,0.000231813452354373,-0.11212615689264,0.000287594998117104,-0.11212615689264
71,2,2,-0.0403757170733385,0.000397604506750881,-0.0421261568926403,0.000419488112263565,-0.10212615689264
71,2,3,-0.0915018918648423,0.000272244720347017,-0.0921261568926403,0.000279790765667041,-0.0921261568926403
71,2,4,-0.0827022921724986,0.000295694975690265,-0.0821261568926403,0.000291198523576753,-0.0821261568926403
71,2,5,-0.0139655959605705,0.000426989420418362,-0.0121261568926403,0.000428612425371751,-0.0721261568926403
71,2,6,-0.0652773083454988,0.00035752591785105,-0.0621261568926404,0.000352508213939426,-0.0621261568926404
71,3,1,-0.109331482615276,0.000231813452354373,-0.11212615689264,0.000287594998117104,-0.11212615689264
71,3,2,-0.100375717073339,0.000251517877657918,-0.10212615689264,0.000278767288020645,-0.10212615689264
71,3,3,-0.0315018918648423,0.000400762463138065,-0.0321261568926403,0.00040583481328394,-0.0921261568926403
71,3,4,-0.0227022921724986,0.000410199995255404,-0.0221261568926403,0.000408732366806137,-0.0821261568926403
71,3,5,-0.0739655959605705,0.00032354342901598,-0.0721261568926403,0.000314502335878538,-0.0721261568926403
71,3,6,-0.0652773083454988,0.00035752591785105,-0.0621261568926404,0.000352508213939426,-0.0621261568926404
72,1,1,-0.109331482615276,0.000231813452354373,-0.11212615689264,0.000287594998117104,-0.11212615689264
72,1,2,-0.100375717073339,0.000251517877657918,-0.10212615689264,0.000278767288020645,-0.10212615689264
72,1,3,-0.0915018918648423,0.000272244720347017,-0.0921261568926403,0.000279790765667041,-0.0921261568926403
72,1,4,-0.0827022921724986,0.000295694975690265,-0.0821261568926403,0.000291198523576753,-0.0821261568926403
72,1,5,-0.0739655959605705,0.00032354342901598,-0.0721261568926403,0.000314502335878538,-0.0721261568926403
72,1,6,-0.0652773083454988,0.00035752591785105,-0.0621261568926404,0.000352508213939426,-0.0621261568926404
72,2,1,-0.109331482615276,0.000231813452354373,-0.11212615689264,0.000287594998117104,-0.11212615689264
72,2,2,-0.100375717073339,0.000251517877657918,-0.10212615689264,0.000278767288020645,-0.10212615689264
72,2,3,-0.0915018918648423,0.000272244720347017,-0.0921261568926403,0.000279790765667041,-0.0921261568926403
72,2,4,-0.0827022921724986,0.000295694975690265,-0.0821261568926403,0.000291198523576753,-0.0821261568926403
72,2,5,-0.0739655959605705,0.00032354342901598,-0.0721261568926403,0.000314502335878538,-0.0721261568926403
72,2,6,-0.0652773083454988,0.00035752591785105,-0.0621261568926404,0.000352508213939426,-0.0621261568926404
72,3,1,-0.109331482615276,0.000231813452354373,-0.11212615689264,0.000287594998117104,-0.11212615689264
72,3,2,-0.100375717073339,0.000251517877657918,-0.10212615689264,0.000278767288020645,-0.10212615689264
72,3,3,-0.0915018918648423,0.000272244720347017,-0.0921261568926403,0.000279790765667041,-0.0921261568926403
72,3,4,-0.0827022921724986,0.000295694975690265,-0.0821261568926403,0.000291198523576753,-0.0821261568926403
72,3,5,-0.0739655959605705,0.00032354342901598,-0.0721261568926403,0.000314502335878538,-0.0721261568926403
72,3,6,-0.0652773083454988,0.00035752591785105,-0.0621261568926404,0.000352508213939426,-0.0621261568926404
