"formal_scenario","pair_id","method","own_target","psi","mapped_equal","exact_change","functional_discrepancy"
1,1,"historical-fixed",-0.06,-0.06,-0.06,0,6.93889390390723e-18
1,1,"historical-dl",-0.06,-0.06,-0.06,0,6.93889390390723e-18
1,1,"historical-q-gate",-0.06,-0.06,-0.06,0,6.93889390390723e-18
1,1,"commonq-fixed",-0.06,-0.06,-0.06,0,0
1,1,"pm-hk",-0.06,-0.06,-0.06,0,0
1,1,"equalq",-0.06,-0.06,-0.06,0,0
1,1,"aggregate-gate",-0.06,-0.06,-0.06,0,0
1,1,"validation-50",-0.06,-0.06,-0.06,0,0
1,1,"validation-100",-0.06,-0.06,-0.06,0,0
1,1,"validation-200",-0.06,-0.06,-0.06,0,0
1,1,"site-exclusion-200",NA,-0.06,-0.06,0,NA
1,2,"historical-fixed",-0.06,-0.06,-0.06,0,6.93889390390723e-18
1,2,"historical-dl",-0.06,-0.06,-0.06,0,6.93889390390723e-18
1,2,"historical-q-gate",-0.06,-0.06,-0.06,0,6.93889390390723e-18
1,2,"commonq-fixed",-0.06,-0.06,-0.06,0,0
1,2,"pm-hk",-0.06,-0.06,-0.06,0,0
1,2,"equalq",-0.06,-0.06,-0.06,0,0
1,2,"aggregate-gate",-0.06,-0.06,-0.06,0,0
1,2,"validation-50",-0.06,-0.06,-0.06,0,0
1,2,"validation-100",-0.06,-0.06,-0.06,0,0
1,2,"validation-200",-0.06,-0.06,-0.06,0,0
1,2,"site-exclusion-200",NA,-0.06,-0.06,0,NA
1,3,"historical-fixed",-0.06,-0.06,-0.06,0,6.93889390390723e-18
1,3,"historical-dl",-0.06,-0.06,-0.06,0,6.93889390390723e-18
1,3,"historical-q-gate",-0.06,-0.06,-0.06,0,6.93889390390723e-18
1,3,"commonq-fixed",-0.06,-0.06,-0.06,0,0
1,3,"pm-hk",-0.06,-0.06,-0.06,0,0
1,3,"equalq",-0.06,-0.06,-0.06,0,0
1,3,"aggregate-gate",-0.06,-0.06,-0.06,0,0
1,3,"validation-50",-0.06,-0.06,-0.06,0,0
1,3,"validation-100",-0.06,-0.06,-0.06,0,0
1,3,"validation-200",-0.06,-0.06,-0.06,0,0
1,3,"site-exclusion-200",NA,-0.06,-0.06,0,NA
2,1,"historical-fixed",-0.06,-0.06,-0.06,6.93889390390723e-18,0
2,1,"historical-dl",-0.06,-0.06,-0.06,6.93889390390723e-18,0
2,1,"historical-q-gate",-0.06,-0.06,-0.06,6.93889390390723e-18,0
2,1,"commonq-fixed",-0.06,-0.06,-0.06,6.93889390390723e-18,1.38777878078145e-17
2,1,"pm-hk",-0.06,-0.06,-0.06,6.93889390390723e-18,1.38777878078145e-17
2,1,"equalq",-0.06,-0.06,-0.06,6.93889390390723e-18,6.93889390390723e-18
2,1,"aggregate-gate",-0.06,-0.06,-0.06,6.93889390390723e-18,6.93889390390723e-18
2,1,"validation-50",-0.06,-0.06,-0.06,6.93889390390723e-18,6.93889390390723e-18
2,1,"validation-100",-0.06,-0.06,-0.06,6.93889390390723e-18,6.93889390390723e-18
2,1,"validation-200",-0.06,-0.06,-0.06,6.93889390390723e-18,6.93889390390723e-18
2,1,"site-exclusion-200",NA,-0.06,-0.06,6.93889390390723e-18,NA
2,2,"historical-fixed",-0.06,-0.06,-0.06,6.93889390390723e-18,1.38777878078145e-17
2,2,"historical-dl",-0.06,-0.06,-0.06,6.93889390390723e-18,1.38777878078145e-17
2,2,"historical-q-gate",-0.06,-0.06,-0.06,6.93889390390723e-18,1.38777878078145e-17
2,2,"commonq-fixed",-0.06,-0.06,-0.06,6.93889390390723e-18,0
2,2,"pm-hk",-0.06,-0.06,-0.06,6.93889390390723e-18,0
2,2,"equalq",-0.06,-0.06,-0.06,6.93889390390723e-18,6.93889390390723e-18
2,2,"aggregate-gate",-0.06,-0.06,-0.06,6.93889390390723e-18,6.93889390390723e-18
2,2,"validation-50",-0.06,-0.06,-0.06,6.93889390390723e-18,6.93889390390723e-18
2,2,"validation-100",-0.06,-0.06,-0.06,6.93889390390723e-18,6.93889390390723e-18
2,2,"validation-200",-0.06,-0.06,-0.06,6.93889390390723e-18,6.93889390390723e-18
2,2,"site-exclusion-200",NA,-0.06,-0.06,6.93889390390723e-18,NA
2,3,"historical-fixed",-0.06,-0.06,-0.06,0,-6.93889390390723e-18
2,3,"historical-dl",-0.06,-0.06,-0.06,0,-6.93889390390723e-18
2,3,"historical-q-gate",-0.06,-0.06,-0.06,0,-6.93889390390723e-18
2,3,"commonq-fixed",-0.06,-0.06,-0.06,0,6.93889390390723e-18
2,3,"pm-hk",-0.06,-0.06,-0.06,0,6.93889390390723e-18
2,3,"equalq",-0.06,-0.06,-0.06,0,0
2,3,"aggregate-gate",-0.06,-0.06,-0.06,0,0
2,3,"validation-50",-0.06,-0.06,-0.06,0,0
2,3,"validation-100",-0.06,-0.06,-0.06,0,0
2,3,"validation-200",-0.06,-0.06,-0.06,0,0
2,3,"site-exclusion-200",NA,-0.06,-0.06,0,NA
3,1,"historical-fixed",-0.06,-0.06,-0.06,1.38777878078145e-17,2.08166817117217e-17
3,1,"historical-dl",-0.06,-0.06,-0.06,1.38777878078145e-17,2.08166817117217e-17
3,1,"historical-q-gate",-0.06,-0.06,-0.06,1.38777878078145e-17,2.08166817117217e-17
3,1,"commonq-fixed",-0.06,-0.06,-0.06,1.38777878078145e-17,0
3,1,"pm-hk",-0.06,-0.06,-0.06,1.38777878078145e-17,0
3,1,"equalq",-0.06,-0.06,-0.06,1.38777878078145e-17,1.38777878078145e-17
3,1,"aggregate-gate",-0.06,-0.06,-0.06,1.38777878078145e-17,1.38777878078145e-17
3,1,"validation-50",-0.06,-0.06,-0.06,1.38777878078145e-17,1.38777878078145e-17
3,1,"validation-100",-0.06,-0.06,-0.06,1.38777878078145e-17,1.38777878078145e-17
3,1,"validation-200",-0.06,-0.06,-0.06,1.38777878078145e-17,1.38777878078145e-17
3,1,"site-exclusion-200",NA,-0.06,-0.06,1.38777878078145e-17,NA
3,2,"historical-fixed",-0.06,-0.06,-0.06,0,2.08166817117217e-17
3,2,"historical-dl",-0.06,-0.06,-0.06,0,2.08166817117217e-17
3,2,"historical-q-gate",-0.06,-0.06,-0.06,0,2.08166817117217e-17
3,2,"commonq-fixed",-0.06,-0.06,-0.06,0,0
3,2,"pm-hk",-0.06,-0.06,-0.06,0,0
3,2,"equalq",-0.06,-0.06,-0.06,0,0
3,2,"aggregate-gate",-0.06,-0.06,-0.06,0,0
3,2,"validation-50",-0.06,-0.06,-0.06,0,0
3,2,"validation-100",-0.06,-0.06,-0.06,0,0
3,2,"validation-200",-0.06,-0.06,-0.06,0,0
3,2,"site-exclusion-200",NA,-0.06,-0.06,0,NA
3,3,"historical-fixed",-0.06,-0.06,-0.06,0,6.93889390390723e-18
3,3,"historical-dl",-0.06,-0.06,-0.06,0,6.93889390390723e-18
3,3,"historical-q-gate",-0.06,-0.06,-0.06,0,6.93889390390723e-18
3,3,"commonq-fixed",-0.06,-0.06,-0.06,0,0
3,3,"pm-hk",-0.06,-0.06,-0.06,0,0
3,3,"equalq",-0.06,-0.06,-0.06,0,0
3,3,"aggregate-gate",-0.06,-0.06,-0.06,0,0
3,3,"validation-50",-0.06,-0.06,-0.06,0,0
3,3,"validation-100",-0.06,-0.06,-0.06,0,0
3,3,"validation-200",-0.06,-0.06,-0.06,0,0
3,3,"site-exclusion-200",NA,-0.06,-0.06,0,NA
4,1,"historical-fixed",-0.06,-0.06,-0.06,6.93889390390723e-18,0
4,1,"historical-dl",-0.06,-0.06,-0.06,6.93889390390723e-18,0
4,1,"historical-q-gate",-0.06,-0.06,-0.06,6.93889390390723e-18,0
4,1,"commonq-fixed",-0.06,-0.06,-0.06,6.93889390390723e-18,1.38777878078145e-17
4,1,"pm-hk",-0.06,-0.06,-0.06,6.93889390390723e-18,1.38777878078145e-17
4,1,"equalq",-0.06,-0.06,-0.06,6.93889390390723e-18,6.93889390390723e-18
4,1,"aggregate-gate",-0.06,-0.06,-0.06,6.93889390390723e-18,6.93889390390723e-18
4,1,"validation-50",-0.06,-0.06,-0.06,6.93889390390723e-18,6.93889390390723e-18
4,1,"validation-100",-0.06,-0.06,-0.06,6.93889390390723e-18,6.93889390390723e-18
4,1,"validation-200",-0.06,-0.06,-0.06,6.93889390390723e-18,6.93889390390723e-18
4,1,"site-exclusion-200",NA,-0.06,-0.06,6.93889390390723e-18,NA
4,2,"historical-fixed",-0.06,-0.06,-0.06,-6.93889390390723e-18,0
4,2,"historical-dl",-0.06,-0.06,-0.06,-6.93889390390723e-18,0
4,2,"historical-q-gate",-0.06,-0.06,-0.06,-6.93889390390723e-18,0
4,2,"commonq-fixed",-0.06,-0.06,-0.06,-6.93889390390723e-18,0
4,2,"pm-hk",-0.06,-0.06,-0.06,-6.93889390390723e-18,0
4,2,"equalq",-0.06,-0.06,-0.06,-6.93889390390723e-18,-6.93889390390723e-18
4,2,"aggregate-gate",-0.06,-0.06,-0.06,-6.93889390390723e-18,-6.93889390390723e-18
4,2,"validation-50",-0.06,-0.06,-0.06,-6.93889390390723e-18,-6.93889390390723e-18
4,2,"validation-100",-0.06,-0.06,-0.06,-6.93889390390723e-18,-6.93889390390723e-18
4,2,"validation-200",-0.06,-0.06,-0.06,-6.93889390390723e-18,-6.93889390390723e-18
4,2,"site-exclusion-200",NA,-0.06,-0.06,-6.93889390390723e-18,NA
4,3,"historical-fixed",-0.06,-0.06,-0.06,0,6.93889390390723e-18
4,3,"historical-dl",-0.06,-0.06,-0.06,0,6.93889390390723e-18
4,3,"historical-q-gate",-0.06,-0.06,-0.06,0,6.93889390390723e-18
4,3,"commonq-fixed",-0.06,-0.06,-0.06,0,6.93889390390723e-18
4,3,"pm-hk",-0.06,-0.06,-0.06,0,6.93889390390723e-18
4,3,"equalq",-0.06,-0.06,-0.06,0,0
4,3,"aggregate-gate",-0.06,-0.06,-0.06,0,0
4,3,"validation-50",-0.06,-0.06,-0.06,0,0
4,3,"validation-100",-0.06,-0.06,-0.06,0,0
4,3,"validation-200",-0.06,-0.06,-0.06,0,0
4,3,"site-exclusion-200",NA,-0.06,-0.06,0,NA
5,1,"historical-fixed",-0.06,-0.06,-0.06,6.93889390390723e-18,0
5,1,"historical-dl",-0.06,-0.06,-0.06,6.93889390390723e-18,0
5,1,"historical-q-gate",-0.06,-0.06,-0.06,6.93889390390723e-18,0
5,1,"commonq-fixed",-0.06,-0.06,-0.06,6.93889390390723e-18,6.93889390390723e-18
5,1,"pm-hk",-0.06,-0.06,-0.06,6.93889390390723e-18,6.93889390390723e-18
5,1,"equalq",-0.06,-0.06,-0.06,6.93889390390723e-18,6.93889390390723e-18
5,1,"aggregate-gate",-0.06,-0.06,-0.06,6.93889390390723e-18,6.93889390390723e-18
5,1,"validation-50",-0.06,-0.06,-0.06,6.93889390390723e-18,6.93889390390723e-18
5,1,"validation-100",-0.06,-0.06,-0.06,6.93889390390723e-18,6.93889390390723e-18
5,1,"validation-200",-0.06,-0.06,-0.06,6.93889390390723e-18,6.93889390390723e-18
5,1,"site-exclusion-200",NA,-0.06,-0.06,6.93889390390723e-18,NA
5,2,"historical-fixed",-0.06,-0.06,-0.06,0,-6.93889390390723e-18
5,2,"historical-dl",-0.06,-0.06,-0.06,0,-6.93889390390723e-18
5,2,"historical-q-gate",-0.06,-0.06,-0.06,0,-6.93889390390723e-18
5,2,"commonq-fixed",-0.06,-0.06,-0.06,0,0
5,2,"pm-hk",-0.06,-0.06,-0.06,0,0
5,2,"equalq",-0.06,-0.06,-0.06,0,0
5,2,"aggregate-gate",-0.06,-0.06,-0.06,0,0
5,2,"validation-50",-0.06,-0.06,-0.06,0,0
5,2,"validation-100",-0.06,-0.06,-0.06,0,0
5,2,"validation-200",-0.06,-0.06,-0.06,0,0
5,2,"site-exclusion-200",NA,-0.06,-0.06,0,NA
5,3,"historical-fixed",-0.06,-0.06,-0.06,6.93889390390723e-18,0
5,3,"historical-dl",-0.06,-0.06,-0.06,6.93889390390723e-18,0
5,3,"historical-q-gate",-0.06,-0.06,-0.06,6.93889390390723e-18,0
5,3,"commonq-fixed",-0.06,-0.06,-0.06,6.93889390390723e-18,0
5,3,"pm-hk",-0.06,-0.06,-0.06,6.93889390390723e-18,0
5,3,"equalq",-0.06,-0.06,-0.06,6.93889390390723e-18,6.93889390390723e-18
5,3,"aggregate-gate",-0.06,-0.06,-0.06,6.93889390390723e-18,6.93889390390723e-18
5,3,"validation-50",-0.06,-0.06,-0.06,6.93889390390723e-18,6.93889390390723e-18
5,3,"validation-100",-0.06,-0.06,-0.06,6.93889390390723e-18,6.93889390390723e-18
5,3,"validation-200",-0.06,-0.06,-0.06,6.93889390390723e-18,6.93889390390723e-18
5,3,"site-exclusion-200",NA,-0.06,-0.06,6.93889390390723e-18,NA
6,1,"historical-fixed",-0.06,-0.06,-0.06,0,6.93889390390723e-18
6,1,"historical-dl",-0.06,-0.06,-0.06,0,6.93889390390723e-18
6,1,"historical-q-gate",-0.06,-0.06,-0.06,0,6.93889390390723e-18
6,1,"commonq-fixed",-0.06,-0.06,-0.06,0,0
6,1,"pm-hk",-0.06,-0.06,-0.06,0,0
6,1,"equalq",-0.06,-0.06,-0.06,0,0
6,1,"aggregate-gate",-0.06,-0.06,-0.06,0,0
6,1,"validation-50",-0.06,-0.06,-0.06,0,0
6,1,"validation-100",-0.06,-0.06,-0.06,0,0
6,1,"validation-200",-0.06,-0.06,-0.06,0,0
6,1,"site-exclusion-200",NA,-0.06,-0.06,0,NA
6,2,"historical-fixed",-0.06,-0.06,-0.06,0,6.93889390390723e-18
6,2,"historical-dl",-0.06,-0.06,-0.06,0,6.93889390390723e-18
6,2,"historical-q-gate",-0.06,-0.06,-0.06,0,6.93889390390723e-18
6,2,"commonq-fixed",-0.06,-0.06,-0.06,0,0
6,2,"pm-hk",-0.06,-0.06,-0.06,0,0
6,2,"equalq",-0.06,-0.06,-0.06,0,0
6,2,"aggregate-gate",-0.06,-0.06,-0.06,0,0
6,2,"validation-50",-0.06,-0.06,-0.06,0,0
6,2,"validation-100",-0.06,-0.06,-0.06,0,0
6,2,"validation-200",-0.06,-0.06,-0.06,0,0
6,2,"site-exclusion-200",NA,-0.06,-0.06,0,NA
6,3,"historical-fixed",-0.06,-0.06,-0.06,0,6.93889390390723e-18
6,3,"historical-dl",-0.06,-0.06,-0.06,0,6.93889390390723e-18
6,3,"historical-q-gate",-0.06,-0.06,-0.06,0,6.93889390390723e-18
6,3,"commonq-fixed",-0.06,-0.06,-0.06,0,0
6,3,"pm-hk",-0.06,-0.06,-0.06,0,0
6,3,"equalq",-0.06,-0.06,-0.06,0,0
6,3,"aggregate-gate",-0.06,-0.06,-0.06,0,0
6,3,"validation-50",-0.06,-0.06,-0.06,0,0
6,3,"validation-100",-0.06,-0.06,-0.06,0,0
6,3,"validation-200",-0.06,-0.06,-0.06,0,0
6,3,"site-exclusion-200",NA,-0.06,-0.06,0,NA
7,1,"historical-fixed",-0.0735244943156239,-0.0735630784463202,-0.0735630784463202,0,3.85841306962259e-05
7,1,"historical-dl",-0.0735244943156239,-0.0735630784463202,-0.0735630784463202,0,3.85841306962259e-05
7,1,"historical-q-gate",-0.0735244943156239,-0.0735630784463202,-0.0735630784463202,0,3.85841306962259e-05
7,1,"commonq-fixed",-0.0735630784463202,-0.0735630784463202,-0.0735630784463202,0,1.38777878078145e-17
7,1,"pm-hk",-0.0735630784463202,-0.0735630784463202,-0.0735630784463202,0,1.38777878078145e-17
7,1,"equalq",-0.0735630784463202,-0.0735630784463202,-0.0735630784463202,0,0
7,1,"aggregate-gate",-0.0735630784463202,-0.0735630784463202,-0.0735630784463202,0,0
7,1,"validation-50",-0.0735630784463202,-0.0735630784463202,-0.0735630784463202,0,0
7,1,"validation-100",-0.0735630784463202,-0.0735630784463202,-0.0735630784463202,0,0
7,1,"validation-200",-0.0735630784463202,-0.0735630784463202,-0.0735630784463202,0,0
7,1,"site-exclusion-200",NA,-0.0735630784463202,-0.0735630784463202,0,NA
7,2,"historical-fixed",-0.0735244943156239,-0.0735630784463202,-0.0735630784463202,0,3.85841306962259e-05
7,2,"historical-dl",-0.0735244943156239,-0.0735630784463202,-0.0735630784463202,0,3.85841306962259e-05
7,2,"historical-q-gate",-0.0735244943156239,-0.0735630784463202,-0.0735630784463202,0,3.85841306962259e-05
7,2,"commonq-fixed",-0.0735630784463202,-0.0735630784463202,-0.0735630784463202,0,1.38777878078145e-17
7,2,"pm-hk",-0.0735630784463202,-0.0735630784463202,-0.0735630784463202,0,1.38777878078145e-17
7,2,"equalq",-0.0735630784463202,-0.0735630784463202,-0.0735630784463202,0,0
7,2,"aggregate-gate",-0.0735630784463202,-0.0735630784463202,-0.0735630784463202,0,0
7,2,"validation-50",-0.0735630784463202,-0.0735630784463202,-0.0735630784463202,0,0
7,2,"validation-100",-0.0735630784463202,-0.0735630784463202,-0.0735630784463202,0,0
7,2,"validation-200",-0.0735630784463202,-0.0735630784463202,-0.0735630784463202,0,0
7,2,"site-exclusion-200",NA,-0.0735630784463202,-0.0735630784463202,0,NA
7,3,"historical-fixed",-0.0735244943156239,-0.0735630784463202,-0.0735630784463202,0,3.85841306962259e-05
7,3,"historical-dl",-0.0735244943156239,-0.0735630784463202,-0.0735630784463202,0,3.85841306962259e-05
7,3,"historical-q-gate",-0.0735244943156239,-0.0735630784463202,-0.0735630784463202,0,3.85841306962259e-05
7,3,"commonq-fixed",-0.0735630784463202,-0.0735630784463202,-0.0735630784463202,0,1.38777878078145e-17
7,3,"pm-hk",-0.0735630784463202,-0.0735630784463202,-0.0735630784463202,0,1.38777878078145e-17
7,3,"equalq",-0.0735630784463202,-0.0735630784463202,-0.0735630784463202,0,0
7,3,"aggregate-gate",-0.0735630784463202,-0.0735630784463202,-0.0735630784463202,0,0
7,3,"validation-50",-0.0735630784463202,-0.0735630784463202,-0.0735630784463202,0,0
7,3,"validation-100",-0.0735630784463202,-0.0735630784463202,-0.0735630784463202,0,0
7,3,"validation-200",-0.0735630784463202,-0.0735630784463202,-0.0735630784463202,0,0
7,3,"site-exclusion-200",NA,-0.0735630784463202,-0.0735630784463202,0,NA
8,1,"historical-fixed",-0.0724995355738087,-0.0735630784463202,-0.0727268285381933,0.000836249908126876,0.00106354287251142
8,1,"historical-dl",-0.0724995355738087,-0.0735630784463202,-0.0727268285381933,0.000836249908126876,0.00106354287251142
8,1,"historical-q-gate",-0.0724995355738087,-0.0735630784463202,-0.0727268285381933,0.000836249908126876,0.00106354287251142
8,1,"commonq-fixed",-0.0730717312964028,-0.0735630784463202,-0.0727268285381933,0.000836249908126876,0.000491347149917387
8,1,"pm-hk",-0.0730717312964028,-0.0735630784463202,-0.0727268285381933,0.000836249908126876,0.000491347149917387
8,1,"equalq",-0.0727268285381933,-0.0735630784463202,-0.0727268285381933,0.000836249908126876,0.000836249908126876
8,1,"aggregate-gate",-0.0727268285381933,-0.0735630784463202,-0.0727268285381933,0.000836249908126876,0.000836249908126876
8,1,"validation-50",-0.0727268285381933,-0.0735630784463202,-0.0727268285381933,0.000836249908126876,0.000836249908126876
8,1,"validation-100",-0.0727268285381933,-0.0735630784463202,-0.0727268285381933,0.000836249908126876,0.000836249908126876
8,1,"validation-200",-0.0727268285381933,-0.0735630784463202,-0.0727268285381933,0.000836249908126876,0.000836249908126876
8,1,"site-exclusion-200",NA,-0.0735630784463202,-0.0727268285381933,0.000836249908126876,NA
8,2,"historical-fixed",-0.0724524156228038,-0.0735630784463202,-0.0727268285381933,0.00083624990812689,0.00111066282351636
8,2,"historical-dl",-0.0724524156228038,-0.0735630784463202,-0.0727268285381933,0.00083624990812689,0.00111066282351636
8,2,"historical-q-gate",-0.0724524156228038,-0.0735630784463202,-0.0727268285381933,0.00083624990812689,0.00111066282351636
8,2,"commonq-fixed",-0.0730194960125276,-0.0735630784463202,-0.0727268285381933,0.00083624990812689,0.000543582433792544
8,2,"pm-hk",-0.0730194960125276,-0.0735630784463202,-0.0727268285381933,0.00083624990812689,0.000543582433792544
8,2,"equalq",-0.0727268285381933,-0.0735630784463202,-0.0727268285381933,0.00083624990812689,0.00083624990812689
8,2,"aggregate-gate",-0.0727268285381933,-0.0735630784463202,-0.0727268285381933,0.00083624990812689,0.00083624990812689
8,2,"validation-50",-0.0727268285381933,-0.0735630784463202,-0.0727268285381933,0.00083624990812689,0.00083624990812689
8,2,"validation-100",-0.0727268285381933,-0.0735630784463202,-0.0727268285381933,0.00083624990812689,0.00083624990812689
8,2,"validation-200",-0.0727268285381933,-0.0735630784463202,-0.0727268285381933,0.00083624990812689,0.00083624990812689
8,2,"site-exclusion-200",NA,-0.0735630784463202,-0.0727268285381933,0.00083624990812689,NA
8,3,"historical-fixed",-0.0724276478936747,-0.0735630784463202,-0.0727268285381933,0.000836249908126876,0.00113543055264551
8,3,"historical-dl",-0.0724276478936747,-0.0735630784463202,-0.0727268285381933,0.000836249908126876,0.00113543055264551
8,3,"historical-q-gate",-0.0724276478936747,-0.0735630784463202,-0.0727268285381933,0.000836249908126876,0.00113543055264551
8,3,"commonq-fixed",-0.0729907836251119,-0.0735630784463202,-0.0727268285381933,0.000836249908126876,0.000572294821208227
8,3,"pm-hk",-0.0729907836251119,-0.0735630784463202,-0.0727268285381933,0.000836249908126876,0.000572294821208227
8,3,"equalq",-0.0727268285381933,-0.0735630784463202,-0.0727268285381933,0.000836249908126876,0.000836249908126876
8,3,"aggregate-gate",-0.0727268285381933,-0.0735630784463202,-0.0727268285381933,0.000836249908126876,0.000836249908126876
8,3,"validation-50",-0.0727268285381933,-0.0735630784463202,-0.0727268285381933,0.000836249908126876,0.000836249908126876
8,3,"validation-100",-0.0727268285381933,-0.0735630784463202,-0.0727268285381933,0.000836249908126876,0.000836249908126876
8,3,"validation-200",-0.0727268285381933,-0.0735630784463202,-0.0727268285381933,0.000836249908126876,0.000836249908126876
8,3,"site-exclusion-200",NA,-0.0735630784463202,-0.0727268285381933,0.000836249908126876,NA
9,1,"historical-fixed",-0.074608173308376,-0.0735630784463202,-0.0746917428052325,-0.00112866435891233,-0.00104509486205583
9,1,"historical-dl",-0.074608173308376,-0.0735630784463202,-0.0746917428052325,-0.00112866435891233,-0.00104509486205583
9,1,"historical-q-gate",-0.074608173308376,-0.0735630784463202,-0.0746917428052325,-0.00112866435891233,-0.00104509486205583
9,1,"commonq-fixed",-0.0746078302591654,-0.0735630784463202,-0.0746917428052325,-0.00112866435891233,-0.0010447518128452
9,1,"pm-hk",-0.0746078302591654,-0.0735630784463202,-0.0746917428052325,-0.00112866435891233,-0.0010447518128452
9,1,"equalq",-0.0746917428052325,-0.0735630784463202,-0.0746917428052325,-0.00112866435891233,-0.00112866435891233
9,1,"aggregate-gate",-0.0746917428052325,-0.0735630784463202,-0.0746917428052325,-0.00112866435891233,-0.00112866435891233
9,1,"validation-50",-0.0746917428052325,-0.0735630784463202,-0.0746917428052325,-0.00112866435891233,-0.00112866435891233
9,1,"validation-100",-0.0746917428052325,-0.0735630784463202,-0.0746917428052325,-0.00112866435891233,-0.00112866435891233
9,1,"validation-200",-0.0746917428052325,-0.0735630784463202,-0.0746917428052325,-0.00112866435891233,-0.00112866435891233
9,1,"site-exclusion-200",NA,-0.0735630784463202,-0.0746917428052325,-0.00112866435891233,NA
9,2,"historical-fixed",-0.0746450697411135,-0.0735630784463202,-0.0746917428052325,-0.00112866435891233,-0.00108199129479329
9,2,"historical-dl",-0.0746450697411135,-0.0735630784463202,-0.0746917428052325,-0.00112866435891233,-0.00108199129479329
9,2,"historical-q-gate",-0.0746450697411135,-0.0735630784463202,-0.0746917428052325,-0.00112866435891233,-0.00108199129479329
9,2,"commonq-fixed",-0.0747035540833178,-0.0735630784463202,-0.0746917428052325,-0.00112866435891233,-0.00114047563699768
9,2,"pm-hk",-0.0747035540833178,-0.0735630784463202,-0.0746917428052325,-0.00112866435891233,-0.00114047563699768
9,2,"equalq",-0.0746917428052325,-0.0735630784463202,-0.0746917428052325,-0.00112866435891233,-0.00112866435891233
9,2,"aggregate-gate",-0.0746917428052325,-0.0735630784463202,-0.0746917428052325,-0.00112866435891233,-0.00112866435891233
9,2,"validation-50",-0.0746917428052325,-0.0735630784463202,-0.0746917428052325,-0.00112866435891233,-0.00112866435891233
9,2,"validation-100",-0.0746917428052325,-0.0735630784463202,-0.0746917428052325,-0.00112866435891233,-0.00112866435891233
9,2,"validation-200",-0.0746917428052325,-0.0735630784463202,-0.0746917428052325,-0.00112866435891233,-0.00112866435891233
9,2,"site-exclusion-200",NA,-0.0735630784463202,-0.0746917428052325,-0.00112866435891233,NA
9,3,"historical-fixed",-0.0746640737110564,-0.0735630784463202,-0.0746917428052325,-0.00112866435891233,-0.00110099526473618
9,3,"historical-dl",-0.0746640737110564,-0.0735630784463202,-0.0746917428052325,-0.00112866435891233,-0.00110099526473618
9,3,"historical-q-gate",-0.0746640737110564,-0.0735630784463202,-0.0746917428052325,-0.00112866435891233,-0.00110099526473618
9,3,"commonq-fixed",-0.0747550143509319,-0.0735630784463202,-0.0746917428052325,-0.00112866435891233,-0.00119193590461172
9,3,"pm-hk",-0.0747550143509319,-0.0735630784463202,-0.0746917428052325,-0.00112866435891233,-0.00119193590461172
9,3,"equalq",-0.0746917428052325,-0.0735630784463202,-0.0746917428052325,-0.00112866435891233,-0.00112866435891233
9,3,"aggregate-gate",-0.0746917428052325,-0.0735630784463202,-0.0746917428052325,-0.00112866435891233,-0.00112866435891233
9,3,"validation-50",-0.0746917428052325,-0.0735630784463202,-0.0746917428052325,-0.00112866435891233,-0.00112866435891233
9,3,"validation-100",-0.0746917428052325,-0.0735630784463202,-0.0746917428052325,-0.00112866435891233,-0.00112866435891233
9,3,"validation-200",-0.0746917428052325,-0.0735630784463202,-0.0746917428052325,-0.00112866435891233,-0.00112866435891233
9,3,"site-exclusion-200",NA,-0.0735630784463202,-0.0746917428052325,-0.00112866435891233,NA
10,1,"historical-fixed",-0.0683179443613063,-0.0735630784463202,-0.0685630784463202,0.00499999999999999,0.00524513408501391
10,1,"historical-dl",-0.0683179443613063,-0.0735630784463202,-0.0685630784463202,0.00499999999999999,0.00524513408501391
10,1,"historical-q-gate",-0.0683179443613063,-0.0735630784463202,-0.0685630784463202,0.00499999999999999,0.00524513408501391
10,1,"commonq-fixed",-0.0685694085337395,-0.0735630784463202,-0.0685630784463202,0.00499999999999999,0.00499366991258071
10,1,"pm-hk",-0.0685694085337395,-0.0735630784463202,-0.0685630784463202,0.00499999999999999,0.00499366991258071
10,1,"equalq",-0.0685630784463202,-0.0735630784463202,-0.0685630784463202,0.00499999999999999,0.00499999999999999
10,1,"aggregate-gate",-0.0685630784463202,-0.0735630784463202,-0.0685630784463202,0.00499999999999999,0.00499999999999999
10,1,"validation-50",-0.0685630784463202,-0.0735630784463202,-0.0685630784463202,0.00499999999999999,0.00499999999999999
10,1,"validation-100",-0.0685630784463202,-0.0735630784463202,-0.0685630784463202,0.00499999999999999,0.00499999999999999
10,1,"validation-200",-0.0685630784463202,-0.0735630784463202,-0.0685630784463202,0.00499999999999999,0.00499999999999999
10,1,"site-exclusion-200",NA,-0.0735630784463202,-0.0685630784463202,0.00499999999999999,NA
10,2,"historical-fixed",-0.0681281254889424,-0.0735630784463202,-0.0685630784463202,0.00499999999999999,0.00543495295737775
10,2,"historical-dl",-0.0681281254889424,-0.0735630784463202,-0.0685630784463202,0.00499999999999999,0.00543495295737775
10,2,"historical-q-gate",-0.0681281254889424,-0.0735630784463202,-0.0685630784463202,0.00499999999999999,0.00543495295737775
10,2,"commonq-fixed",-0.0681294080065884,-0.0735630784463202,-0.0685630784463202,0.00499999999999999,0.00543367043973181
10,2,"pm-hk",-0.0681294080065884,-0.0735630784463202,-0.0685630784463202,0.00499999999999999,0.00543367043973181
10,2,"equalq",-0.0685630784463202,-0.0735630784463202,-0.0685630784463202,0.00499999999999999,0.00499999999999999
10,2,"aggregate-gate",-0.0685630784463202,-0.0735630784463202,-0.0685630784463202,0.00499999999999999,0.00499999999999999
10,2,"validation-50",-0.0685630784463202,-0.0735630784463202,-0.0685630784463202,0.00499999999999999,0.00499999999999999
10,2,"validation-100",-0.0685630784463202,-0.0735630784463202,-0.0685630784463202,0.00499999999999999,0.00499999999999999
10,2,"validation-200",-0.0685630784463202,-0.0735630784463202,-0.0685630784463202,0.00499999999999999,0.00499999999999999
10,2,"site-exclusion-200",NA,-0.0735630784463202,-0.0685630784463202,0.00499999999999999,NA
10,3,"historical-fixed",-0.0680290742140763,-0.0735630784463202,-0.0685630784463202,0.00499999999999999,0.00553400423224382
10,3,"historical-dl",-0.0680290742140763,-0.0735630784463202,-0.0685630784463202,0.00499999999999999,0.00553400423224382
10,3,"historical-q-gate",-0.0680290742140763,-0.0735630784463202,-0.0685630784463202,0.00499999999999999,0.00553400423224382
10,3,"commonq-fixed",-0.0678940466776344,-0.0735630784463202,-0.0685630784463202,0.00499999999999999,0.00566903176868579
10,3,"pm-hk",-0.0678940466776344,-0.0735630784463202,-0.0685630784463202,0.00499999999999999,0.00566903176868579
10,3,"equalq",-0.0685630784463202,-0.0735630784463202,-0.0685630784463202,0.00499999999999999,0.00499999999999999
10,3,"aggregate-gate",-0.0685630784463202,-0.0735630784463202,-0.0685630784463202,0.00499999999999999,0.00499999999999999
10,3,"validation-50",-0.0685630784463202,-0.0735630784463202,-0.0685630784463202,0.00499999999999999,0.00499999999999999
10,3,"validation-100",-0.0685630784463202,-0.0735630784463202,-0.0685630784463202,0.00499999999999999,0.00499999999999999
10,3,"validation-200",-0.0685630784463202,-0.0735630784463202,-0.0685630784463202,0.00499999999999999,0.00499999999999999
10,3,"site-exclusion-200",NA,-0.0735630784463202,-0.0685630784463202,0.00499999999999999,NA
11,1,"historical-fixed",-0.0657290858995309,-0.0735630784463202,-0.0635630784463202,0.01,0.00783399254678926
11,1,"historical-dl",-0.0657290858995309,-0.0735630784463202,-0.0635630784463202,0.01,0.00783399254678926
11,1,"historical-q-gate",-0.0657290858995309,-0.0735630784463202,-0.0635630784463202,0.01,0.00783399254678926
11,1,"commonq-fixed",-0.0660286234924645,-0.0735630784463202,-0.0635630784463202,0.01,0.00753445495385571
11,1,"pm-hk",-0.0660286234924645,-0.0735630784463202,-0.0635630784463202,0.01,0.00753445495385571
11,1,"equalq",-0.0635630784463202,-0.0735630784463202,-0.0635630784463202,0.01,0.01
11,1,"aggregate-gate",-0.0635630784463202,-0.0735630784463202,-0.0635630784463202,0.01,0.01
11,1,"validation-50",-0.0635630784463202,-0.0735630784463202,-0.0635630784463202,0.01,0.01
11,1,"validation-100",-0.0635630784463202,-0.0735630784463202,-0.0635630784463202,0.01,0.01
11,1,"validation-200",-0.0635630784463202,-0.0735630784463202,-0.0635630784463202,0.01,0.01
11,1,"site-exclusion-200",NA,-0.0735630784463202,-0.0635630784463202,0.01,NA
11,2,"historical-fixed",-0.0653479520687533,-0.0735630784463202,-0.0635630784463202,0.01,0.00821512637756687
11,2,"historical-dl",-0.0653479520687533,-0.0735630784463202,-0.0635630784463202,0.01,0.00821512637756687
11,2,"historical-q-gate",-0.0653479520687533,-0.0735630784463202,-0.0635630784463202,0.01,0.00821512637756687
11,2,"commonq-fixed",-0.0652833955378714,-0.0735630784463202,-0.0635630784463202,0.01,0.00827968290844877
11,2,"pm-hk",-0.0652833955378714,-0.0735630784463202,-0.0635630784463202,0.01,0.00827968290844877
11,2,"equalq",-0.0635630784463202,-0.0735630784463202,-0.0635630784463202,0.01,0.01
11,2,"aggregate-gate",-0.0635630784463202,-0.0735630784463202,-0.0635630784463202,0.01,0.01
11,2,"validation-50",-0.0635630784463202,-0.0735630784463202,-0.0635630784463202,0.01,0.01
11,2,"validation-100",-0.0635630784463202,-0.0735630784463202,-0.0635630784463202,0.01,0.01
11,2,"validation-200",-0.0635630784463202,-0.0735630784463202,-0.0635630784463202,0.01,0.01
11,2,"site-exclusion-200",NA,-0.0735630784463202,-0.0635630784463202,0.01,NA
11,3,"historical-fixed",-0.0651470374447707,-0.0735630784463202,-0.0635630784463202,0.01,0.00841604100154951
11,3,"historical-dl",-0.0651470374447707,-0.0735630784463202,-0.0635630784463202,0.01,0.00841604100154951
11,3,"historical-q-gate",-0.0651470374447707,-0.0735630784463202,-0.0635630784463202,0.01,0.00841604100154951
11,3,"commonq-fixed",-0.0648782089493875,-0.0735630784463202,-0.0635630784463202,0.01,0.00868486949693269
11,3,"pm-hk",-0.0648782089493875,-0.0735630784463202,-0.0635630784463202,0.01,0.00868486949693269
11,3,"equalq",-0.0635630784463202,-0.0735630784463202,-0.0635630784463202,0.01,0.01
11,3,"aggregate-gate",-0.0635630784463202,-0.0735630784463202,-0.0635630784463202,0.01,0.01
11,3,"validation-50",-0.0635630784463202,-0.0735630784463202,-0.0635630784463202,0.01,0.01
11,3,"validation-100",-0.0635630784463202,-0.0735630784463202,-0.0635630784463202,0.01,0.01
11,3,"validation-200",-0.0635630784463202,-0.0735630784463202,-0.0635630784463202,0.01,0.01
11,3,"site-exclusion-200",NA,-0.0735630784463202,-0.0635630784463202,0.01,NA
12,1,"historical-fixed",-0.0735244943156239,-0.0735630784463202,-0.0735630784463202,0,3.85841306962259e-05
12,1,"historical-dl",-0.0735244943156239,-0.0735630784463202,-0.0735630784463202,0,3.85841306962259e-05
12,1,"historical-q-gate",-0.0735244943156239,-0.0735630784463202,-0.0735630784463202,0,3.85841306962259e-05
12,1,"commonq-fixed",-0.0735630784463202,-0.0735630784463202,-0.0735630784463202,0,1.38777878078145e-17
12,1,"pm-hk",-0.0735630784463202,-0.0735630784463202,-0.0735630784463202,0,1.38777878078145e-17
12,1,"equalq",-0.0735630784463202,-0.0735630784463202,-0.0735630784463202,0,0
12,1,"aggregate-gate",-0.0735630784463202,-0.0735630784463202,-0.0735630784463202,0,0
12,1,"validation-50",-0.0735630784463202,-0.0735630784463202,-0.0735630784463202,0,0
12,1,"validation-100",-0.0735630784463202,-0.0735630784463202,-0.0735630784463202,0,0
12,1,"validation-200",-0.0735630784463202,-0.0735630784463202,-0.0735630784463202,0,0
12,1,"site-exclusion-200",NA,-0.0735630784463202,-0.0735630784463202,0,NA
12,2,"historical-fixed",-0.0735244943156239,-0.0735630784463202,-0.0735630784463202,0,3.85841306962259e-05
12,2,"historical-dl",-0.0735244943156239,-0.0735630784463202,-0.0735630784463202,0,3.85841306962259e-05
12,2,"historical-q-gate",-0.0735244943156239,-0.0735630784463202,-0.0735630784463202,0,3.85841306962259e-05
12,2,"commonq-fixed",-0.0735630784463202,-0.0735630784463202,-0.0735630784463202,0,1.38777878078145e-17
12,2,"pm-hk",-0.0735630784463202,-0.0735630784463202,-0.0735630784463202,0,1.38777878078145e-17
12,2,"equalq",-0.0735630784463202,-0.0735630784463202,-0.0735630784463202,0,0
12,2,"aggregate-gate",-0.0735630784463202,-0.0735630784463202,-0.0735630784463202,0,0
12,2,"validation-50",-0.0735630784463202,-0.0735630784463202,-0.0735630784463202,0,0
12,2,"validation-100",-0.0735630784463202,-0.0735630784463202,-0.0735630784463202,0,0
12,2,"validation-200",-0.0735630784463202,-0.0735630784463202,-0.0735630784463202,0,0
12,2,"site-exclusion-200",NA,-0.0735630784463202,-0.0735630784463202,0,NA
12,3,"historical-fixed",-0.0735244943156239,-0.0735630784463202,-0.0735630784463202,0,3.85841306962259e-05
12,3,"historical-dl",-0.0735244943156239,-0.0735630784463202,-0.0735630784463202,0,3.85841306962259e-05
12,3,"historical-q-gate",-0.0735244943156239,-0.0735630784463202,-0.0735630784463202,0,3.85841306962259e-05
12,3,"commonq-fixed",-0.0735630784463202,-0.0735630784463202,-0.0735630784463202,0,1.38777878078145e-17
12,3,"pm-hk",-0.0735630784463202,-0.0735630784463202,-0.0735630784463202,0,1.38777878078145e-17
12,3,"equalq",-0.0735630784463202,-0.0735630784463202,-0.0735630784463202,0,0
12,3,"aggregate-gate",-0.0735630784463202,-0.0735630784463202,-0.0735630784463202,0,0
12,3,"validation-50",-0.0735630784463202,-0.0735630784463202,-0.0735630784463202,0,0
12,3,"validation-100",-0.0735630784463202,-0.0735630784463202,-0.0735630784463202,0,0
12,3,"validation-200",-0.0735630784463202,-0.0735630784463202,-0.0735630784463202,0,0
12,3,"site-exclusion-200",NA,-0.0735630784463202,-0.0735630784463202,0,NA
13,1,"historical-fixed",-0.0870400430869886,-0.0871261568926403,-0.0871261568926403,0,8.61138056517247e-05
13,1,"historical-dl",-0.0870400430869886,-0.0871261568926403,-0.0871261568926403,0,8.61138056517247e-05
13,1,"historical-q-gate",-0.0870400430869886,-0.0871261568926403,-0.0871261568926403,0,8.61138056517247e-05
13,1,"commonq-fixed",-0.0871261568926403,-0.0871261568926403,-0.0871261568926403,0,0
13,1,"pm-hk",-0.0871261568926403,-0.0871261568926403,-0.0871261568926403,0,0
13,1,"equalq",-0.0871261568926403,-0.0871261568926403,-0.0871261568926403,0,0
13,1,"aggregate-gate",-0.0871261568926403,-0.0871261568926403,-0.0871261568926403,0,0
13,1,"validation-50",-0.0871261568926403,-0.0871261568926403,-0.0871261568926403,0,0
13,1,"validation-100",-0.0871261568926403,-0.0871261568926403,-0.0871261568926403,0,0
13,1,"validation-200",-0.0871261568926403,-0.0871261568926403,-0.0871261568926403,0,0
13,1,"site-exclusion-200",NA,-0.0871261568926403,-0.0871261568926403,0,NA
13,2,"historical-fixed",-0.0870400430869886,-0.0871261568926403,-0.0871261568926403,0,8.61138056517247e-05
13,2,"historical-dl",-0.0870400430869886,-0.0871261568926403,-0.0871261568926403,0,8.61138056517247e-05
13,2,"historical-q-gate",-0.0870400430869886,-0.0871261568926403,-0.0871261568926403,0,8.61138056517247e-05
13,2,"commonq-fixed",-0.0871261568926403,-0.0871261568926403,-0.0871261568926403,0,0
13,2,"pm-hk",-0.0871261568926403,-0.0871261568926403,-0.0871261568926403,0,0
13,2,"equalq",-0.0871261568926403,-0.0871261568926403,-0.0871261568926403,0,0
13,2,"aggregate-gate",-0.0871261568926403,-0.0871261568926403,-0.0871261568926403,0,0
13,2,"validation-50",-0.0871261568926403,-0.0871261568926403,-0.0871261568926403,0,0
13,2,"validation-100",-0.0871261568926403,-0.0871261568926403,-0.0871261568926403,0,0
13,2,"validation-200",-0.0871261568926403,-0.0871261568926403,-0.0871261568926403,0,0
13,2,"site-exclusion-200",NA,-0.0871261568926403,-0.0871261568926403,0,NA
13,3,"historical-fixed",-0.0870400430869886,-0.0871261568926403,-0.0871261568926403,0,8.61138056517247e-05
13,3,"historical-dl",-0.0870400430869886,-0.0871261568926403,-0.0871261568926403,0,8.61138056517247e-05
13,3,"historical-q-gate",-0.0870400430869886,-0.0871261568926403,-0.0871261568926403,0,8.61138056517247e-05
13,3,"commonq-fixed",-0.0871261568926403,-0.0871261568926403,-0.0871261568926403,0,0
13,3,"pm-hk",-0.0871261568926403,-0.0871261568926403,-0.0871261568926403,0,0
13,3,"equalq",-0.0871261568926403,-0.0871261568926403,-0.0871261568926403,0,0
13,3,"aggregate-gate",-0.0871261568926403,-0.0871261568926403,-0.0871261568926403,0,0
13,3,"validation-50",-0.0871261568926403,-0.0871261568926403,-0.0871261568926403,0,0
13,3,"validation-100",-0.0871261568926403,-0.0871261568926403,-0.0871261568926403,0,0
13,3,"validation-200",-0.0871261568926403,-0.0871261568926403,-0.0871261568926403,0,0
13,3,"site-exclusion-200",NA,-0.0871261568926403,-0.0871261568926403,0,NA
14,1,"historical-fixed",-0.084992046564361,-0.0871261568926403,-0.0854536570763866,0.00167249981625378,0.00213411032827938
14,1,"historical-dl",-0.084992046564361,-0.0871261568926403,-0.0854536570763866,0.00167249981625378,0.00213411032827938
14,1,"historical-q-gate",-0.084992046564361,-0.0871261568926403,-0.0854536570763866,0.00167249981625378,0.00213411032827938
14,1,"commonq-fixed",-0.0861398012441354,-0.0871261568926403,-0.0854536570763866,0.00167249981625378,0.000986355648504952
14,1,"pm-hk",-0.0861398012441354,-0.0871261568926403,-0.0854536570763866,0.00167249981625378,0.000986355648504952
14,1,"equalq",-0.0854536570763866,-0.0871261568926403,-0.0854536570763866,0.00167249981625378,0.00167249981625378
14,1,"aggregate-gate",-0.0854536570763866,-0.0871261568926403,-0.0854536570763866,0.00167249981625378,0.00167249981625378
14,1,"validation-50",-0.0854536570763866,-0.0871261568926403,-0.0854536570763866,0.00167249981625378,0.00167249981625378
14,1,"validation-100",-0.0854536570763866,-0.0871261568926403,-0.0854536570763866,0.00167249981625378,0.00167249981625378
14,1,"validation-200",-0.0854536570763866,-0.0871261568926403,-0.0854536570763866,0.00167249981625378,0.00167249981625378
14,1,"site-exclusion-200",NA,-0.0871261568926403,-0.0854536570763866,0.00167249981625378,NA
14,2,"historical-fixed",-0.0848964309537291,-0.0871261568926403,-0.0854536570763866,0.00167249981625378,0.00222972593891128
14,2,"historical-dl",-0.0848964309537291,-0.0871261568926403,-0.0854536570763866,0.00167249981625378,0.00222972593891128
14,2,"historical-q-gate",-0.0848964309537291,-0.0871261568926403,-0.0854536570763866,0.00167249981625378,0.00222972593891128
14,2,"commonq-fixed",-0.0860350705028985,-0.0871261568926403,-0.0854536570763866,0.00167249981625378,0.00109108638974188
14,2,"pm-hk",-0.0860350705028985,-0.0871261568926403,-0.0854536570763866,0.00167249981625378,0.00109108638974188
14,2,"equalq",-0.0854536570763866,-0.0871261568926403,-0.0854536570763866,0.00167249981625378,0.00167249981625378
14,2,"aggregate-gate",-0.0854536570763866,-0.0871261568926403,-0.0854536570763866,0.00167249981625378,0.00167249981625378
14,2,"validation-50",-0.0854536570763866,-0.0871261568926403,-0.0854536570763866,0.00167249981625378,0.00167249981625378
14,2,"validation-100",-0.0854536570763866,-0.0871261568926403,-0.0854536570763866,0.00167249981625378,0.00167249981625378
14,2,"validation-200",-0.0854536570763866,-0.0871261568926403,-0.0854536570763866,0.00167249981625378,0.00167249981625378
14,2,"site-exclusion-200",NA,-0.0871261568926403,-0.0854536570763866,0.00167249981625378,NA
14,3,"historical-fixed",-0.0848461247123531,-0.0871261568926403,-0.0854536570763866,0.00167249981625377,0.00228003218028723
14,3,"historical-dl",-0.0848461247123531,-0.0871261568926403,-0.0854536570763866,0.00167249981625377,0.00228003218028723
14,3,"historical-q-gate",-0.0848461247123531,-0.0871261568926403,-0.0854536570763866,0.00167249981625377,0.00228003218028723
14,3,"commonq-fixed",-0.085977520872721,-0.0871261568926403,-0.0854536570763866,0.00167249981625377,0.0011486360199193
14,3,"pm-hk",-0.085977520872721,-0.0871261568926403,-0.0854536570763866,0.00167249981625377,0.0011486360199193
14,3,"equalq",-0.0854536570763866,-0.0871261568926403,-0.0854536570763866,0.00167249981625377,0.00167249981625377
14,3,"aggregate-gate",-0.0854536570763866,-0.0871261568926403,-0.0854536570763866,0.00167249981625377,0.00167249981625377
14,3,"validation-50",-0.0854536570763866,-0.0871261568926403,-0.0854536570763866,0.00167249981625377,0.00167249981625377
14,3,"validation-100",-0.0854536570763866,-0.0871261568926403,-0.0854536570763866,0.00167249981625377,0.00167249981625377
14,3,"validation-200",-0.0854536570763866,-0.0871261568926403,-0.0854536570763866,0.00167249981625377,0.00167249981625377
14,3,"site-exclusion-200",NA,-0.0871261568926403,-0.0854536570763866,0.00167249981625377,NA
15,1,"historical-fixed",-0.0891947206844716,-0.0871261568926403,-0.089383485610465,-0.00225732871782466,-0.00206856379183129
15,1,"historical-dl",-0.0891947206844716,-0.0871261568926403,-0.089383485610465,-0.00225732871782466,-0.00206856379183129
15,1,"historical-q-gate",-0.0891947206844716,-0.0871261568926403,-0.089383485610465,-0.00225732871782466,-0.00206856379183129
15,1,"commonq-fixed",-0.089210517258592,-0.0871261568926403,-0.089383485610465,-0.00225732871782466,-0.00208436036595162
15,1,"pm-hk",-0.089210517258592,-0.0871261568926403,-0.089383485610465,-0.00225732871782466,-0.00208436036595162
15,1,"equalq",-0.089383485610465,-0.0871261568926403,-0.089383485610465,-0.00225732871782466,-0.00225732871782466
15,1,"aggregate-gate",-0.089383485610465,-0.0871261568926403,-0.089383485610465,-0.00225732871782466,-0.00225732871782466
15,1,"validation-50",-0.089383485610465,-0.0871261568926403,-0.089383485610465,-0.00225732871782466,-0.00225732871782466
15,1,"validation-100",-0.089383485610465,-0.0871261568926403,-0.089383485610465,-0.00225732871782466,-0.00225732871782466
15,1,"validation-200",-0.089383485610465,-0.0871261568926403,-0.089383485610465,-0.00225732871782466,-0.00225732871782466
15,1,"site-exclusion-200",NA,-0.0871261568926403,-0.089383485610465,-0.00225732871782466,NA
15,2,"historical-fixed",-0.0892715252937279,-0.0871261568926403,-0.089383485610465,-0.00225732871782466,-0.00214536840108757
15,2,"historical-dl",-0.0892715252937279,-0.0871261568926403,-0.089383485610465,-0.00225732871782466,-0.00214536840108757
15,2,"historical-q-gate",-0.0892715252937279,-0.0871261568926403,-0.089383485610465,-0.00225732871782466,-0.00214536840108757
15,2,"commonq-fixed",-0.0894008874527936,-0.0871261568926403,-0.089383485610465,-0.00225732871782466,-0.00227473056015329
15,2,"pm-hk",-0.0894008874527936,-0.0871261568926403,-0.089383485610465,-0.00225732871782466,-0.00227473056015329
15,2,"equalq",-0.089383485610465,-0.0871261568926403,-0.089383485610465,-0.00225732871782466,-0.00225732871782466
15,2,"aggregate-gate",-0.089383485610465,-0.0871261568926403,-0.089383485610465,-0.00225732871782466,-0.00225732871782466
15,2,"validation-50",-0.089383485610465,-0.0871261568926403,-0.089383485610465,-0.00225732871782466,-0.00225732871782466
15,2,"validation-100",-0.089383485610465,-0.0871261568926403,-0.089383485610465,-0.00225732871782466,-0.00225732871782466
15,2,"validation-200",-0.089383485610465,-0.0871261568926403,-0.089383485610465,-0.00225732871782466,-0.00225732871782466
15,2,"site-exclusion-200",NA,-0.0871261568926403,-0.089383485610465,-0.00225732871782466,NA
15,3,"historical-fixed",-0.0893112552083376,-0.0871261568926403,-0.089383485610465,-0.00225732871782466,-0.00218509831569723
15,3,"historical-dl",-0.0893112552083376,-0.0871261568926403,-0.089383485610465,-0.00225732871782466,-0.00218509831569723
15,3,"historical-q-gate",-0.0893112552083376,-0.0871261568926403,-0.089383485610465,-0.00225732871782466,-0.00218509831569723
15,3,"commonq-fixed",-0.0895032277317523,-0.0871261568926403,-0.089383485610465,-0.00225732871782466,-0.00237707083911197
15,3,"pm-hk",-0.0895032277317523,-0.0871261568926403,-0.089383485610465,-0.00225732871782466,-0.00237707083911197
15,3,"equalq",-0.089383485610465,-0.0871261568926403,-0.089383485610465,-0.00225732871782466,-0.00225732871782466
15,3,"aggregate-gate",-0.089383485610465,-0.0871261568926403,-0.089383485610465,-0.00225732871782466,-0.00225732871782466
15,3,"validation-50",-0.089383485610465,-0.0871261568926403,-0.089383485610465,-0.00225732871782466,-0.00225732871782466
15,3,"validation-100",-0.089383485610465,-0.0871261568926403,-0.089383485610465,-0.00225732871782466,-0.00225732871782466
15,3,"validation-200",-0.089383485610465,-0.0871261568926403,-0.089383485610465,-0.00225732871782466,-0.00225732871782466
15,3,"site-exclusion-200",NA,-0.0871261568926403,-0.089383485610465,-0.00225732871782466,NA
16,1,"historical-fixed",-0.0769918558701996,-0.0871261568926403,-0.0771261568926403,0.01,0.0101343010224407
16,1,"historical-dl",-0.0769918558701996,-0.0871261568926403,-0.0771261568926403,0.01,0.0101343010224407
16,1,"historical-q-gate",-0.0769918558701996,-0.0871261568926403,-0.0771261568926403,0.01,0.0101343010224407
16,1,"commonq-fixed",-0.0774520634766899,-0.0871261568926403,-0.0771261568926403,0.01,0.00967409341595045
16,1,"pm-hk",-0.0774520634766899,-0.0871261568926403,-0.0771261568926403,0.01,0.00967409341595045
16,1,"equalq",-0.0771261568926403,-0.0871261568926403,-0.0771261568926403,0.01,0.01
16,1,"aggregate-gate",-0.0771261568926403,-0.0871261568926403,-0.0771261568926403,0.01,0.01
16,1,"validation-50",-0.0771261568926403,-0.0871261568926403,-0.0771261568926403,0.01,0.01
16,1,"validation-100",-0.0771261568926403,-0.0871261568926403,-0.0771261568926403,0.01,0.01
16,1,"validation-200",-0.0771261568926403,-0.0871261568926403,-0.0771261568926403,0.01,0.01
16,1,"site-exclusion-200",NA,-0.0871261568926403,-0.0771261568926403,0.01,NA
16,2,"historical-fixed",-0.0765966247206991,-0.0871261568926403,-0.0771261568926403,0.01,0.0105295321719412
16,2,"historical-dl",-0.0765966247206991,-0.0871261568926403,-0.0771261568926403,0.01,0.0105295321719412
16,2,"historical-q-gate",-0.0765966247206991,-0.0871261568926403,-0.0771261568926403,0.01,0.0105295321719412
16,2,"commonq-fixed",-0.076590158029543,-0.0871261568926403,-0.0771261568926403,0.01,0.0105359988630974
16,2,"pm-hk",-0.076590158029543,-0.0871261568926403,-0.0771261568926403,0.01,0.0105359988630974
16,2,"equalq",-0.0771261568926403,-0.0871261568926403,-0.0771261568926403,0.01,0.01
16,2,"aggregate-gate",-0.0771261568926403,-0.0871261568926403,-0.0771261568926403,0.01,0.01
16,2,"validation-50",-0.0771261568926403,-0.0871261568926403,-0.0771261568926403,0.01,0.01
16,2,"validation-100",-0.0771261568926403,-0.0871261568926403,-0.0771261568926403,0.01,0.01
16,2,"validation-200",-0.0771261568926403,-0.0871261568926403,-0.0771261568926403,0.01,0.01
16,2,"site-exclusion-200",NA,-0.0871261568926403,-0.0771261568926403,0.01,NA
16,3,"historical-fixed",-0.0763900076673342,-0.0871261568926403,-0.0771261568926403,0.01,0.0107361492253061
16,3,"historical-dl",-0.0763900076673342,-0.0871261568926403,-0.0771261568926403,0.01,0.0107361492253061
16,3,"historical-q-gate",-0.0763900076673342,-0.0871261568926403,-0.0771261568926403,0.01,0.0107361492253061
16,3,"commonq-fixed",-0.0761282573036506,-0.0871261568926403,-0.0771261568926403,0.01,0.0109978995889897
16,3,"pm-hk",-0.0761282573036506,-0.0871261568926403,-0.0771261568926403,0.01,0.0109978995889897
16,3,"equalq",-0.0771261568926403,-0.0871261568926403,-0.0771261568926403,0.01,0.01
16,3,"aggregate-gate",-0.0771261568926403,-0.0871261568926403,-0.0771261568926403,0.01,0.01
16,3,"validation-50",-0.0771261568926403,-0.0871261568926403,-0.0771261568926403,0.01,0.01
16,3,"validation-100",-0.0771261568926403,-0.0871261568926403,-0.0771261568926403,0.01,0.01
16,3,"validation-200",-0.0771261568926403,-0.0871261568926403,-0.0771261568926403,0.01,0.01
16,3,"site-exclusion-200",NA,-0.0871261568926403,-0.0771261568926403,0.01,NA
17,1,"historical-fixed",-0.0722022652465142,-0.0871261568926403,-0.0671261568926403,0.02,0.0149238916461261
17,1,"historical-dl",-0.069401911746239,-0.0871261568926403,-0.0671261568926403,0.02,0.0177242451464014
17,1,"historical-q-gate",-0.0722022652465142,-0.0871261568926403,-0.0671261568926403,0.02,0.0149238916461261
17,1,"commonq-fixed",-0.0727490235944518,-0.0871261568926403,-0.0671261568926403,0.02,0.0143771332981885
17,1,"pm-hk",-0.0695066389150935,-0.0871261568926403,-0.0671261568926403,0.02,0.0176195179775469
17,1,"equalq",-0.0671261568926403,-0.0871261568926403,-0.0671261568926403,0.02,0.02
17,1,"aggregate-gate",-0.0671261568926403,-0.0871261568926403,-0.0671261568926403,0.02,0.02
17,1,"validation-50",-0.0671261568926403,-0.0871261568926403,-0.0671261568926403,0.02,0.02
17,1,"validation-100",-0.0671261568926403,-0.0871261568926403,-0.0671261568926403,0.02,0.02
17,1,"validation-200",-0.0671261568926403,-0.0871261568926403,-0.0671261568926403,0.02,0.02
17,1,"site-exclusion-200",NA,-0.0871261568926403,-0.0671261568926403,0.02,NA
17,2,"historical-fixed",-0.0714466352272816,-0.0871261568926403,-0.0671261568926403,0.02,0.0156795216653587
17,2,"historical-dl",-0.0689744900962579,-0.0871261568926403,-0.0671261568926403,0.02,0.0181516667963824
17,2,"historical-q-gate",-0.0714466352272816,-0.0871261568926403,-0.0671261568926403,0.02,0.0156795216653587
17,2,"commonq-fixed",-0.0713131864691295,-0.0871261568926403,-0.0671261568926403,0.02,0.0158129704235109
17,2,"pm-hk",-0.0687944657351199,-0.0871261568926403,-0.0671261568926403,0.02,0.0183316911575204
17,2,"equalq",-0.0671261568926403,-0.0871261568926403,-0.0671261568926403,0.02,0.02
17,2,"aggregate-gate",-0.0671261568926403,-0.0871261568926403,-0.0671261568926403,0.02,0.02
17,2,"validation-50",-0.0671261568926403,-0.0871261568926403,-0.0671261568926403,0.02,0.02
17,2,"validation-100",-0.0671261568926403,-0.0871261568926403,-0.0671261568926403,0.02,0.02
17,2,"validation-200",-0.0671261568926403,-0.0871261568926403,-0.0671261568926403,0.02,0.02
17,2,"site-exclusion-200",NA,-0.0871261568926403,-0.0671261568926403,0.02,NA
17,3,"historical-fixed",-0.0710478550329723,-0.0871261568926403,-0.0671261568926403,0.02,0.0160783018596681
17,3,"historical-dl",-0.0687671845908968,-0.0871261568926403,-0.0671261568926403,0.02,0.0183589723017435
17,3,"historical-q-gate",-0.0710478550329723,-0.0871261568926403,-0.0671261568926403,0.02,0.0160783018596681
17,3,"commonq-fixed",-0.0705309975833354,-0.0871261568926403,-0.0671261568926403,0.02,0.016595159309305
17,3,"pm-hk",-0.0684524963546505,-0.0871261568926403,-0.0671261568926403,0.02,0.0186736605379899
17,3,"equalq",-0.0671261568926403,-0.0871261568926403,-0.0671261568926403,0.02,0.02
17,3,"aggregate-gate",-0.0671261568926403,-0.0871261568926403,-0.0671261568926403,0.02,0.02
17,3,"validation-50",-0.0671261568926403,-0.0871261568926403,-0.0671261568926403,0.02,0.02
17,3,"validation-100",-0.0671261568926403,-0.0871261568926403,-0.0671261568926403,0.02,0.02
17,3,"validation-200",-0.0671261568926403,-0.0871261568926403,-0.0671261568926403,0.02,0.02
17,3,"site-exclusion-200",NA,-0.0871261568926403,-0.0671261568926403,0.02,NA
18,1,"historical-fixed",-0.0870400430869886,-0.0871261568926403,-0.0871261568926403,0,8.61138056517247e-05
18,1,"historical-dl",-0.0870400430869886,-0.0871261568926403,-0.0871261568926403,0,8.61138056517247e-05
18,1,"historical-q-gate",-0.0870400430869886,-0.0871261568926403,-0.0871261568926403,0,8.61138056517247e-05
18,1,"commonq-fixed",-0.0871261568926403,-0.0871261568926403,-0.0871261568926403,0,0
18,1,"pm-hk",-0.0871261568926403,-0.0871261568926403,-0.0871261568926403,0,0
18,1,"equalq",-0.0871261568926403,-0.0871261568926403,-0.0871261568926403,0,0
18,1,"aggregate-gate",-0.0871261568926403,-0.0871261568926403,-0.0871261568926403,0,0
18,1,"validation-50",-0.0871261568926403,-0.0871261568926403,-0.0871261568926403,0,0
18,1,"validation-100",-0.0871261568926403,-0.0871261568926403,-0.0871261568926403,0,0
18,1,"validation-200",-0.0871261568926403,-0.0871261568926403,-0.0871261568926403,0,0
18,1,"site-exclusion-200",NA,-0.0871261568926403,-0.0871261568926403,0,NA
18,2,"historical-fixed",-0.0870400430869886,-0.0871261568926403,-0.0871261568926403,0,8.61138056517247e-05
18,2,"historical-dl",-0.0870400430869886,-0.0871261568926403,-0.0871261568926403,0,8.61138056517247e-05
18,2,"historical-q-gate",-0.0870400430869886,-0.0871261568926403,-0.0871261568926403,0,8.61138056517247e-05
18,2,"commonq-fixed",-0.0871261568926403,-0.0871261568926403,-0.0871261568926403,0,0
18,2,"pm-hk",-0.0871261568926403,-0.0871261568926403,-0.0871261568926403,0,0
18,2,"equalq",-0.0871261568926403,-0.0871261568926403,-0.0871261568926403,0,0
18,2,"aggregate-gate",-0.0871261568926403,-0.0871261568926403,-0.0871261568926403,0,0
18,2,"validation-50",-0.0871261568926403,-0.0871261568926403,-0.0871261568926403,0,0
18,2,"validation-100",-0.0871261568926403,-0.0871261568926403,-0.0871261568926403,0,0
18,2,"validation-200",-0.0871261568926403,-0.0871261568926403,-0.0871261568926403,0,0
18,2,"site-exclusion-200",NA,-0.0871261568926403,-0.0871261568926403,0,NA
18,3,"historical-fixed",-0.0870400430869886,-0.0871261568926403,-0.0871261568926403,0,8.61138056517247e-05
18,3,"historical-dl",-0.0870400430869886,-0.0871261568926403,-0.0871261568926403,0,8.61138056517247e-05
18,3,"historical-q-gate",-0.0870400430869886,-0.0871261568926403,-0.0871261568926403,0,8.61138056517247e-05
18,3,"commonq-fixed",-0.0871261568926403,-0.0871261568926403,-0.0871261568926403,0,0
18,3,"pm-hk",-0.0871261568926403,-0.0871261568926403,-0.0871261568926403,0,0
18,3,"equalq",-0.0871261568926403,-0.0871261568926403,-0.0871261568926403,0,0
18,3,"aggregate-gate",-0.0871261568926403,-0.0871261568926403,-0.0871261568926403,0,0
18,3,"validation-50",-0.0871261568926403,-0.0871261568926403,-0.0871261568926403,0,0
18,3,"validation-100",-0.0871261568926403,-0.0871261568926403,-0.0871261568926403,0,0
18,3,"validation-200",-0.0871261568926403,-0.0871261568926403,-0.0871261568926403,0,0
18,3,"site-exclusion-200",NA,-0.0871261568926403,-0.0871261568926403,0,NA
19,1,"historical-fixed",-0.062266098262778,-0.06,-0.06,0,-0.00226609826277799
19,1,"historical-dl",-0.0618922779853677,-0.06,-0.06,0,-0.00189227798536772
19,1,"historical-q-gate",-0.062266098262778,-0.06,-0.06,0,-0.00226609826277799
19,1,"commonq-fixed",-0.0609208759512811,-0.06,-0.06,0,-0.000920875951281139
19,1,"pm-hk",-0.0608340152634174,-0.06,-0.06,0,-0.000834015263417448
19,1,"equalq",-0.06,-0.06,-0.06,0,0
19,1,"aggregate-gate",-0.06,-0.06,-0.06,0,0
19,1,"validation-50",-0.06,-0.06,-0.06,0,0
19,1,"validation-100",-0.06,-0.06,-0.06,0,0
19,1,"validation-200",-0.06,-0.06,-0.06,0,0
19,1,"site-exclusion-200",NA,-0.06,-0.06,0,NA
19,2,"historical-fixed",-0.062266098262778,-0.06,-0.06,0,-0.00226609826277799
19,2,"historical-dl",-0.0618922779853677,-0.06,-0.06,0,-0.00189227798536772
19,2,"historical-q-gate",-0.062266098262778,-0.06,-0.06,0,-0.00226609826277799
19,2,"commonq-fixed",-0.0609208759512811,-0.06,-0.06,0,-0.000920875951281139
19,2,"pm-hk",-0.0608340152634174,-0.06,-0.06,0,-0.000834015263417448
19,2,"equalq",-0.06,-0.06,-0.06,0,0
19,2,"aggregate-gate",-0.06,-0.06,-0.06,0,0
19,2,"validation-50",-0.06,-0.06,-0.06,0,0
19,2,"validation-100",-0.06,-0.06,-0.06,0,0
19,2,"validation-200",-0.06,-0.06,-0.06,0,0
19,2,"site-exclusion-200",NA,-0.06,-0.06,0,NA
19,3,"historical-fixed",-0.062266098262778,-0.06,-0.06,0,-0.00226609826277799
19,3,"historical-dl",-0.0618922779853677,-0.06,-0.06,0,-0.00189227798536772
19,3,"historical-q-gate",-0.062266098262778,-0.06,-0.06,0,-0.00226609826277799
19,3,"commonq-fixed",-0.0609208759512811,-0.06,-0.06,0,-0.000920875951281139
19,3,"pm-hk",-0.0608340152634174,-0.06,-0.06,0,-0.000834015263417448
19,3,"equalq",-0.06,-0.06,-0.06,0,0
19,3,"aggregate-gate",-0.06,-0.06,-0.06,0,0
19,3,"validation-50",-0.06,-0.06,-0.06,0,0
19,3,"validation-100",-0.06,-0.06,-0.06,0,0
19,3,"validation-200",-0.06,-0.06,-0.06,0,0
19,3,"site-exclusion-200",NA,-0.06,-0.06,0,NA
20,1,"historical-fixed",-0.0624329294434137,-0.06,-0.06,0,-0.00243292944341373
20,1,"historical-dl",-0.0624329294434137,-0.06,-0.06,0,-0.00243292944341373
20,1,"historical-q-gate",-0.0624329294434137,-0.06,-0.06,0,-0.00243292944341373
20,1,"commonq-fixed",-0.0601432484885256,-0.06,-0.06,0,-0.000143248488525621
20,1,"pm-hk",-0.0601432484885256,-0.06,-0.06,0,-0.000143248488525621
20,1,"equalq",-0.06,-0.06,-0.06,0,0
20,1,"aggregate-gate",-0.06,-0.06,-0.06,0,0
20,1,"validation-50",-0.06,-0.06,-0.06,0,0
20,1,"validation-100",-0.06,-0.06,-0.06,0,0
20,1,"validation-200",-0.06,-0.06,-0.06,0,0
20,1,"site-exclusion-200",NA,-0.06,-0.06,0,NA
20,2,"historical-fixed",-0.062487788533047,-0.06,-0.06,0,-0.00248778853304705
20,2,"historical-dl",-0.0622427070723336,-0.06,-0.06,0,-0.00224270707233359
20,2,"historical-q-gate",-0.062487788533047,-0.06,-0.06,0,-0.00248778853304705
20,2,"commonq-fixed",-0.0607231922914026,-0.06,-0.06,0,-0.00072319229140265
20,2,"pm-hk",-0.0607231922914026,-0.06,-0.06,0,-0.00072319229140265
20,2,"equalq",-0.06,-0.06,-0.06,0,0
20,2,"aggregate-gate",-0.06,-0.06,-0.06,0,0
20,2,"validation-50",-0.06,-0.06,-0.06,0,0
20,2,"validation-100",-0.06,-0.06,-0.06,0,0
20,2,"validation-200",-0.06,-0.06,-0.06,0,0
20,2,"site-exclusion-200",NA,-0.06,-0.06,0,NA
20,3,"historical-fixed",-0.0625095460906046,-0.06,-0.06,0,-0.00250954609060465
20,3,"historical-dl",-0.0620579930737786,-0.06,-0.06,0,-0.00205799307377862
20,3,"historical-q-gate",-0.0625095460906046,-0.06,-0.06,0,-0.00250954609060465
20,3,"commonq-fixed",-0.0610548727913194,-0.06,-0.06,0,-0.00105487279131945
20,3,"pm-hk",-0.0609577588245742,-0.06,-0.06,0,-0.000957758824574217
20,3,"equalq",-0.06,-0.06,-0.06,0,0
20,3,"aggregate-gate",-0.06,-0.06,-0.06,0,0
20,3,"validation-50",-0.06,-0.06,-0.06,0,0
20,3,"validation-100",-0.06,-0.06,-0.06,0,0
20,3,"validation-200",-0.06,-0.06,-0.06,0,0
20,3,"site-exclusion-200",NA,-0.06,-0.06,0,NA
21,1,"historical-fixed",-0.062266098262778,-0.06,-0.06,0,-0.002266098262778
21,1,"historical-dl",-0.0618922779853677,-0.06,-0.06,0,-0.00189227798536772
21,1,"historical-q-gate",-0.062266098262778,-0.06,-0.06,0,-0.002266098262778
21,1,"commonq-fixed",-0.0609208759512811,-0.06,-0.06,0,-0.000920875951281125
21,1,"pm-hk",-0.0608340152634174,-0.06,-0.06,0,-0.000834015263417448
21,1,"equalq",-0.06,-0.06,-0.06,0,0
21,1,"aggregate-gate",-0.06,-0.06,-0.06,0,0
21,1,"validation-50",-0.06,-0.06,-0.06,0,0
21,1,"validation-100",-0.06,-0.06,-0.06,0,0
21,1,"validation-200",-0.06,-0.06,-0.06,0,0
21,1,"site-exclusion-200",NA,-0.06,-0.06,0,NA
21,2,"historical-fixed",-0.062266098262778,-0.06,-0.06,0,-0.00226609826277801
21,2,"historical-dl",-0.0618922779853677,-0.06,-0.06,0,-0.00189227798536775
21,2,"historical-q-gate",-0.062266098262778,-0.06,-0.06,0,-0.00226609826277801
21,2,"commonq-fixed",-0.0609208759512811,-0.06,-0.06,0,-0.000920875951281139
21,2,"pm-hk",-0.0608340152634174,-0.06,-0.06,0,-0.000834015263417448
21,2,"equalq",-0.06,-0.06,-0.06,0,0
21,2,"aggregate-gate",-0.06,-0.06,-0.06,0,0
21,2,"validation-50",-0.06,-0.06,-0.06,0,0
21,2,"validation-100",-0.06,-0.06,-0.06,0,0
21,2,"validation-200",-0.06,-0.06,-0.06,0,0
21,2,"site-exclusion-200",NA,-0.06,-0.06,0,NA
21,3,"historical-fixed",-0.062266098262778,-0.06,-0.06,6.93889390390723e-18,-0.002266098262778
21,3,"historical-dl",-0.0618922779853677,-0.06,-0.06,6.93889390390723e-18,-0.00189227798536774
21,3,"historical-q-gate",-0.062266098262778,-0.06,-0.06,6.93889390390723e-18,-0.002266098262778
21,3,"commonq-fixed",-0.0609208759512811,-0.06,-0.06,6.93889390390723e-18,-0.000920875951281146
21,3,"pm-hk",-0.0608340152634174,-0.06,-0.06,6.93889390390723e-18,-0.000834015263417434
21,3,"equalq",-0.06,-0.06,-0.06,6.93889390390723e-18,6.93889390390723e-18
21,3,"aggregate-gate",-0.06,-0.06,-0.06,6.93889390390723e-18,6.93889390390723e-18
21,3,"validation-50",-0.06,-0.06,-0.06,6.93889390390723e-18,6.93889390390723e-18
21,3,"validation-100",-0.06,-0.06,-0.06,6.93889390390723e-18,6.93889390390723e-18
21,3,"validation-200",-0.06,-0.06,-0.06,6.93889390390723e-18,6.93889390390723e-18
21,3,"site-exclusion-200",NA,-0.06,-0.06,6.93889390390723e-18,NA
22,1,"historical-fixed",-0.06260840809105,-0.06,-0.06,6.93889390390723e-18,-0.00260840809105005
22,1,"historical-dl",-0.0618871104275809,-0.06,-0.06,6.93889390390723e-18,-0.00188711042758094
22,1,"historical-q-gate",-0.06260840809105,-0.06,-0.06,6.93889390390723e-18,-0.00260840809105005
22,1,"commonq-fixed",-0.0610990064892153,-0.06,-0.06,6.93889390390723e-18,-0.00109900648921535
22,1,"pm-hk",-0.0608816658692525,-0.06,-0.06,6.93889390390723e-18,-0.000881665869252521
22,1,"equalq",-0.06,-0.06,-0.06,6.93889390390723e-18,6.93889390390723e-18
22,1,"aggregate-gate",-0.06,-0.06,-0.06,6.93889390390723e-18,6.93889390390723e-18
22,1,"validation-50",-0.06,-0.06,-0.06,6.93889390390723e-18,6.93889390390723e-18
22,1,"validation-100",-0.06,-0.06,-0.06,6.93889390390723e-18,6.93889390390723e-18
22,1,"validation-200",-0.06,-0.06,-0.06,6.93889390390723e-18,6.93889390390723e-18
22,1,"site-exclusion-200",NA,-0.06,-0.06,6.93889390390723e-18,NA
22,2,"historical-fixed",-0.0623120030979119,-0.06,-0.06,-6.93889390390723e-18,-0.00231200309791191
22,2,"historical-dl",-0.0618574669329945,-0.06,-0.06,-6.93889390390723e-18,-0.00185746693299445
22,2,"historical-q-gate",-0.0623120030979119,-0.06,-0.06,-6.93889390390723e-18,-0.00231200309791191
22,2,"commonq-fixed",-0.0609571528550585,-0.06,-0.06,-6.93889390390723e-18,-0.000957152855058485
22,2,"pm-hk",-0.0608293454308118,-0.06,-0.06,-6.93889390390723e-18,-0.000829345430811812
22,2,"equalq",-0.06,-0.06,-0.06,-6.93889390390723e-18,-6.93889390390723e-18
22,2,"aggregate-gate",-0.06,-0.06,-0.06,-6.93889390390723e-18,-6.93889390390723e-18
22,2,"validation-50",-0.06,-0.06,-0.06,-6.93889390390723e-18,-6.93889390390723e-18
22,2,"validation-100",-0.06,-0.06,-0.06,-6.93889390390723e-18,-6.93889390390723e-18
22,2,"validation-200",-0.06,-0.06,-0.06,-6.93889390390723e-18,-6.93889390390723e-18
22,2,"site-exclusion-200",NA,-0.06,-0.06,-6.93889390390723e-18,NA
22,3,"historical-fixed",-0.062161723144549,-0.06,-0.06,0,-0.00216172314454904
22,3,"historical-dl",-0.0618264245194481,-0.06,-0.06,0,-0.0018264245194481
22,3,"historical-q-gate",-0.062161723144549,-0.06,-0.06,0,-0.00216172314454904
22,3,"commonq-fixed",-0.0608785218487403,-0.06,-0.06,0,-0.000878521848740335
22,3,"pm-hk",-0.0607966389291984,-0.06,-0.06,0,-0.000796638929198429
22,3,"equalq",-0.06,-0.06,-0.06,0,0
22,3,"aggregate-gate",-0.06,-0.06,-0.06,0,0
22,3,"validation-50",-0.06,-0.06,-0.06,0,0
22,3,"validation-100",-0.06,-0.06,-0.06,0,0
22,3,"validation-200",-0.06,-0.06,-0.06,0,0
22,3,"site-exclusion-200",NA,-0.06,-0.06,0,NA
23,1,"historical-fixed",-0.0615113725896254,-0.06,-0.06,0,-0.00151137258962545
23,1,"historical-dl",-0.0614862685547796,-0.06,-0.06,0,-0.00148626855477965
23,1,"historical-q-gate",-0.0615113725896254,-0.06,-0.06,0,-0.00151137258962545
23,1,"commonq-fixed",-0.0605722585473675,-0.06,-0.06,0,-0.000572258547367539
23,1,"pm-hk",-0.0605722585473675,-0.06,-0.06,0,-0.000572258547367539
23,1,"equalq",-0.06,-0.06,-0.06,0,0
23,1,"aggregate-gate",-0.06,-0.06,-0.06,0,0
23,1,"validation-50",-0.06,-0.06,-0.06,0,0
23,1,"validation-100",-0.06,-0.06,-0.06,0,0
23,1,"validation-200",-0.06,-0.06,-0.06,0,0
23,1,"site-exclusion-200",NA,-0.06,-0.06,0,NA
23,2,"historical-fixed",-0.0621115193463775,-0.06,-0.06,0,-0.00211151934637753
23,2,"historical-dl",-0.0618378390970937,-0.06,-0.06,0,-0.00183783909709375
23,2,"historical-q-gate",-0.0621115193463775,-0.06,-0.06,0,-0.00211151934637753
23,2,"commonq-fixed",-0.0608293853096104,-0.06,-0.06,0,-0.000829385309610409
23,2,"pm-hk",-0.0607902477188476,-0.06,-0.06,0,-0.0007902477188476
23,2,"equalq",-0.06,-0.06,-0.06,0,0
23,2,"aggregate-gate",-0.06,-0.06,-0.06,0,0
23,2,"validation-50",-0.06,-0.06,-0.06,0,0
23,2,"validation-100",-0.06,-0.06,-0.06,0,0
23,2,"validation-200",-0.06,-0.06,-0.06,0,0
23,2,"site-exclusion-200",NA,-0.06,-0.06,0,NA
23,3,"historical-fixed",-0.0623912239358969,-0.06,-0.06,6.93889390390723e-18,-0.00239122393589686
23,3,"historical-dl",-0.0619686778349159,-0.06,-0.06,6.93889390390723e-18,-0.00196867783491591
23,3,"historical-q-gate",-0.0623912239358969,-0.06,-0.06,6.93889390390723e-18,-0.00239122393589686
23,3,"commonq-fixed",-0.0609708291435809,-0.06,-0.06,6.93889390390723e-18,-0.000970829143580862
23,3,"pm-hk",-0.0608791840740121,-0.06,-0.06,6.93889390390723e-18,-0.0008791840740121
23,3,"equalq",-0.06,-0.06,-0.06,6.93889390390723e-18,6.93889390390723e-18
23,3,"aggregate-gate",-0.06,-0.06,-0.06,6.93889390390723e-18,6.93889390390723e-18
23,3,"validation-50",-0.06,-0.06,-0.06,6.93889390390723e-18,6.93889390390723e-18
23,3,"validation-100",-0.06,-0.06,-0.06,6.93889390390723e-18,6.93889390390723e-18
23,3,"validation-200",-0.06,-0.06,-0.06,6.93889390390723e-18,6.93889390390723e-18
23,3,"site-exclusion-200",NA,-0.06,-0.06,6.93889390390723e-18,NA
24,1,"historical-fixed",-0.062266098262778,-0.06,-0.06,0,-0.00226609826277799
24,1,"historical-dl",-0.0618922779853677,-0.06,-0.06,0,-0.00189227798536772
24,1,"historical-q-gate",-0.062266098262778,-0.06,-0.06,0,-0.00226609826277799
24,1,"commonq-fixed",-0.0609208759512811,-0.06,-0.06,0,-0.000920875951281139
24,1,"pm-hk",-0.0608340152634174,-0.06,-0.06,0,-0.000834015263417448
24,1,"equalq",-0.06,-0.06,-0.06,0,0
24,1,"aggregate-gate",-0.06,-0.06,-0.06,0,0
24,1,"validation-50",-0.06,-0.06,-0.06,0,0
24,1,"validation-100",-0.06,-0.06,-0.06,0,0
24,1,"validation-200",-0.06,-0.06,-0.06,0,0
24,1,"site-exclusion-200",NA,-0.06,-0.06,0,NA
24,2,"historical-fixed",-0.062266098262778,-0.06,-0.06,0,-0.00226609826277799
24,2,"historical-dl",-0.0618922779853677,-0.06,-0.06,0,-0.00189227798536772
24,2,"historical-q-gate",-0.062266098262778,-0.06,-0.06,0,-0.00226609826277799
24,2,"commonq-fixed",-0.0609208759512811,-0.06,-0.06,0,-0.000920875951281139
24,2,"pm-hk",-0.0608340152634174,-0.06,-0.06,0,-0.000834015263417448
24,2,"equalq",-0.06,-0.06,-0.06,0,0
24,2,"aggregate-gate",-0.06,-0.06,-0.06,0,0
24,2,"validation-50",-0.06,-0.06,-0.06,0,0
24,2,"validation-100",-0.06,-0.06,-0.06,0,0
24,2,"validation-200",-0.06,-0.06,-0.06,0,0
24,2,"site-exclusion-200",NA,-0.06,-0.06,0,NA
24,3,"historical-fixed",-0.062266098262778,-0.06,-0.06,0,-0.00226609826277799
24,3,"historical-dl",-0.0618922779853677,-0.06,-0.06,0,-0.00189227798536772
24,3,"historical-q-gate",-0.062266098262778,-0.06,-0.06,0,-0.00226609826277799
24,3,"commonq-fixed",-0.0609208759512811,-0.06,-0.06,0,-0.000920875951281139
24,3,"pm-hk",-0.0608340152634174,-0.06,-0.06,0,-0.000834015263417448
24,3,"equalq",-0.06,-0.06,-0.06,0,0
24,3,"aggregate-gate",-0.06,-0.06,-0.06,0,0
24,3,"validation-50",-0.06,-0.06,-0.06,0,0
24,3,"validation-100",-0.06,-0.06,-0.06,0,0
24,3,"validation-200",-0.06,-0.06,-0.06,0,0
24,3,"site-exclusion-200",NA,-0.06,-0.06,0,NA
25,1,"historical-fixed",-0.0758344102819606,-0.0735630784463202,-0.0735630784463202,0,-0.00227133183564042
25,1,"historical-dl",-0.0756884225235837,-0.0735630784463202,-0.0735630784463202,0,-0.00212534407726352
25,1,"historical-q-gate",-0.0758344102819606,-0.0735630784463202,-0.0735630784463202,0,-0.00227133183564042
25,1,"commonq-fixed",-0.0745930149373714,-0.0735630784463202,-0.0735630784463202,0,-0.00102993649105125
25,1,"pm-hk",-0.074489002584493,-0.0735630784463202,-0.0735630784463202,0,-0.000925924138172843
25,1,"equalq",-0.0735630784463202,-0.0735630784463202,-0.0735630784463202,0,0
25,1,"aggregate-gate",-0.0735630784463202,-0.0735630784463202,-0.0735630784463202,0,0
25,1,"validation-50",-0.0735630784463202,-0.0735630784463202,-0.0735630784463202,0,0
25,1,"validation-100",-0.0735630784463202,-0.0735630784463202,-0.0735630784463202,0,0
25,1,"validation-200",-0.0735630784463202,-0.0735630784463202,-0.0735630784463202,0,0
25,1,"site-exclusion-200",NA,-0.0735630784463202,-0.0735630784463202,0,NA
25,2,"historical-fixed",-0.0758344102819606,-0.0735630784463202,-0.0735630784463202,0,-0.00227133183564042
25,2,"historical-dl",-0.0756884225235837,-0.0735630784463202,-0.0735630784463202,0,-0.00212534407726352
25,2,"historical-q-gate",-0.0758344102819606,-0.0735630784463202,-0.0735630784463202,0,-0.00227133183564042
25,2,"commonq-fixed",-0.0745930149373714,-0.0735630784463202,-0.0735630784463202,0,-0.00102993649105125
25,2,"pm-hk",-0.074489002584493,-0.0735630784463202,-0.0735630784463202,0,-0.000925924138172843
25,2,"equalq",-0.0735630784463202,-0.0735630784463202,-0.0735630784463202,0,0
25,2,"aggregate-gate",-0.0735630784463202,-0.0735630784463202,-0.0735630784463202,0,0
25,2,"validation-50",-0.0735630784463202,-0.0735630784463202,-0.0735630784463202,0,0
25,2,"validation-100",-0.0735630784463202,-0.0735630784463202,-0.0735630784463202,0,0
25,2,"validation-200",-0.0735630784463202,-0.0735630784463202,-0.0735630784463202,0,0
25,2,"site-exclusion-200",NA,-0.0735630784463202,-0.0735630784463202,0,NA
25,3,"historical-fixed",-0.0758344102819606,-0.0735630784463202,-0.0735630784463202,0,-0.00227133183564042
25,3,"historical-dl",-0.0756884225235837,-0.0735630784463202,-0.0735630784463202,0,-0.00212534407726352
25,3,"historical-q-gate",-0.0758344102819606,-0.0735630784463202,-0.0735630784463202,0,-0.00227133183564042
25,3,"commonq-fixed",-0.0745930149373714,-0.0735630784463202,-0.0735630784463202,0,-0.00102993649105125
25,3,"pm-hk",-0.074489002584493,-0.0735630784463202,-0.0735630784463202,0,-0.000925924138172843
25,3,"equalq",-0.0735630784463202,-0.0735630784463202,-0.0735630784463202,0,0
25,3,"aggregate-gate",-0.0735630784463202,-0.0735630784463202,-0.0735630784463202,0,0
25,3,"validation-50",-0.0735630784463202,-0.0735630784463202,-0.0735630784463202,0,0
25,3,"validation-100",-0.0735630784463202,-0.0735630784463202,-0.0735630784463202,0,0
25,3,"validation-200",-0.0735630784463202,-0.0735630784463202,-0.0735630784463202,0,0
25,3,"site-exclusion-200",NA,-0.0735630784463202,-0.0735630784463202,0,NA
26,1,"historical-fixed",-0.0749244813189066,-0.0735630784463202,-0.0727268285381933,0.00083624990812689,-0.00136140287258639
26,1,"historical-dl",-0.0749244813189066,-0.0735630784463202,-0.0727268285381933,0.00083624990812689,-0.00136140287258639
26,1,"historical-q-gate",-0.0749244813189066,-0.0735630784463202,-0.0727268285381933,0.00083624990812689,-0.00136140287258639
26,1,"commonq-fixed",-0.0732975348469533,-0.0735630784463202,-0.0727268285381933,0.00083624990812689,0.000265543599366896
26,1,"pm-hk",-0.0732975348469533,-0.0735630784463202,-0.0727268285381933,0.00083624990812689,0.000265543599366896
26,1,"equalq",-0.0727268285381933,-0.0735630784463202,-0.0727268285381933,0.00083624990812689,0.00083624990812689
26,1,"aggregate-gate",-0.0727268285381933,-0.0735630784463202,-0.0727268285381933,0.00083624990812689,0.00083624990812689
26,1,"validation-50",-0.0727268285381933,-0.0735630784463202,-0.0727268285381933,0.00083624990812689,0.00083624990812689
26,1,"validation-100",-0.0727268285381933,-0.0735630784463202,-0.0727268285381933,0.00083624990812689,0.00083624990812689
26,1,"validation-200",-0.0727268285381933,-0.0735630784463202,-0.0727268285381933,0.00083624990812689,0.00083624990812689
26,1,"site-exclusion-200",NA,-0.0735630784463202,-0.0727268285381933,0.00083624990812689,NA
26,2,"historical-fixed",-0.074990461248868,-0.0735630784463202,-0.0727268285381933,0.00083624990812689,-0.00142738280254781
26,2,"historical-dl",-0.0749560464531572,-0.0735630784463202,-0.0727268285381933,0.00083624990812689,-0.00139296800683707
26,2,"historical-q-gate",-0.074990461248868,-0.0735630784463202,-0.0727268285381933,0.00083624990812689,-0.00142738280254781
26,2,"commonq-fixed",-0.0738592375350306,-0.0735630784463202,-0.0727268285381933,0.00083624990812689,-0.00029615908871046
26,2,"pm-hk",-0.0738592375350306,-0.0735630784463202,-0.0727268285381933,0.00083624990812689,-0.00029615908871046
26,2,"equalq",-0.0727268285381933,-0.0735630784463202,-0.0727268285381933,0.00083624990812689,0.00083624990812689
26,2,"aggregate-gate",-0.0727268285381933,-0.0735630784463202,-0.0727268285381933,0.00083624990812689,0.00083624990812689
26,2,"validation-50",-0.0727268285381933,-0.0735630784463202,-0.0727268285381933,0.00083624990812689,0.00083624990812689
26,2,"validation-100",-0.0727268285381933,-0.0735630784463202,-0.0727268285381933,0.00083624990812689,0.00083624990812689
26,2,"validation-200",-0.0727268285381933,-0.0735630784463202,-0.0727268285381933,0.00083624990812689,0.00083624990812689
26,2,"site-exclusion-200",NA,-0.0735630784463202,-0.0727268285381933,0.00083624990812689,NA
26,3,"historical-fixed",-0.0750162467781045,-0.0735630784463202,-0.0727268285381933,0.000836249908126876,-0.00145316833178437
26,3,"historical-dl",-0.0747539966288875,-0.0735630784463202,-0.0727268285381933,0.000836249908126876,-0.00119091818256734
26,3,"historical-q-gate",-0.0750162467781045,-0.0735630784463202,-0.0727268285381933,0.000836249908126876,-0.00145316833178437
26,3,"commonq-fixed",-0.0741799713278306,-0.0735630784463202,-0.0727268285381933,0.000836249908126876,-0.000616892881510414
26,3,"pm-hk",-0.074034755920487,-0.0735630784463202,-0.0727268285381933,0.000836249908126876,-0.00047167747416689
26,3,"equalq",-0.0727268285381933,-0.0735630784463202,-0.0727268285381933,0.000836249908126876,0.000836249908126876
26,3,"aggregate-gate",-0.0727268285381933,-0.0735630784463202,-0.0727268285381933,0.000836249908126876,0.000836249908126876
26,3,"validation-50",-0.0727268285381933,-0.0735630784463202,-0.0727268285381933,0.000836249908126876,0.000836249908126876
26,3,"validation-100",-0.0727268285381933,-0.0735630784463202,-0.0727268285381933,0.000836249908126876,0.000836249908126876
26,3,"validation-200",-0.0727268285381933,-0.0735630784463202,-0.0727268285381933,0.000836249908126876,0.000836249908126876
26,3,"site-exclusion-200",NA,-0.0735630784463202,-0.0727268285381933,0.000836249908126876,NA
27,1,"historical-fixed",-0.0769322027423072,-0.0735630784463202,-0.0746917428052325,-0.00112866435891233,-0.00336912429598707
27,1,"historical-dl",-0.076866771522797,-0.0735630784463202,-0.0746917428052325,-0.00112866435891233,-0.00330369307647679
27,1,"historical-q-gate",-0.0769322027423072,-0.0735630784463202,-0.0746917428052325,-0.00112866435891233,-0.00336912429598707
27,1,"commonq-fixed",-0.075645258243047,-0.0735630784463202,-0.0746917428052325,-0.00112866435891233,-0.00208217979672683
27,1,"pm-hk",-0.0755372480618694,-0.0735630784463202,-0.0746917428052325,-0.00112866435891233,-0.00197416961554926
27,1,"equalq",-0.0746917428052325,-0.0735630784463202,-0.0746917428052325,-0.00112866435891233,-0.00112866435891233
27,1,"aggregate-gate",-0.0746917428052325,-0.0735630784463202,-0.0746917428052325,-0.00112866435891233,-0.00112866435891233
27,1,"validation-50",-0.0746917428052325,-0.0735630784463202,-0.0746917428052325,-0.00112866435891233,-0.00112866435891233
27,1,"validation-100",-0.0746917428052325,-0.0735630784463202,-0.0746917428052325,-0.00112866435891233,-0.00112866435891233
27,1,"validation-200",-0.0746917428052325,-0.0735630784463202,-0.0746917428052325,-0.00112866435891233,-0.00112866435891233
27,1,"site-exclusion-200",NA,-0.0735630784463202,-0.0746917428052325,-0.00112866435891233,NA
27,2,"historical-fixed",-0.0769413496212196,-0.0735630784463202,-0.0746917428052325,-0.00112866435891233,-0.00337827117489944
27,2,"historical-dl",-0.0768404228372362,-0.0735630784463202,-0.0746917428052325,-0.00112866435891233,-0.00327734439091602
27,2,"historical-q-gate",-0.0769413496212196,-0.0735630784463202,-0.0746917428052325,-0.00112866435891233,-0.00337827117489944
27,2,"commonq-fixed",-0.0757288510446113,-0.0735630784463202,-0.0746917428052325,-0.00112866435891233,-0.00216577259829111
27,2,"pm-hk",-0.0756186163255022,-0.0735630784463202,-0.0746917428052325,-0.00112866435891233,-0.00205553787918202
27,2,"equalq",-0.0746917428052325,-0.0735630784463202,-0.0746917428052325,-0.00112866435891233,-0.00112866435891233
27,2,"aggregate-gate",-0.0746917428052325,-0.0735630784463202,-0.0746917428052325,-0.00112866435891233,-0.00112866435891233
27,2,"validation-50",-0.0746917428052325,-0.0735630784463202,-0.0746917428052325,-0.00112866435891233,-0.00112866435891233
27,2,"validation-100",-0.0746917428052325,-0.0735630784463202,-0.0746917428052325,-0.00112866435891233,-0.00112866435891233
27,2,"validation-200",-0.0746917428052325,-0.0735630784463202,-0.0746917428052325,-0.00112866435891233,-0.00112866435891233
27,2,"site-exclusion-200",NA,-0.0735630784463202,-0.0746917428052325,-0.00112866435891233,NA
27,3,"historical-fixed",-0.0769462033751915,-0.0735630784463202,-0.0746917428052325,-0.00112866435891233,-0.00338312492887133
27,3,"historical-dl",-0.0768252427007285,-0.0735630784463202,-0.0746917428052325,-0.00112866435891233,-0.00326216425440833
27,3,"historical-q-gate",-0.0769462033751915,-0.0735630784463202,-0.0746917428052325,-0.00112866435891233,-0.00338312492887133
27,3,"commonq-fixed",-0.0757736057807844,-0.0735630784463202,-0.0746917428052325,-0.00112866435891233,-0.00221052733446422
27,3,"pm-hk",-0.0756622806226274,-0.0735630784463202,-0.0746917428052325,-0.00112866435891233,-0.00209920217630719
27,3,"equalq",-0.0746917428052325,-0.0735630784463202,-0.0746917428052325,-0.00112866435891233,-0.00112866435891233
27,3,"aggregate-gate",-0.0746917428052325,-0.0735630784463202,-0.0746917428052325,-0.00112866435891233,-0.00112866435891233
27,3,"validation-50",-0.0746917428052325,-0.0735630784463202,-0.0746917428052325,-0.00112866435891233,-0.00112866435891233
27,3,"validation-100",-0.0746917428052325,-0.0735630784463202,-0.0746917428052325,-0.00112866435891233,-0.00112866435891233
27,3,"validation-200",-0.0746917428052325,-0.0735630784463202,-0.0746917428052325,-0.00112866435891233,-0.00112866435891233
27,3,"site-exclusion-200",NA,-0.0735630784463202,-0.0746917428052325,-0.00112866435891233,NA
28,1,"historical-fixed",-0.070526602122858,-0.0735630784463202,-0.0685630784463202,0.005,0.00303647632346221
28,1,"historical-dl",-0.0701301138549731,-0.0735630784463202,-0.0685630784463202,0.005,0.00343296459134702
28,1,"historical-q-gate",-0.070526602122858,-0.0735630784463202,-0.0685630784463202,0.005,0.00303647632346221
28,1,"commonq-fixed",-0.0695679296764119,-0.0735630784463202,-0.0685630784463202,0.005,0.00399514876990827
28,1,"pm-hk",-0.069298759814563,-0.0735630784463202,-0.0685630784463202,0.005,0.00426431863175715
28,1,"equalq",-0.0685630784463202,-0.0735630784463202,-0.0685630784463202,0.005,0.005
28,1,"aggregate-gate",-0.0685630784463202,-0.0735630784463202,-0.0685630784463202,0.005,0.005
28,1,"validation-50",-0.0685630784463202,-0.0735630784463202,-0.0685630784463202,0.005,0.005
28,1,"validation-100",-0.0685630784463202,-0.0735630784463202,-0.0685630784463202,0.005,0.005
28,1,"validation-200",-0.0685630784463202,-0.0735630784463202,-0.0685630784463202,0.005,0.005
28,1,"site-exclusion-200",NA,-0.0735630784463202,-0.0685630784463202,0.005,NA
28,2,"historical-fixed",-0.0704544312107554,-0.0735630784463202,-0.0685630784463202,0.005,0.00310864723556478
28,2,"historical-dl",-0.0699806735940937,-0.0735630784463202,-0.0685630784463202,0.005,0.00358240485222648
28,2,"historical-q-gate",-0.0704544312107554,-0.0735630784463202,-0.0685630784463202,0.005,0.00310864723556478
28,2,"commonq-fixed",-0.0691620694583994,-0.0735630784463202,-0.0685630784463202,0.005,0.0044010089879208
28,2,"pm-hk",-0.0690149656189212,-0.0735630784463202,-0.0685630784463202,0.005,0.00454811282739899
28,2,"equalq",-0.0685630784463202,-0.0735630784463202,-0.0685630784463202,0.005,0.005
28,2,"aggregate-gate",-0.0685630784463202,-0.0735630784463202,-0.0685630784463202,0.005,0.005
28,2,"validation-50",-0.0685630784463202,-0.0735630784463202,-0.0685630784463202,0.005,0.005
28,2,"validation-100",-0.0685630784463202,-0.0735630784463202,-0.0685630784463202,0.005,0.005
28,2,"validation-200",-0.0685630784463202,-0.0735630784463202,-0.0685630784463202,0.005,0.005
28,2,"site-exclusion-200",NA,-0.0735630784463202,-0.0685630784463202,0.005,NA
28,3,"historical-fixed",-0.0704007804985637,-0.0735630784463202,-0.0685630784463202,0.005,0.00316229794775642
28,3,"historical-dl",-0.0699101488259388,-0.0735630784463202,-0.0685630784463202,0.005,0.00365292962038134
28,3,"historical-q-gate",-0.0704007804985637,-0.0735630784463202,-0.0685630784463202,0.005,0.00316229794775642
28,3,"commonq-fixed",-0.0689444887060383,-0.0735630784463202,-0.0685630784463202,0.005,0.00461858974028186
28,3,"pm-hk",-0.0688706308199086,-0.0735630784463202,-0.0685630784463202,0.005,0.00469244762641158
28,3,"equalq",-0.0685630784463202,-0.0735630784463202,-0.0685630784463202,0.005,0.005
28,3,"aggregate-gate",-0.0685630784463202,-0.0735630784463202,-0.0685630784463202,0.005,0.005
28,3,"validation-50",-0.0685630784463202,-0.0735630784463202,-0.0685630784463202,0.005,0.005
28,3,"validation-100",-0.0685630784463202,-0.0735630784463202,-0.0685630784463202,0.005,0.005
28,3,"validation-200",-0.0685630784463202,-0.0735630784463202,-0.0685630784463202,0.005,0.005
28,3,"site-exclusion-200",NA,-0.0735630784463202,-0.0685630784463202,0.005,NA
29,1,"historical-fixed",-0.0669154682515854,-0.0735630784463202,-0.0635630784463202,0.01,0.00664761019473477
29,1,"historical-dl",-0.0659309533993169,-0.0735630784463202,-0.0635630784463202,0.01,0.00763212504700324
29,1,"historical-q-gate",-0.0669154682515854,-0.0735630784463202,-0.0635630784463202,0.01,0.00664761019473477
29,1,"commonq-fixed",-0.0665174577466906,-0.0735630784463202,-0.0635630784463202,0.01,0.00704562069962959
29,1,"pm-hk",-0.0654986488236226,-0.0735630784463202,-0.0635630784463202,0.01,0.00806442962269756
29,1,"equalq",-0.0635630784463202,-0.0735630784463202,-0.0635630784463202,0.01,0.01
29,1,"aggregate-gate",-0.0635630784463202,-0.0735630784463202,-0.0635630784463202,0.01,0.01
29,1,"validation-50",-0.0635630784463202,-0.0735630784463202,-0.0635630784463202,0.01,0.01
29,1,"validation-100",-0.0635630784463202,-0.0735630784463202,-0.0635630784463202,0.01,0.01
29,1,"validation-200",-0.0635630784463202,-0.0735630784463202,-0.0635630784463202,0.01,0.01
29,1,"site-exclusion-200",NA,-0.0735630784463202,-0.0635630784463202,0.01,NA
29,2,"historical-fixed",-0.0675739466456805,-0.0735630784463202,-0.0635630784463202,0.01,0.00598913180063963
29,2,"historical-dl",-0.0658264379050317,-0.0735630784463202,-0.0635630784463202,0.01,0.00773664054128843
29,2,"historical-q-gate",-0.0675739466456805,-0.0735630784463202,-0.0635630784463202,0.01,0.00598913180063963
29,2,"commonq-fixed",-0.0662322165098267,-0.0735630784463202,-0.0635630784463202,0.01,0.00733086193649345
29,2,"pm-hk",-0.0651176060590692,-0.0735630784463202,-0.0635630784463202,0.01,0.00844547238725099
29,2,"equalq",-0.0635630784463202,-0.0735630784463202,-0.0635630784463202,0.01,0.01
29,2,"aggregate-gate",-0.0635630784463202,-0.0735630784463202,-0.0635630784463202,0.01,0.01
29,2,"validation-50",-0.0635630784463202,-0.0735630784463202,-0.0635630784463202,0.01,0.01
29,2,"validation-100",-0.0635630784463202,-0.0735630784463202,-0.0635630784463202,0.01,0.01
29,2,"validation-200",-0.0635630784463202,-0.0735630784463202,-0.0635630784463202,0.01,0.01
29,2,"site-exclusion-200",NA,-0.0735630784463202,-0.0635630784463202,0.01,NA
29,3,"historical-fixed",-0.0678701739646369,-0.0735630784463202,-0.0635630784463202,0.01,0.0056929044816833
29,3,"historical-dl",-0.0657682988303243,-0.0735630784463202,-0.0635630784463202,0.01,0.00779477961599591
29,3,"historical-q-gate",-0.0678701739646369,-0.0735630784463202,-0.0635630784463202,0.01,0.0056929044816833
29,3,"commonq-fixed",-0.0660840575465424,-0.0735630784463202,-0.0635630784463202,0.01,0.00747902089977777
29,3,"pm-hk",-0.064943942035999,-0.0735630784463202,-0.0635630784463202,0.01,0.00861913641032119
29,3,"equalq",-0.0635630784463202,-0.0735630784463202,-0.0635630784463202,0.01,0.01
29,3,"aggregate-gate",-0.0635630784463202,-0.0735630784463202,-0.0635630784463202,0.01,0.01
29,3,"validation-50",-0.0635630784463202,-0.0735630784463202,-0.0635630784463202,0.01,0.01
29,3,"validation-100",-0.0635630784463202,-0.0735630784463202,-0.0635630784463202,0.01,0.01
29,3,"validation-200",-0.0635630784463202,-0.0735630784463202,-0.0635630784463202,0.01,0.01
29,3,"site-exclusion-200",NA,-0.0735630784463202,-0.0635630784463202,0.01,NA
30,1,"historical-fixed",-0.0758344102819606,-0.0735630784463202,-0.0735630784463202,0,-0.00227133183564042
30,1,"historical-dl",-0.0756884225235837,-0.0735630784463202,-0.0735630784463202,0,-0.00212534407726352
30,1,"historical-q-gate",-0.0758344102819606,-0.0735630784463202,-0.0735630784463202,0,-0.00227133183564042
30,1,"commonq-fixed",-0.0745930149373714,-0.0735630784463202,-0.0735630784463202,0,-0.00102993649105125
30,1,"pm-hk",-0.074489002584493,-0.0735630784463202,-0.0735630784463202,0,-0.000925924138172843
30,1,"equalq",-0.0735630784463202,-0.0735630784463202,-0.0735630784463202,0,0
30,1,"aggregate-gate",-0.0735630784463202,-0.0735630784463202,-0.0735630784463202,0,0
30,1,"validation-50",-0.0735630784463202,-0.0735630784463202,-0.0735630784463202,0,0
30,1,"validation-100",-0.0735630784463202,-0.0735630784463202,-0.0735630784463202,0,0
30,1,"validation-200",-0.0735630784463202,-0.0735630784463202,-0.0735630784463202,0,0
30,1,"site-exclusion-200",NA,-0.0735630784463202,-0.0735630784463202,0,NA
30,2,"historical-fixed",-0.0758344102819606,-0.0735630784463202,-0.0735630784463202,0,-0.00227133183564042
30,2,"historical-dl",-0.0756884225235837,-0.0735630784463202,-0.0735630784463202,0,-0.00212534407726352
30,2,"historical-q-gate",-0.0758344102819606,-0.0735630784463202,-0.0735630784463202,0,-0.00227133183564042
30,2,"commonq-fixed",-0.0745930149373714,-0.0735630784463202,-0.0735630784463202,0,-0.00102993649105125
30,2,"pm-hk",-0.074489002584493,-0.0735630784463202,-0.0735630784463202,0,-0.000925924138172843
30,2,"equalq",-0.0735630784463202,-0.0735630784463202,-0.0735630784463202,0,0
30,2,"aggregate-gate",-0.0735630784463202,-0.0735630784463202,-0.0735630784463202,0,0
30,2,"validation-50",-0.0735630784463202,-0.0735630784463202,-0.0735630784463202,0,0
30,2,"validation-100",-0.0735630784463202,-0.0735630784463202,-0.0735630784463202,0,0
30,2,"validation-200",-0.0735630784463202,-0.0735630784463202,-0.0735630784463202,0,0
30,2,"site-exclusion-200",NA,-0.0735630784463202,-0.0735630784463202,0,NA
30,3,"historical-fixed",-0.0758344102819606,-0.0735630784463202,-0.0735630784463202,0,-0.00227133183564042
30,3,"historical-dl",-0.0756884225235837,-0.0735630784463202,-0.0735630784463202,0,-0.00212534407726352
30,3,"historical-q-gate",-0.0758344102819606,-0.0735630784463202,-0.0735630784463202,0,-0.00227133183564042
30,3,"commonq-fixed",-0.0745930149373714,-0.0735630784463202,-0.0735630784463202,0,-0.00102993649105125
30,3,"pm-hk",-0.074489002584493,-0.0735630784463202,-0.0735630784463202,0,-0.000925924138172843
30,3,"equalq",-0.0735630784463202,-0.0735630784463202,-0.0735630784463202,0,0
30,3,"aggregate-gate",-0.0735630784463202,-0.0735630784463202,-0.0735630784463202,0,0
30,3,"validation-50",-0.0735630784463202,-0.0735630784463202,-0.0735630784463202,0,0
30,3,"validation-100",-0.0735630784463202,-0.0735630784463202,-0.0735630784463202,0,0
30,3,"validation-200",-0.0735630784463202,-0.0735630784463202,-0.0735630784463202,0,0
30,3,"site-exclusion-200",NA,-0.0735630784463202,-0.0735630784463202,0,NA
31,1,"historical-fixed",-0.0893770654042384,-0.0871261568926403,-0.0871261568926403,0,-0.00225090851159809
31,1,"historical-dl",-0.0893770654042384,-0.0871261568926403,-0.0871261568926403,0,-0.00225090851159809
31,1,"historical-q-gate",-0.0893770654042384,-0.0871261568926403,-0.0871261568926403,0,-0.00225090851159809
31,1,"commonq-fixed",-0.0882621774920313,-0.0871261568926403,-0.0871261568926403,0,-0.00113602059939094
31,1,"pm-hk",-0.0881419909822868,-0.0871261568926403,-0.0871261568926403,0,-0.00101583408964649
31,1,"equalq",-0.0871261568926403,-0.0871261568926403,-0.0871261568926403,0,0
31,1,"aggregate-gate",-0.0871261568926403,-0.0871261568926403,-0.0871261568926403,0,0
31,1,"validation-50",-0.0871261568926403,-0.0871261568926403,-0.0871261568926403,0,0
31,1,"validation-100",-0.0871261568926403,-0.0871261568926403,-0.0871261568926403,0,0
31,1,"validation-200",-0.0871261568926403,-0.0871261568926403,-0.0871261568926403,0,0
31,1,"site-exclusion-200",NA,-0.0871261568926403,-0.0871261568926403,0,NA
31,2,"historical-fixed",-0.0893770654042384,-0.0871261568926403,-0.0871261568926403,0,-0.00225090851159809
31,2,"historical-dl",-0.0893770654042384,-0.0871261568926403,-0.0871261568926403,0,-0.00225090851159809
31,2,"historical-q-gate",-0.0893770654042384,-0.0871261568926403,-0.0871261568926403,0,-0.00225090851159809
31,2,"commonq-fixed",-0.0882621774920313,-0.0871261568926403,-0.0871261568926403,0,-0.00113602059939094
31,2,"pm-hk",-0.0881419909822868,-0.0871261568926403,-0.0871261568926403,0,-0.00101583408964649
31,2,"equalq",-0.0871261568926403,-0.0871261568926403,-0.0871261568926403,0,0
31,2,"aggregate-gate",-0.0871261568926403,-0.0871261568926403,-0.0871261568926403,0,0
31,2,"validation-50",-0.0871261568926403,-0.0871261568926403,-0.0871261568926403,0,0
31,2,"validation-100",-0.0871261568926403,-0.0871261568926403,-0.0871261568926403,0,0
31,2,"validation-200",-0.0871261568926403,-0.0871261568926403,-0.0871261568926403,0,0
31,2,"site-exclusion-200",NA,-0.0871261568926403,-0.0871261568926403,0,NA
31,3,"historical-fixed",-0.0893770654042384,-0.0871261568926403,-0.0871261568926403,0,-0.00225090851159809
31,3,"historical-dl",-0.0893770654042384,-0.0871261568926403,-0.0871261568926403,0,-0.00225090851159809
31,3,"historical-q-gate",-0.0893770654042384,-0.0871261568926403,-0.0871261568926403,0,-0.00225090851159809
31,3,"commonq-fixed",-0.0882621774920313,-0.0871261568926403,-0.0871261568926403,0,-0.00113602059939094
31,3,"pm-hk",-0.0881419909822868,-0.0871261568926403,-0.0871261568926403,0,-0.00101583408964649
31,3,"equalq",-0.0871261568926403,-0.0871261568926403,-0.0871261568926403,0,0
31,3,"aggregate-gate",-0.0871261568926403,-0.0871261568926403,-0.0871261568926403,0,0
31,3,"validation-50",-0.0871261568926403,-0.0871261568926403,-0.0871261568926403,0,0
31,3,"validation-100",-0.0871261568926403,-0.0871261568926403,-0.0871261568926403,0,0
31,3,"validation-200",-0.0871261568926403,-0.0871261568926403,-0.0871261568926403,0,0
31,3,"site-exclusion-200",NA,-0.0871261568926403,-0.0871261568926403,0,NA
32,1,"historical-fixed",-0.0873939179785959,-0.0871261568926403,-0.0854536570763866,0.00167249981625378,-0.000267761085955609
32,1,"historical-dl",-0.0873939179785959,-0.0871261568926403,-0.0854536570763866,0.00167249981625378,-0.000267761085955609
32,1,"historical-q-gate",-0.0873939179785959,-0.0871261568926403,-0.0854536570763866,0.00167249981625378,-0.000267761085955609
32,1,"commonq-fixed",-0.0864471077227535,-0.0871261568926403,-0.0854536570763866,0.00167249981625378,0.000679049169886856
32,1,"pm-hk",-0.0864471077227535,-0.0871261568926403,-0.0854536570763866,0.00167249981625378,0.000679049169886856
32,1,"equalq",-0.0854536570763866,-0.0871261568926403,-0.0854536570763866,0.00167249981625378,0.00167249981625378
32,1,"aggregate-gate",-0.0854536570763866,-0.0871261568926403,-0.0854536570763866,0.00167249981625378,0.00167249981625378
32,1,"validation-50",-0.0854536570763866,-0.0871261568926403,-0.0854536570763866,0.00167249981625378,0.00167249981625378
32,1,"validation-100",-0.0854536570763866,-0.0871261568926403,-0.0854536570763866,0.00167249981625378,0.00167249981625378
32,1,"validation-200",-0.0854536570763866,-0.0871261568926403,-0.0854536570763866,0.00167249981625378,0.00167249981625378
32,1,"site-exclusion-200",NA,-0.0871261568926403,-0.0854536570763866,0.00167249981625378,NA
32,2,"historical-fixed",-0.0874691860533511,-0.0871261568926403,-0.0854536570763866,0.00167249981625377,-0.000343029160710745
32,2,"historical-dl",-0.0874691860533511,-0.0871261568926403,-0.0854536570763866,0.00167249981625377,-0.000343029160710745
32,2,"historical-q-gate",-0.0874691860533511,-0.0871261568926403,-0.0854536570763866,0.00167249981625377,-0.000343029160710745
32,2,"commonq-fixed",-0.0869893826669647,-0.0871261568926403,-0.0854536570763866,0.00167249981625377,0.000136774225675623
32,2,"pm-hk",-0.0869757215285703,-0.0871261568926403,-0.0854536570763866,0.00167249981625377,0.000150435364070028
32,2,"equalq",-0.0854536570763866,-0.0871261568926403,-0.0854536570763866,0.00167249981625377,0.00167249981625377
32,2,"aggregate-gate",-0.0854536570763866,-0.0871261568926403,-0.0854536570763866,0.00167249981625377,0.00167249981625377
32,2,"validation-50",-0.0854536570763866,-0.0871261568926403,-0.0854536570763866,0.00167249981625377,0.00167249981625377
32,2,"validation-100",-0.0854536570763866,-0.0871261568926403,-0.0854536570763866,0.00167249981625377,0.00167249981625377
32,2,"validation-200",-0.0854536570763866,-0.0871261568926403,-0.0854536570763866,0.00167249981625377,0.00167249981625377
32,2,"site-exclusion-200",NA,-0.0871261568926403,-0.0854536570763866,0.00167249981625377,NA
32,3,"historical-fixed",-0.0874978767761402,-0.0871261568926403,-0.0854536570763866,0.00167249981625377,-0.000371719883499835
32,3,"historical-dl",-0.0874215156739993,-0.0871261568926403,-0.0854536570763866,0.00167249981625377,-0.000295358781358931
32,3,"historical-q-gate",-0.0874978767761402,-0.0871261568926403,-0.0854536570763866,0.00167249981625377,-0.000371719883499835
32,3,"commonq-fixed",-0.087298349871172,-0.0871261568926403,-0.0854536570763866,0.00167249981625377,-0.000172192978531716
32,3,"pm-hk",-0.0870881691065428,-0.0871261568926403,-0.0854536570763866,0.00167249981625377,3.79877860974959e-05
32,3,"equalq",-0.0854536570763866,-0.0871261568926403,-0.0854536570763866,0.00167249981625377,0.00167249981625377
32,3,"aggregate-gate",-0.0854536570763866,-0.0871261568926403,-0.0854536570763866,0.00167249981625377,0.00167249981625377
32,3,"validation-50",-0.0854536570763866,-0.0871261568926403,-0.0854536570763866,0.00167249981625377,0.00167249981625377
32,3,"validation-100",-0.0854536570763866,-0.0871261568926403,-0.0854536570763866,0.00167249981625377,0.00167249981625377
32,3,"validation-200",-0.0854536570763866,-0.0871261568926403,-0.0854536570763866,0.00167249981625377,0.00167249981625377
32,3,"site-exclusion-200",NA,-0.0871261568926403,-0.0854536570763866,0.00167249981625377,NA
33,1,"historical-fixed",-0.0915575183171013,-0.0871261568926403,-0.089383485610465,-0.00225732871782466,-0.00443136142446092
33,1,"historical-dl",-0.0915575183171013,-0.0871261568926403,-0.089383485610465,-0.00225732871782466,-0.00443136142446092
33,1,"historical-q-gate",-0.0915575183171013,-0.0871261568926403,-0.089383485610465,-0.00225732871782466,-0.00443136142446092
33,1,"commonq-fixed",-0.0903603574671839,-0.0871261568926403,-0.089383485610465,-0.00225732871782466,-0.00323420057454354
33,1,"pm-hk",-0.0902190960640818,-0.0871261568926403,-0.089383485610465,-0.00225732871782466,-0.00309293917144146
33,1,"equalq",-0.089383485610465,-0.0871261568926403,-0.089383485610465,-0.00225732871782466,-0.00225732871782466
33,1,"aggregate-gate",-0.089383485610465,-0.0871261568926403,-0.089383485610465,-0.00225732871782466,-0.00225732871782466
33,1,"validation-50",-0.089383485610465,-0.0871261568926403,-0.089383485610465,-0.00225732871782466,-0.00225732871782466
33,1,"validation-100",-0.089383485610465,-0.0871261568926403,-0.089383485610465,-0.00225732871782466,-0.00225732871782466
33,1,"validation-200",-0.089383485610465,-0.0871261568926403,-0.089383485610465,-0.00225732871782466,-0.00225732871782466
33,1,"site-exclusion-200",NA,-0.0871261568926403,-0.089383485610465,-0.00225732871782466,NA
33,2,"historical-fixed",-0.0915790548112731,-0.0871261568926403,-0.089383485610465,-0.00225732871782468,-0.00445289791863278
33,2,"historical-dl",-0.0915790548112731,-0.0871261568926403,-0.089383485610465,-0.00225732871782468,-0.00445289791863278
33,2,"historical-q-gate",-0.0915790548112731,-0.0871261568926403,-0.089383485610465,-0.00225732871782468,-0.00445289791863278
33,2,"commonq-fixed",-0.090525960188912,-0.0871261568926403,-0.089383485610465,-0.00225732871782468,-0.00339980329627172
33,2,"pm-hk",-0.0903766033635497,-0.0871261568926403,-0.089383485610465,-0.00225732871782468,-0.00325044647090936
33,2,"equalq",-0.089383485610465,-0.0871261568926403,-0.089383485610465,-0.00225732871782468,-0.00225732871782468
33,2,"aggregate-gate",-0.089383485610465,-0.0871261568926403,-0.089383485610465,-0.00225732871782468,-0.00225732871782468
33,2,"validation-50",-0.089383485610465,-0.0871261568926403,-0.089383485610465,-0.00225732871782468,-0.00225732871782468
33,2,"validation-100",-0.089383485610465,-0.0871261568926403,-0.089383485610465,-0.00225732871782468,-0.00225732871782468
33,2,"validation-200",-0.089383485610465,-0.0871261568926403,-0.089383485610465,-0.00225732871782468,-0.00225732871782468
33,2,"site-exclusion-200",NA,-0.0871261568926403,-0.089383485610465,-0.00225732871782468,NA
33,3,"historical-fixed",-0.091590608128365,-0.0871261568926403,-0.089383485610465,-0.00225732871782468,-0.00446445123572467
33,3,"historical-dl",-0.091590608128365,-0.0871261568926403,-0.089383485610465,-0.00225732871782468,-0.00446445123572467
33,3,"historical-q-gate",-0.091590608128365,-0.0871261568926403,-0.089383485610465,-0.00225732871782468,-0.00446445123572467
33,3,"commonq-fixed",-0.0906145197039087,-0.0871261568926403,-0.089383485610465,-0.00225732871782468,-0.00348836281126835
33,3,"pm-hk",-0.0904620303696627,-0.0871261568926403,-0.089383485610465,-0.00225732871782468,-0.00333587347702233
33,3,"equalq",-0.089383485610465,-0.0871261568926403,-0.089383485610465,-0.00225732871782468,-0.00225732871782468
33,3,"aggregate-gate",-0.089383485610465,-0.0871261568926403,-0.089383485610465,-0.00225732871782468,-0.00225732871782468
33,3,"validation-50",-0.089383485610465,-0.0871261568926403,-0.089383485610465,-0.00225732871782468,-0.00225732871782468
33,3,"validation-100",-0.089383485610465,-0.0871261568926403,-0.089383485610465,-0.00225732871782468,-0.00225732871782468
33,3,"validation-200",-0.089383485610465,-0.0871261568926403,-0.089383485610465,-0.00225732871782468,-0.00225732871782468
33,3,"site-exclusion-200",NA,-0.0871261568926403,-0.089383485610465,-0.00225732871782468,NA
34,1,"historical-fixed",-0.0788835907352417,-0.0871261568926403,-0.0771261568926403,0.01,0.00824256615739867
34,1,"historical-dl",-0.0782480946947413,-0.0871261568926403,-0.0771261568926403,0.01,0.00887806219789902
34,1,"historical-q-gate",-0.0788835907352417,-0.0871261568926403,-0.0771261568926403,0.01,0.00824256615739867
34,1,"commonq-fixed",-0.0783729116192518,-0.0871261568926403,-0.0771261568926403,0.01,0.00875324527338854
34,1,"pm-hk",-0.0777858134606299,-0.0871261568926403,-0.0771261568926403,0.01,0.00934034343201041
34,1,"equalq",-0.0771261568926403,-0.0871261568926403,-0.0771261568926403,0.01,0.01
34,1,"aggregate-gate",-0.0771261568926403,-0.0871261568926403,-0.0771261568926403,0.01,0.01
34,1,"validation-50",-0.0771261568926403,-0.0871261568926403,-0.0771261568926403,0.01,0.01
34,1,"validation-100",-0.0771261568926403,-0.0871261568926403,-0.0771261568926403,0.01,0.01
34,1,"validation-200",-0.0771261568926403,-0.0871261568926403,-0.0771261568926403,0.01,0.01
34,1,"site-exclusion-200",NA,-0.0871261568926403,-0.0771261568926403,0.01,NA
34,2,"historical-fixed",-0.0789572164785439,-0.0871261568926403,-0.0771261568926403,0.01,0.00816894041409642
34,2,"historical-dl",-0.0781166149652365,-0.0871261568926403,-0.0771261568926403,0.01,0.0090095419274038
34,2,"historical-q-gate",-0.0789572164785439,-0.0871261568926403,-0.0771261568926403,0.01,0.00816894041409642
34,2,"commonq-fixed",-0.0777124569118059,-0.0871261568926403,-0.0771261568926403,0.01,0.00941369998083447
34,2,"pm-hk",-0.0774381063043636,-0.0871261568926403,-0.0771261568926403,0.01,0.00968805058827671
34,2,"equalq",-0.0771261568926403,-0.0871261568926403,-0.0771261568926403,0.01,0.01
34,2,"aggregate-gate",-0.0771261568926403,-0.0871261568926403,-0.0771261568926403,0.01,0.01
34,2,"validation-50",-0.0771261568926403,-0.0871261568926403,-0.0771261568926403,0.01,0.01
34,2,"validation-100",-0.0771261568926403,-0.0871261568926403,-0.0771261568926403,0.01,0.01
34,2,"validation-200",-0.0771261568926403,-0.0871261568926403,-0.0771261568926403,0.01,0.01
34,2,"site-exclusion-200",NA,-0.0871261568926403,-0.0771261568926403,0.01,NA
34,3,"historical-fixed",-0.0789641983802995,-0.0871261568926403,-0.0771261568926403,0.01,0.0081619585123408
34,3,"historical-dl",-0.0780536436603997,-0.0871261568926403,-0.0771261568926403,0.01,0.00907251323224065
34,3,"historical-q-gate",-0.0789641983802995,-0.0871261568926403,-0.0771261568926403,0.01,0.0081619585123408
34,3,"commonq-fixed",-0.0773603289911789,-0.0871261568926403,-0.0771261568926403,0.01,0.00976582790146145
34,3,"pm-hk",-0.0772707276526433,-0.0871261568926403,-0.0771261568926403,0.01,0.00985542923999701
34,3,"equalq",-0.0771261568926403,-0.0871261568926403,-0.0771261568926403,0.01,0.01
34,3,"aggregate-gate",-0.0771261568926403,-0.0871261568926403,-0.0771261568926403,0.01,0.01
34,3,"validation-50",-0.0771261568926403,-0.0871261568926403,-0.0771261568926403,0.01,0.01
34,3,"validation-100",-0.0771261568926403,-0.0871261568926403,-0.0771261568926403,0.01,0.01
34,3,"validation-200",-0.0771261568926403,-0.0871261568926403,-0.0771261568926403,0.01,0.01
34,3,"site-exclusion-200",NA,-0.0871261568926403,-0.0771261568926403,0.01,NA
35,1,"historical-fixed",-0.0731959567405109,-0.0871261568926403,-0.0671261568926403,0.02,0.0139302001521295
35,1,"historical-dl",-0.0692415451270162,-0.0871261568926403,-0.0671261568926403,0.02,0.0178846117656241
35,1,"historical-q-gate",-0.0731959567405109,-0.0871261568926403,-0.0671261568926403,0.02,0.0139302001521295
35,1,"commonq-fixed",-0.0732001990201264,-0.0871261568926403,-0.0671261568926403,0.02,0.0139259578725139
35,1,"pm-hk",-0.0689765828090801,-0.0871261568926403,-0.0671261568926403,0.02,0.0181495740835602
35,1,"equalq",-0.0671261568926403,-0.0871261568926403,-0.0671261568926403,0.02,0.02
35,1,"aggregate-gate",-0.0671261568926403,-0.0871261568926403,-0.0671261568926403,0.02,0.02
35,1,"validation-50",-0.0671261568926403,-0.0871261568926403,-0.0671261568926403,0.02,0.02
35,1,"validation-100",-0.0671261568926403,-0.0871261568926403,-0.0671261568926403,0.02,0.02
35,1,"validation-200",-0.0671261568926403,-0.0871261568926403,-0.0671261568926403,0.02,0.02
35,1,"site-exclusion-200",NA,-0.0871261568926403,-0.0671261568926403,0.02,NA
35,2,"historical-fixed",-0.073819529811248,-0.0871261568926403,-0.0671261568926403,0.02,0.0133066270813923
35,2,"historical-dl",-0.069041421085513,-0.0871261568926403,-0.0671261568926403,0.02,0.0180847358071273
35,2,"historical-q-gate",-0.073819529811248,-0.0871261568926403,-0.0671261568926403,0.02,0.0133066270813923
35,2,"commonq-fixed",-0.0724053742200216,-0.0871261568926403,-0.0671261568926403,0.02,0.0147207826726188
35,2,"pm-hk",-0.0685895899808265,-0.0871261568926403,-0.0671261568926403,0.02,0.0185365669118138
35,2,"equalq",-0.0671261568926403,-0.0871261568926403,-0.0671261568926403,0.02,0.02
35,2,"aggregate-gate",-0.0671261568926403,-0.0871261568926403,-0.0671261568926403,0.02,0.02
35,2,"validation-50",-0.0671261568926403,-0.0871261568926403,-0.0671261568926403,0.02,0.02
35,2,"validation-100",-0.0671261568926403,-0.0871261568926403,-0.0671261568926403,0.02,0.02
35,2,"validation-200",-0.0671261568926403,-0.0871261568926403,-0.0671261568926403,0.02,0.02
35,2,"site-exclusion-200",NA,-0.0871261568926403,-0.0671261568926403,0.02,NA
35,3,"historical-fixed",-0.0740877736175839,-0.0871261568926403,-0.0671261568926403,0.02,0.0130383832750565
35,3,"historical-dl",-0.068953321866173,-0.0871261568926403,-0.0671261568926403,0.02,0.0181728350264673
35,3,"historical-q-gate",-0.0740877736175839,-0.0871261568926403,-0.0671261568926403,0.02,0.0130383832750565
35,3,"commonq-fixed",-0.0719839381441276,-0.0871261568926403,-0.0671261568926403,0.02,0.0151422187485127
35,3,"pm-hk",-0.068406241623095,-0.0871261568926403,-0.0671261568926403,0.02,0.0187199152695453
35,3,"equalq",-0.0671261568926403,-0.0871261568926403,-0.0671261568926403,0.02,0.02
35,3,"aggregate-gate",-0.0671261568926403,-0.0871261568926403,-0.0671261568926403,0.02,0.02
35,3,"validation-50",-0.0671261568926403,-0.0871261568926403,-0.0671261568926403,0.02,0.02
35,3,"validation-100",-0.0671261568926403,-0.0871261568926403,-0.0671261568926403,0.02,0.02
35,3,"validation-200",-0.0671261568926403,-0.0871261568926403,-0.0671261568926403,0.02,0.02
35,3,"site-exclusion-200",NA,-0.0871261568926403,-0.0671261568926403,0.02,NA
36,1,"historical-fixed",-0.0893770654042384,-0.0871261568926403,-0.0871261568926403,0,-0.00225090851159809
36,1,"historical-dl",-0.0893770654042384,-0.0871261568926403,-0.0871261568926403,0,-0.00225090851159809
36,1,"historical-q-gate",-0.0893770654042384,-0.0871261568926403,-0.0871261568926403,0,-0.00225090851159809
36,1,"commonq-fixed",-0.0882621774920313,-0.0871261568926403,-0.0871261568926403,0,-0.00113602059939094
36,1,"pm-hk",-0.0881419909822868,-0.0871261568926403,-0.0871261568926403,0,-0.00101583408964649
36,1,"equalq",-0.0871261568926403,-0.0871261568926403,-0.0871261568926403,0,0
36,1,"aggregate-gate",-0.0871261568926403,-0.0871261568926403,-0.0871261568926403,0,0
36,1,"validation-50",-0.0871261568926403,-0.0871261568926403,-0.0871261568926403,0,0
36,1,"validation-100",-0.0871261568926403,-0.0871261568926403,-0.0871261568926403,0,0
36,1,"validation-200",-0.0871261568926403,-0.0871261568926403,-0.0871261568926403,0,0
36,1,"site-exclusion-200",NA,-0.0871261568926403,-0.0871261568926403,0,NA
36,2,"historical-fixed",-0.0893770654042384,-0.0871261568926403,-0.0871261568926403,0,-0.00225090851159809
36,2,"historical-dl",-0.0893770654042384,-0.0871261568926403,-0.0871261568926403,0,-0.00225090851159809
36,2,"historical-q-gate",-0.0893770654042384,-0.0871261568926403,-0.0871261568926403,0,-0.00225090851159809
36,2,"commonq-fixed",-0.0882621774920313,-0.0871261568926403,-0.0871261568926403,0,-0.00113602059939094
36,2,"pm-hk",-0.0881419909822868,-0.0871261568926403,-0.0871261568926403,0,-0.00101583408964649
36,2,"equalq",-0.0871261568926403,-0.0871261568926403,-0.0871261568926403,0,0
36,2,"aggregate-gate",-0.0871261568926403,-0.0871261568926403,-0.0871261568926403,0,0
36,2,"validation-50",-0.0871261568926403,-0.0871261568926403,-0.0871261568926403,0,0
36,2,"validation-100",-0.0871261568926403,-0.0871261568926403,-0.0871261568926403,0,0
36,2,"validation-200",-0.0871261568926403,-0.0871261568926403,-0.0871261568926403,0,0
36,2,"site-exclusion-200",NA,-0.0871261568926403,-0.0871261568926403,0,NA
36,3,"historical-fixed",-0.0893770654042384,-0.0871261568926403,-0.0871261568926403,0,-0.00225090851159809
36,3,"historical-dl",-0.0893770654042384,-0.0871261568926403,-0.0871261568926403,0,-0.00225090851159809
36,3,"historical-q-gate",-0.0893770654042384,-0.0871261568926403,-0.0871261568926403,0,-0.00225090851159809
36,3,"commonq-fixed",-0.0882621774920313,-0.0871261568926403,-0.0871261568926403,0,-0.00113602059939094
36,3,"pm-hk",-0.0881419909822868,-0.0871261568926403,-0.0871261568926403,0,-0.00101583408964649
36,3,"equalq",-0.0871261568926403,-0.0871261568926403,-0.0871261568926403,0,0
36,3,"aggregate-gate",-0.0871261568926403,-0.0871261568926403,-0.0871261568926403,0,0
36,3,"validation-50",-0.0871261568926403,-0.0871261568926403,-0.0871261568926403,0,0
36,3,"validation-100",-0.0871261568926403,-0.0871261568926403,-0.0871261568926403,0,0
36,3,"validation-200",-0.0871261568926403,-0.0871261568926403,-0.0871261568926403,0,0
36,3,"site-exclusion-200",NA,-0.0871261568926403,-0.0871261568926403,0,NA
37,1,"historical-fixed",-0.06,-0.06,-0.06,0,6.93889390390723e-18
37,1,"historical-dl",-0.06,-0.06,-0.06,0,6.93889390390723e-18
37,1,"historical-q-gate",-0.06,-0.06,-0.06,0,6.93889390390723e-18
37,1,"commonq-fixed",-0.06,-0.06,-0.06,0,0
37,1,"pm-hk",-0.06,-0.06,-0.06,0,0
37,1,"equalq",-0.06,-0.06,-0.06,0,0
37,1,"aggregate-gate",-0.06,-0.06,-0.06,0,0
37,1,"validation-50",-0.06,-0.06,-0.06,0,0
37,1,"validation-100",-0.06,-0.06,-0.06,0,0
37,1,"validation-200",-0.06,-0.06,-0.06,0,0
37,1,"site-exclusion-200",NA,-0.06,-0.06,0,NA
37,2,"historical-fixed",-0.06,-0.06,-0.06,0,6.93889390390723e-18
37,2,"historical-dl",-0.06,-0.06,-0.06,0,6.93889390390723e-18
37,2,"historical-q-gate",-0.06,-0.06,-0.06,0,6.93889390390723e-18
37,2,"commonq-fixed",-0.06,-0.06,-0.06,0,0
37,2,"pm-hk",-0.06,-0.06,-0.06,0,0
37,2,"equalq",-0.06,-0.06,-0.06,0,0
37,2,"aggregate-gate",-0.06,-0.06,-0.06,0,0
37,2,"validation-50",-0.06,-0.06,-0.06,0,0
37,2,"validation-100",-0.06,-0.06,-0.06,0,0
37,2,"validation-200",-0.06,-0.06,-0.06,0,0
37,2,"site-exclusion-200",NA,-0.06,-0.06,0,NA
37,3,"historical-fixed",-0.06,-0.06,-0.06,0,6.93889390390723e-18
37,3,"historical-dl",-0.06,-0.06,-0.06,0,6.93889390390723e-18
37,3,"historical-q-gate",-0.06,-0.06,-0.06,0,6.93889390390723e-18
37,3,"commonq-fixed",-0.06,-0.06,-0.06,0,0
37,3,"pm-hk",-0.06,-0.06,-0.06,0,0
37,3,"equalq",-0.06,-0.06,-0.06,0,0
37,3,"aggregate-gate",-0.06,-0.06,-0.06,0,0
37,3,"validation-50",-0.06,-0.06,-0.06,0,0
37,3,"validation-100",-0.06,-0.06,-0.06,0,0
37,3,"validation-200",-0.06,-0.06,-0.06,0,0
37,3,"site-exclusion-200",NA,-0.06,-0.06,0,NA
38,1,"historical-fixed",-0.06,-0.06,-0.06,6.93889390390723e-18,0
38,1,"historical-dl",-0.06,-0.06,-0.06,6.93889390390723e-18,0
38,1,"historical-q-gate",-0.06,-0.06,-0.06,6.93889390390723e-18,0
38,1,"commonq-fixed",-0.06,-0.06,-0.06,6.93889390390723e-18,1.38777878078145e-17
38,1,"pm-hk",-0.06,-0.06,-0.06,6.93889390390723e-18,1.38777878078145e-17
38,1,"equalq",-0.06,-0.06,-0.06,6.93889390390723e-18,6.93889390390723e-18
38,1,"aggregate-gate",-0.06,-0.06,-0.06,6.93889390390723e-18,6.93889390390723e-18
38,1,"validation-50",-0.06,-0.06,-0.06,6.93889390390723e-18,6.93889390390723e-18
38,1,"validation-100",-0.06,-0.06,-0.06,6.93889390390723e-18,6.93889390390723e-18
38,1,"validation-200",-0.06,-0.06,-0.06,6.93889390390723e-18,6.93889390390723e-18
38,1,"site-exclusion-200",NA,-0.06,-0.06,6.93889390390723e-18,NA
38,2,"historical-fixed",-0.06,-0.06,-0.06,6.93889390390723e-18,1.38777878078145e-17
38,2,"historical-dl",-0.06,-0.06,-0.06,6.93889390390723e-18,1.38777878078145e-17
38,2,"historical-q-gate",-0.06,-0.06,-0.06,6.93889390390723e-18,1.38777878078145e-17
38,2,"commonq-fixed",-0.06,-0.06,-0.06,6.93889390390723e-18,0
38,2,"pm-hk",-0.06,-0.06,-0.06,6.93889390390723e-18,0
38,2,"equalq",-0.06,-0.06,-0.06,6.93889390390723e-18,6.93889390390723e-18
38,2,"aggregate-gate",-0.06,-0.06,-0.06,6.93889390390723e-18,6.93889390390723e-18
38,2,"validation-50",-0.06,-0.06,-0.06,6.93889390390723e-18,6.93889390390723e-18
38,2,"validation-100",-0.06,-0.06,-0.06,6.93889390390723e-18,6.93889390390723e-18
38,2,"validation-200",-0.06,-0.06,-0.06,6.93889390390723e-18,6.93889390390723e-18
38,2,"site-exclusion-200",NA,-0.06,-0.06,6.93889390390723e-18,NA
38,3,"historical-fixed",-0.06,-0.06,-0.06,0,-6.93889390390723e-18
38,3,"historical-dl",-0.06,-0.06,-0.06,0,-6.93889390390723e-18
38,3,"historical-q-gate",-0.06,-0.06,-0.06,0,-6.93889390390723e-18
38,3,"commonq-fixed",-0.06,-0.06,-0.06,0,6.93889390390723e-18
38,3,"pm-hk",-0.06,-0.06,-0.06,0,6.93889390390723e-18
38,3,"equalq",-0.06,-0.06,-0.06,0,0
38,3,"aggregate-gate",-0.06,-0.06,-0.06,0,0
38,3,"validation-50",-0.06,-0.06,-0.06,0,0
38,3,"validation-100",-0.06,-0.06,-0.06,0,0
38,3,"validation-200",-0.06,-0.06,-0.06,0,0
38,3,"site-exclusion-200",NA,-0.06,-0.06,0,NA
39,1,"historical-fixed",-0.06,-0.06,-0.06,1.38777878078145e-17,2.08166817117217e-17
39,1,"historical-dl",-0.06,-0.06,-0.06,1.38777878078145e-17,2.08166817117217e-17
39,1,"historical-q-gate",-0.06,-0.06,-0.06,1.38777878078145e-17,2.08166817117217e-17
39,1,"commonq-fixed",-0.06,-0.06,-0.06,1.38777878078145e-17,0
39,1,"pm-hk",-0.06,-0.06,-0.06,1.38777878078145e-17,0
39,1,"equalq",-0.06,-0.06,-0.06,1.38777878078145e-17,1.38777878078145e-17
39,1,"aggregate-gate",-0.06,-0.06,-0.06,1.38777878078145e-17,1.38777878078145e-17
39,1,"validation-50",-0.06,-0.06,-0.06,1.38777878078145e-17,1.38777878078145e-17
39,1,"validation-100",-0.06,-0.06,-0.06,1.38777878078145e-17,1.38777878078145e-17
39,1,"validation-200",-0.06,-0.06,-0.06,1.38777878078145e-17,1.38777878078145e-17
39,1,"site-exclusion-200",NA,-0.06,-0.06,1.38777878078145e-17,NA
39,2,"historical-fixed",-0.06,-0.06,-0.06,0,2.08166817117217e-17
39,2,"historical-dl",-0.06,-0.06,-0.06,0,2.08166817117217e-17
39,2,"historical-q-gate",-0.06,-0.06,-0.06,0,2.08166817117217e-17
39,2,"commonq-fixed",-0.06,-0.06,-0.06,0,0
39,2,"pm-hk",-0.06,-0.06,-0.06,0,0
39,2,"equalq",-0.06,-0.06,-0.06,0,0
39,2,"aggregate-gate",-0.06,-0.06,-0.06,0,0
39,2,"validation-50",-0.06,-0.06,-0.06,0,0
39,2,"validation-100",-0.06,-0.06,-0.06,0,0
39,2,"validation-200",-0.06,-0.06,-0.06,0,0
39,2,"site-exclusion-200",NA,-0.06,-0.06,0,NA
39,3,"historical-fixed",-0.06,-0.06,-0.06,0,6.93889390390723e-18
39,3,"historical-dl",-0.06,-0.06,-0.06,0,6.93889390390723e-18
39,3,"historical-q-gate",-0.06,-0.06,-0.06,0,6.93889390390723e-18
39,3,"commonq-fixed",-0.06,-0.06,-0.06,0,0
39,3,"pm-hk",-0.06,-0.06,-0.06,0,0
39,3,"equalq",-0.06,-0.06,-0.06,0,0
39,3,"aggregate-gate",-0.06,-0.06,-0.06,0,0
39,3,"validation-50",-0.06,-0.06,-0.06,0,0
39,3,"validation-100",-0.06,-0.06,-0.06,0,0
39,3,"validation-200",-0.06,-0.06,-0.06,0,0
39,3,"site-exclusion-200",NA,-0.06,-0.06,0,NA
40,1,"historical-fixed",-0.06,-0.06,-0.06,6.93889390390723e-18,0
40,1,"historical-dl",-0.06,-0.06,-0.06,6.93889390390723e-18,0
40,1,"historical-q-gate",-0.06,-0.06,-0.06,6.93889390390723e-18,0
40,1,"commonq-fixed",-0.06,-0.06,-0.06,6.93889390390723e-18,1.38777878078145e-17
40,1,"pm-hk",-0.06,-0.06,-0.06,6.93889390390723e-18,1.38777878078145e-17
40,1,"equalq",-0.06,-0.06,-0.06,6.93889390390723e-18,6.93889390390723e-18
40,1,"aggregate-gate",-0.06,-0.06,-0.06,6.93889390390723e-18,6.93889390390723e-18
40,1,"validation-50",-0.06,-0.06,-0.06,6.93889390390723e-18,6.93889390390723e-18
40,1,"validation-100",-0.06,-0.06,-0.06,6.93889390390723e-18,6.93889390390723e-18
40,1,"validation-200",-0.06,-0.06,-0.06,6.93889390390723e-18,6.93889390390723e-18
40,1,"site-exclusion-200",NA,-0.06,-0.06,6.93889390390723e-18,NA
40,2,"historical-fixed",-0.06,-0.06,-0.06,-6.93889390390723e-18,0
40,2,"historical-dl",-0.06,-0.06,-0.06,-6.93889390390723e-18,0
40,2,"historical-q-gate",-0.06,-0.06,-0.06,-6.93889390390723e-18,0
40,2,"commonq-fixed",-0.06,-0.06,-0.06,-6.93889390390723e-18,0
40,2,"pm-hk",-0.06,-0.06,-0.06,-6.93889390390723e-18,0
40,2,"equalq",-0.06,-0.06,-0.06,-6.93889390390723e-18,-6.93889390390723e-18
40,2,"aggregate-gate",-0.06,-0.06,-0.06,-6.93889390390723e-18,-6.93889390390723e-18
40,2,"validation-50",-0.06,-0.06,-0.06,-6.93889390390723e-18,-6.93889390390723e-18
40,2,"validation-100",-0.06,-0.06,-0.06,-6.93889390390723e-18,-6.93889390390723e-18
40,2,"validation-200",-0.06,-0.06,-0.06,-6.93889390390723e-18,-6.93889390390723e-18
40,2,"site-exclusion-200",NA,-0.06,-0.06,-6.93889390390723e-18,NA
40,3,"historical-fixed",-0.06,-0.06,-0.06,0,6.93889390390723e-18
40,3,"historical-dl",-0.06,-0.06,-0.06,0,6.93889390390723e-18
40,3,"historical-q-gate",-0.06,-0.06,-0.06,0,6.93889390390723e-18
40,3,"commonq-fixed",-0.06,-0.06,-0.06,0,6.93889390390723e-18
40,3,"pm-hk",-0.06,-0.06,-0.06,0,6.93889390390723e-18
40,3,"equalq",-0.06,-0.06,-0.06,0,0
40,3,"aggregate-gate",-0.06,-0.06,-0.06,0,0
40,3,"validation-50",-0.06,-0.06,-0.06,0,0
40,3,"validation-100",-0.06,-0.06,-0.06,0,0
40,3,"validation-200",-0.06,-0.06,-0.06,0,0
40,3,"site-exclusion-200",NA,-0.06,-0.06,0,NA
41,1,"historical-fixed",-0.06,-0.06,-0.06,6.93889390390723e-18,0
41,1,"historical-dl",-0.06,-0.06,-0.06,6.93889390390723e-18,0
41,1,"historical-q-gate",-0.06,-0.06,-0.06,6.93889390390723e-18,0
41,1,"commonq-fixed",-0.06,-0.06,-0.06,6.93889390390723e-18,6.93889390390723e-18
41,1,"pm-hk",-0.06,-0.06,-0.06,6.93889390390723e-18,6.93889390390723e-18
41,1,"equalq",-0.06,-0.06,-0.06,6.93889390390723e-18,6.93889390390723e-18
41,1,"aggregate-gate",-0.06,-0.06,-0.06,6.93889390390723e-18,6.93889390390723e-18
41,1,"validation-50",-0.06,-0.06,-0.06,6.93889390390723e-18,6.93889390390723e-18
41,1,"validation-100",-0.06,-0.06,-0.06,6.93889390390723e-18,6.93889390390723e-18
41,1,"validation-200",-0.06,-0.06,-0.06,6.93889390390723e-18,6.93889390390723e-18
41,1,"site-exclusion-200",NA,-0.06,-0.06,6.93889390390723e-18,NA
41,2,"historical-fixed",-0.06,-0.06,-0.06,0,-6.93889390390723e-18
41,2,"historical-dl",-0.06,-0.06,-0.06,0,-6.93889390390723e-18
41,2,"historical-q-gate",-0.06,-0.06,-0.06,0,-6.93889390390723e-18
41,2,"commonq-fixed",-0.06,-0.06,-0.06,0,0
41,2,"pm-hk",-0.06,-0.06,-0.06,0,0
41,2,"equalq",-0.06,-0.06,-0.06,0,0
41,2,"aggregate-gate",-0.06,-0.06,-0.06,0,0
41,2,"validation-50",-0.06,-0.06,-0.06,0,0
41,2,"validation-100",-0.06,-0.06,-0.06,0,0
41,2,"validation-200",-0.06,-0.06,-0.06,0,0
41,2,"site-exclusion-200",NA,-0.06,-0.06,0,NA
41,3,"historical-fixed",-0.06,-0.06,-0.06,6.93889390390723e-18,0
41,3,"historical-dl",-0.06,-0.06,-0.06,6.93889390390723e-18,0
41,3,"historical-q-gate",-0.06,-0.06,-0.06,6.93889390390723e-18,0
41,3,"commonq-fixed",-0.06,-0.06,-0.06,6.93889390390723e-18,0
41,3,"pm-hk",-0.06,-0.06,-0.06,6.93889390390723e-18,0
41,3,"equalq",-0.06,-0.06,-0.06,6.93889390390723e-18,6.93889390390723e-18
41,3,"aggregate-gate",-0.06,-0.06,-0.06,6.93889390390723e-18,6.93889390390723e-18
41,3,"validation-50",-0.06,-0.06,-0.06,6.93889390390723e-18,6.93889390390723e-18
41,3,"validation-100",-0.06,-0.06,-0.06,6.93889390390723e-18,6.93889390390723e-18
41,3,"validation-200",-0.06,-0.06,-0.06,6.93889390390723e-18,6.93889390390723e-18
41,3,"site-exclusion-200",NA,-0.06,-0.06,6.93889390390723e-18,NA
42,1,"historical-fixed",-0.06,-0.06,-0.06,0,6.93889390390723e-18
42,1,"historical-dl",-0.06,-0.06,-0.06,0,6.93889390390723e-18
42,1,"historical-q-gate",-0.06,-0.06,-0.06,0,6.93889390390723e-18
42,1,"commonq-fixed",-0.06,-0.06,-0.06,0,0
42,1,"pm-hk",-0.06,-0.06,-0.06,0,0
42,1,"equalq",-0.06,-0.06,-0.06,0,0
42,1,"aggregate-gate",-0.06,-0.06,-0.06,0,0
42,1,"validation-50",-0.06,-0.06,-0.06,0,0
42,1,"validation-100",-0.06,-0.06,-0.06,0,0
42,1,"validation-200",-0.06,-0.06,-0.06,0,0
42,1,"site-exclusion-200",NA,-0.06,-0.06,0,NA
42,2,"historical-fixed",-0.06,-0.06,-0.06,0,6.93889390390723e-18
42,2,"historical-dl",-0.06,-0.06,-0.06,0,6.93889390390723e-18
42,2,"historical-q-gate",-0.06,-0.06,-0.06,0,6.93889390390723e-18
42,2,"commonq-fixed",-0.06,-0.06,-0.06,0,0
42,2,"pm-hk",-0.06,-0.06,-0.06,0,0
42,2,"equalq",-0.06,-0.06,-0.06,0,0
42,2,"aggregate-gate",-0.06,-0.06,-0.06,0,0
42,2,"validation-50",-0.06,-0.06,-0.06,0,0
42,2,"validation-100",-0.06,-0.06,-0.06,0,0
42,2,"validation-200",-0.06,-0.06,-0.06,0,0
42,2,"site-exclusion-200",NA,-0.06,-0.06,0,NA
42,3,"historical-fixed",-0.06,-0.06,-0.06,0,6.93889390390723e-18
42,3,"historical-dl",-0.06,-0.06,-0.06,0,6.93889390390723e-18
42,3,"historical-q-gate",-0.06,-0.06,-0.06,0,6.93889390390723e-18
42,3,"commonq-fixed",-0.06,-0.06,-0.06,0,0
42,3,"pm-hk",-0.06,-0.06,-0.06,0,0
42,3,"equalq",-0.06,-0.06,-0.06,0,0
42,3,"aggregate-gate",-0.06,-0.06,-0.06,0,0
42,3,"validation-50",-0.06,-0.06,-0.06,0,0
42,3,"validation-100",-0.06,-0.06,-0.06,0,0
42,3,"validation-200",-0.06,-0.06,-0.06,0,0
42,3,"site-exclusion-200",NA,-0.06,-0.06,0,NA
43,1,"historical-fixed",-0.0735244943156239,-0.0735630784463202,-0.0735630784463202,0,3.85841306962259e-05
43,1,"historical-dl",-0.0735244943156239,-0.0735630784463202,-0.0735630784463202,0,3.85841306962259e-05
43,1,"historical-q-gate",-0.0735244943156239,-0.0735630784463202,-0.0735630784463202,0,3.85841306962259e-05
43,1,"commonq-fixed",-0.0735630784463202,-0.0735630784463202,-0.0735630784463202,0,1.38777878078145e-17
43,1,"pm-hk",-0.0735630784463202,-0.0735630784463202,-0.0735630784463202,0,1.38777878078145e-17
43,1,"equalq",-0.0735630784463202,-0.0735630784463202,-0.0735630784463202,0,0
43,1,"aggregate-gate",-0.0735630784463202,-0.0735630784463202,-0.0735630784463202,0,0
43,1,"validation-50",-0.0735630784463202,-0.0735630784463202,-0.0735630784463202,0,0
43,1,"validation-100",-0.0735630784463202,-0.0735630784463202,-0.0735630784463202,0,0
43,1,"validation-200",-0.0735630784463202,-0.0735630784463202,-0.0735630784463202,0,0
43,1,"site-exclusion-200",NA,-0.0735630784463202,-0.0735630784463202,0,NA
43,2,"historical-fixed",-0.0735244943156239,-0.0735630784463202,-0.0735630784463202,0,3.85841306962259e-05
43,2,"historical-dl",-0.0735244943156239,-0.0735630784463202,-0.0735630784463202,0,3.85841306962259e-05
43,2,"historical-q-gate",-0.0735244943156239,-0.0735630784463202,-0.0735630784463202,0,3.85841306962259e-05
43,2,"commonq-fixed",-0.0735630784463202,-0.0735630784463202,-0.0735630784463202,0,1.38777878078145e-17
43,2,"pm-hk",-0.0735630784463202,-0.0735630784463202,-0.0735630784463202,0,1.38777878078145e-17
43,2,"equalq",-0.0735630784463202,-0.0735630784463202,-0.0735630784463202,0,0
43,2,"aggregate-gate",-0.0735630784463202,-0.0735630784463202,-0.0735630784463202,0,0
43,2,"validation-50",-0.0735630784463202,-0.0735630784463202,-0.0735630784463202,0,0
43,2,"validation-100",-0.0735630784463202,-0.0735630784463202,-0.0735630784463202,0,0
43,2,"validation-200",-0.0735630784463202,-0.0735630784463202,-0.0735630784463202,0,0
43,2,"site-exclusion-200",NA,-0.0735630784463202,-0.0735630784463202,0,NA
43,3,"historical-fixed",-0.0735244943156239,-0.0735630784463202,-0.0735630784463202,0,3.85841306962259e-05
43,3,"historical-dl",-0.0735244943156239,-0.0735630784463202,-0.0735630784463202,0,3.85841306962259e-05
43,3,"historical-q-gate",-0.0735244943156239,-0.0735630784463202,-0.0735630784463202,0,3.85841306962259e-05
43,3,"commonq-fixed",-0.0735630784463202,-0.0735630784463202,-0.0735630784463202,0,1.38777878078145e-17
43,3,"pm-hk",-0.0735630784463202,-0.0735630784463202,-0.0735630784463202,0,1.38777878078145e-17
43,3,"equalq",-0.0735630784463202,-0.0735630784463202,-0.0735630784463202,0,0
43,3,"aggregate-gate",-0.0735630784463202,-0.0735630784463202,-0.0735630784463202,0,0
43,3,"validation-50",-0.0735630784463202,-0.0735630784463202,-0.0735630784463202,0,0
43,3,"validation-100",-0.0735630784463202,-0.0735630784463202,-0.0735630784463202,0,0
43,3,"validation-200",-0.0735630784463202,-0.0735630784463202,-0.0735630784463202,0,0
43,3,"site-exclusion-200",NA,-0.0735630784463202,-0.0735630784463202,0,NA
44,1,"historical-fixed",-0.0724995355738087,-0.0735630784463202,-0.0727268285381933,0.000836249908126876,0.00106354287251142
44,1,"historical-dl",-0.0724995355738087,-0.0735630784463202,-0.0727268285381933,0.000836249908126876,0.00106354287251142
44,1,"historical-q-gate",-0.0724995355738087,-0.0735630784463202,-0.0727268285381933,0.000836249908126876,0.00106354287251142
44,1,"commonq-fixed",-0.0730717312964028,-0.0735630784463202,-0.0727268285381933,0.000836249908126876,0.000491347149917387
44,1,"pm-hk",-0.0730717312964028,-0.0735630784463202,-0.0727268285381933,0.000836249908126876,0.000491347149917387
44,1,"equalq",-0.0727268285381933,-0.0735630784463202,-0.0727268285381933,0.000836249908126876,0.000836249908126876
44,1,"aggregate-gate",-0.0727268285381933,-0.0735630784463202,-0.0727268285381933,0.000836249908126876,0.000836249908126876
44,1,"validation-50",-0.0727268285381933,-0.0735630784463202,-0.0727268285381933,0.000836249908126876,0.000836249908126876
44,1,"validation-100",-0.0727268285381933,-0.0735630784463202,-0.0727268285381933,0.000836249908126876,0.000836249908126876
44,1,"validation-200",-0.0727268285381933,-0.0735630784463202,-0.0727268285381933,0.000836249908126876,0.000836249908126876
44,1,"site-exclusion-200",NA,-0.0735630784463202,-0.0727268285381933,0.000836249908126876,NA
44,2,"historical-fixed",-0.0724524156228038,-0.0735630784463202,-0.0727268285381933,0.00083624990812689,0.00111066282351636
44,2,"historical-dl",-0.0724524156228038,-0.0735630784463202,-0.0727268285381933,0.00083624990812689,0.00111066282351636
44,2,"historical-q-gate",-0.0724524156228038,-0.0735630784463202,-0.0727268285381933,0.00083624990812689,0.00111066282351636
44,2,"commonq-fixed",-0.0730194960125276,-0.0735630784463202,-0.0727268285381933,0.00083624990812689,0.000543582433792544
44,2,"pm-hk",-0.0730194960125276,-0.0735630784463202,-0.0727268285381933,0.00083624990812689,0.000543582433792544
44,2,"equalq",-0.0727268285381933,-0.0735630784463202,-0.0727268285381933,0.00083624990812689,0.00083624990812689
44,2,"aggregate-gate",-0.0727268285381933,-0.0735630784463202,-0.0727268285381933,0.00083624990812689,0.00083624990812689
44,2,"validation-50",-0.0727268285381933,-0.0735630784463202,-0.0727268285381933,0.00083624990812689,0.00083624990812689
44,2,"validation-100",-0.0727268285381933,-0.0735630784463202,-0.0727268285381933,0.00083624990812689,0.00083624990812689
44,2,"validation-200",-0.0727268285381933,-0.0735630784463202,-0.0727268285381933,0.00083624990812689,0.00083624990812689
44,2,"site-exclusion-200",NA,-0.0735630784463202,-0.0727268285381933,0.00083624990812689,NA
44,3,"historical-fixed",-0.0724276478936747,-0.0735630784463202,-0.0727268285381933,0.000836249908126876,0.00113543055264551
44,3,"historical-dl",-0.0724276478936747,-0.0735630784463202,-0.0727268285381933,0.000836249908126876,0.00113543055264551
44,3,"historical-q-gate",-0.0724276478936747,-0.0735630784463202,-0.0727268285381933,0.000836249908126876,0.00113543055264551
44,3,"commonq-fixed",-0.0729907836251119,-0.0735630784463202,-0.0727268285381933,0.000836249908126876,0.000572294821208227
44,3,"pm-hk",-0.0729907836251119,-0.0735630784463202,-0.0727268285381933,0.000836249908126876,0.000572294821208227
44,3,"equalq",-0.0727268285381933,-0.0735630784463202,-0.0727268285381933,0.000836249908126876,0.000836249908126876
44,3,"aggregate-gate",-0.0727268285381933,-0.0735630784463202,-0.0727268285381933,0.000836249908126876,0.000836249908126876
44,3,"validation-50",-0.0727268285381933,-0.0735630784463202,-0.0727268285381933,0.000836249908126876,0.000836249908126876
44,3,"validation-100",-0.0727268285381933,-0.0735630784463202,-0.0727268285381933,0.000836249908126876,0.000836249908126876
44,3,"validation-200",-0.0727268285381933,-0.0735630784463202,-0.0727268285381933,0.000836249908126876,0.000836249908126876
44,3,"site-exclusion-200",NA,-0.0735630784463202,-0.0727268285381933,0.000836249908126876,NA
45,1,"historical-fixed",-0.074608173308376,-0.0735630784463202,-0.0746917428052325,-0.00112866435891233,-0.00104509486205583
45,1,"historical-dl",-0.074608173308376,-0.0735630784463202,-0.0746917428052325,-0.00112866435891233,-0.00104509486205583
45,1,"historical-q-gate",-0.074608173308376,-0.0735630784463202,-0.0746917428052325,-0.00112866435891233,-0.00104509486205583
45,1,"commonq-fixed",-0.0746078302591654,-0.0735630784463202,-0.0746917428052325,-0.00112866435891233,-0.0010447518128452
45,1,"pm-hk",-0.0746078302591654,-0.0735630784463202,-0.0746917428052325,-0.00112866435891233,-0.0010447518128452
45,1,"equalq",-0.0746917428052325,-0.0735630784463202,-0.0746917428052325,-0.00112866435891233,-0.00112866435891233
45,1,"aggregate-gate",-0.0746917428052325,-0.0735630784463202,-0.0746917428052325,-0.00112866435891233,-0.00112866435891233
45,1,"validation-50",-0.0746917428052325,-0.0735630784463202,-0.0746917428052325,-0.00112866435891233,-0.00112866435891233
45,1,"validation-100",-0.0746917428052325,-0.0735630784463202,-0.0746917428052325,-0.00112866435891233,-0.00112866435891233
45,1,"validation-200",-0.0746917428052325,-0.0735630784463202,-0.0746917428052325,-0.00112866435891233,-0.00112866435891233
45,1,"site-exclusion-200",NA,-0.0735630784463202,-0.0746917428052325,-0.00112866435891233,NA
45,2,"historical-fixed",-0.0746450697411135,-0.0735630784463202,-0.0746917428052325,-0.00112866435891233,-0.00108199129479329
45,2,"historical-dl",-0.0746450697411135,-0.0735630784463202,-0.0746917428052325,-0.00112866435891233,-0.00108199129479329
45,2,"historical-q-gate",-0.0746450697411135,-0.0735630784463202,-0.0746917428052325,-0.00112866435891233,-0.00108199129479329
45,2,"commonq-fixed",-0.0747035540833178,-0.0735630784463202,-0.0746917428052325,-0.00112866435891233,-0.00114047563699768
45,2,"pm-hk",-0.0747035540833178,-0.0735630784463202,-0.0746917428052325,-0.00112866435891233,-0.00114047563699768
45,2,"equalq",-0.0746917428052325,-0.0735630784463202,-0.0746917428052325,-0.00112866435891233,-0.00112866435891233
45,2,"aggregate-gate",-0.0746917428052325,-0.0735630784463202,-0.0746917428052325,-0.00112866435891233,-0.00112866435891233
45,2,"validation-50",-0.0746917428052325,-0.0735630784463202,-0.0746917428052325,-0.00112866435891233,-0.00112866435891233
45,2,"validation-100",-0.0746917428052325,-0.0735630784463202,-0.0746917428052325,-0.00112866435891233,-0.00112866435891233
45,2,"validation-200",-0.0746917428052325,-0.0735630784463202,-0.0746917428052325,-0.00112866435891233,-0.00112866435891233
45,2,"site-exclusion-200",NA,-0.0735630784463202,-0.0746917428052325,-0.00112866435891233,NA
45,3,"historical-fixed",-0.0746640737110564,-0.0735630784463202,-0.0746917428052325,-0.00112866435891233,-0.00110099526473618
45,3,"historical-dl",-0.0746640737110564,-0.0735630784463202,-0.0746917428052325,-0.00112866435891233,-0.00110099526473618
45,3,"historical-q-gate",-0.0746640737110564,-0.0735630784463202,-0.0746917428052325,-0.00112866435891233,-0.00110099526473618
45,3,"commonq-fixed",-0.0747550143509319,-0.0735630784463202,-0.0746917428052325,-0.00112866435891233,-0.00119193590461172
45,3,"pm-hk",-0.0747550143509319,-0.0735630784463202,-0.0746917428052325,-0.00112866435891233,-0.00119193590461172
45,3,"equalq",-0.0746917428052325,-0.0735630784463202,-0.0746917428052325,-0.00112866435891233,-0.00112866435891233
45,3,"aggregate-gate",-0.0746917428052325,-0.0735630784463202,-0.0746917428052325,-0.00112866435891233,-0.00112866435891233
45,3,"validation-50",-0.0746917428052325,-0.0735630784463202,-0.0746917428052325,-0.00112866435891233,-0.00112866435891233
45,3,"validation-100",-0.0746917428052325,-0.0735630784463202,-0.0746917428052325,-0.00112866435891233,-0.00112866435891233
45,3,"validation-200",-0.0746917428052325,-0.0735630784463202,-0.0746917428052325,-0.00112866435891233,-0.00112866435891233
45,3,"site-exclusion-200",NA,-0.0735630784463202,-0.0746917428052325,-0.00112866435891233,NA
46,1,"historical-fixed",-0.0683179443613063,-0.0735630784463202,-0.0685630784463202,0.00499999999999999,0.00524513408501391
46,1,"historical-dl",-0.0683179443613063,-0.0735630784463202,-0.0685630784463202,0.00499999999999999,0.00524513408501391
46,1,"historical-q-gate",-0.0683179443613063,-0.0735630784463202,-0.0685630784463202,0.00499999999999999,0.00524513408501391
46,1,"commonq-fixed",-0.0685694085337395,-0.0735630784463202,-0.0685630784463202,0.00499999999999999,0.00499366991258071
46,1,"pm-hk",-0.0685694085337395,-0.0735630784463202,-0.0685630784463202,0.00499999999999999,0.00499366991258071
46,1,"equalq",-0.0685630784463202,-0.0735630784463202,-0.0685630784463202,0.00499999999999999,0.00499999999999999
46,1,"aggregate-gate",-0.0685630784463202,-0.0735630784463202,-0.0685630784463202,0.00499999999999999,0.00499999999999999
46,1,"validation-50",-0.0685630784463202,-0.0735630784463202,-0.0685630784463202,0.00499999999999999,0.00499999999999999
46,1,"validation-100",-0.0685630784463202,-0.0735630784463202,-0.0685630784463202,0.00499999999999999,0.00499999999999999
46,1,"validation-200",-0.0685630784463202,-0.0735630784463202,-0.0685630784463202,0.00499999999999999,0.00499999999999999
46,1,"site-exclusion-200",NA,-0.0735630784463202,-0.0685630784463202,0.00499999999999999,NA
46,2,"historical-fixed",-0.0681281254889424,-0.0735630784463202,-0.0685630784463202,0.00499999999999999,0.00543495295737775
46,2,"historical-dl",-0.0681281254889424,-0.0735630784463202,-0.0685630784463202,0.00499999999999999,0.00543495295737775
46,2,"historical-q-gate",-0.0681281254889424,-0.0735630784463202,-0.0685630784463202,0.00499999999999999,0.00543495295737775
46,2,"commonq-fixed",-0.0681294080065884,-0.0735630784463202,-0.0685630784463202,0.00499999999999999,0.00543367043973181
46,2,"pm-hk",-0.0681294080065884,-0.0735630784463202,-0.0685630784463202,0.00499999999999999,0.00543367043973181
46,2,"equalq",-0.0685630784463202,-0.0735630784463202,-0.0685630784463202,0.00499999999999999,0.00499999999999999
46,2,"aggregate-gate",-0.0685630784463202,-0.0735630784463202,-0.0685630784463202,0.00499999999999999,0.00499999999999999
46,2,"validation-50",-0.0685630784463202,-0.0735630784463202,-0.0685630784463202,0.00499999999999999,0.00499999999999999
46,2,"validation-100",-0.0685630784463202,-0.0735630784463202,-0.0685630784463202,0.00499999999999999,0.00499999999999999
46,2,"validation-200",-0.0685630784463202,-0.0735630784463202,-0.0685630784463202,0.00499999999999999,0.00499999999999999
46,2,"site-exclusion-200",NA,-0.0735630784463202,-0.0685630784463202,0.00499999999999999,NA
46,3,"historical-fixed",-0.0680290742140763,-0.0735630784463202,-0.0685630784463202,0.00499999999999999,0.00553400423224382
46,3,"historical-dl",-0.0680290742140763,-0.0735630784463202,-0.0685630784463202,0.00499999999999999,0.00553400423224382
46,3,"historical-q-gate",-0.0680290742140763,-0.0735630784463202,-0.0685630784463202,0.00499999999999999,0.00553400423224382
46,3,"commonq-fixed",-0.0678940466776344,-0.0735630784463202,-0.0685630784463202,0.00499999999999999,0.00566903176868579
46,3,"pm-hk",-0.0678940466776344,-0.0735630784463202,-0.0685630784463202,0.00499999999999999,0.00566903176868579
46,3,"equalq",-0.0685630784463202,-0.0735630784463202,-0.0685630784463202,0.00499999999999999,0.00499999999999999
46,3,"aggregate-gate",-0.0685630784463202,-0.0735630784463202,-0.0685630784463202,0.00499999999999999,0.00499999999999999
46,3,"validation-50",-0.0685630784463202,-0.0735630784463202,-0.0685630784463202,0.00499999999999999,0.00499999999999999
46,3,"validation-100",-0.0685630784463202,-0.0735630784463202,-0.0685630784463202,0.00499999999999999,0.00499999999999999
46,3,"validation-200",-0.0685630784463202,-0.0735630784463202,-0.0685630784463202,0.00499999999999999,0.00499999999999999
46,3,"site-exclusion-200",NA,-0.0735630784463202,-0.0685630784463202,0.00499999999999999,NA
47,1,"historical-fixed",-0.0657290858995309,-0.0735630784463202,-0.0635630784463202,0.01,0.00783399254678926
47,1,"historical-dl",-0.0657290858995309,-0.0735630784463202,-0.0635630784463202,0.01,0.00783399254678926
47,1,"historical-q-gate",-0.0657290858995309,-0.0735630784463202,-0.0635630784463202,0.01,0.00783399254678926
47,1,"commonq-fixed",-0.0660286234924645,-0.0735630784463202,-0.0635630784463202,0.01,0.00753445495385571
47,1,"pm-hk",-0.0660286234924645,-0.0735630784463202,-0.0635630784463202,0.01,0.00753445495385571
47,1,"equalq",-0.0635630784463202,-0.0735630784463202,-0.0635630784463202,0.01,0.01
47,1,"aggregate-gate",-0.0635630784463202,-0.0735630784463202,-0.0635630784463202,0.01,0.01
47,1,"validation-50",-0.0635630784463202,-0.0735630784463202,-0.0635630784463202,0.01,0.01
47,1,"validation-100",-0.0635630784463202,-0.0735630784463202,-0.0635630784463202,0.01,0.01
47,1,"validation-200",-0.0635630784463202,-0.0735630784463202,-0.0635630784463202,0.01,0.01
47,1,"site-exclusion-200",NA,-0.0735630784463202,-0.0635630784463202,0.01,NA
47,2,"historical-fixed",-0.0653479520687533,-0.0735630784463202,-0.0635630784463202,0.01,0.00821512637756687
47,2,"historical-dl",-0.0653479520687533,-0.0735630784463202,-0.0635630784463202,0.01,0.00821512637756687
47,2,"historical-q-gate",-0.0653479520687533,-0.0735630784463202,-0.0635630784463202,0.01,0.00821512637756687
47,2,"commonq-fixed",-0.0652833955378714,-0.0735630784463202,-0.0635630784463202,0.01,0.00827968290844877
47,2,"pm-hk",-0.0652833955378714,-0.0735630784463202,-0.0635630784463202,0.01,0.00827968290844877
47,2,"equalq",-0.0635630784463202,-0.0735630784463202,-0.0635630784463202,0.01,0.01
47,2,"aggregate-gate",-0.0635630784463202,-0.0735630784463202,-0.0635630784463202,0.01,0.01
47,2,"validation-50",-0.0635630784463202,-0.0735630784463202,-0.0635630784463202,0.01,0.01
47,2,"validation-100",-0.0635630784463202,-0.0735630784463202,-0.0635630784463202,0.01,0.01
47,2,"validation-200",-0.0635630784463202,-0.0735630784463202,-0.0635630784463202,0.01,0.01
47,2,"site-exclusion-200",NA,-0.0735630784463202,-0.0635630784463202,0.01,NA
47,3,"historical-fixed",-0.0651470374447707,-0.0735630784463202,-0.0635630784463202,0.01,0.00841604100154951
47,3,"historical-dl",-0.0651470374447707,-0.0735630784463202,-0.0635630784463202,0.01,0.00841604100154951
47,3,"historical-q-gate",-0.0651470374447707,-0.0735630784463202,-0.0635630784463202,0.01,0.00841604100154951
47,3,"commonq-fixed",-0.0648782089493875,-0.0735630784463202,-0.0635630784463202,0.01,0.00868486949693269
47,3,"pm-hk",-0.0648782089493875,-0.0735630784463202,-0.0635630784463202,0.01,0.00868486949693269
47,3,"equalq",-0.0635630784463202,-0.0735630784463202,-0.0635630784463202,0.01,0.01
47,3,"aggregate-gate",-0.0635630784463202,-0.0735630784463202,-0.0635630784463202,0.01,0.01
47,3,"validation-50",-0.0635630784463202,-0.0735630784463202,-0.0635630784463202,0.01,0.01
47,3,"validation-100",-0.0635630784463202,-0.0735630784463202,-0.0635630784463202,0.01,0.01
47,3,"validation-200",-0.0635630784463202,-0.0735630784463202,-0.0635630784463202,0.01,0.01
47,3,"site-exclusion-200",NA,-0.0735630784463202,-0.0635630784463202,0.01,NA
48,1,"historical-fixed",-0.0735244943156239,-0.0735630784463202,-0.0735630784463202,0,3.85841306962259e-05
48,1,"historical-dl",-0.0735244943156239,-0.0735630784463202,-0.0735630784463202,0,3.85841306962259e-05
48,1,"historical-q-gate",-0.0735244943156239,-0.0735630784463202,-0.0735630784463202,0,3.85841306962259e-05
48,1,"commonq-fixed",-0.0735630784463202,-0.0735630784463202,-0.0735630784463202,0,1.38777878078145e-17
48,1,"pm-hk",-0.0735630784463202,-0.0735630784463202,-0.0735630784463202,0,1.38777878078145e-17
48,1,"equalq",-0.0735630784463202,-0.0735630784463202,-0.0735630784463202,0,0
48,1,"aggregate-gate",-0.0735630784463202,-0.0735630784463202,-0.0735630784463202,0,0
48,1,"validation-50",-0.0735630784463202,-0.0735630784463202,-0.0735630784463202,0,0
48,1,"validation-100",-0.0735630784463202,-0.0735630784463202,-0.0735630784463202,0,0
48,1,"validation-200",-0.0735630784463202,-0.0735630784463202,-0.0735630784463202,0,0
48,1,"site-exclusion-200",NA,-0.0735630784463202,-0.0735630784463202,0,NA
48,2,"historical-fixed",-0.0735244943156239,-0.0735630784463202,-0.0735630784463202,0,3.85841306962259e-05
48,2,"historical-dl",-0.0735244943156239,-0.0735630784463202,-0.0735630784463202,0,3.85841306962259e-05
48,2,"historical-q-gate",-0.0735244943156239,-0.0735630784463202,-0.0735630784463202,0,3.85841306962259e-05
48,2,"commonq-fixed",-0.0735630784463202,-0.0735630784463202,-0.0735630784463202,0,1.38777878078145e-17
48,2,"pm-hk",-0.0735630784463202,-0.0735630784463202,-0.0735630784463202,0,1.38777878078145e-17
48,2,"equalq",-0.0735630784463202,-0.0735630784463202,-0.0735630784463202,0,0
48,2,"aggregate-gate",-0.0735630784463202,-0.0735630784463202,-0.0735630784463202,0,0
48,2,"validation-50",-0.0735630784463202,-0.0735630784463202,-0.0735630784463202,0,0
48,2,"validation-100",-0.0735630784463202,-0.0735630784463202,-0.0735630784463202,0,0
48,2,"validation-200",-0.0735630784463202,-0.0735630784463202,-0.0735630784463202,0,0
48,2,"site-exclusion-200",NA,-0.0735630784463202,-0.0735630784463202,0,NA
48,3,"historical-fixed",-0.0735244943156239,-0.0735630784463202,-0.0735630784463202,0,3.85841306962259e-05
48,3,"historical-dl",-0.0735244943156239,-0.0735630784463202,-0.0735630784463202,0,3.85841306962259e-05
48,3,"historical-q-gate",-0.0735244943156239,-0.0735630784463202,-0.0735630784463202,0,3.85841306962259e-05
48,3,"commonq-fixed",-0.0735630784463202,-0.0735630784463202,-0.0735630784463202,0,1.38777878078145e-17
48,3,"pm-hk",-0.0735630784463202,-0.0735630784463202,-0.0735630784463202,0,1.38777878078145e-17
48,3,"equalq",-0.0735630784463202,-0.0735630784463202,-0.0735630784463202,0,0
48,3,"aggregate-gate",-0.0735630784463202,-0.0735630784463202,-0.0735630784463202,0,0
48,3,"validation-50",-0.0735630784463202,-0.0735630784463202,-0.0735630784463202,0,0
48,3,"validation-100",-0.0735630784463202,-0.0735630784463202,-0.0735630784463202,0,0
48,3,"validation-200",-0.0735630784463202,-0.0735630784463202,-0.0735630784463202,0,0
48,3,"site-exclusion-200",NA,-0.0735630784463202,-0.0735630784463202,0,NA
49,1,"historical-fixed",-0.0870400430869886,-0.0871261568926403,-0.0871261568926403,0,8.61138056517247e-05
49,1,"historical-dl",-0.0870400430869886,-0.0871261568926403,-0.0871261568926403,0,8.61138056517247e-05
49,1,"historical-q-gate",-0.0870400430869886,-0.0871261568926403,-0.0871261568926403,0,8.61138056517247e-05
49,1,"commonq-fixed",-0.0871261568926403,-0.0871261568926403,-0.0871261568926403,0,0
49,1,"pm-hk",-0.0871261568926403,-0.0871261568926403,-0.0871261568926403,0,0
49,1,"equalq",-0.0871261568926403,-0.0871261568926403,-0.0871261568926403,0,0
49,1,"aggregate-gate",-0.0871261568926403,-0.0871261568926403,-0.0871261568926403,0,0
49,1,"validation-50",-0.0871261568926403,-0.0871261568926403,-0.0871261568926403,0,0
49,1,"validation-100",-0.0871261568926403,-0.0871261568926403,-0.0871261568926403,0,0
49,1,"validation-200",-0.0871261568926403,-0.0871261568926403,-0.0871261568926403,0,0
49,1,"site-exclusion-200",NA,-0.0871261568926403,-0.0871261568926403,0,NA
49,2,"historical-fixed",-0.0870400430869886,-0.0871261568926403,-0.0871261568926403,0,8.61138056517247e-05
49,2,"historical-dl",-0.0870400430869886,-0.0871261568926403,-0.0871261568926403,0,8.61138056517247e-05
49,2,"historical-q-gate",-0.0870400430869886,-0.0871261568926403,-0.0871261568926403,0,8.61138056517247e-05
49,2,"commonq-fixed",-0.0871261568926403,-0.0871261568926403,-0.0871261568926403,0,0
49,2,"pm-hk",-0.0871261568926403,-0.0871261568926403,-0.0871261568926403,0,0
49,2,"equalq",-0.0871261568926403,-0.0871261568926403,-0.0871261568926403,0,0
49,2,"aggregate-gate",-0.0871261568926403,-0.0871261568926403,-0.0871261568926403,0,0
49,2,"validation-50",-0.0871261568926403,-0.0871261568926403,-0.0871261568926403,0,0
49,2,"validation-100",-0.0871261568926403,-0.0871261568926403,-0.0871261568926403,0,0
49,2,"validation-200",-0.0871261568926403,-0.0871261568926403,-0.0871261568926403,0,0
49,2,"site-exclusion-200",NA,-0.0871261568926403,-0.0871261568926403,0,NA
49,3,"historical-fixed",-0.0870400430869886,-0.0871261568926403,-0.0871261568926403,0,8.61138056517247e-05
49,3,"historical-dl",-0.0870400430869886,-0.0871261568926403,-0.0871261568926403,0,8.61138056517247e-05
49,3,"historical-q-gate",-0.0870400430869886,-0.0871261568926403,-0.0871261568926403,0,8.61138056517247e-05
49,3,"commonq-fixed",-0.0871261568926403,-0.0871261568926403,-0.0871261568926403,0,0
49,3,"pm-hk",-0.0871261568926403,-0.0871261568926403,-0.0871261568926403,0,0
49,3,"equalq",-0.0871261568926403,-0.0871261568926403,-0.0871261568926403,0,0
49,3,"aggregate-gate",-0.0871261568926403,-0.0871261568926403,-0.0871261568926403,0,0
49,3,"validation-50",-0.0871261568926403,-0.0871261568926403,-0.0871261568926403,0,0
49,3,"validation-100",-0.0871261568926403,-0.0871261568926403,-0.0871261568926403,0,0
49,3,"validation-200",-0.0871261568926403,-0.0871261568926403,-0.0871261568926403,0,0
49,3,"site-exclusion-200",NA,-0.0871261568926403,-0.0871261568926403,0,NA
50,1,"historical-fixed",-0.084992046564361,-0.0871261568926403,-0.0854536570763866,0.00167249981625378,0.00213411032827938
50,1,"historical-dl",-0.084992046564361,-0.0871261568926403,-0.0854536570763866,0.00167249981625378,0.00213411032827938
50,1,"historical-q-gate",-0.084992046564361,-0.0871261568926403,-0.0854536570763866,0.00167249981625378,0.00213411032827938
50,1,"commonq-fixed",-0.0861398012441354,-0.0871261568926403,-0.0854536570763866,0.00167249981625378,0.000986355648504952
50,1,"pm-hk",-0.0861398012441354,-0.0871261568926403,-0.0854536570763866,0.00167249981625378,0.000986355648504952
50,1,"equalq",-0.0854536570763866,-0.0871261568926403,-0.0854536570763866,0.00167249981625378,0.00167249981625378
50,1,"aggregate-gate",-0.0854536570763866,-0.0871261568926403,-0.0854536570763866,0.00167249981625378,0.00167249981625378
50,1,"validation-50",-0.0854536570763866,-0.0871261568926403,-0.0854536570763866,0.00167249981625378,0.00167249981625378
50,1,"validation-100",-0.0854536570763866,-0.0871261568926403,-0.0854536570763866,0.00167249981625378,0.00167249981625378
50,1,"validation-200",-0.0854536570763866,-0.0871261568926403,-0.0854536570763866,0.00167249981625378,0.00167249981625378
50,1,"site-exclusion-200",NA,-0.0871261568926403,-0.0854536570763866,0.00167249981625378,NA
50,2,"historical-fixed",-0.0848964309537291,-0.0871261568926403,-0.0854536570763866,0.00167249981625378,0.00222972593891128
50,2,"historical-dl",-0.0848964309537291,-0.0871261568926403,-0.0854536570763866,0.00167249981625378,0.00222972593891128
50,2,"historical-q-gate",-0.0848964309537291,-0.0871261568926403,-0.0854536570763866,0.00167249981625378,0.00222972593891128
50,2,"commonq-fixed",-0.0860350705028985,-0.0871261568926403,-0.0854536570763866,0.00167249981625378,0.00109108638974188
50,2,"pm-hk",-0.0860350705028985,-0.0871261568926403,-0.0854536570763866,0.00167249981625378,0.00109108638974188
50,2,"equalq",-0.0854536570763866,-0.0871261568926403,-0.0854536570763866,0.00167249981625378,0.00167249981625378
50,2,"aggregate-gate",-0.0854536570763866,-0.0871261568926403,-0.0854536570763866,0.00167249981625378,0.00167249981625378
50,2,"validation-50",-0.0854536570763866,-0.0871261568926403,-0.0854536570763866,0.00167249981625378,0.00167249981625378
50,2,"validation-100",-0.0854536570763866,-0.0871261568926403,-0.0854536570763866,0.00167249981625378,0.00167249981625378
50,2,"validation-200",-0.0854536570763866,-0.0871261568926403,-0.0854536570763866,0.00167249981625378,0.00167249981625378
50,2,"site-exclusion-200",NA,-0.0871261568926403,-0.0854536570763866,0.00167249981625378,NA
50,3,"historical-fixed",-0.0848461247123531,-0.0871261568926403,-0.0854536570763866,0.00167249981625377,0.00228003218028723
50,3,"historical-dl",-0.0848461247123531,-0.0871261568926403,-0.0854536570763866,0.00167249981625377,0.00228003218028723
50,3,"historical-q-gate",-0.0848461247123531,-0.0871261568926403,-0.0854536570763866,0.00167249981625377,0.00228003218028723
50,3,"commonq-fixed",-0.085977520872721,-0.0871261568926403,-0.0854536570763866,0.00167249981625377,0.0011486360199193
50,3,"pm-hk",-0.085977520872721,-0.0871261568926403,-0.0854536570763866,0.00167249981625377,0.0011486360199193
50,3,"equalq",-0.0854536570763866,-0.0871261568926403,-0.0854536570763866,0.00167249981625377,0.00167249981625377
50,3,"aggregate-gate",-0.0854536570763866,-0.0871261568926403,-0.0854536570763866,0.00167249981625377,0.00167249981625377
50,3,"validation-50",-0.0854536570763866,-0.0871261568926403,-0.0854536570763866,0.00167249981625377,0.00167249981625377
50,3,"validation-100",-0.0854536570763866,-0.0871261568926403,-0.0854536570763866,0.00167249981625377,0.00167249981625377
50,3,"validation-200",-0.0854536570763866,-0.0871261568926403,-0.0854536570763866,0.00167249981625377,0.00167249981625377
50,3,"site-exclusion-200",NA,-0.0871261568926403,-0.0854536570763866,0.00167249981625377,NA
51,1,"historical-fixed",-0.0891947206844716,-0.0871261568926403,-0.089383485610465,-0.00225732871782466,-0.00206856379183129
51,1,"historical-dl",-0.0891947206844716,-0.0871261568926403,-0.089383485610465,-0.00225732871782466,-0.00206856379183129
51,1,"historical-q-gate",-0.0891947206844716,-0.0871261568926403,-0.089383485610465,-0.00225732871782466,-0.00206856379183129
51,1,"commonq-fixed",-0.089210517258592,-0.0871261568926403,-0.089383485610465,-0.00225732871782466,-0.00208436036595162
51,1,"pm-hk",-0.089210517258592,-0.0871261568926403,-0.089383485610465,-0.00225732871782466,-0.00208436036595162
51,1,"equalq",-0.089383485610465,-0.0871261568926403,-0.089383485610465,-0.00225732871782466,-0.00225732871782466
51,1,"aggregate-gate",-0.089383485610465,-0.0871261568926403,-0.089383485610465,-0.00225732871782466,-0.00225732871782466
51,1,"validation-50",-0.089383485610465,-0.0871261568926403,-0.089383485610465,-0.00225732871782466,-0.00225732871782466
51,1,"validation-100",-0.089383485610465,-0.0871261568926403,-0.089383485610465,-0.00225732871782466,-0.00225732871782466
51,1,"validation-200",-0.089383485610465,-0.0871261568926403,-0.089383485610465,-0.00225732871782466,-0.00225732871782466
51,1,"site-exclusion-200",NA,-0.0871261568926403,-0.089383485610465,-0.00225732871782466,NA
51,2,"historical-fixed",-0.0892715252937279,-0.0871261568926403,-0.089383485610465,-0.00225732871782466,-0.00214536840108757
51,2,"historical-dl",-0.0892715252937279,-0.0871261568926403,-0.089383485610465,-0.00225732871782466,-0.00214536840108757
51,2,"historical-q-gate",-0.0892715252937279,-0.0871261568926403,-0.089383485610465,-0.00225732871782466,-0.00214536840108757
51,2,"commonq-fixed",-0.0894008874527936,-0.0871261568926403,-0.089383485610465,-0.00225732871782466,-0.00227473056015329
51,2,"pm-hk",-0.0894008874527936,-0.0871261568926403,-0.089383485610465,-0.00225732871782466,-0.00227473056015329
51,2,"equalq",-0.089383485610465,-0.0871261568926403,-0.089383485610465,-0.00225732871782466,-0.00225732871782466
51,2,"aggregate-gate",-0.089383485610465,-0.0871261568926403,-0.089383485610465,-0.00225732871782466,-0.00225732871782466
51,2,"validation-50",-0.089383485610465,-0.0871261568926403,-0.089383485610465,-0.00225732871782466,-0.00225732871782466
51,2,"validation-100",-0.089383485610465,-0.0871261568926403,-0.089383485610465,-0.00225732871782466,-0.00225732871782466
51,2,"validation-200",-0.089383485610465,-0.0871261568926403,-0.089383485610465,-0.00225732871782466,-0.00225732871782466
51,2,"site-exclusion-200",NA,-0.0871261568926403,-0.089383485610465,-0.00225732871782466,NA
51,3,"historical-fixed",-0.0893112552083376,-0.0871261568926403,-0.089383485610465,-0.00225732871782466,-0.00218509831569723
51,3,"historical-dl",-0.0893112552083376,-0.0871261568926403,-0.089383485610465,-0.00225732871782466,-0.00218509831569723
51,3,"historical-q-gate",-0.0893112552083376,-0.0871261568926403,-0.089383485610465,-0.00225732871782466,-0.00218509831569723
51,3,"commonq-fixed",-0.0895032277317523,-0.0871261568926403,-0.089383485610465,-0.00225732871782466,-0.00237707083911197
51,3,"pm-hk",-0.0895032277317523,-0.0871261568926403,-0.089383485610465,-0.00225732871782466,-0.00237707083911197
51,3,"equalq",-0.089383485610465,-0.0871261568926403,-0.089383485610465,-0.00225732871782466,-0.00225732871782466
51,3,"aggregate-gate",-0.089383485610465,-0.0871261568926403,-0.089383485610465,-0.00225732871782466,-0.00225732871782466
51,3,"validation-50",-0.089383485610465,-0.0871261568926403,-0.089383485610465,-0.00225732871782466,-0.00225732871782466
51,3,"validation-100",-0.089383485610465,-0.0871261568926403,-0.089383485610465,-0.00225732871782466,-0.00225732871782466
51,3,"validation-200",-0.089383485610465,-0.0871261568926403,-0.089383485610465,-0.00225732871782466,-0.00225732871782466
51,3,"site-exclusion-200",NA,-0.0871261568926403,-0.089383485610465,-0.00225732871782466,NA
52,1,"historical-fixed",-0.0769918558701996,-0.0871261568926403,-0.0771261568926403,0.01,0.0101343010224407
52,1,"historical-dl",-0.0769918558701996,-0.0871261568926403,-0.0771261568926403,0.01,0.0101343010224407
52,1,"historical-q-gate",-0.0769918558701996,-0.0871261568926403,-0.0771261568926403,0.01,0.0101343010224407
52,1,"commonq-fixed",-0.0774520634766899,-0.0871261568926403,-0.0771261568926403,0.01,0.00967409341595045
52,1,"pm-hk",-0.0774520634766899,-0.0871261568926403,-0.0771261568926403,0.01,0.00967409341595045
52,1,"equalq",-0.0771261568926403,-0.0871261568926403,-0.0771261568926403,0.01,0.01
52,1,"aggregate-gate",-0.0771261568926403,-0.0871261568926403,-0.0771261568926403,0.01,0.01
52,1,"validation-50",-0.0771261568926403,-0.0871261568926403,-0.0771261568926403,0.01,0.01
52,1,"validation-100",-0.0771261568926403,-0.0871261568926403,-0.0771261568926403,0.01,0.01
52,1,"validation-200",-0.0771261568926403,-0.0871261568926403,-0.0771261568926403,0.01,0.01
52,1,"site-exclusion-200",NA,-0.0871261568926403,-0.0771261568926403,0.01,NA
52,2,"historical-fixed",-0.0765966247206991,-0.0871261568926403,-0.0771261568926403,0.01,0.0105295321719412
52,2,"historical-dl",-0.0765966247206991,-0.0871261568926403,-0.0771261568926403,0.01,0.0105295321719412
52,2,"historical-q-gate",-0.0765966247206991,-0.0871261568926403,-0.0771261568926403,0.01,0.0105295321719412
52,2,"commonq-fixed",-0.076590158029543,-0.0871261568926403,-0.0771261568926403,0.01,0.0105359988630974
52,2,"pm-hk",-0.076590158029543,-0.0871261568926403,-0.0771261568926403,0.01,0.0105359988630974
52,2,"equalq",-0.0771261568926403,-0.0871261568926403,-0.0771261568926403,0.01,0.01
52,2,"aggregate-gate",-0.0771261568926403,-0.0871261568926403,-0.0771261568926403,0.01,0.01
52,2,"validation-50",-0.0771261568926403,-0.0871261568926403,-0.0771261568926403,0.01,0.01
52,2,"validation-100",-0.0771261568926403,-0.0871261568926403,-0.0771261568926403,0.01,0.01
52,2,"validation-200",-0.0771261568926403,-0.0871261568926403,-0.0771261568926403,0.01,0.01
52,2,"site-exclusion-200",NA,-0.0871261568926403,-0.0771261568926403,0.01,NA
52,3,"historical-fixed",-0.0763900076673342,-0.0871261568926403,-0.0771261568926403,0.01,0.0107361492253061
52,3,"historical-dl",-0.0763900076673342,-0.0871261568926403,-0.0771261568926403,0.01,0.0107361492253061
52,3,"historical-q-gate",-0.0763900076673342,-0.0871261568926403,-0.0771261568926403,0.01,0.0107361492253061
52,3,"commonq-fixed",-0.0761282573036506,-0.0871261568926403,-0.0771261568926403,0.01,0.0109978995889897
52,3,"pm-hk",-0.0761282573036506,-0.0871261568926403,-0.0771261568926403,0.01,0.0109978995889897
52,3,"equalq",-0.0771261568926403,-0.0871261568926403,-0.0771261568926403,0.01,0.01
52,3,"aggregate-gate",-0.0771261568926403,-0.0871261568926403,-0.0771261568926403,0.01,0.01
52,3,"validation-50",-0.0771261568926403,-0.0871261568926403,-0.0771261568926403,0.01,0.01
52,3,"validation-100",-0.0771261568926403,-0.0871261568926403,-0.0771261568926403,0.01,0.01
52,3,"validation-200",-0.0771261568926403,-0.0871261568926403,-0.0771261568926403,0.01,0.01
52,3,"site-exclusion-200",NA,-0.0871261568926403,-0.0771261568926403,0.01,NA
53,1,"historical-fixed",-0.0722022652465142,-0.0871261568926403,-0.0671261568926403,0.02,0.0149238916461261
53,1,"historical-dl",-0.069401911746239,-0.0871261568926403,-0.0671261568926403,0.02,0.0177242451464014
53,1,"historical-q-gate",-0.0722022652465142,-0.0871261568926403,-0.0671261568926403,0.02,0.0149238916461261
53,1,"commonq-fixed",-0.0727490235944518,-0.0871261568926403,-0.0671261568926403,0.02,0.0143771332981885
53,1,"pm-hk",-0.0695066389150935,-0.0871261568926403,-0.0671261568926403,0.02,0.0176195179775469
53,1,"equalq",-0.0671261568926403,-0.0871261568926403,-0.0671261568926403,0.02,0.02
53,1,"aggregate-gate",-0.0671261568926403,-0.0871261568926403,-0.0671261568926403,0.02,0.02
53,1,"validation-50",-0.0671261568926403,-0.0871261568926403,-0.0671261568926403,0.02,0.02
53,1,"validation-100",-0.0671261568926403,-0.0871261568926403,-0.0671261568926403,0.02,0.02
53,1,"validation-200",-0.0671261568926403,-0.0871261568926403,-0.0671261568926403,0.02,0.02
53,1,"site-exclusion-200",NA,-0.0871261568926403,-0.0671261568926403,0.02,NA
53,2,"historical-fixed",-0.0714466352272816,-0.0871261568926403,-0.0671261568926403,0.02,0.0156795216653587
53,2,"historical-dl",-0.0689744900962579,-0.0871261568926403,-0.0671261568926403,0.02,0.0181516667963824
53,2,"historical-q-gate",-0.0714466352272816,-0.0871261568926403,-0.0671261568926403,0.02,0.0156795216653587
53,2,"commonq-fixed",-0.0713131864691295,-0.0871261568926403,-0.0671261568926403,0.02,0.0158129704235109
53,2,"pm-hk",-0.0687944657351199,-0.0871261568926403,-0.0671261568926403,0.02,0.0183316911575204
53,2,"equalq",-0.0671261568926403,-0.0871261568926403,-0.0671261568926403,0.02,0.02
53,2,"aggregate-gate",-0.0671261568926403,-0.0871261568926403,-0.0671261568926403,0.02,0.02
53,2,"validation-50",-0.0671261568926403,-0.0871261568926403,-0.0671261568926403,0.02,0.02
53,2,"validation-100",-0.0671261568926403,-0.0871261568926403,-0.0671261568926403,0.02,0.02
53,2,"validation-200",-0.0671261568926403,-0.0871261568926403,-0.0671261568926403,0.02,0.02
53,2,"site-exclusion-200",NA,-0.0871261568926403,-0.0671261568926403,0.02,NA
53,3,"historical-fixed",-0.0710478550329723,-0.0871261568926403,-0.0671261568926403,0.02,0.0160783018596681
53,3,"historical-dl",-0.0687671845908968,-0.0871261568926403,-0.0671261568926403,0.02,0.0183589723017435
53,3,"historical-q-gate",-0.0710478550329723,-0.0871261568926403,-0.0671261568926403,0.02,0.0160783018596681
53,3,"commonq-fixed",-0.0705309975833354,-0.0871261568926403,-0.0671261568926403,0.02,0.016595159309305
53,3,"pm-hk",-0.0684524963546505,-0.0871261568926403,-0.0671261568926403,0.02,0.0186736605379899
53,3,"equalq",-0.0671261568926403,-0.0871261568926403,-0.0671261568926403,0.02,0.02
53,3,"aggregate-gate",-0.0671261568926403,-0.0871261568926403,-0.0671261568926403,0.02,0.02
53,3,"validation-50",-0.0671261568926403,-0.0871261568926403,-0.0671261568926403,0.02,0.02
53,3,"validation-100",-0.0671261568926403,-0.0871261568926403,-0.0671261568926403,0.02,0.02
53,3,"validation-200",-0.0671261568926403,-0.0871261568926403,-0.0671261568926403,0.02,0.02
53,3,"site-exclusion-200",NA,-0.0871261568926403,-0.0671261568926403,0.02,NA
54,1,"historical-fixed",-0.0870400430869886,-0.0871261568926403,-0.0871261568926403,0,8.61138056517247e-05
54,1,"historical-dl",-0.0870400430869886,-0.0871261568926403,-0.0871261568926403,0,8.61138056517247e-05
54,1,"historical-q-gate",-0.0870400430869886,-0.0871261568926403,-0.0871261568926403,0,8.61138056517247e-05
54,1,"commonq-fixed",-0.0871261568926403,-0.0871261568926403,-0.0871261568926403,0,0
54,1,"pm-hk",-0.0871261568926403,-0.0871261568926403,-0.0871261568926403,0,0
54,1,"equalq",-0.0871261568926403,-0.0871261568926403,-0.0871261568926403,0,0
54,1,"aggregate-gate",-0.0871261568926403,-0.0871261568926403,-0.0871261568926403,0,0
54,1,"validation-50",-0.0871261568926403,-0.0871261568926403,-0.0871261568926403,0,0
54,1,"validation-100",-0.0871261568926403,-0.0871261568926403,-0.0871261568926403,0,0
54,1,"validation-200",-0.0871261568926403,-0.0871261568926403,-0.0871261568926403,0,0
54,1,"site-exclusion-200",NA,-0.0871261568926403,-0.0871261568926403,0,NA
54,2,"historical-fixed",-0.0870400430869886,-0.0871261568926403,-0.0871261568926403,0,8.61138056517247e-05
54,2,"historical-dl",-0.0870400430869886,-0.0871261568926403,-0.0871261568926403,0,8.61138056517247e-05
54,2,"historical-q-gate",-0.0870400430869886,-0.0871261568926403,-0.0871261568926403,0,8.61138056517247e-05
54,2,"commonq-fixed",-0.0871261568926403,-0.0871261568926403,-0.0871261568926403,0,0
54,2,"pm-hk",-0.0871261568926403,-0.0871261568926403,-0.0871261568926403,0,0
54,2,"equalq",-0.0871261568926403,-0.0871261568926403,-0.0871261568926403,0,0
54,2,"aggregate-gate",-0.0871261568926403,-0.0871261568926403,-0.0871261568926403,0,0
54,2,"validation-50",-0.0871261568926403,-0.0871261568926403,-0.0871261568926403,0,0
54,2,"validation-100",-0.0871261568926403,-0.0871261568926403,-0.0871261568926403,0,0
54,2,"validation-200",-0.0871261568926403,-0.0871261568926403,-0.0871261568926403,0,0
54,2,"site-exclusion-200",NA,-0.0871261568926403,-0.0871261568926403,0,NA
54,3,"historical-fixed",-0.0870400430869886,-0.0871261568926403,-0.0871261568926403,0,8.61138056517247e-05
54,3,"historical-dl",-0.0870400430869886,-0.0871261568926403,-0.0871261568926403,0,8.61138056517247e-05
54,3,"historical-q-gate",-0.0870400430869886,-0.0871261568926403,-0.0871261568926403,0,8.61138056517247e-05
54,3,"commonq-fixed",-0.0871261568926403,-0.0871261568926403,-0.0871261568926403,0,0
54,3,"pm-hk",-0.0871261568926403,-0.0871261568926403,-0.0871261568926403,0,0
54,3,"equalq",-0.0871261568926403,-0.0871261568926403,-0.0871261568926403,0,0
54,3,"aggregate-gate",-0.0871261568926403,-0.0871261568926403,-0.0871261568926403,0,0
54,3,"validation-50",-0.0871261568926403,-0.0871261568926403,-0.0871261568926403,0,0
54,3,"validation-100",-0.0871261568926403,-0.0871261568926403,-0.0871261568926403,0,0
54,3,"validation-200",-0.0871261568926403,-0.0871261568926403,-0.0871261568926403,0,0
54,3,"site-exclusion-200",NA,-0.0871261568926403,-0.0871261568926403,0,NA
55,1,"historical-fixed",-0.062266098262778,-0.06,-0.06,0,-0.00226609826277799
55,1,"historical-dl",-0.0618922779853677,-0.06,-0.06,0,-0.00189227798536772
55,1,"historical-q-gate",-0.062266098262778,-0.06,-0.06,0,-0.00226609826277799
55,1,"commonq-fixed",-0.0609208759512811,-0.06,-0.06,0,-0.000920875951281139
55,1,"pm-hk",-0.0608340152634174,-0.06,-0.06,0,-0.000834015263417448
55,1,"equalq",-0.06,-0.06,-0.06,0,0
55,1,"aggregate-gate",-0.06,-0.06,-0.06,0,0
55,1,"validation-50",-0.06,-0.06,-0.06,0,0
55,1,"validation-100",-0.06,-0.06,-0.06,0,0
55,1,"validation-200",-0.06,-0.06,-0.06,0,0
55,1,"site-exclusion-200",NA,-0.06,-0.06,0,NA
55,2,"historical-fixed",-0.062266098262778,-0.06,-0.06,0,-0.00226609826277799
55,2,"historical-dl",-0.0618922779853677,-0.06,-0.06,0,-0.00189227798536772
55,2,"historical-q-gate",-0.062266098262778,-0.06,-0.06,0,-0.00226609826277799
55,2,"commonq-fixed",-0.0609208759512811,-0.06,-0.06,0,-0.000920875951281139
55,2,"pm-hk",-0.0608340152634174,-0.06,-0.06,0,-0.000834015263417448
55,2,"equalq",-0.06,-0.06,-0.06,0,0
55,2,"aggregate-gate",-0.06,-0.06,-0.06,0,0
55,2,"validation-50",-0.06,-0.06,-0.06,0,0
55,2,"validation-100",-0.06,-0.06,-0.06,0,0
55,2,"validation-200",-0.06,-0.06,-0.06,0,0
55,2,"site-exclusion-200",NA,-0.06,-0.06,0,NA
55,3,"historical-fixed",-0.062266098262778,-0.06,-0.06,0,-0.00226609826277799
55,3,"historical-dl",-0.0618922779853677,-0.06,-0.06,0,-0.00189227798536772
55,3,"historical-q-gate",-0.062266098262778,-0.06,-0.06,0,-0.00226609826277799
55,3,"commonq-fixed",-0.0609208759512811,-0.06,-0.06,0,-0.000920875951281139
55,3,"pm-hk",-0.0608340152634174,-0.06,-0.06,0,-0.000834015263417448
55,3,"equalq",-0.06,-0.06,-0.06,0,0
55,3,"aggregate-gate",-0.06,-0.06,-0.06,0,0
55,3,"validation-50",-0.06,-0.06,-0.06,0,0
55,3,"validation-100",-0.06,-0.06,-0.06,0,0
55,3,"validation-200",-0.06,-0.06,-0.06,0,0
55,3,"site-exclusion-200",NA,-0.06,-0.06,0,NA
56,1,"historical-fixed",-0.0624329294434137,-0.06,-0.06,0,-0.00243292944341373
56,1,"historical-dl",-0.0624329294434137,-0.06,-0.06,0,-0.00243292944341373
56,1,"historical-q-gate",-0.0624329294434137,-0.06,-0.06,0,-0.00243292944341373
56,1,"commonq-fixed",-0.0601432484885256,-0.06,-0.06,0,-0.000143248488525621
56,1,"pm-hk",-0.0601432484885256,-0.06,-0.06,0,-0.000143248488525621
56,1,"equalq",-0.06,-0.06,-0.06,0,0
56,1,"aggregate-gate",-0.06,-0.06,-0.06,0,0
56,1,"validation-50",-0.06,-0.06,-0.06,0,0
56,1,"validation-100",-0.06,-0.06,-0.06,0,0
56,1,"validation-200",-0.06,-0.06,-0.06,0,0
56,1,"site-exclusion-200",NA,-0.06,-0.06,0,NA
56,2,"historical-fixed",-0.062487788533047,-0.06,-0.06,0,-0.00248778853304705
56,2,"historical-dl",-0.0622427070723336,-0.06,-0.06,0,-0.00224270707233359
56,2,"historical-q-gate",-0.062487788533047,-0.06,-0.06,0,-0.00248778853304705
56,2,"commonq-fixed",-0.0607231922914026,-0.06,-0.06,0,-0.00072319229140265
56,2,"pm-hk",-0.0607231922914026,-0.06,-0.06,0,-0.00072319229140265
56,2,"equalq",-0.06,-0.06,-0.06,0,0
56,2,"aggregate-gate",-0.06,-0.06,-0.06,0,0
56,2,"validation-50",-0.06,-0.06,-0.06,0,0
56,2,"validation-100",-0.06,-0.06,-0.06,0,0
56,2,"validation-200",-0.06,-0.06,-0.06,0,0
56,2,"site-exclusion-200",NA,-0.06,-0.06,0,NA
56,3,"historical-fixed",-0.0625095460906046,-0.06,-0.06,0,-0.00250954609060465
56,3,"historical-dl",-0.0620579930737786,-0.06,-0.06,0,-0.00205799307377862
56,3,"historical-q-gate",-0.0625095460906046,-0.06,-0.06,0,-0.00250954609060465
56,3,"commonq-fixed",-0.0610548727913194,-0.06,-0.06,0,-0.00105487279131945
56,3,"pm-hk",-0.0609577588245742,-0.06,-0.06,0,-0.000957758824574217
56,3,"equalq",-0.06,-0.06,-0.06,0,0
56,3,"aggregate-gate",-0.06,-0.06,-0.06,0,0
56,3,"validation-50",-0.06,-0.06,-0.06,0,0
56,3,"validation-100",-0.06,-0.06,-0.06,0,0
56,3,"validation-200",-0.06,-0.06,-0.06,0,0
56,3,"site-exclusion-200",NA,-0.06,-0.06,0,NA
57,1,"historical-fixed",-0.062266098262778,-0.06,-0.06,0,-0.002266098262778
57,1,"historical-dl",-0.0618922779853677,-0.06,-0.06,0,-0.00189227798536772
57,1,"historical-q-gate",-0.062266098262778,-0.06,-0.06,0,-0.002266098262778
57,1,"commonq-fixed",-0.0609208759512811,-0.06,-0.06,0,-0.000920875951281125
57,1,"pm-hk",-0.0608340152634174,-0.06,-0.06,0,-0.000834015263417448
57,1,"equalq",-0.06,-0.06,-0.06,0,0
57,1,"aggregate-gate",-0.06,-0.06,-0.06,0,0
57,1,"validation-50",-0.06,-0.06,-0.06,0,0
57,1,"validation-100",-0.06,-0.06,-0.06,0,0
57,1,"validation-200",-0.06,-0.06,-0.06,0,0
57,1,"site-exclusion-200",NA,-0.06,-0.06,0,NA
57,2,"historical-fixed",-0.062266098262778,-0.06,-0.06,0,-0.00226609826277801
57,2,"historical-dl",-0.0618922779853677,-0.06,-0.06,0,-0.00189227798536775
57,2,"historical-q-gate",-0.062266098262778,-0.06,-0.06,0,-0.00226609826277801
57,2,"commonq-fixed",-0.0609208759512811,-0.06,-0.06,0,-0.000920875951281139
57,2,"pm-hk",-0.0608340152634174,-0.06,-0.06,0,-0.000834015263417448
57,2,"equalq",-0.06,-0.06,-0.06,0,0
57,2,"aggregate-gate",-0.06,-0.06,-0.06,0,0
57,2,"validation-50",-0.06,-0.06,-0.06,0,0
57,2,"validation-100",-0.06,-0.06,-0.06,0,0
57,2,"validation-200",-0.06,-0.06,-0.06,0,0
57,2,"site-exclusion-200",NA,-0.06,-0.06,0,NA
57,3,"historical-fixed",-0.062266098262778,-0.06,-0.06,6.93889390390723e-18,-0.002266098262778
57,3,"historical-dl",-0.0618922779853677,-0.06,-0.06,6.93889390390723e-18,-0.00189227798536774
57,3,"historical-q-gate",-0.062266098262778,-0.06,-0.06,6.93889390390723e-18,-0.002266098262778
57,3,"commonq-fixed",-0.0609208759512811,-0.06,-0.06,6.93889390390723e-18,-0.000920875951281146
57,3,"pm-hk",-0.0608340152634174,-0.06,-0.06,6.93889390390723e-18,-0.000834015263417434
57,3,"equalq",-0.06,-0.06,-0.06,6.93889390390723e-18,6.93889390390723e-18
57,3,"aggregate-gate",-0.06,-0.06,-0.06,6.93889390390723e-18,6.93889390390723e-18
57,3,"validation-50",-0.06,-0.06,-0.06,6.93889390390723e-18,6.93889390390723e-18
57,3,"validation-100",-0.06,-0.06,-0.06,6.93889390390723e-18,6.93889390390723e-18
57,3,"validation-200",-0.06,-0.06,-0.06,6.93889390390723e-18,6.93889390390723e-18
57,3,"site-exclusion-200",NA,-0.06,-0.06,6.93889390390723e-18,NA
58,1,"historical-fixed",-0.06260840809105,-0.06,-0.06,6.93889390390723e-18,-0.00260840809105005
58,1,"historical-dl",-0.0618871104275809,-0.06,-0.06,6.93889390390723e-18,-0.00188711042758094
58,1,"historical-q-gate",-0.06260840809105,-0.06,-0.06,6.93889390390723e-18,-0.00260840809105005
58,1,"commonq-fixed",-0.0610990064892153,-0.06,-0.06,6.93889390390723e-18,-0.00109900648921535
58,1,"pm-hk",-0.0608816658692525,-0.06,-0.06,6.93889390390723e-18,-0.000881665869252521
58,1,"equalq",-0.06,-0.06,-0.06,6.93889390390723e-18,6.93889390390723e-18
58,1,"aggregate-gate",-0.06,-0.06,-0.06,6.93889390390723e-18,6.93889390390723e-18
58,1,"validation-50",-0.06,-0.06,-0.06,6.93889390390723e-18,6.93889390390723e-18
58,1,"validation-100",-0.06,-0.06,-0.06,6.93889390390723e-18,6.93889390390723e-18
58,1,"validation-200",-0.06,-0.06,-0.06,6.93889390390723e-18,6.93889390390723e-18
58,1,"site-exclusion-200",NA,-0.06,-0.06,6.93889390390723e-18,NA
58,2,"historical-fixed",-0.0623120030979119,-0.06,-0.06,-6.93889390390723e-18,-0.00231200309791191
58,2,"historical-dl",-0.0618574669329945,-0.06,-0.06,-6.93889390390723e-18,-0.00185746693299445
58,2,"historical-q-gate",-0.0623120030979119,-0.06,-0.06,-6.93889390390723e-18,-0.00231200309791191
58,2,"commonq-fixed",-0.0609571528550585,-0.06,-0.06,-6.93889390390723e-18,-0.000957152855058485
58,2,"pm-hk",-0.0608293454308118,-0.06,-0.06,-6.93889390390723e-18,-0.000829345430811812
58,2,"equalq",-0.06,-0.06,-0.06,-6.93889390390723e-18,-6.93889390390723e-18
58,2,"aggregate-gate",-0.06,-0.06,-0.06,-6.93889390390723e-18,-6.93889390390723e-18
58,2,"validation-50",-0.06,-0.06,-0.06,-6.93889390390723e-18,-6.93889390390723e-18
58,2,"validation-100",-0.06,-0.06,-0.06,-6.93889390390723e-18,-6.93889390390723e-18
58,2,"validation-200",-0.06,-0.06,-0.06,-6.93889390390723e-18,-6.93889390390723e-18
58,2,"site-exclusion-200",NA,-0.06,-0.06,-6.93889390390723e-18,NA
58,3,"historical-fixed",-0.062161723144549,-0.06,-0.06,0,-0.00216172314454904
58,3,"historical-dl",-0.0618264245194481,-0.06,-0.06,0,-0.0018264245194481
58,3,"historical-q-gate",-0.062161723144549,-0.06,-0.06,0,-0.00216172314454904
58,3,"commonq-fixed",-0.0608785218487403,-0.06,-0.06,0,-0.000878521848740335
58,3,"pm-hk",-0.0607966389291984,-0.06,-0.06,0,-0.000796638929198429
58,3,"equalq",-0.06,-0.06,-0.06,0,0
58,3,"aggregate-gate",-0.06,-0.06,-0.06,0,0
58,3,"validation-50",-0.06,-0.06,-0.06,0,0
58,3,"validation-100",-0.06,-0.06,-0.06,0,0
58,3,"validation-200",-0.06,-0.06,-0.06,0,0
58,3,"site-exclusion-200",NA,-0.06,-0.06,0,NA
59,1,"historical-fixed",-0.0615113725896254,-0.06,-0.06,0,-0.00151137258962545
59,1,"historical-dl",-0.0614862685547796,-0.06,-0.06,0,-0.00148626855477965
59,1,"historical-q-gate",-0.0615113725896254,-0.06,-0.06,0,-0.00151137258962545
59,1,"commonq-fixed",-0.0605722585473675,-0.06,-0.06,0,-0.000572258547367539
59,1,"pm-hk",-0.0605722585473675,-0.06,-0.06,0,-0.000572258547367539
59,1,"equalq",-0.06,-0.06,-0.06,0,0
59,1,"aggregate-gate",-0.06,-0.06,-0.06,0,0
59,1,"validation-50",-0.06,-0.06,-0.06,0,0
59,1,"validation-100",-0.06,-0.06,-0.06,0,0
59,1,"validation-200",-0.06,-0.06,-0.06,0,0
59,1,"site-exclusion-200",NA,-0.06,-0.06,0,NA
59,2,"historical-fixed",-0.0621115193463775,-0.06,-0.06,0,-0.00211151934637753
59,2,"historical-dl",-0.0618378390970937,-0.06,-0.06,0,-0.00183783909709375
59,2,"historical-q-gate",-0.0621115193463775,-0.06,-0.06,0,-0.00211151934637753
59,2,"commonq-fixed",-0.0608293853096104,-0.06,-0.06,0,-0.000829385309610409
59,2,"pm-hk",-0.0607902477188476,-0.06,-0.06,0,-0.0007902477188476
59,2,"equalq",-0.06,-0.06,-0.06,0,0
59,2,"aggregate-gate",-0.06,-0.06,-0.06,0,0
59,2,"validation-50",-0.06,-0.06,-0.06,0,0
59,2,"validation-100",-0.06,-0.06,-0.06,0,0
59,2,"validation-200",-0.06,-0.06,-0.06,0,0
59,2,"site-exclusion-200",NA,-0.06,-0.06,0,NA
59,3,"historical-fixed",-0.0623912239358969,-0.06,-0.06,6.93889390390723e-18,-0.00239122393589686
59,3,"historical-dl",-0.0619686778349159,-0.06,-0.06,6.93889390390723e-18,-0.00196867783491591
59,3,"historical-q-gate",-0.0623912239358969,-0.06,-0.06,6.93889390390723e-18,-0.00239122393589686
59,3,"commonq-fixed",-0.0609708291435809,-0.06,-0.06,6.93889390390723e-18,-0.000970829143580862
59,3,"pm-hk",-0.0608791840740121,-0.06,-0.06,6.93889390390723e-18,-0.0008791840740121
59,3,"equalq",-0.06,-0.06,-0.06,6.93889390390723e-18,6.93889390390723e-18
59,3,"aggregate-gate",-0.06,-0.06,-0.06,6.93889390390723e-18,6.93889390390723e-18
59,3,"validation-50",-0.06,-0.06,-0.06,6.93889390390723e-18,6.93889390390723e-18
59,3,"validation-100",-0.06,-0.06,-0.06,6.93889390390723e-18,6.93889390390723e-18
59,3,"validation-200",-0.06,-0.06,-0.06,6.93889390390723e-18,6.93889390390723e-18
59,3,"site-exclusion-200",NA,-0.06,-0.06,6.93889390390723e-18,NA
60,1,"historical-fixed",-0.062266098262778,-0.06,-0.06,0,-0.00226609826277799
60,1,"historical-dl",-0.0618922779853677,-0.06,-0.06,0,-0.00189227798536772
60,1,"historical-q-gate",-0.062266098262778,-0.06,-0.06,0,-0.00226609826277799
60,1,"commonq-fixed",-0.0609208759512811,-0.06,-0.06,0,-0.000920875951281139
60,1,"pm-hk",-0.0608340152634174,-0.06,-0.06,0,-0.000834015263417448
60,1,"equalq",-0.06,-0.06,-0.06,0,0
60,1,"aggregate-gate",-0.06,-0.06,-0.06,0,0
60,1,"validation-50",-0.06,-0.06,-0.06,0,0
60,1,"validation-100",-0.06,-0.06,-0.06,0,0
60,1,"validation-200",-0.06,-0.06,-0.06,0,0
60,1,"site-exclusion-200",NA,-0.06,-0.06,0,NA
60,2,"historical-fixed",-0.062266098262778,-0.06,-0.06,0,-0.00226609826277799
60,2,"historical-dl",-0.0618922779853677,-0.06,-0.06,0,-0.00189227798536772
60,2,"historical-q-gate",-0.062266098262778,-0.06,-0.06,0,-0.00226609826277799
60,2,"commonq-fixed",-0.0609208759512811,-0.06,-0.06,0,-0.000920875951281139
60,2,"pm-hk",-0.0608340152634174,-0.06,-0.06,0,-0.000834015263417448
60,2,"equalq",-0.06,-0.06,-0.06,0,0
60,2,"aggregate-gate",-0.06,-0.06,-0.06,0,0
60,2,"validation-50",-0.06,-0.06,-0.06,0,0
60,2,"validation-100",-0.06,-0.06,-0.06,0,0
60,2,"validation-200",-0.06,-0.06,-0.06,0,0
60,2,"site-exclusion-200",NA,-0.06,-0.06,0,NA
60,3,"historical-fixed",-0.062266098262778,-0.06,-0.06,0,-0.00226609826277799
60,3,"historical-dl",-0.0618922779853677,-0.06,-0.06,0,-0.00189227798536772
60,3,"historical-q-gate",-0.062266098262778,-0.06,-0.06,0,-0.00226609826277799
60,3,"commonq-fixed",-0.0609208759512811,-0.06,-0.06,0,-0.000920875951281139
60,3,"pm-hk",-0.0608340152634174,-0.06,-0.06,0,-0.000834015263417448
60,3,"equalq",-0.06,-0.06,-0.06,0,0
60,3,"aggregate-gate",-0.06,-0.06,-0.06,0,0
60,3,"validation-50",-0.06,-0.06,-0.06,0,0
60,3,"validation-100",-0.06,-0.06,-0.06,0,0
60,3,"validation-200",-0.06,-0.06,-0.06,0,0
60,3,"site-exclusion-200",NA,-0.06,-0.06,0,NA
61,1,"historical-fixed",-0.0758344102819606,-0.0735630784463202,-0.0735630784463202,0,-0.00227133183564042
61,1,"historical-dl",-0.0756884225235837,-0.0735630784463202,-0.0735630784463202,0,-0.00212534407726352
61,1,"historical-q-gate",-0.0758344102819606,-0.0735630784463202,-0.0735630784463202,0,-0.00227133183564042
61,1,"commonq-fixed",-0.0745930149373714,-0.0735630784463202,-0.0735630784463202,0,-0.00102993649105125
61,1,"pm-hk",-0.074489002584493,-0.0735630784463202,-0.0735630784463202,0,-0.000925924138172843
61,1,"equalq",-0.0735630784463202,-0.0735630784463202,-0.0735630784463202,0,0
61,1,"aggregate-gate",-0.0735630784463202,-0.0735630784463202,-0.0735630784463202,0,0
61,1,"validation-50",-0.0735630784463202,-0.0735630784463202,-0.0735630784463202,0,0
61,1,"validation-100",-0.0735630784463202,-0.0735630784463202,-0.0735630784463202,0,0
61,1,"validation-200",-0.0735630784463202,-0.0735630784463202,-0.0735630784463202,0,0
61,1,"site-exclusion-200",NA,-0.0735630784463202,-0.0735630784463202,0,NA
61,2,"historical-fixed",-0.0758344102819606,-0.0735630784463202,-0.0735630784463202,0,-0.00227133183564042
61,2,"historical-dl",-0.0756884225235837,-0.0735630784463202,-0.0735630784463202,0,-0.00212534407726352
61,2,"historical-q-gate",-0.0758344102819606,-0.0735630784463202,-0.0735630784463202,0,-0.00227133183564042
61,2,"commonq-fixed",-0.0745930149373714,-0.0735630784463202,-0.0735630784463202,0,-0.00102993649105125
61,2,"pm-hk",-0.074489002584493,-0.0735630784463202,-0.0735630784463202,0,-0.000925924138172843
61,2,"equalq",-0.0735630784463202,-0.0735630784463202,-0.0735630784463202,0,0
61,2,"aggregate-gate",-0.0735630784463202,-0.0735630784463202,-0.0735630784463202,0,0
61,2,"validation-50",-0.0735630784463202,-0.0735630784463202,-0.0735630784463202,0,0
61,2,"validation-100",-0.0735630784463202,-0.0735630784463202,-0.0735630784463202,0,0
61,2,"validation-200",-0.0735630784463202,-0.0735630784463202,-0.0735630784463202,0,0
61,2,"site-exclusion-200",NA,-0.0735630784463202,-0.0735630784463202,0,NA
61,3,"historical-fixed",-0.0758344102819606,-0.0735630784463202,-0.0735630784463202,0,-0.00227133183564042
61,3,"historical-dl",-0.0756884225235837,-0.0735630784463202,-0.0735630784463202,0,-0.00212534407726352
61,3,"historical-q-gate",-0.0758344102819606,-0.0735630784463202,-0.0735630784463202,0,-0.00227133183564042
61,3,"commonq-fixed",-0.0745930149373714,-0.0735630784463202,-0.0735630784463202,0,-0.00102993649105125
61,3,"pm-hk",-0.074489002584493,-0.0735630784463202,-0.0735630784463202,0,-0.000925924138172843
61,3,"equalq",-0.0735630784463202,-0.0735630784463202,-0.0735630784463202,0,0
61,3,"aggregate-gate",-0.0735630784463202,-0.0735630784463202,-0.0735630784463202,0,0
61,3,"validation-50",-0.0735630784463202,-0.0735630784463202,-0.0735630784463202,0,0
61,3,"validation-100",-0.0735630784463202,-0.0735630784463202,-0.0735630784463202,0,0
61,3,"validation-200",-0.0735630784463202,-0.0735630784463202,-0.0735630784463202,0,0
61,3,"site-exclusion-200",NA,-0.0735630784463202,-0.0735630784463202,0,NA
62,1,"historical-fixed",-0.0749244813189066,-0.0735630784463202,-0.0727268285381933,0.00083624990812689,-0.00136140287258639
62,1,"historical-dl",-0.0749244813189066,-0.0735630784463202,-0.0727268285381933,0.00083624990812689,-0.00136140287258639
62,1,"historical-q-gate",-0.0749244813189066,-0.0735630784463202,-0.0727268285381933,0.00083624990812689,-0.00136140287258639
62,1,"commonq-fixed",-0.0732975348469533,-0.0735630784463202,-0.0727268285381933,0.00083624990812689,0.000265543599366896
62,1,"pm-hk",-0.0732975348469533,-0.0735630784463202,-0.0727268285381933,0.00083624990812689,0.000265543599366896
62,1,"equalq",-0.0727268285381933,-0.0735630784463202,-0.0727268285381933,0.00083624990812689,0.00083624990812689
62,1,"aggregate-gate",-0.0727268285381933,-0.0735630784463202,-0.0727268285381933,0.00083624990812689,0.00083624990812689
62,1,"validation-50",-0.0727268285381933,-0.0735630784463202,-0.0727268285381933,0.00083624990812689,0.00083624990812689
62,1,"validation-100",-0.0727268285381933,-0.0735630784463202,-0.0727268285381933,0.00083624990812689,0.00083624990812689
62,1,"validation-200",-0.0727268285381933,-0.0735630784463202,-0.0727268285381933,0.00083624990812689,0.00083624990812689
62,1,"site-exclusion-200",NA,-0.0735630784463202,-0.0727268285381933,0.00083624990812689,NA
62,2,"historical-fixed",-0.074990461248868,-0.0735630784463202,-0.0727268285381933,0.00083624990812689,-0.00142738280254781
62,2,"historical-dl",-0.0749560464531572,-0.0735630784463202,-0.0727268285381933,0.00083624990812689,-0.00139296800683707
62,2,"historical-q-gate",-0.074990461248868,-0.0735630784463202,-0.0727268285381933,0.00083624990812689,-0.00142738280254781
62,2,"commonq-fixed",-0.0738592375350306,-0.0735630784463202,-0.0727268285381933,0.00083624990812689,-0.00029615908871046
62,2,"pm-hk",-0.0738592375350306,-0.0735630784463202,-0.0727268285381933,0.00083624990812689,-0.00029615908871046
62,2,"equalq",-0.0727268285381933,-0.0735630784463202,-0.0727268285381933,0.00083624990812689,0.00083624990812689
62,2,"aggregate-gate",-0.0727268285381933,-0.0735630784463202,-0.0727268285381933,0.00083624990812689,0.00083624990812689
62,2,"validation-50",-0.0727268285381933,-0.0735630784463202,-0.0727268285381933,0.00083624990812689,0.00083624990812689
62,2,"validation-100",-0.0727268285381933,-0.0735630784463202,-0.0727268285381933,0.00083624990812689,0.00083624990812689
62,2,"validation-200",-0.0727268285381933,-0.0735630784463202,-0.0727268285381933,0.00083624990812689,0.00083624990812689
62,2,"site-exclusion-200",NA,-0.0735630784463202,-0.0727268285381933,0.00083624990812689,NA
62,3,"historical-fixed",-0.0750162467781045,-0.0735630784463202,-0.0727268285381933,0.000836249908126876,-0.00145316833178437
62,3,"historical-dl",-0.0747539966288875,-0.0735630784463202,-0.0727268285381933,0.000836249908126876,-0.00119091818256734
62,3,"historical-q-gate",-0.0750162467781045,-0.0735630784463202,-0.0727268285381933,0.000836249908126876,-0.00145316833178437
62,3,"commonq-fixed",-0.0741799713278306,-0.0735630784463202,-0.0727268285381933,0.000836249908126876,-0.000616892881510414
62,3,"pm-hk",-0.074034755920487,-0.0735630784463202,-0.0727268285381933,0.000836249908126876,-0.00047167747416689
62,3,"equalq",-0.0727268285381933,-0.0735630784463202,-0.0727268285381933,0.000836249908126876,0.000836249908126876
62,3,"aggregate-gate",-0.0727268285381933,-0.0735630784463202,-0.0727268285381933,0.000836249908126876,0.000836249908126876
62,3,"validation-50",-0.0727268285381933,-0.0735630784463202,-0.0727268285381933,0.000836249908126876,0.000836249908126876
62,3,"validation-100",-0.0727268285381933,-0.0735630784463202,-0.0727268285381933,0.000836249908126876,0.000836249908126876
62,3,"validation-200",-0.0727268285381933,-0.0735630784463202,-0.0727268285381933,0.000836249908126876,0.000836249908126876
62,3,"site-exclusion-200",NA,-0.0735630784463202,-0.0727268285381933,0.000836249908126876,NA
63,1,"historical-fixed",-0.0769322027423072,-0.0735630784463202,-0.0746917428052325,-0.00112866435891233,-0.00336912429598707
63,1,"historical-dl",-0.076866771522797,-0.0735630784463202,-0.0746917428052325,-0.00112866435891233,-0.00330369307647679
63,1,"historical-q-gate",-0.0769322027423072,-0.0735630784463202,-0.0746917428052325,-0.00112866435891233,-0.00336912429598707
63,1,"commonq-fixed",-0.075645258243047,-0.0735630784463202,-0.0746917428052325,-0.00112866435891233,-0.00208217979672683
63,1,"pm-hk",-0.0755372480618694,-0.0735630784463202,-0.0746917428052325,-0.00112866435891233,-0.00197416961554926
63,1,"equalq",-0.0746917428052325,-0.0735630784463202,-0.0746917428052325,-0.00112866435891233,-0.00112866435891233
63,1,"aggregate-gate",-0.0746917428052325,-0.0735630784463202,-0.0746917428052325,-0.00112866435891233,-0.00112866435891233
63,1,"validation-50",-0.0746917428052325,-0.0735630784463202,-0.0746917428052325,-0.00112866435891233,-0.00112866435891233
63,1,"validation-100",-0.0746917428052325,-0.0735630784463202,-0.0746917428052325,-0.00112866435891233,-0.00112866435891233
63,1,"validation-200",-0.0746917428052325,-0.0735630784463202,-0.0746917428052325,-0.00112866435891233,-0.00112866435891233
63,1,"site-exclusion-200",NA,-0.0735630784463202,-0.0746917428052325,-0.00112866435891233,NA
63,2,"historical-fixed",-0.0769413496212196,-0.0735630784463202,-0.0746917428052325,-0.00112866435891233,-0.00337827117489944
63,2,"historical-dl",-0.0768404228372362,-0.0735630784463202,-0.0746917428052325,-0.00112866435891233,-0.00327734439091602
63,2,"historical-q-gate",-0.0769413496212196,-0.0735630784463202,-0.0746917428052325,-0.00112866435891233,-0.00337827117489944
63,2,"commonq-fixed",-0.0757288510446113,-0.0735630784463202,-0.0746917428052325,-0.00112866435891233,-0.00216577259829111
63,2,"pm-hk",-0.0756186163255022,-0.0735630784463202,-0.0746917428052325,-0.00112866435891233,-0.00205553787918202
63,2,"equalq",-0.0746917428052325,-0.0735630784463202,-0.0746917428052325,-0.00112866435891233,-0.00112866435891233
63,2,"aggregate-gate",-0.0746917428052325,-0.0735630784463202,-0.0746917428052325,-0.00112866435891233,-0.00112866435891233
63,2,"validation-50",-0.0746917428052325,-0.0735630784463202,-0.0746917428052325,-0.00112866435891233,-0.00112866435891233
63,2,"validation-100",-0.0746917428052325,-0.0735630784463202,-0.0746917428052325,-0.00112866435891233,-0.00112866435891233
63,2,"validation-200",-0.0746917428052325,-0.0735630784463202,-0.0746917428052325,-0.00112866435891233,-0.00112866435891233
63,2,"site-exclusion-200",NA,-0.0735630784463202,-0.0746917428052325,-0.00112866435891233,NA
63,3,"historical-fixed",-0.0769462033751915,-0.0735630784463202,-0.0746917428052325,-0.00112866435891233,-0.00338312492887133
63,3,"historical-dl",-0.0768252427007285,-0.0735630784463202,-0.0746917428052325,-0.00112866435891233,-0.00326216425440833
63,3,"historical-q-gate",-0.0769462033751915,-0.0735630784463202,-0.0746917428052325,-0.00112866435891233,-0.00338312492887133
63,3,"commonq-fixed",-0.0757736057807844,-0.0735630784463202,-0.0746917428052325,-0.00112866435891233,-0.00221052733446422
63,3,"pm-hk",-0.0756622806226274,-0.0735630784463202,-0.0746917428052325,-0.00112866435891233,-0.00209920217630719
63,3,"equalq",-0.0746917428052325,-0.0735630784463202,-0.0746917428052325,-0.00112866435891233,-0.00112866435891233
63,3,"aggregate-gate",-0.0746917428052325,-0.0735630784463202,-0.0746917428052325,-0.00112866435891233,-0.00112866435891233
63,3,"validation-50",-0.0746917428052325,-0.0735630784463202,-0.0746917428052325,-0.00112866435891233,-0.00112866435891233
63,3,"validation-100",-0.0746917428052325,-0.0735630784463202,-0.0746917428052325,-0.00112866435891233,-0.00112866435891233
63,3,"validation-200",-0.0746917428052325,-0.0735630784463202,-0.0746917428052325,-0.00112866435891233,-0.00112866435891233
63,3,"site-exclusion-200",NA,-0.0735630784463202,-0.0746917428052325,-0.00112866435891233,NA
64,1,"historical-fixed",-0.070526602122858,-0.0735630784463202,-0.0685630784463202,0.005,0.00303647632346221
64,1,"historical-dl",-0.0701301138549731,-0.0735630784463202,-0.0685630784463202,0.005,0.00343296459134702
64,1,"historical-q-gate",-0.070526602122858,-0.0735630784463202,-0.0685630784463202,0.005,0.00303647632346221
64,1,"commonq-fixed",-0.0695679296764119,-0.0735630784463202,-0.0685630784463202,0.005,0.00399514876990827
64,1,"pm-hk",-0.069298759814563,-0.0735630784463202,-0.0685630784463202,0.005,0.00426431863175715
64,1,"equalq",-0.0685630784463202,-0.0735630784463202,-0.0685630784463202,0.005,0.005
64,1,"aggregate-gate",-0.0685630784463202,-0.0735630784463202,-0.0685630784463202,0.005,0.005
64,1,"validation-50",-0.0685630784463202,-0.0735630784463202,-0.0685630784463202,0.005,0.005
64,1,"validation-100",-0.0685630784463202,-0.0735630784463202,-0.0685630784463202,0.005,0.005
64,1,"validation-200",-0.0685630784463202,-0.0735630784463202,-0.0685630784463202,0.005,0.005
64,1,"site-exclusion-200",NA,-0.0735630784463202,-0.0685630784463202,0.005,NA
64,2,"historical-fixed",-0.0704544312107554,-0.0735630784463202,-0.0685630784463202,0.005,0.00310864723556478
64,2,"historical-dl",-0.0699806735940937,-0.0735630784463202,-0.0685630784463202,0.005,0.00358240485222648
64,2,"historical-q-gate",-0.0704544312107554,-0.0735630784463202,-0.0685630784463202,0.005,0.00310864723556478
64,2,"commonq-fixed",-0.0691620694583994,-0.0735630784463202,-0.0685630784463202,0.005,0.0044010089879208
64,2,"pm-hk",-0.0690149656189212,-0.0735630784463202,-0.0685630784463202,0.005,0.00454811282739899
64,2,"equalq",-0.0685630784463202,-0.0735630784463202,-0.0685630784463202,0.005,0.005
64,2,"aggregate-gate",-0.0685630784463202,-0.0735630784463202,-0.0685630784463202,0.005,0.005
64,2,"validation-50",-0.0685630784463202,-0.0735630784463202,-0.0685630784463202,0.005,0.005
64,2,"validation-100",-0.0685630784463202,-0.0735630784463202,-0.0685630784463202,0.005,0.005
64,2,"validation-200",-0.0685630784463202,-0.0735630784463202,-0.0685630784463202,0.005,0.005
64,2,"site-exclusion-200",NA,-0.0735630784463202,-0.0685630784463202,0.005,NA
64,3,"historical-fixed",-0.0704007804985637,-0.0735630784463202,-0.0685630784463202,0.005,0.00316229794775642
64,3,"historical-dl",-0.0699101488259388,-0.0735630784463202,-0.0685630784463202,0.005,0.00365292962038134
64,3,"historical-q-gate",-0.0704007804985637,-0.0735630784463202,-0.0685630784463202,0.005,0.00316229794775642
64,3,"commonq-fixed",-0.0689444887060383,-0.0735630784463202,-0.0685630784463202,0.005,0.00461858974028186
64,3,"pm-hk",-0.0688706308199086,-0.0735630784463202,-0.0685630784463202,0.005,0.00469244762641158
64,3,"equalq",-0.0685630784463202,-0.0735630784463202,-0.0685630784463202,0.005,0.005
64,3,"aggregate-gate",-0.0685630784463202,-0.0735630784463202,-0.0685630784463202,0.005,0.005
64,3,"validation-50",-0.0685630784463202,-0.0735630784463202,-0.0685630784463202,0.005,0.005
64,3,"validation-100",-0.0685630784463202,-0.0735630784463202,-0.0685630784463202,0.005,0.005
64,3,"validation-200",-0.0685630784463202,-0.0735630784463202,-0.0685630784463202,0.005,0.005
64,3,"site-exclusion-200",NA,-0.0735630784463202,-0.0685630784463202,0.005,NA
65,1,"historical-fixed",-0.0669154682515854,-0.0735630784463202,-0.0635630784463202,0.01,0.00664761019473477
65,1,"historical-dl",-0.0659309533993169,-0.0735630784463202,-0.0635630784463202,0.01,0.00763212504700324
65,1,"historical-q-gate",-0.0669154682515854,-0.0735630784463202,-0.0635630784463202,0.01,0.00664761019473477
65,1,"commonq-fixed",-0.0665174577466906,-0.0735630784463202,-0.0635630784463202,0.01,0.00704562069962959
65,1,"pm-hk",-0.0654986488236226,-0.0735630784463202,-0.0635630784463202,0.01,0.00806442962269756
65,1,"equalq",-0.0635630784463202,-0.0735630784463202,-0.0635630784463202,0.01,0.01
65,1,"aggregate-gate",-0.0635630784463202,-0.0735630784463202,-0.0635630784463202,0.01,0.01
65,1,"validation-50",-0.0635630784463202,-0.0735630784463202,-0.0635630784463202,0.01,0.01
65,1,"validation-100",-0.0635630784463202,-0.0735630784463202,-0.0635630784463202,0.01,0.01
65,1,"validation-200",-0.0635630784463202,-0.0735630784463202,-0.0635630784463202,0.01,0.01
65,1,"site-exclusion-200",NA,-0.0735630784463202,-0.0635630784463202,0.01,NA
65,2,"historical-fixed",-0.0675739466456805,-0.0735630784463202,-0.0635630784463202,0.01,0.00598913180063963
65,2,"historical-dl",-0.0658264379050317,-0.0735630784463202,-0.0635630784463202,0.01,0.00773664054128843
65,2,"historical-q-gate",-0.0675739466456805,-0.0735630784463202,-0.0635630784463202,0.01,0.00598913180063963
65,2,"commonq-fixed",-0.0662322165098267,-0.0735630784463202,-0.0635630784463202,0.01,0.00733086193649345
65,2,"pm-hk",-0.0651176060590692,-0.0735630784463202,-0.0635630784463202,0.01,0.00844547238725099
65,2,"equalq",-0.0635630784463202,-0.0735630784463202,-0.0635630784463202,0.01,0.01
65,2,"aggregate-gate",-0.0635630784463202,-0.0735630784463202,-0.0635630784463202,0.01,0.01
65,2,"validation-50",-0.0635630784463202,-0.0735630784463202,-0.0635630784463202,0.01,0.01
65,2,"validation-100",-0.0635630784463202,-0.0735630784463202,-0.0635630784463202,0.01,0.01
65,2,"validation-200",-0.0635630784463202,-0.0735630784463202,-0.0635630784463202,0.01,0.01
65,2,"site-exclusion-200",NA,-0.0735630784463202,-0.0635630784463202,0.01,NA
65,3,"historical-fixed",-0.0678701739646369,-0.0735630784463202,-0.0635630784463202,0.01,0.0056929044816833
65,3,"historical-dl",-0.0657682988303243,-0.0735630784463202,-0.0635630784463202,0.01,0.00779477961599591
65,3,"historical-q-gate",-0.0678701739646369,-0.0735630784463202,-0.0635630784463202,0.01,0.0056929044816833
65,3,"commonq-fixed",-0.0660840575465424,-0.0735630784463202,-0.0635630784463202,0.01,0.00747902089977777
65,3,"pm-hk",-0.064943942035999,-0.0735630784463202,-0.0635630784463202,0.01,0.00861913641032119
65,3,"equalq",-0.0635630784463202,-0.0735630784463202,-0.0635630784463202,0.01,0.01
65,3,"aggregate-gate",-0.0635630784463202,-0.0735630784463202,-0.0635630784463202,0.01,0.01
65,3,"validation-50",-0.0635630784463202,-0.0735630784463202,-0.0635630784463202,0.01,0.01
65,3,"validation-100",-0.0635630784463202,-0.0735630784463202,-0.0635630784463202,0.01,0.01
65,3,"validation-200",-0.0635630784463202,-0.0735630784463202,-0.0635630784463202,0.01,0.01
65,3,"site-exclusion-200",NA,-0.0735630784463202,-0.0635630784463202,0.01,NA
66,1,"historical-fixed",-0.0758344102819606,-0.0735630784463202,-0.0735630784463202,0,-0.00227133183564042
66,1,"historical-dl",-0.0756884225235837,-0.0735630784463202,-0.0735630784463202,0,-0.00212534407726352
66,1,"historical-q-gate",-0.0758344102819606,-0.0735630784463202,-0.0735630784463202,0,-0.00227133183564042
66,1,"commonq-fixed",-0.0745930149373714,-0.0735630784463202,-0.0735630784463202,0,-0.00102993649105125
66,1,"pm-hk",-0.074489002584493,-0.0735630784463202,-0.0735630784463202,0,-0.000925924138172843
66,1,"equalq",-0.0735630784463202,-0.0735630784463202,-0.0735630784463202,0,0
66,1,"aggregate-gate",-0.0735630784463202,-0.0735630784463202,-0.0735630784463202,0,0
66,1,"validation-50",-0.0735630784463202,-0.0735630784463202,-0.0735630784463202,0,0
66,1,"validation-100",-0.0735630784463202,-0.0735630784463202,-0.0735630784463202,0,0
66,1,"validation-200",-0.0735630784463202,-0.0735630784463202,-0.0735630784463202,0,0
66,1,"site-exclusion-200",NA,-0.0735630784463202,-0.0735630784463202,0,NA
66,2,"historical-fixed",-0.0758344102819606,-0.0735630784463202,-0.0735630784463202,0,-0.00227133183564042
66,2,"historical-dl",-0.0756884225235837,-0.0735630784463202,-0.0735630784463202,0,-0.00212534407726352
66,2,"historical-q-gate",-0.0758344102819606,-0.0735630784463202,-0.0735630784463202,0,-0.00227133183564042
66,2,"commonq-fixed",-0.0745930149373714,-0.0735630784463202,-0.0735630784463202,0,-0.00102993649105125
66,2,"pm-hk",-0.074489002584493,-0.0735630784463202,-0.0735630784463202,0,-0.000925924138172843
66,2,"equalq",-0.0735630784463202,-0.0735630784463202,-0.0735630784463202,0,0
66,2,"aggregate-gate",-0.0735630784463202,-0.0735630784463202,-0.0735630784463202,0,0
66,2,"validation-50",-0.0735630784463202,-0.0735630784463202,-0.0735630784463202,0,0
66,2,"validation-100",-0.0735630784463202,-0.0735630784463202,-0.0735630784463202,0,0
66,2,"validation-200",-0.0735630784463202,-0.0735630784463202,-0.0735630784463202,0,0
66,2,"site-exclusion-200",NA,-0.0735630784463202,-0.0735630784463202,0,NA
66,3,"historical-fixed",-0.0758344102819606,-0.0735630784463202,-0.0735630784463202,0,-0.00227133183564042
66,3,"historical-dl",-0.0756884225235837,-0.0735630784463202,-0.0735630784463202,0,-0.00212534407726352
66,3,"historical-q-gate",-0.0758344102819606,-0.0735630784463202,-0.0735630784463202,0,-0.00227133183564042
66,3,"commonq-fixed",-0.0745930149373714,-0.0735630784463202,-0.0735630784463202,0,-0.00102993649105125
66,3,"pm-hk",-0.074489002584493,-0.0735630784463202,-0.0735630784463202,0,-0.000925924138172843
66,3,"equalq",-0.0735630784463202,-0.0735630784463202,-0.0735630784463202,0,0
66,3,"aggregate-gate",-0.0735630784463202,-0.0735630784463202,-0.0735630784463202,0,0
66,3,"validation-50",-0.0735630784463202,-0.0735630784463202,-0.0735630784463202,0,0
66,3,"validation-100",-0.0735630784463202,-0.0735630784463202,-0.0735630784463202,0,0
66,3,"validation-200",-0.0735630784463202,-0.0735630784463202,-0.0735630784463202,0,0
66,3,"site-exclusion-200",NA,-0.0735630784463202,-0.0735630784463202,0,NA
67,1,"historical-fixed",-0.0893770654042384,-0.0871261568926403,-0.0871261568926403,0,-0.00225090851159809
67,1,"historical-dl",-0.0893770654042384,-0.0871261568926403,-0.0871261568926403,0,-0.00225090851159809
67,1,"historical-q-gate",-0.0893770654042384,-0.0871261568926403,-0.0871261568926403,0,-0.00225090851159809
67,1,"commonq-fixed",-0.0882621774920313,-0.0871261568926403,-0.0871261568926403,0,-0.00113602059939094
67,1,"pm-hk",-0.0881419909822868,-0.0871261568926403,-0.0871261568926403,0,-0.00101583408964649
67,1,"equalq",-0.0871261568926403,-0.0871261568926403,-0.0871261568926403,0,0
67,1,"aggregate-gate",-0.0871261568926403,-0.0871261568926403,-0.0871261568926403,0,0
67,1,"validation-50",-0.0871261568926403,-0.0871261568926403,-0.0871261568926403,0,0
67,1,"validation-100",-0.0871261568926403,-0.0871261568926403,-0.0871261568926403,0,0
67,1,"validation-200",-0.0871261568926403,-0.0871261568926403,-0.0871261568926403,0,0
67,1,"site-exclusion-200",NA,-0.0871261568926403,-0.0871261568926403,0,NA
67,2,"historical-fixed",-0.0893770654042384,-0.0871261568926403,-0.0871261568926403,0,-0.00225090851159809
67,2,"historical-dl",-0.0893770654042384,-0.0871261568926403,-0.0871261568926403,0,-0.00225090851159809
67,2,"historical-q-gate",-0.0893770654042384,-0.0871261568926403,-0.0871261568926403,0,-0.00225090851159809
67,2,"commonq-fixed",-0.0882621774920313,-0.0871261568926403,-0.0871261568926403,0,-0.00113602059939094
67,2,"pm-hk",-0.0881419909822868,-0.0871261568926403,-0.0871261568926403,0,-0.00101583408964649
67,2,"equalq",-0.0871261568926403,-0.0871261568926403,-0.0871261568926403,0,0
67,2,"aggregate-gate",-0.0871261568926403,-0.0871261568926403,-0.0871261568926403,0,0
67,2,"validation-50",-0.0871261568926403,-0.0871261568926403,-0.0871261568926403,0,0
67,2,"validation-100",-0.0871261568926403,-0.0871261568926403,-0.0871261568926403,0,0
67,2,"validation-200",-0.0871261568926403,-0.0871261568926403,-0.0871261568926403,0,0
67,2,"site-exclusion-200",NA,-0.0871261568926403,-0.0871261568926403,0,NA
67,3,"historical-fixed",-0.0893770654042384,-0.0871261568926403,-0.0871261568926403,0,-0.00225090851159809
67,3,"historical-dl",-0.0893770654042384,-0.0871261568926403,-0.0871261568926403,0,-0.00225090851159809
67,3,"historical-q-gate",-0.0893770654042384,-0.0871261568926403,-0.0871261568926403,0,-0.00225090851159809
67,3,"commonq-fixed",-0.0882621774920313,-0.0871261568926403,-0.0871261568926403,0,-0.00113602059939094
67,3,"pm-hk",-0.0881419909822868,-0.0871261568926403,-0.0871261568926403,0,-0.00101583408964649
67,3,"equalq",-0.0871261568926403,-0.0871261568926403,-0.0871261568926403,0,0
67,3,"aggregate-gate",-0.0871261568926403,-0.0871261568926403,-0.0871261568926403,0,0
67,3,"validation-50",-0.0871261568926403,-0.0871261568926403,-0.0871261568926403,0,0
67,3,"validation-100",-0.0871261568926403,-0.0871261568926403,-0.0871261568926403,0,0
67,3,"validation-200",-0.0871261568926403,-0.0871261568926403,-0.0871261568926403,0,0
67,3,"site-exclusion-200",NA,-0.0871261568926403,-0.0871261568926403,0,NA
68,1,"historical-fixed",-0.0873939179785959,-0.0871261568926403,-0.0854536570763866,0.00167249981625378,-0.000267761085955609
68,1,"historical-dl",-0.0873939179785959,-0.0871261568926403,-0.0854536570763866,0.00167249981625378,-0.000267761085955609
68,1,"historical-q-gate",-0.0873939179785959,-0.0871261568926403,-0.0854536570763866,0.00167249981625378,-0.000267761085955609
68,1,"commonq-fixed",-0.0864471077227535,-0.0871261568926403,-0.0854536570763866,0.00167249981625378,0.000679049169886856
68,1,"pm-hk",-0.0864471077227535,-0.0871261568926403,-0.0854536570763866,0.00167249981625378,0.000679049169886856
68,1,"equalq",-0.0854536570763866,-0.0871261568926403,-0.0854536570763866,0.00167249981625378,0.00167249981625378
68,1,"aggregate-gate",-0.0854536570763866,-0.0871261568926403,-0.0854536570763866,0.00167249981625378,0.00167249981625378
68,1,"validation-50",-0.0854536570763866,-0.0871261568926403,-0.0854536570763866,0.00167249981625378,0.00167249981625378
68,1,"validation-100",-0.0854536570763866,-0.0871261568926403,-0.0854536570763866,0.00167249981625378,0.00167249981625378
68,1,"validation-200",-0.0854536570763866,-0.0871261568926403,-0.0854536570763866,0.00167249981625378,0.00167249981625378
68,1,"site-exclusion-200",NA,-0.0871261568926403,-0.0854536570763866,0.00167249981625378,NA
68,2,"historical-fixed",-0.0874691860533511,-0.0871261568926403,-0.0854536570763866,0.00167249981625377,-0.000343029160710745
68,2,"historical-dl",-0.0874691860533511,-0.0871261568926403,-0.0854536570763866,0.00167249981625377,-0.000343029160710745
68,2,"historical-q-gate",-0.0874691860533511,-0.0871261568926403,-0.0854536570763866,0.00167249981625377,-0.000343029160710745
68,2,"commonq-fixed",-0.0869893826669647,-0.0871261568926403,-0.0854536570763866,0.00167249981625377,0.000136774225675623
68,2,"pm-hk",-0.0869757215285703,-0.0871261568926403,-0.0854536570763866,0.00167249981625377,0.000150435364070028
68,2,"equalq",-0.0854536570763866,-0.0871261568926403,-0.0854536570763866,0.00167249981625377,0.00167249981625377
68,2,"aggregate-gate",-0.0854536570763866,-0.0871261568926403,-0.0854536570763866,0.00167249981625377,0.00167249981625377
68,2,"validation-50",-0.0854536570763866,-0.0871261568926403,-0.0854536570763866,0.00167249981625377,0.00167249981625377
68,2,"validation-100",-0.0854536570763866,-0.0871261568926403,-0.0854536570763866,0.00167249981625377,0.00167249981625377
68,2,"validation-200",-0.0854536570763866,-0.0871261568926403,-0.0854536570763866,0.00167249981625377,0.00167249981625377
68,2,"site-exclusion-200",NA,-0.0871261568926403,-0.0854536570763866,0.00167249981625377,NA
68,3,"historical-fixed",-0.0874978767761402,-0.0871261568926403,-0.0854536570763866,0.00167249981625377,-0.000371719883499835
68,3,"historical-dl",-0.0874215156739993,-0.0871261568926403,-0.0854536570763866,0.00167249981625377,-0.000295358781358931
68,3,"historical-q-gate",-0.0874978767761402,-0.0871261568926403,-0.0854536570763866,0.00167249981625377,-0.000371719883499835
68,3,"commonq-fixed",-0.087298349871172,-0.0871261568926403,-0.0854536570763866,0.00167249981625377,-0.000172192978531716
68,3,"pm-hk",-0.0870881691065428,-0.0871261568926403,-0.0854536570763866,0.00167249981625377,3.79877860974959e-05
68,3,"equalq",-0.0854536570763866,-0.0871261568926403,-0.0854536570763866,0.00167249981625377,0.00167249981625377
68,3,"aggregate-gate",-0.0854536570763866,-0.0871261568926403,-0.0854536570763866,0.00167249981625377,0.00167249981625377
68,3,"validation-50",-0.0854536570763866,-0.0871261568926403,-0.0854536570763866,0.00167249981625377,0.00167249981625377
68,3,"validation-100",-0.0854536570763866,-0.0871261568926403,-0.0854536570763866,0.00167249981625377,0.00167249981625377
68,3,"validation-200",-0.0854536570763866,-0.0871261568926403,-0.0854536570763866,0.00167249981625377,0.00167249981625377
68,3,"site-exclusion-200",NA,-0.0871261568926403,-0.0854536570763866,0.00167249981625377,NA
69,1,"historical-fixed",-0.0915575183171013,-0.0871261568926403,-0.089383485610465,-0.00225732871782466,-0.00443136142446092
69,1,"historical-dl",-0.0915575183171013,-0.0871261568926403,-0.089383485610465,-0.00225732871782466,-0.00443136142446092
69,1,"historical-q-gate",-0.0915575183171013,-0.0871261568926403,-0.089383485610465,-0.00225732871782466,-0.00443136142446092
69,1,"commonq-fixed",-0.0903603574671839,-0.0871261568926403,-0.089383485610465,-0.00225732871782466,-0.00323420057454354
69,1,"pm-hk",-0.0902190960640818,-0.0871261568926403,-0.089383485610465,-0.00225732871782466,-0.00309293917144146
69,1,"equalq",-0.089383485610465,-0.0871261568926403,-0.089383485610465,-0.00225732871782466,-0.00225732871782466
69,1,"aggregate-gate",-0.089383485610465,-0.0871261568926403,-0.089383485610465,-0.00225732871782466,-0.00225732871782466
69,1,"validation-50",-0.089383485610465,-0.0871261568926403,-0.089383485610465,-0.00225732871782466,-0.00225732871782466
69,1,"validation-100",-0.089383485610465,-0.0871261568926403,-0.089383485610465,-0.00225732871782466,-0.00225732871782466
69,1,"validation-200",-0.089383485610465,-0.0871261568926403,-0.089383485610465,-0.00225732871782466,-0.00225732871782466
69,1,"site-exclusion-200",NA,-0.0871261568926403,-0.089383485610465,-0.00225732871782466,NA
69,2,"historical-fixed",-0.0915790548112731,-0.0871261568926403,-0.089383485610465,-0.00225732871782468,-0.00445289791863278
69,2,"historical-dl",-0.0915790548112731,-0.0871261568926403,-0.089383485610465,-0.00225732871782468,-0.00445289791863278
69,2,"historical-q-gate",-0.0915790548112731,-0.0871261568926403,-0.089383485610465,-0.00225732871782468,-0.00445289791863278
69,2,"commonq-fixed",-0.090525960188912,-0.0871261568926403,-0.089383485610465,-0.00225732871782468,-0.00339980329627172
69,2,"pm-hk",-0.0903766033635497,-0.0871261568926403,-0.089383485610465,-0.00225732871782468,-0.00325044647090936
69,2,"equalq",-0.089383485610465,-0.0871261568926403,-0.089383485610465,-0.00225732871782468,-0.00225732871782468
69,2,"aggregate-gate",-0.089383485610465,-0.0871261568926403,-0.089383485610465,-0.00225732871782468,-0.00225732871782468
69,2,"validation-50",-0.089383485610465,-0.0871261568926403,-0.089383485610465,-0.00225732871782468,-0.00225732871782468
69,2,"validation-100",-0.089383485610465,-0.0871261568926403,-0.089383485610465,-0.00225732871782468,-0.00225732871782468
69,2,"validation-200",-0.089383485610465,-0.0871261568926403,-0.089383485610465,-0.00225732871782468,-0.00225732871782468
69,2,"site-exclusion-200",NA,-0.0871261568926403,-0.089383485610465,-0.00225732871782468,NA
69,3,"historical-fixed",-0.091590608128365,-0.0871261568926403,-0.089383485610465,-0.00225732871782468,-0.00446445123572467
69,3,"historical-dl",-0.091590608128365,-0.0871261568926403,-0.089383485610465,-0.00225732871782468,-0.00446445123572467
69,3,"historical-q-gate",-0.091590608128365,-0.0871261568926403,-0.089383485610465,-0.00225732871782468,-0.00446445123572467
69,3,"commonq-fixed",-0.0906145197039087,-0.0871261568926403,-0.089383485610465,-0.00225732871782468,-0.00348836281126835
69,3,"pm-hk",-0.0904620303696627,-0.0871261568926403,-0.089383485610465,-0.00225732871782468,-0.00333587347702233
69,3,"equalq",-0.089383485610465,-0.0871261568926403,-0.089383485610465,-0.00225732871782468,-0.00225732871782468
69,3,"aggregate-gate",-0.089383485610465,-0.0871261568926403,-0.089383485610465,-0.00225732871782468,-0.00225732871782468
69,3,"validation-50",-0.089383485610465,-0.0871261568926403,-0.089383485610465,-0.00225732871782468,-0.00225732871782468
69,3,"validation-100",-0.089383485610465,-0.0871261568926403,-0.089383485610465,-0.00225732871782468,-0.00225732871782468
69,3,"validation-200",-0.089383485610465,-0.0871261568926403,-0.089383485610465,-0.00225732871782468,-0.00225732871782468
69,3,"site-exclusion-200",NA,-0.0871261568926403,-0.089383485610465,-0.00225732871782468,NA
70,1,"historical-fixed",-0.0788835907352417,-0.0871261568926403,-0.0771261568926403,0.01,0.00824256615739867
70,1,"historical-dl",-0.0782480946947413,-0.0871261568926403,-0.0771261568926403,0.01,0.00887806219789902
70,1,"historical-q-gate",-0.0788835907352417,-0.0871261568926403,-0.0771261568926403,0.01,0.00824256615739867
70,1,"commonq-fixed",-0.0783729116192518,-0.0871261568926403,-0.0771261568926403,0.01,0.00875324527338854
70,1,"pm-hk",-0.0777858134606299,-0.0871261568926403,-0.0771261568926403,0.01,0.00934034343201041
70,1,"equalq",-0.0771261568926403,-0.0871261568926403,-0.0771261568926403,0.01,0.01
70,1,"aggregate-gate",-0.0771261568926403,-0.0871261568926403,-0.0771261568926403,0.01,0.01
70,1,"validation-50",-0.0771261568926403,-0.0871261568926403,-0.0771261568926403,0.01,0.01
70,1,"validation-100",-0.0771261568926403,-0.0871261568926403,-0.0771261568926403,0.01,0.01
70,1,"validation-200",-0.0771261568926403,-0.0871261568926403,-0.0771261568926403,0.01,0.01
70,1,"site-exclusion-200",NA,-0.0871261568926403,-0.0771261568926403,0.01,NA
70,2,"historical-fixed",-0.0789572164785439,-0.0871261568926403,-0.0771261568926403,0.01,0.00816894041409642
70,2,"historical-dl",-0.0781166149652365,-0.0871261568926403,-0.0771261568926403,0.01,0.0090095419274038
70,2,"historical-q-gate",-0.0789572164785439,-0.0871261568926403,-0.0771261568926403,0.01,0.00816894041409642
70,2,"commonq-fixed",-0.0777124569118059,-0.0871261568926403,-0.0771261568926403,0.01,0.00941369998083447
70,2,"pm-hk",-0.0774381063043636,-0.0871261568926403,-0.0771261568926403,0.01,0.00968805058827671
70,2,"equalq",-0.0771261568926403,-0.0871261568926403,-0.0771261568926403,0.01,0.01
70,2,"aggregate-gate",-0.0771261568926403,-0.0871261568926403,-0.0771261568926403,0.01,0.01
70,2,"validation-50",-0.0771261568926403,-0.0871261568926403,-0.0771261568926403,0.01,0.01
70,2,"validation-100",-0.0771261568926403,-0.0871261568926403,-0.0771261568926403,0.01,0.01
70,2,"validation-200",-0.0771261568926403,-0.0871261568926403,-0.0771261568926403,0.01,0.01
70,2,"site-exclusion-200",NA,-0.0871261568926403,-0.0771261568926403,0.01,NA
70,3,"historical-fixed",-0.0789641983802995,-0.0871261568926403,-0.0771261568926403,0.01,0.0081619585123408
70,3,"historical-dl",-0.0780536436603997,-0.0871261568926403,-0.0771261568926403,0.01,0.00907251323224065
70,3,"historical-q-gate",-0.0789641983802995,-0.0871261568926403,-0.0771261568926403,0.01,0.0081619585123408
70,3,"commonq-fixed",-0.0773603289911789,-0.0871261568926403,-0.0771261568926403,0.01,0.00976582790146145
70,3,"pm-hk",-0.0772707276526433,-0.0871261568926403,-0.0771261568926403,0.01,0.00985542923999701
70,3,"equalq",-0.0771261568926403,-0.0871261568926403,-0.0771261568926403,0.01,0.01
70,3,"aggregate-gate",-0.0771261568926403,-0.0871261568926403,-0.0771261568926403,0.01,0.01
70,3,"validation-50",-0.0771261568926403,-0.0871261568926403,-0.0771261568926403,0.01,0.01
70,3,"validation-100",-0.0771261568926403,-0.0871261568926403,-0.0771261568926403,0.01,0.01
70,3,"validation-200",-0.0771261568926403,-0.0871261568926403,-0.0771261568926403,0.01,0.01
70,3,"site-exclusion-200",NA,-0.0871261568926403,-0.0771261568926403,0.01,NA
71,1,"historical-fixed",-0.0731959567405109,-0.0871261568926403,-0.0671261568926403,0.02,0.0139302001521295
71,1,"historical-dl",-0.0692415451270162,-0.0871261568926403,-0.0671261568926403,0.02,0.0178846117656241
71,1,"historical-q-gate",-0.0731959567405109,-0.0871261568926403,-0.0671261568926403,0.02,0.0139302001521295
71,1,"commonq-fixed",-0.0732001990201264,-0.0871261568926403,-0.0671261568926403,0.02,0.0139259578725139
71,1,"pm-hk",-0.0689765828090801,-0.0871261568926403,-0.0671261568926403,0.02,0.0181495740835602
71,1,"equalq",-0.0671261568926403,-0.0871261568926403,-0.0671261568926403,0.02,0.02
71,1,"aggregate-gate",-0.0671261568926403,-0.0871261568926403,-0.0671261568926403,0.02,0.02
71,1,"validation-50",-0.0671261568926403,-0.0871261568926403,-0.0671261568926403,0.02,0.02
71,1,"validation-100",-0.0671261568926403,-0.0871261568926403,-0.0671261568926403,0.02,0.02
71,1,"validation-200",-0.0671261568926403,-0.0871261568926403,-0.0671261568926403,0.02,0.02
71,1,"site-exclusion-200",NA,-0.0871261568926403,-0.0671261568926403,0.02,NA
71,2,"historical-fixed",-0.073819529811248,-0.0871261568926403,-0.0671261568926403,0.02,0.0133066270813923
71,2,"historical-dl",-0.069041421085513,-0.0871261568926403,-0.0671261568926403,0.02,0.0180847358071273
71,2,"historical-q-gate",-0.073819529811248,-0.0871261568926403,-0.0671261568926403,0.02,0.0133066270813923
71,2,"commonq-fixed",-0.0724053742200216,-0.0871261568926403,-0.0671261568926403,0.02,0.0147207826726188
71,2,"pm-hk",-0.0685895899808265,-0.0871261568926403,-0.0671261568926403,0.02,0.0185365669118138
71,2,"equalq",-0.0671261568926403,-0.0871261568926403,-0.0671261568926403,0.02,0.02
71,2,"aggregate-gate",-0.0671261568926403,-0.0871261568926403,-0.0671261568926403,0.02,0.02
71,2,"validation-50",-0.0671261568926403,-0.0871261568926403,-0.0671261568926403,0.02,0.02
71,2,"validation-100",-0.0671261568926403,-0.0871261568926403,-0.0671261568926403,0.02,0.02
71,2,"validation-200",-0.0671261568926403,-0.0871261568926403,-0.0671261568926403,0.02,0.02
71,2,"site-exclusion-200",NA,-0.0871261568926403,-0.0671261568926403,0.02,NA
71,3,"historical-fixed",-0.0740877736175839,-0.0871261568926403,-0.0671261568926403,0.02,0.0130383832750565
71,3,"historical-dl",-0.068953321866173,-0.0871261568926403,-0.0671261568926403,0.02,0.0181728350264673
71,3,"historical-q-gate",-0.0740877736175839,-0.0871261568926403,-0.0671261568926403,0.02,0.0130383832750565
71,3,"commonq-fixed",-0.0719839381441276,-0.0871261568926403,-0.0671261568926403,0.02,0.0151422187485127
71,3,"pm-hk",-0.068406241623095,-0.0871261568926403,-0.0671261568926403,0.02,0.0187199152695453
71,3,"equalq",-0.0671261568926403,-0.0871261568926403,-0.0671261568926403,0.02,0.02
71,3,"aggregate-gate",-0.0671261568926403,-0.0871261568926403,-0.0671261568926403,0.02,0.02
71,3,"validation-50",-0.0671261568926403,-0.0871261568926403,-0.0671261568926403,0.02,0.02
71,3,"validation-100",-0.0671261568926403,-0.0871261568926403,-0.0671261568926403,0.02,0.02
71,3,"validation-200",-0.0671261568926403,-0.0871261568926403,-0.0671261568926403,0.02,0.02
71,3,"site-exclusion-200",NA,-0.0871261568926403,-0.0671261568926403,0.02,NA
72,1,"historical-fixed",-0.0893770654042384,-0.0871261568926403,-0.0871261568926403,0,-0.00225090851159809
72,1,"historical-dl",-0.0893770654042384,-0.0871261568926403,-0.0871261568926403,0,-0.00225090851159809
72,1,"historical-q-gate",-0.0893770654042384,-0.0871261568926403,-0.0871261568926403,0,-0.00225090851159809
72,1,"commonq-fixed",-0.0882621774920313,-0.0871261568926403,-0.0871261568926403,0,-0.00113602059939094
72,1,"pm-hk",-0.0881419909822868,-0.0871261568926403,-0.0871261568926403,0,-0.00101583408964649
72,1,"equalq",-0.0871261568926403,-0.0871261568926403,-0.0871261568926403,0,0
72,1,"aggregate-gate",-0.0871261568926403,-0.0871261568926403,-0.0871261568926403,0,0
72,1,"validation-50",-0.0871261568926403,-0.0871261568926403,-0.0871261568926403,0,0
72,1,"validation-100",-0.0871261568926403,-0.0871261568926403,-0.0871261568926403,0,0
72,1,"validation-200",-0.0871261568926403,-0.0871261568926403,-0.0871261568926403,0,0
72,1,"site-exclusion-200",NA,-0.0871261568926403,-0.0871261568926403,0,NA
72,2,"historical-fixed",-0.0893770654042384,-0.0871261568926403,-0.0871261568926403,0,-0.00225090851159809
72,2,"historical-dl",-0.0893770654042384,-0.0871261568926403,-0.0871261568926403,0,-0.00225090851159809
72,2,"historical-q-gate",-0.0893770654042384,-0.0871261568926403,-0.0871261568926403,0,-0.00225090851159809
72,2,"commonq-fixed",-0.0882621774920313,-0.0871261568926403,-0.0871261568926403,0,-0.00113602059939094
72,2,"pm-hk",-0.0881419909822868,-0.0871261568926403,-0.0871261568926403,0,-0.00101583408964649
72,2,"equalq",-0.0871261568926403,-0.0871261568926403,-0.0871261568926403,0,0
72,2,"aggregate-gate",-0.0871261568926403,-0.0871261568926403,-0.0871261568926403,0,0
72,2,"validation-50",-0.0871261568926403,-0.0871261568926403,-0.0871261568926403,0,0
72,2,"validation-100",-0.0871261568926403,-0.0871261568926403,-0.0871261568926403,0,0
72,2,"validation-200",-0.0871261568926403,-0.0871261568926403,-0.0871261568926403,0,0
72,2,"site-exclusion-200",NA,-0.0871261568926403,-0.0871261568926403,0,NA
72,3,"historical-fixed",-0.0893770654042384,-0.0871261568926403,-0.0871261568926403,0,-0.00225090851159809
72,3,"historical-dl",-0.0893770654042384,-0.0871261568926403,-0.0871261568926403,0,-0.00225090851159809
72,3,"historical-q-gate",-0.0893770654042384,-0.0871261568926403,-0.0871261568926403,0,-0.00225090851159809
72,3,"commonq-fixed",-0.0882621774920313,-0.0871261568926403,-0.0871261568926403,0,-0.00113602059939094
72,3,"pm-hk",-0.0881419909822868,-0.0871261568926403,-0.0871261568926403,0,-0.00101583408964649
72,3,"equalq",-0.0871261568926403,-0.0871261568926403,-0.0871261568926403,0,0
72,3,"aggregate-gate",-0.0871261568926403,-0.0871261568926403,-0.0871261568926403,0,0
72,3,"validation-50",-0.0871261568926403,-0.0871261568926403,-0.0871261568926403,0,0
72,3,"validation-100",-0.0871261568926403,-0.0871261568926403,-0.0871261568926403,0,0
72,3,"validation-200",-0.0871261568926403,-0.0871261568926403,-0.0871261568926403,0,0
72,3,"site-exclusion-200",NA,-0.0871261568926403,-0.0871261568926403,0,NA
