"candidate_1","candidate_2","correlation","scenario"
"c55-h36","c55-h36",1,1
"c55-h60","c55-h36",0.780309421373377,1
"c50-h36","c55-h36",0.903463609188085,1
"c50-h60","c55-h36",0.702028014755672,1
"c55-h36","c55-h60",0.780309421373377,1
"c55-h60","c55-h60",1,1
"c50-h36","c55-h60",0.701973822664211,1
"c50-h60","c55-h60",0.8985422463689,1
"c55-h36","c50-h36",0.903463609188085,1
"c55-h60","c50-h36",0.701973822664211,1
"c50-h36","c50-h36",1,1
"c50-h60","c50-h36",0.779155895186815,1
"c55-h36","c50-h60",0.702028014755672,1
"c55-h60","c50-h60",0.8985422463689,1
"c50-h36","c50-h60",0.779155895186815,1
"c50-h60","c50-h60",1,1
"c55-h60","c55-h60",1,2
"c50-h60","c55-h60",0.897624979873182,2
"c50-h36","c55-h60",0.684874028489314,2
"c55-h36","c55-h60",0.767154215279199,2
"c55-h60","c50-h60",0.897624979873182,2
"c50-h60","c50-h60",1,2
"c50-h36","c50-h60",0.770468203721075,2
"c55-h36","c50-h60",0.690897945710556,2
"c55-h60","c50-h36",0.684874028489314,2
"c50-h60","c50-h36",0.770468203721075,2
"c50-h36","c50-h36",1,2
"c55-h36","c50-h36",0.895976897457546,2
"c55-h60","c55-h36",0.767154215279199,2
"c50-h60","c55-h36",0.690897945710556,2
"c50-h36","c55-h36",0.895976897457546,2
"c55-h36","c55-h36",1,2
"c55-h36","c55-h36",1,3
"c55-h60","c55-h36",0.772790844557239,3
"c50-h36","c55-h36",0.899279929722789,3
"c50-h60","c55-h36",0.69399308637007,3
"c55-h36","c55-h60",0.772790844557239,3
"c55-h60","c55-h60",1,3
"c50-h36","c55-h60",0.703590227617689,3
"c50-h60","c55-h60",0.897573087754495,3
"c55-h36","c50-h36",0.899279929722789,3
"c55-h60","c50-h36",0.703590227617689,3
"c50-h36","c50-h36",1,3
"c50-h60","c50-h36",0.782346090159101,3
"c55-h36","c50-h60",0.69399308637007,3
"c55-h60","c50-h60",0.897573087754495,3
"c50-h36","c50-h60",0.782346090159101,3
"c50-h60","c50-h60",1,3
"c55-h36","c55-h36",1,4
"c55-h60","c55-h36",0.768639292594097,4
"c50-h60","c55-h36",0.68916239378146,4
"c50-h36","c55-h36",0.902984341494382,4
"c55-h36","c55-h60",0.768639292594097,4
"c55-h60","c55-h60",1,4
"c50-h60","c55-h60",0.906401331883399,4
"c50-h36","c55-h60",0.70399411704824,4
"c55-h36","c50-h60",0.68916239378146,4
"c55-h60","c50-h60",0.906401331883399,4
"c50-h60","c50-h60",1,4
"c50-h36","c50-h60",0.773953019091652,4
"c55-h36","c50-h36",0.902984341494382,4
"c55-h60","c50-h36",0.70399411704824,4
"c50-h60","c50-h36",0.773953019091652,4
"c50-h36","c50-h36",1,4
"c55-h36","c55-h36",1,5
"c55-h60","c55-h36",0.7767897319048,5
"c50-h36","c55-h36",0.898733309930003,5
"c50-h60","c55-h36",0.689828311663431,5
"c55-h36","c55-h60",0.7767897319048,5
"c55-h60","c55-h60",1,5
"c50-h36","c55-h60",0.705966122516745,5
"c50-h60","c55-h60",0.894507724230004,5
"c55-h36","c50-h36",0.898733309930003,5
"c55-h60","c50-h36",0.705966122516745,5
"c50-h36","c50-h36",1,5
"c50-h60","c50-h36",0.779435428979952,5
"c55-h36","c50-h60",0.689828311663431,5
"c55-h60","c50-h60",0.894507724230004,5
"c50-h36","c50-h60",0.779435428979952,5
"c50-h60","c50-h60",1,5
"c55-h60","c55-h60",1,6
"c55-h36","c55-h60",0.772399302537434,6
"c50-h60","c55-h60",0.899123496433211,6
"c50-h36","c55-h60",0.697564645966464,6
"c55-h60","c55-h36",0.772399302537434,6
"c55-h36","c55-h36",1,6
"c50-h60","c55-h36",0.692184094415563,6
"c50-h36","c55-h36",0.903392248100331,6
"c55-h60","c50-h60",0.899123496433211,6
"c55-h36","c50-h60",0.692184094415563,6
"c50-h60","c50-h60",1,6
"c50-h36","c50-h60",0.766650381960962,6
"c55-h60","c50-h36",0.697564645966464,6
"c55-h36","c50-h36",0.903392248100331,6
"c50-h60","c50-h36",0.766650381960962,6
"c50-h36","c50-h36",1,6
"c55-h36","c55-h36",1,7
"c55-h60","c55-h36",0.78778503356197,7
"c50-h36","c55-h36",0.907245035751421,7
"c50-h60","c55-h36",0.707387749139615,7
"c45-h48","c55-h36",0.749434736788042,7
"c45-h60","c55-h36",0.666680132252445,7
"c60-h60","c55-h36",0.661022902114368,7
"c55-h24","c55-h36",0.812121564107686,7
"c55-h48","c55-h36",0.873029951270105,7
"c50-h24","c55-h36",0.730723924788097,7
"c50-h48","c55-h36",0.794992031583037,7
"c45-h24","c55-h36",0.686335616311942,7
"c45-h36","c55-h36",0.855906643227358,7
"c60-h48","c55-h36",0.73229280672987,7
"c60-h24","c55-h36",0.677335720860861,7
"c60-h36","c55-h36",0.842914777869504,7
"c55-h36","c55-h60",0.78778503356197,7
"c55-h60","c55-h60",1,7
"c50-h36","c55-h60",0.716485113675592,7
"c50-h60","c55-h60",0.906436441062091,7
"c45-h48","c55-h60",0.767666838787467,7
"c45-h60","c55-h60",0.853807517599294,7
"c60-h60","c55-h60",0.847771148411859,7
"c55-h24","c55-h60",0.655087447539478,7
"c55-h48","c55-h60",0.896914124573439,7
"c50-h24","c55-h60",0.591761807042622,7
"c50-h48","c55-h60",0.817865478004519,7
"c45-h24","c55-h60",0.552006455570091,7
"c45-h36","c55-h60",0.667254603897995,7
"c60-h48","c55-h60",0.758852857914145,7
"c60-h24","c55-h60",0.543351221514959,7
"c60-h36","c55-h60",0.666762767589124,7
"c55-h36","c50-h36",0.907245035751421,7
"c55-h60","c50-h36",0.716485113675592,7
"c50-h36","c50-h36",1,7
"c50-h60","c50-h36",0.778453953649099,7
"c45-h48","c50-h36",0.819469922006735,7
"c45-h60","c50-h36",0.733157774403629,7
"c60-h60","c50-h36",0.601847746907015,7
"c55-h24","c50-h36",0.736848000880439,7
"c55-h48","c50-h36",0.787292357016648,7
"c50-h24","c50-h36",0.804074863098155,7
"c50-h48","c50-h36",0.868211394617004,7
"c45-h24","c50-h36",0.755874872532659,7
"c45-h36","c50-h36",0.942898944221448,7
"c60-h48","c50-h36",0.656934906098412,7
"c60-h24","c50-h36",0.613537425138773,7
"c60-h36","c50-h36",0.765204348618946,7
"c55-h36","c50-h60",0.707387749139615,7
"c55-h60","c50-h60",0.906436441062091,7
"c50-h36","c50-h60",0.778453953649099,7
"c50-h60","c50-h60",1,7
"c45-h48","c50-h60",0.837326163328779,7
"c45-h60","c50-h60",0.940754974849274,7
"c60-h60","c50-h60",0.77093195115162,7
"c55-h24","c50-h60",0.584213665501304,7
"c55-h48","c50-h60",0.801678269781046,7
"c50-h24","c50-h60",0.633750895909912,7
"c50-h48","c50-h60",0.89088079022154,7
"c45-h24","c50-h60",0.593185910083169,7
"c45-h36","c50-h60",0.725739924542243,7
"c60-h48","c50-h60",0.680374891026968,7
"c60-h24","c50-h60",0.485548193960674,7
"c60-h36","c50-h60",0.603357097349032,7
"c55-h36","c45-h48",0.749434736788042,7
"c55-h60","c45-h48",0.767666838787467,7
"c50-h36","c45-h48",0.819469922006735,7
"c50-h60","c45-h48",0.837326163328779,7
"c45-h48","c45-h48",1,7
"c45-h60","c45-h48",0.890547481420696,7
"c60-h60","c45-h48",0.650812648670579,7
"c55-h24","c45-h48",0.613214011393661,7
"c55-h48","c45-h48",0.852918861288223,7
"c50-h24","c45-h48",0.662056422301314,7
"c50-h48","c45-h48",0.942679175524228,7
"c45-h24","c45-h48",0.696890645897747,7
"c45-h36","c45-h48",0.862492868707282,7
"c60-h48","c45-h48",0.72177016054907,7
"c60-h24","c45-h48",0.517405440301052,7
"c60-h36","c45-h48",0.638055587624023,7
"c55-h36","c45-h60",0.666680132252445,7
"c55-h60","c45-h60",0.853807517599294,7
"c50-h36","c45-h60",0.733157774403629,7
"c50-h60","c45-h60",0.940754974849274,7
"c45-h48","c45-h60",0.890547481420696,7
"c45-h60","c45-h60",1,7
"c60-h60","c45-h60",0.72834379169323,7
"c55-h24","c45-h60",0.552970298452901,7
"c55-h48","c45-h60",0.756897282475689,7
"c50-h24","c45-h60",0.600679522006053,7
"c50-h48","c45-h60",0.839856379391267,7
"c45-h24","c45-h60",0.631077117111696,7
"c45-h36","c45-h60",0.771236152445528,7
"c60-h48","c45-h60",0.644167713016487,7
"c60-h24","c45-h60",0.465612096002587,7
"c60-h36","c45-h60",0.571334541646459,7
"c55-h36","c60-h60",0.661022902114368,7
"c55-h60","c60-h60",0.847771148411859,7
"c50-h36","c60-h60",0.601847746907015,7
"c50-h60","c60-h60",0.77093195115162,7
"c45-h48","c60-h60",0.650812648670579,7
"c45-h60","c60-h60",0.72834379169323,7
"c60-h60","c60-h60",1,7
"c55-h24","c60-h60",0.558497369274013,7
"c55-h48","c60-h60",0.756003675515147,7
"c50-h24","c60-h60",0.50914990272977,7
"c50-h48","c60-h60",0.691199655729443,7
"c45-h24","c60-h60",0.471081062468465,7
"c45-h36","c60-h60",0.55878353669362,7
"c60-h48","c60-h60",0.891768921171244,7
"c60-h24","c60-h60",0.643867839261984,7
"c60-h36","c60-h60",0.77599874407802,7
"c55-h36","c55-h24",0.812121564107686,7
"c55-h60","c55-h24",0.655087447539478,7
"c50-h36","c55-h24",0.736848000880439,7
"c50-h60","c55-h24",0.584213665501304,7
"c45-h48","c55-h24",0.613214011393661,7
"c45-h60","c55-h24",0.552970298452901,7
"c60-h60","c55-h24",0.558497369274013,7
"c55-h24","c55-h24",1,7
"c55-h48","c55-h24",0.716399880686157,7
"c50-h24","c55-h24",0.905238745334446,7
"c50-h48","c55-h24",0.649220107368434,7
"c45-h24","c55-h24",0.851824090773256,7
"c45-h36","c55-h24",0.693324675054776,7
"c60-h48","c55-h24",0.601728053188915,7
"c60-h24","c55-h24",0.83892285618009,7
"c60-h36","c55-h24",0.687209717568793,7
"c55-h36","c55-h48",0.873029951270105,7
"c55-h60","c55-h48",0.896914124573439,7
"c50-h36","c55-h48",0.787292357016648,7
"c50-h60","c55-h48",0.801678269781046,7
"c45-h48","c55-h48",0.852918861288223,7
"c45-h60","c55-h48",0.756897282475689,7
"c60-h60","c55-h48",0.756003675515147,7
"c55-h24","c55-h48",0.716399880686157,7
"c55-h48","c55-h48",1,7
"c50-h24","c55-h48",0.639478472959989,7
"c50-h48","c55-h48",0.905278333945901,7
"c45-h24","c55-h48",0.599260489395511,7
"c45-h36","c55-h48",0.737424154437104,7
"c60-h48","c55-h48",0.845145968005917,7
"c60-h24","c55-h48",0.597659169048861,7
"c60-h36","c55-h48",0.738183118824575,7
"c55-h36","c50-h24",0.730723924788097,7
"c55-h60","c50-h24",0.591761807042622,7
"c50-h36","c50-h24",0.804074863098155,7
"c50-h60","c50-h24",0.633750895909912,7
"c45-h48","c50-h24",0.662056422301314,7
"c45-h60","c50-h24",0.600679522006053,7
"c60-h60","c50-h24",0.50914990272977,7
"c55-h24","c50-h24",0.905238745334446,7
"c55-h48","c50-h24",0.639478472959989,7
"c50-h24","c50-h24",1,7
"c50-h48","c50-h24",0.699201368742036,7
"c45-h24","c50-h24",0.944949527325856,7
"c45-h36","c50-h24",0.758520221421809,7
"c60-h48","c50-h24",0.537717902245856,7
"c60-h24","c50-h24",0.762198809725156,7
"c60-h36","c50-h24",0.620947521492056,7
"c55-h36","c50-h48",0.794992031583037,7
"c55-h60","c50-h48",0.817865478004519,7
"c50-h36","c50-h48",0.868211394617004,7
"c50-h60","c50-h48",0.89088079022154,7
"c45-h48","c50-h48",0.942679175524228,7
"c45-h60","c50-h48",0.839856379391267,7
"c60-h60","c50-h48",0.691199655729443,7
"c55-h24","c50-h48",0.649220107368434,7
"c55-h48","c50-h48",0.905278333945901,7
"c50-h24","c50-h48",0.699201368742036,7
"c50-h48","c50-h48",1,7
"c45-h24","c50-h48",0.654984563072746,7
"c45-h36","c50-h48",0.812245551306363,7
"c60-h48","c50-h48",0.765433528780971,7
"c60-h24","c50-h48",0.54341530278256,7
"c60-h36","c50-h48",0.676652078646502,7
"c55-h36","c45-h24",0.686335616311942,7
"c55-h60","c45-h24",0.552006455570091,7
"c50-h36","c45-h24",0.755874872532659,7
"c50-h60","c45-h24",0.593185910083169,7
"c45-h48","c45-h24",0.696890645897747,7
"c45-h60","c45-h24",0.631077117111696,7
"c60-h60","c45-h24",0.471081062468465,7
"c55-h24","c45-h24",0.851824090773256,7
"c55-h48","c45-h24",0.599260489395511,7
"c50-h24","c45-h24",0.944949527325856,7
"c50-h48","c45-h24",0.654984563072746,7
"c45-h24","c45-h24",1,7
"c45-h36","c45-h24",0.802157349754436,7
"c60-h48","c45-h24",0.499585582098589,7
"c60-h24","c45-h24",0.719116003040637,7
"c60-h36","c45-h24",0.57959445955279,7
"c55-h36","c45-h36",0.855906643227358,7
"c55-h60","c45-h36",0.667254603897995,7
"c50-h36","c45-h36",0.942898944221448,7
"c50-h60","c45-h36",0.725739924542243,7
"c45-h48","c45-h36",0.862492868707282,7
"c45-h60","c45-h36",0.771236152445528,7
"c60-h60","c45-h36",0.55878353669362,7
"c55-h24","c45-h36",0.693324675054776,7
"c55-h48","c45-h36",0.737424154437104,7
"c50-h24","c45-h36",0.758520221421809,7
"c50-h48","c45-h36",0.812245551306363,7
"c45-h24","c45-h36",0.802157349754436,7
"c45-h36","c45-h36",1,7
"c60-h48","c45-h36",0.61250251014927,7
"c60-h24","c45-h36",0.580326160346548,7
"c60-h36","c45-h36",0.721092489958183,7
"c55-h36","c60-h48",0.73229280672987,7
"c55-h60","c60-h48",0.758852857914145,7
"c50-h36","c60-h48",0.656934906098412,7
"c50-h60","c60-h48",0.680374891026968,7
"c45-h48","c60-h48",0.72177016054907,7
"c45-h60","c60-h48",0.644167713016487,7
"c60-h60","c60-h48",0.891768921171244,7
"c55-h24","c60-h48",0.601728053188915,7
"c55-h48","c60-h48",0.845145968005917,7
"c50-h24","c60-h48",0.537717902245856,7
"c50-h48","c60-h48",0.765433528780971,7
"c45-h24","c60-h48",0.499585582098589,7
"c45-h36","c60-h48",0.61250251014927,7
"c60-h48","c60-h48",1,7
"c60-h24","c60-h48",0.707761243836298,7
"c60-h36","c60-h48",0.864943842976398,7
"c55-h36","c60-h24",0.677335720860861,7
"c55-h60","c60-h24",0.543351221514959,7
"c50-h36","c60-h24",0.613537425138773,7
"c50-h60","c60-h24",0.485548193960674,7
"c45-h48","c60-h24",0.517405440301052,7
"c45-h60","c60-h24",0.465612096002587,7
"c60-h60","c60-h24",0.643867839261984,7
"c55-h24","c60-h24",0.83892285618009,7
"c55-h48","c60-h24",0.597659169048861,7
"c50-h24","c60-h24",0.762198809725156,7
"c50-h48","c60-h24",0.54341530278256,7
"c45-h24","c60-h24",0.719116003040637,7
"c45-h36","c60-h24",0.580326160346548,7
"c60-h48","c60-h24",0.707761243836298,7
"c60-h24","c60-h24",1,7
"c60-h36","c60-h24",0.814211145593646,7
"c55-h36","c60-h36",0.842914777869504,7
"c55-h60","c60-h36",0.666762767589124,7
"c50-h36","c60-h36",0.765204348618946,7
"c50-h60","c60-h36",0.603357097349032,7
"c45-h48","c60-h36",0.638055587624023,7
"c45-h60","c60-h36",0.571334541646459,7
"c60-h60","c60-h36",0.77599874407802,7
"c55-h24","c60-h36",0.687209717568793,7
"c55-h48","c60-h36",0.738183118824575,7
"c50-h24","c60-h36",0.620947521492056,7
"c50-h48","c60-h36",0.676652078646502,7
"c45-h24","c60-h36",0.57959445955279,7
"c45-h36","c60-h36",0.721092489958183,7
"c60-h48","c60-h36",0.864943842976398,7
"c60-h24","c60-h36",0.814211145593646,7
"c60-h36","c60-h36",1,7
"c50-h60","c50-h60",1,8
"c55-h60","c50-h60",0.907007883010988,8
"c50-h36","c50-h60",0.779141740193034,8
"c55-h36","c50-h60",0.71721727701359,8
"c45-h60","c50-h60",0.944062625221944,8
"c60-h60","c50-h60",0.770018027459809,8
"c55-h24","c50-h60",0.587464993174178,8
"c55-h48","c50-h60",0.812856765187419,8
"c60-h24","c50-h60",0.505848844697987,8
"c60-h36","c50-h60",0.614703690792088,8
"c60-h48","c50-h60",0.696816922962437,8
"c50-h48","c50-h60",0.89271109247773,8
"c45-h24","c50-h60",0.617922464652151,8
"c45-h36","c50-h60",0.74117178540598,8
"c50-h24","c50-h60",0.648356500957837,8
"c45-h48","c50-h60",0.845642526341089,8
"c50-h60","c55-h60",0.907007883010988,8
"c55-h60","c55-h60",1,8
"c50-h36","c55-h60",0.697312665744963,8
"c55-h36","c55-h60",0.776083065077474,8
"c45-h60","c55-h60",0.855295107121606,8
"c60-h60","c55-h60",0.854792589589837,8
"c55-h24","c55-h60",0.630488048077416,8
"c55-h48","c55-h60",0.893979473866552,8
"c60-h24","c55-h60",0.545563150030786,8
"c60-h36","c55-h60",0.668692226489729,8
"c60-h48","c55-h60",0.77236708427356,8
"c50-h48","c55-h60",0.806371041058077,8
"c45-h24","c55-h60",0.558028011539176,8
"c45-h36","c55-h60",0.661529053422158,8
"c50-h24","c55-h60",0.583439072752281,8
"c45-h48","c55-h60",0.762295876890306,8
"c50-h60","c50-h36",0.779141740193034,8
"c55-h60","c50-h36",0.697312665744963,8
"c50-h36","c50-h36",1,8
"c55-h36","c50-h36",0.908327535199776,8
"c45-h60","c50-h36",0.728129827561631,8
"c60-h60","c50-h36",0.595842461722717,8
"c55-h24","c50-h36",0.737710865291103,8
"c55-h48","c50-h36",0.778163984508861,8
"c60-h24","c50-h36",0.636268380828513,8
"c60-h36","c50-h36",0.781342361435853,8
"c60-h48","c50-h36",0.669189055072163,8
"c50-h48","c50-h36",0.862999678140784,8
"c45-h24","c50-h36",0.773027837522023,8
"c45-h36","c50-h36",0.945201749468238,8
"c50-h24","c50-h36",0.817921324424599,8
"c45-h48","c50-h36",0.81054143633405,8
"c50-h60","c55-h36",0.71721727701359,8
"c55-h60","c55-h36",0.776083065077474,8
"c50-h36","c55-h36",0.908327535199776,8
"c55-h36","c55-h36",1,8
"c45-h60","c55-h36",0.666300345955793,8
"c60-h60","c55-h36",0.666675967194975,8
"c55-h24","c55-h36",0.81326248458945,8
"c55-h48","c55-h36",0.863235947338963,8
"c60-h24","c55-h36",0.699504457454384,8
"c60-h36","c55-h36",0.861010052633292,8
"c60-h48","c55-h36",0.745999875061382,8
"c50-h48","c55-h36",0.788029323136567,8
"c45-h24","c55-h36",0.706572426498153,8
"c45-h36","c55-h36",0.852312817454917,8
"c50-h24","c55-h36",0.751502986757578,8
"c45-h48","c55-h36",0.734186795518682,8
"c50-h60","c45-h60",0.944062625221944,8
"c55-h60","c45-h60",0.855295107121606,8
"c50-h36","c45-h60",0.728129827561631,8
"c55-h36","c45-h60",0.666300345955793,8
"c45-h60","c45-h60",1,8
"c60-h60","c45-h60",0.73075261458335,8
"c55-h24","c45-h60",0.547688792193917,8
"c55-h48","c45-h60",0.761520418207973,8
"c60-h24","c45-h60",0.472078958604095,8
"c60-h36","c45-h60",0.575972430333448,8
"c60-h48","c45-h60",0.659746885179634,8
"c50-h48","c45-h60",0.839252808163836,8
"c45-h24","c45-h60",0.643012150961697,8
"c45-h36","c45-h60",0.775270424874543,8
"c50-h24","c45-h60",0.605507471447393,8
"c45-h48","c45-h60",0.89086995639495,8
"c50-h60","c60-h60",0.770018027459809,8
"c55-h60","c60-h60",0.854792589589837,8
"c50-h36","c60-h60",0.595842461722717,8
"c55-h36","c60-h60",0.666675967194975,8
"c45-h60","c60-h60",0.73075261458335,8
"c60-h60","c60-h60",1,8
"c55-h24","c60-h60",0.553733607522938,8
"c55-h48","c60-h60",0.758319911377462,8
"c60-h24","c60-h60",0.645684605454028,8
"c60-h36","c60-h60",0.777974027745719,8
"c60-h48","c60-h60",0.893979915114329,8
"c50-h48","c60-h60",0.678308171624629,8
"c45-h24","c60-h60",0.488900882608965,8
"c45-h36","c60-h60",0.570486571072013,8
"c50-h24","c60-h60",0.506516078159799,8
"c45-h48","c60-h60",0.648752192795861,8
"c50-h60","c55-h24",0.587464993174178,8
"c55-h60","c55-h24",0.630488048077416,8
"c50-h36","c55-h24",0.737710865291103,8
"c55-h36","c55-h24",0.81326248458945,8
"c45-h60","c55-h24",0.547688792193917,8
"c60-h60","c55-h24",0.553733607522938,8
"c55-h24","c55-h24",1,8
"c55-h48","c55-h24",0.706285790648463,8
"c60-h24","c55-h24",0.857308321005547,8
"c60-h36","c55-h24",0.708430172052534,8
"c60-h48","c55-h24",0.623016573404939,8
"c50-h48","c55-h24",0.649681931619755,8
"c45-h24","c55-h24",0.861477805593194,8
"c45-h36","c55-h24",0.694431235851381,8
"c50-h24","c55-h24",0.913115043945031,8
"c45-h48","c55-h24",0.605614381486576,8
"c50-h60","c55-h48",0.812856765187419,8
"c55-h60","c55-h48",0.893979473866552,8
"c50-h36","c55-h48",0.778163984508861,8
"c55-h36","c55-h48",0.863235947338963,8
"c45-h60","c55-h48",0.761520418207973,8
"c60-h60","c55-h48",0.758319911377462,8
"c55-h24","c55-h48",0.706285790648463,8
"c55-h48","c55-h48",1,8
"c60-h24","c55-h48",0.611001265748497,8
"c60-h36","c55-h48",0.739102451873927,8
"c60-h48","c55-h48",0.855679809766762,8
"c50-h48","c55-h48",0.905124825043492,8
"c45-h24","c55-h48",0.618438192822099,8
"c45-h36","c55-h48",0.732637933728799,8
"c50-h24","c55-h48",0.65200229526577,8
"c45-h48","c55-h48",0.850538316628696,8
"c50-h60","c60-h24",0.505848844697987,8
"c55-h60","c60-h24",0.545563150030786,8
"c50-h36","c60-h24",0.636268380828513,8
"c55-h36","c60-h24",0.699504457454384,8
"c45-h60","c60-h24",0.472078958604095,8
"c60-h60","c60-h24",0.645684605454028,8
"c55-h24","c60-h24",0.857308321005547,8
"c55-h48","c60-h24",0.611001265748497,8
"c60-h24","c60-h24",1,8
"c60-h36","c60-h24",0.82150820044633,8
"c60-h48","c60-h24",0.72252370602151,8
"c50-h48","c60-h24",0.559292270301637,8
"c45-h24","c60-h24",0.740131114300406,8
"c45-h36","c60-h24",0.600605542153762,8
"c50-h24","c60-h24",0.784468951643925,8
"c45-h48","c60-h24",0.522352674327799,8
"c50-h60","c60-h36",0.614703690792088,8
"c55-h60","c60-h36",0.668692226489729,8
"c50-h36","c60-h36",0.781342361435853,8
"c55-h36","c60-h36",0.861010052633292,8
"c45-h60","c60-h36",0.575972430333448,8
"c60-h60","c60-h36",0.777974027745719,8
"c55-h24","c60-h36",0.708430172052534,8
"c55-h48","c60-h36",0.739102451873927,8
"c60-h24","c60-h36",0.82150820044633,8
"c60-h36","c60-h36",1,8
"c60-h48","c60-h36",0.865951513078839,8
"c50-h48","c60-h36",0.670879269421244,8
"c45-h24","c60-h36",0.619326737505863,8
"c45-h36","c60-h36",0.739255180624357,8
"c50-h24","c60-h36",0.653404503015059,8
"c45-h48","c60-h36",0.632106844651106,8
"c50-h60","c60-h48",0.696816922962437,8
"c55-h60","c60-h48",0.77236708427356,8
"c50-h36","c60-h48",0.669189055072163,8
"c55-h36","c60-h48",0.745999875061382,8
"c45-h60","c60-h48",0.659746885179634,8
"c60-h60","c60-h48",0.893979915114329,8
"c55-h24","c60-h48",0.623016573404939,8
"c55-h48","c60-h48",0.855679809766762,8
"c60-h24","c60-h48",0.72252370602151,8
"c60-h36","c60-h48",0.865951513078839,8
"c60-h48","c60-h48",1,8
"c50-h48","c60-h48",0.768559695694675,8
"c45-h24","c60-h48",0.54923723597488,8
"c45-h36","c60-h48",0.637152417314577,8
"c50-h24","c60-h48",0.57214989999831,8
"c45-h48","c60-h48",0.73146656413045,8
"c50-h60","c50-h48",0.89271109247773,8
"c55-h60","c50-h48",0.806371041058077,8
"c50-h36","c50-h48",0.862999678140784,8
"c55-h36","c50-h48",0.788029323136567,8
"c45-h60","c50-h48",0.839252808163836,8
"c60-h60","c50-h48",0.678308171624629,8
"c55-h24","c50-h48",0.649681931619755,8
"c55-h48","c50-h48",0.905124825043492,8
"c60-h24","c50-h48",0.559292270301637,8
"c60-h36","c50-h48",0.670879269421244,8
"c60-h48","c50-h48",0.768559695694675,8
"c50-h48","c50-h48",1,8
"c45-h24","c50-h48",0.682859907950872,8
"c45-h36","c50-h48",0.818199655586945,8
"c50-h24","c50-h48",0.71882070192309,8
"c45-h48","c50-h48",0.94452850054196,8
"c50-h60","c45-h24",0.617922464652151,8
"c55-h60","c45-h24",0.558028011539176,8
"c50-h36","c45-h24",0.773027837522023,8
"c55-h36","c45-h24",0.706572426498153,8
"c45-h60","c45-h24",0.643012150961697,8
"c60-h60","c45-h24",0.488900882608965,8
"c55-h24","c45-h24",0.861477805593194,8
"c55-h48","c45-h24",0.618438192822099,8
"c60-h24","c45-h24",0.740131114300406,8
"c60-h36","c45-h24",0.619326737505863,8
"c60-h48","c45-h24",0.54923723597488,8
"c50-h48","c45-h24",0.682859907950872,8
"c45-h24","c45-h24",1,8
"c45-h36","c45-h24",0.818100377370292,8
"c50-h24","c45-h24",0.94626026881025,8
"c45-h48","c45-h24",0.7153085231948,8
"c50-h60","c45-h36",0.74117178540598,8
"c55-h60","c45-h36",0.661529053422158,8
"c50-h36","c45-h36",0.945201749468238,8
"c55-h36","c45-h36",0.852312817454917,8
"c45-h60","c45-h36",0.775270424874543,8
"c60-h60","c45-h36",0.570486571072013,8
"c55-h24","c45-h36",0.694431235851381,8
"c55-h48","c45-h36",0.732637933728799,8
"c60-h24","c45-h36",0.600605542153762,8
"c60-h36","c45-h36",0.739255180624357,8
"c60-h48","c45-h36",0.637152417314577,8
"c50-h48","c45-h36",0.818199655586945,8
"c45-h24","c45-h36",0.818100377370292,8
"c45-h36","c45-h36",1,8
"c50-h24","c45-h36",0.773816417523406,8
"c45-h48","c45-h36",0.861626019942817,8
"c50-h60","c50-h24",0.648356500957837,8
"c55-h60","c50-h24",0.583439072752281,8
"c50-h36","c50-h24",0.817921324424599,8
"c55-h36","c50-h24",0.751502986757578,8
"c45-h60","c50-h24",0.605507471447393,8
"c60-h60","c50-h24",0.506516078159799,8
"c55-h24","c50-h24",0.913115043945031,8
"c55-h48","c50-h24",0.65200229526577,8
"c60-h24","c50-h24",0.784468951643925,8
"c60-h36","c50-h24",0.653404503015059,8
"c60-h48","c50-h24",0.57214989999831,8
"c50-h48","c50-h24",0.71882070192309,8
"c45-h24","c50-h24",0.94626026881025,8
"c45-h36","c50-h24",0.773816417523406,8
"c50-h24","c50-h24",1,8
"c45-h48","c50-h24",0.672908854046195,8
"c50-h60","c45-h48",0.845642526341089,8
"c55-h60","c45-h48",0.762295876890306,8
"c50-h36","c45-h48",0.81054143633405,8
"c55-h36","c45-h48",0.734186795518682,8
"c45-h60","c45-h48",0.89086995639495,8
"c60-h60","c45-h48",0.648752192795861,8
"c55-h24","c45-h48",0.605614381486576,8
"c55-h48","c45-h48",0.850538316628696,8
"c60-h24","c45-h48",0.522352674327799,8
"c60-h36","c45-h48",0.632106844651106,8
"c60-h48","c45-h48",0.73146656413045,8
"c50-h48","c45-h48",0.94452850054196,8
"c45-h24","c45-h48",0.7153085231948,8
"c45-h36","c45-h48",0.861626019942817,8
"c50-h24","c45-h48",0.672908854046195,8
"c45-h48","c45-h48",1,8
"c55-h60","c55-h60",1,9
"c55-h36","c55-h60",0.773929886855661,9
"c60-h24","c55-h60",0.496101033160101,9
"c60-h36","c55-h60",0.642630040953159,9
"c50-h36","c55-h60",0.703926859128998,9
"c50-h60","c55-h60",0.902444664387958,9
"c45-h60","c55-h60",0.857239832602314,9
"c60-h60","c55-h60",0.838233604042345,9
"c55-h24","c55-h60",0.611658013729609,9
"c55-h48","c55-h60",0.893175026185313,9
"c50-h24","c55-h60",0.551117454666327,9
"c50-h48","c55-h60",0.805089041111232,9
"c45-h24","c55-h60",0.520728794290415,9
"c45-h36","c55-h60",0.663415978741039,9
"c45-h48","c55-h60",0.76055615917277,9
"c60-h48","c55-h60",0.740659731629319,9
"c55-h60","c55-h36",0.773929886855661,9
"c55-h36","c55-h36",1,9
"c60-h24","c55-h36",0.668765841135246,9
"c60-h36","c55-h36",0.834691667528134,9
"c50-h36","c55-h36",0.904726871112273,9
"c50-h60","c55-h36",0.70136177334332,9
"c45-h60","c55-h36",0.666862952074848,9
"c60-h60","c55-h36",0.644875324518933,9
"c55-h24","c55-h36",0.814606452284258,9
"c55-h48","c55-h36",0.863846666204703,9
"c50-h24","c55-h36",0.731677882197379,9
"c50-h48","c55-h36",0.781686562208852,9
"c45-h24","c55-h36",0.691089460397072,9
"c45-h36","c55-h36",0.854208136685809,9
"c45-h48","c55-h36",0.737179644515028,9
"c60-h48","c55-h36",0.715270793659349,9
"c55-h60","c60-h24",0.496101033160101,9
"c55-h36","c60-h24",0.668765841135246,9
"c60-h24","c60-h24",1,9
"c60-h36","c60-h24",0.812218258415153,9
"c50-h36","c60-h24",0.603311216343716,9
"c50-h60","c60-h24",0.44092962404891,9
"c45-h60","c60-h24",0.418357213432725,9
"c60-h60","c60-h24",0.605248888012289,9
"c55-h24","c60-h24",0.829085274285172,9
"c55-h48","c60-h24",0.569563769560666,9
"c50-h24","c60-h24",0.743552832856725,9
"c50-h48","c60-h24",0.510096079219668,9
"c45-h24","c60-h24",0.699141217922262,9
"c45-h36","c60-h24",0.563993931442522,9
"c45-h48","c60-h24",0.481005452410452,9
"c60-h48","c60-h24",0.693732035856317,9
"c55-h60","c60-h36",0.642630040953159,9
"c55-h36","c60-h36",0.834691667528134,9
"c60-h24","c60-h36",0.812218258415153,9
"c60-h36","c60-h36",1,9
"c50-h36","c60-h36",0.755020321943016,9
"c50-h60","c60-h36",0.578683352184291,9
"c45-h60","c60-h36",0.548953883677726,9
"c60-h60","c60-h36",0.767761495421353,9
"c55-h24","c60-h36",0.67646269350702,9
"c55-h48","c60-h36",0.729246462648309,9
"c50-h24","c60-h36",0.605314374222915,9
"c50-h48","c60-h36",0.657992425940705,9
"c45-h24","c60-h36",0.571790790677097,9
"c45-h36","c60-h36",0.710888286653455,9
"c45-h48","c60-h36",0.621436828203064,9
"c60-h48","c60-h36",0.864420159100698,9
"c55-h60","c50-h36",0.703926859128998,9
"c55-h36","c50-h36",0.904726871112273,9
"c60-h24","c50-h36",0.603311216343716,9
"c60-h36","c50-h36",0.755020321943016,9
"c50-h36","c50-h36",1,9
"c50-h60","c50-h36",0.781758679432052,9
"c45-h60","c50-h36",0.736151653734639,9
"c60-h60","c50-h36",0.589405213838419,9
"c55-h24","c50-h36",0.733172127050218,9
"c55-h48","c50-h36",0.782365395514564,9
"c50-h24","c50-h36",0.808203862835594,9
"c50-h48","c50-h36",0.868246123830562,9
"c45-h24","c50-h36",0.763882683118923,9
"c45-h36","c50-h36",0.94279415831005,9
"c45-h48","c50-h36",0.814079418827617,9
"c60-h48","c50-h36",0.654010275428103,9
"c55-h60","c50-h60",0.902444664387958,9
"c55-h36","c50-h60",0.70136177334332,9
"c60-h24","c50-h60",0.44092962404891,9
"c60-h36","c50-h60",0.578683352184291,9
"c50-h36","c50-h60",0.781758679432052,9
"c50-h60","c50-h60",1,9
"c45-h60","c50-h60",0.942789534071754,9
"c60-h60","c50-h60",0.756967376660974,9
"c55-h24","c50-h60",0.548198947794678,9
"c55-h48","c50-h60",0.806493023530246,9
"c50-h24","c50-h60",0.611837217973556,9
"c50-h48","c50-h60",0.895410781682442,9
"c45-h24","c50-h60",0.578558047337257,9
"c45-h36","c50-h60",0.735207920583465,9
"c45-h48","c50-h60",0.840934597472263,9
"c60-h48","c50-h60",0.67168741964485,9
"c55-h60","c45-h60",0.857239832602314,9
"c55-h36","c45-h60",0.666862952074848,9
"c60-h24","c45-h60",0.418357213432725,9
"c60-h36","c45-h60",0.548953883677726,9
"c50-h36","c45-h60",0.736151653734639,9
"c50-h60","c45-h60",0.942789534071754,9
"c45-h60","c45-h60",1,9
"c60-h60","c45-h60",0.721069406727188,9
"c55-h24","c45-h60",0.519440288743306,9
"c55-h48","c45-h60",0.765829054691668,9
"c50-h24","c45-h60",0.573241760399873,9
"c50-h48","c45-h60",0.843836627934772,9
"c45-h24","c45-h60",0.616073097762102,9
"c45-h36","c45-h60",0.778289823703218,9
"c45-h48","c45-h60",0.892344141480257,9
"c60-h48","c45-h60",0.639073511935828,9
"c55-h60","c60-h60",0.838233604042345,9
"c55-h36","c60-h60",0.644875324518933,9
"c60-h24","c60-h60",0.605248888012289,9
"c60-h36","c60-h60",0.767761495421353,9
"c50-h36","c60-h60",0.589405213838419,9
"c50-h60","c60-h60",0.756967376660974,9
"c45-h60","c60-h60",0.721069406727188,9
"c60-h60","c60-h60",1,9
"c55-h24","c60-h60",0.500735272904604,9
"c55-h48","c60-h60",0.75484564369797,9
"c50-h24","c60-h60",0.451671138591003,9
"c50-h48","c60-h60",0.682741093479175,9
"c45-h24","c60-h60",0.428371825012368,9
"c45-h36","c60-h60",0.556825038222119,9
"c45-h48","c60-h60",0.647502671371356,9
"c60-h48","c60-h60",0.891968620582664,9
"c55-h60","c55-h24",0.611658013729609,9
"c55-h36","c55-h24",0.814606452284258,9
"c60-h24","c55-h24",0.829085274285172,9
"c60-h36","c55-h24",0.67646269350702,9
"c50-h36","c55-h24",0.733172127050218,9
"c50-h60","c55-h24",0.548198947794678,9
"c45-h60","c55-h24",0.519440288743306,9
"c60-h60","c55-h24",0.500735272904604,9
"c55-h24","c55-h24",1,9
"c55-h48","c55-h24",0.691265103652942,9
"c50-h24","c55-h24",0.900016263438472,9
"c50-h48","c55-h24",0.620095144690496,9
"c45-h24","c55-h24",0.843618441399817,9
"c45-h36","c55-h24",0.686301492810813,9
"c45-h48","c55-h24",0.580469689471039,9
"c60-h48","c55-h24",0.57299940744448,9
"c55-h60","c55-h48",0.893175026185313,9
"c55-h36","c55-h48",0.863846666204703,9
"c60-h24","c55-h48",0.569563769560666,9
"c60-h36","c55-h48",0.729246462648309,9
"c50-h36","c55-h48",0.782365395514564,9
"c50-h60","c55-h48",0.806493023530246,9
"c45-h60","c55-h48",0.765829054691668,9
"c60-h60","c55-h48",0.75484564369797,9
"c55-h24","c55-h48",0.691265103652942,9
"c55-h48","c55-h48",1,9
"c50-h24","c55-h48",0.621124183994048,9
"c50-h48","c55-h48",0.900357941597976,9
"c45-h24","c55-h48",0.589546651319537,9
"c45-h36","c55-h48",0.741612603401066,9
"c45-h48","c55-h48",0.85233751525281,9
"c60-h48","c55-h48",0.837834130408372,9
"c55-h60","c50-h24",0.551117454666327,9
"c55-h36","c50-h24",0.731677882197379,9
"c60-h24","c50-h24",0.743552832856725,9
"c60-h36","c50-h24",0.605314374222915,9
"c50-h36","c50-h24",0.808203862835594,9
"c50-h60","c50-h24",0.611837217973556,9
"c45-h60","c50-h24",0.573241760399873,9
"c60-h60","c50-h24",0.451671138591003,9
"c55-h24","c50-h24",0.900016263438472,9
"c55-h48","c50-h24",0.621124183994048,9
"c50-h24","c50-h24",1,9
"c50-h48","c50-h24",0.688095899915263,9
"c45-h24","c50-h24",0.940652865306713,9
"c45-h36","c50-h24",0.757409359676705,9
"c45-h48","c50-h24",0.640407211285149,9
"c60-h48","c50-h24",0.519171806625357,9
"c55-h60","c50-h48",0.805089041111232,9
"c55-h36","c50-h48",0.781686562208852,9
"c60-h24","c50-h48",0.510096079219668,9
"c60-h36","c50-h48",0.657992425940705,9
"c50-h36","c50-h48",0.868246123830562,9
"c50-h60","c50-h48",0.895410781682442,9
"c45-h60","c50-h48",0.843836627934772,9
"c60-h60","c50-h48",0.682741093479175,9
"c55-h24","c50-h48",0.620095144690496,9
"c55-h48","c50-h48",0.900357941597976,9
"c50-h24","c50-h48",0.688095899915263,9
"c50-h48","c50-h48",1,9
"c45-h24","c50-h48",0.652571565377662,9
"c45-h36","c50-h48",0.820786329025168,9
"c45-h48","c50-h48",0.941969462542553,9
"c60-h48","c50-h48",0.759357294539567,9
"c55-h60","c45-h24",0.520728794290415,9
"c55-h36","c45-h24",0.691089460397072,9
"c60-h24","c45-h24",0.699141217922262,9
"c60-h36","c45-h24",0.571790790677097,9
"c50-h36","c45-h24",0.763882683118923,9
"c50-h60","c45-h24",0.578558047337257,9
"c45-h60","c45-h24",0.616073097762102,9
"c60-h60","c45-h24",0.428371825012368,9
"c55-h24","c45-h24",0.843618441399817,9
"c55-h48","c45-h24",0.589546651319537,9
"c50-h24","c45-h24",0.940652865306713,9
"c50-h48","c45-h24",0.652571565377662,9
"c45-h24","c45-h24",1,9
"c45-h36","c45-h24",0.809299603829111,9
"c45-h48","c45-h24",0.69064036599209,9
"c60-h48","c45-h24",0.494290026366562,9
"c55-h60","c45-h36",0.663415978741039,9
"c55-h36","c45-h36",0.854208136685809,9
"c60-h24","c45-h36",0.563993931442522,9
"c60-h36","c45-h36",0.710888286653455,9
"c50-h36","c45-h36",0.94279415831005,9
"c50-h60","c45-h36",0.735207920583465,9
"c45-h60","c45-h36",0.778289823703218,9
"c60-h60","c45-h36",0.556825038222119,9
"c55-h24","c45-h36",0.686301492810813,9
"c55-h48","c45-h36",0.741612603401066,9
"c50-h24","c45-h36",0.757409359676705,9
"c50-h48","c45-h36",0.820786329025168,9
"c45-h24","c45-h36",0.809299603829111,9
"c45-h36","c45-h36",1,9
"c45-h48","c45-h36",0.867033517763384,9
"c60-h48","c45-h36",0.620378605211821,9
"c55-h60","c45-h48",0.76055615917277,9
"c55-h36","c45-h48",0.737179644515028,9
"c60-h24","c45-h48",0.481005452410452,9
"c60-h36","c45-h48",0.621436828203064,9
"c50-h36","c45-h48",0.814079418827617,9
"c50-h60","c45-h48",0.840934597472263,9
"c45-h60","c45-h48",0.892344141480257,9
"c60-h60","c45-h48",0.647502671371356,9
"c55-h24","c45-h48",0.580469689471039,9
"c55-h48","c45-h48",0.85233751525281,9
"c50-h24","c45-h48",0.640407211285149,9
"c50-h48","c45-h48",0.941969462542553,9
"c45-h24","c45-h48",0.69064036599209,9
"c45-h36","c45-h48",0.867033517763384,9
"c45-h48","c45-h48",1,9
"c60-h48","c45-h48",0.720616311060134,9
"c55-h60","c60-h48",0.740659731629319,9
"c55-h36","c60-h48",0.715270793659349,9
"c60-h24","c60-h48",0.693732035856317,9
"c60-h36","c60-h48",0.864420159100698,9
"c50-h36","c60-h48",0.654010275428103,9
"c50-h60","c60-h48",0.67168741964485,9
"c45-h60","c60-h48",0.639073511935828,9
"c60-h60","c60-h48",0.891968620582664,9
"c55-h24","c60-h48",0.57299940744448,9
"c55-h48","c60-h48",0.837834130408372,9
"c50-h24","c60-h48",0.519171806625357,9
"c50-h48","c60-h48",0.759357294539567,9
"c45-h24","c60-h48",0.494290026366562,9
"c45-h36","c60-h48",0.620378605211821,9
"c45-h48","c60-h48",0.720616311060134,9
"c60-h48","c60-h48",1,9
"c55-h60","c55-h60",1,10
"c55-h36","c55-h60",0.769627865608998,10
"c50-h60","c55-h60",0.891882430629106,10
"c45-h60","c55-h60",0.839764921572575,10
"c60-h60","c55-h60",0.832845447720793,10
"c55-h24","c55-h60",0.625827009706675,10
"c50-h36","c55-h60",0.69772009699952,10
"c60-h24","c55-h60",0.530721109209444,10
"c60-h36","c55-h60",0.645807985408457,10
"c60-h48","c55-h60",0.744653740525605,10
"c50-h24","c55-h60",0.568359898496835,10
"c50-h48","c55-h60",0.794824833098661,10
"c45-h24","c55-h60",0.539220993240366,10
"c55-h48","c55-h60",0.880427945380482,10
"c45-h48","c55-h60",0.755107414383306,10
"c45-h36","c55-h60",0.658572926668337,10
"c55-h60","c55-h36",0.769627865608998,10
"c55-h36","c55-h36",1,10
"c50-h60","c55-h36",0.677988620062855,10
"c45-h60","c55-h36",0.633926407537768,10
"c60-h60","c55-h36",0.650669905955406,10
"c55-h24","c55-h36",0.82199513379051,10
"c50-h36","c55-h36",0.898992128281118,10
"c60-h24","c55-h36",0.703836837322385,10
"c60-h36","c55-h36",0.845158057965826,10
"c60-h48","c55-h36",0.744178025061688,10
"c50-h24","c55-h36",0.739146099262897,10
"c50-h48","c55-h36",0.7792261390847,10
"c45-h24","c55-h36",0.694346360002891,10
"c55-h48","c55-h36",0.874365935878238,10
"c45-h48","c55-h36",0.734071723860604,10
"c45-h36","c55-h36",0.845509629393518,10
"c55-h60","c50-h60",0.891882430629106,10
"c55-h36","c50-h60",0.677988620062855,10
"c50-h60","c50-h60",1,10
"c45-h60","c50-h60",0.940741008069488,10
"c60-h60","c50-h60",0.738043601438685,10
"c55-h24","c50-h60",0.553198752016982,10
"c50-h36","c50-h60",0.768308690795545,10
"c60-h24","c50-h60",0.471319230794106,10
"c60-h36","c50-h60",0.568277675475803,10
"c60-h48","c50-h60",0.656632586760026,10
"c50-h24","c50-h60",0.630303266387631,10
"c50-h48","c50-h60",0.882731727912874,10
"c45-h24","c50-h60",0.599480562629621,10
"c55-h48","c50-h60",0.777007696643902,10
"c45-h48","c50-h60",0.83893725733285,10
"c45-h36","c50-h60",0.726148976205046,10
"c55-h60","c45-h60",0.839764921572575,10
"c55-h36","c45-h60",0.633926407537768,10
"c50-h60","c45-h60",0.940741008069488,10
"c45-h60","c45-h60",1,10
"c60-h60","c45-h60",0.690907588731945,10
"c55-h24","c45-h60",0.516194110623909,10
"c50-h36","c45-h60",0.718847558435188,10
"c60-h24","c45-h60",0.440362784827197,10
"c60-h36","c45-h60",0.530561193640315,10
"c60-h48","c45-h60",0.614046798069715,10
"c50-h24","c45-h60",0.5874923613294,10
"c50-h48","c45-h60",0.830266285716481,10
"c45-h24","c45-h60",0.627589655639434,10
"c55-h48","c45-h60",0.730874315595905,10
"c45-h48","c45-h60",0.88739037118824,10
"c45-h36","c45-h60",0.763932411392229,10
"c55-h60","c60-h60",0.832845447720793,10
"c55-h36","c60-h60",0.650669905955406,10
"c50-h60","c60-h60",0.738043601438685,10
"c45-h60","c60-h60",0.690907588731945,10
"c60-h60","c60-h60",1,10
"c55-h24","c60-h60",0.514327596723841,10
"c50-h36","c60-h60",0.593465069350242,10
"c60-h24","c60-h60",0.628700898576569,10
"c60-h36","c60-h60",0.774442355818829,10
"c60-h48","c60-h60",0.885498481541287,10
"c50-h24","c60-h60",0.4637592678868,10
"c50-h48","c60-h60",0.661076484543985,10
"c45-h24","c60-h60",0.436816018408739,10
"c55-h48","c60-h60",0.732181164066264,10
"c45-h48","c60-h60",0.628595622862264,10
"c45-h36","c60-h60",0.562183665483583,10
"c55-h60","c55-h24",0.625827009706675,10
"c55-h36","c55-h24",0.82199513379051,10
"c50-h60","c55-h24",0.553198752016982,10
"c45-h60","c55-h24",0.516194110623909,10
"c60-h60","c55-h24",0.514327596723841,10
"c55-h24","c55-h24",1,10
"c50-h36","c55-h24",0.7391569659054,10
"c60-h24","c55-h24",0.839001519971602,10
"c60-h36","c55-h24",0.684064646602719,10
"c60-h48","c55-h24",0.599054684868268,10
"c50-h24","c55-h24",0.902013873867639,10
"c50-h48","c55-h24",0.640223868253826,10
"c45-h24","c55-h24",0.851665150220825,10
"c55-h48","c55-h24",0.715404406564189,10
"c45-h48","c55-h24",0.602411541155614,10
"c45-h36","c55-h24",0.695961870113623,10
"c55-h60","c50-h36",0.69772009699952,10
"c55-h36","c50-h36",0.898992128281118,10
"c50-h60","c50-h36",0.768308690795545,10
"c45-h60","c50-h36",0.718847558435188,10
"c60-h60","c50-h36",0.593465069350242,10
"c55-h24","c50-h36",0.7391569659054,10
"c50-h36","c50-h36",1,10
"c60-h24","c50-h36",0.639469858669748,10
"c60-h36","c50-h36",0.763115183432143,10
"c60-h48","c50-h36",0.671571359851271,10
"c50-h24","c50-h36",0.820613199439464,10
"c50-h48","c50-h36",0.868963805433943,10
"c45-h24","c50-h36",0.774228441285541,10
"c55-h48","c50-h36",0.783010175834108,10
"c45-h48","c50-h36",0.820798080144454,10
"c45-h36","c50-h36",0.944485181981043,10
"c55-h60","c60-h24",0.530721109209444,10
"c55-h36","c60-h24",0.703836837322385,10
"c50-h60","c60-h24",0.471319230794106,10
"c45-h60","c60-h24",0.440362784827197,10
"c60-h60","c60-h24",0.628700898576569,10
"c55-h24","c60-h24",0.839001519971602,10
"c50-h36","c60-h24",0.639469858669748,10
"c60-h24","c60-h24",1,10
"c60-h36","c60-h24",0.825213081562301,10
"c60-h48","c60-h24",0.715239799417158,10
"c50-h24","c60-h24",0.76167270100684,10
"c50-h48","c60-h24",0.543483327066072,10
"c45-h24","c60-h24",0.717650513814971,10
"c55-h48","c60-h24",0.602885420492806,10
"c45-h48","c60-h24",0.513316751757434,10
"c45-h36","c60-h24",0.607495881134251,10
"c55-h60","c60-h36",0.645807985408457,10
"c55-h36","c60-h36",0.845158057965826,10
"c50-h60","c60-h36",0.568277675475803,10
"c45-h60","c60-h36",0.530561193640315,10
"c60-h60","c60-h36",0.774442355818829,10
"c55-h24","c60-h36",0.684064646602719,10
"c50-h36","c60-h36",0.763115183432143,10
"c60-h24","c60-h36",0.825213081562301,10
"c60-h36","c60-h36",1,10
"c60-h48","c60-h36",0.8729247046631,10
"c50-h24","c60-h36",0.614133942906079,10
"c50-h48","c60-h36",0.653622768853275,10
"c45-h24","c60-h36",0.578055031148343,10
"c55-h48","c60-h36",0.731975469980351,10
"c45-h48","c60-h36",0.617091883800168,10
"c45-h36","c60-h36",0.723539088353602,10
"c55-h60","c60-h48",0.744653740525605,10
"c55-h36","c60-h48",0.744178025061688,10
"c50-h60","c60-h48",0.656632586760026,10
"c45-h60","c60-h48",0.614046798069715,10
"c60-h60","c60-h48",0.885498481541287,10
"c55-h24","c60-h48",0.599054684868268,10
"c50-h36","c60-h48",0.671571359851271,10
"c60-h24","c60-h48",0.715239799417158,10
"c60-h36","c60-h48",0.8729247046631,10
"c60-h48","c60-h48",1,10
"c50-h24","c60-h48",0.536971177054186,10
"c50-h48","c60-h48",0.756993906901562,10
"c45-h24","c60-h48",0.501334615737411,10
"c55-h48","c60-h48",0.842832672440363,10
"c45-h48","c60-h48",0.715135446322736,10
"c45-h36","c60-h48",0.633059510702325,10
"c55-h60","c50-h24",0.568359898496835,10
"c55-h36","c50-h24",0.739146099262897,10
"c50-h60","c50-h24",0.630303266387631,10
"c45-h60","c50-h24",0.5874923613294,10
"c60-h60","c50-h24",0.4637592678868,10
"c55-h24","c50-h24",0.902013873867639,10
"c50-h36","c50-h24",0.820613199439464,10
"c60-h24","c50-h24",0.76167270100684,10
"c60-h36","c50-h24",0.614133942906079,10
"c60-h48","c50-h24",0.536971177054186,10
"c50-h24","c50-h24",1,10
"c50-h48","c50-h24",0.714509862301927,10
"c45-h24","c50-h24",0.946970701342104,10
"c55-h48","c50-h24",0.641999410456625,10
"c45-h48","c50-h24",0.674365825689414,10
"c45-h36","c50-h24",0.777647149965749,10
"c55-h60","c50-h48",0.794824833098661,10
"c55-h36","c50-h48",0.7792261390847,10
"c50-h60","c50-h48",0.882731727912874,10
"c45-h60","c50-h48",0.830266285716481,10
"c60-h60","c50-h48",0.661076484543985,10
"c55-h24","c50-h48",0.640223868253826,10
"c50-h36","c50-h48",0.868963805433943,10
"c60-h24","c50-h48",0.543483327066072,10
"c60-h36","c50-h48",0.653622768853275,10
"c60-h48","c50-h48",0.756993906901562,10
"c50-h24","c50-h48",0.714509862301927,10
"c50-h48","c50-h48",1,10
"c45-h24","c50-h48",0.6735263293516,10
"c55-h48","c50-h48",0.894282558151807,10
"c45-h48","c50-h48",0.945408514048676,10
"c45-h36","c50-h48",0.818221068653924,10
"c55-h60","c45-h24",0.539220993240366,10
"c55-h36","c45-h24",0.694346360002891,10
"c50-h60","c45-h24",0.599480562629621,10
"c45-h60","c45-h24",0.627589655639434,10
"c60-h60","c45-h24",0.436816018408739,10
"c55-h24","c45-h24",0.851665150220825,10
"c50-h36","c45-h24",0.774228441285541,10
"c60-h24","c45-h24",0.717650513814971,10
"c60-h36","c45-h24",0.578055031148343,10
"c60-h48","c45-h24",0.501334615737411,10
"c50-h24","c45-h24",0.946970701342104,10
"c50-h48","c45-h24",0.6735263293516,10
"c45-h24","c45-h24",1,10
"c55-h48","c45-h24",0.603365858023208,10
"c45-h48","c45-h24",0.709418810702302,10
"c45-h36","c45-h24",0.819692074687989,10
"c55-h60","c55-h48",0.880427945380482,10
"c55-h36","c55-h48",0.874365935878238,10
"c50-h60","c55-h48",0.777007696643902,10
"c45-h60","c55-h48",0.730874315595905,10
"c60-h60","c55-h48",0.732181164066264,10
"c55-h24","c55-h48",0.715404406564189,10
"c50-h36","c55-h48",0.783010175834108,10
"c60-h24","c55-h48",0.602885420492806,10
"c60-h36","c55-h48",0.731975469980351,10
"c60-h48","c55-h48",0.842832672440363,10
"c50-h24","c55-h48",0.641999410456625,10
"c50-h48","c55-h48",0.894282558151807,10
"c45-h24","c55-h48",0.603365858023208,10
"c55-h48","c55-h48",1,10
"c45-h48","c55-h48",0.845646783103941,10
"c45-h36","c55-h48",0.736277279596958,10
"c55-h60","c45-h48",0.755107414383306,10
"c55-h36","c45-h48",0.734071723860604,10
"c50-h60","c45-h48",0.83893725733285,10
"c45-h60","c45-h48",0.88739037118824,10
"c60-h60","c45-h48",0.628595622862264,10
"c55-h24","c45-h48",0.602411541155614,10
"c50-h36","c45-h48",0.820798080144454,10
"c60-h24","c45-h48",0.513316751757434,10
"c60-h36","c45-h48",0.617091883800168,10
"c60-h48","c45-h48",0.715135446322736,10
"c50-h24","c45-h48",0.674365825689414,10
"c50-h48","c45-h48",0.945408514048676,10
"c45-h24","c45-h48",0.709418810702302,10
"c55-h48","c45-h48",0.845646783103941,10
"c45-h48","c45-h48",1,10
"c45-h36","c45-h48",0.864943375170903,10
"c55-h60","c45-h36",0.658572926668337,10
"c55-h36","c45-h36",0.845509629393518,10
"c50-h60","c45-h36",0.726148976205046,10
"c45-h60","c45-h36",0.763932411392229,10
"c60-h60","c45-h36",0.562183665483583,10
"c55-h24","c45-h36",0.695961870113623,10
"c50-h36","c45-h36",0.944485181981043,10
"c60-h24","c45-h36",0.607495881134251,10
"c60-h36","c45-h36",0.723539088353602,10
"c60-h48","c45-h36",0.633059510702325,10
"c50-h24","c45-h36",0.777647149965749,10
"c50-h48","c45-h36",0.818221068653924,10
"c45-h24","c45-h36",0.819692074687989,10
"c55-h48","c45-h36",0.736277279596958,10
"c45-h48","c45-h36",0.864943375170903,10
"c45-h36","c45-h36",1,10
"c55-h36","c55-h36",1,11
"c60-h24","c55-h36",0.681782513642104,11
"c55-h60","c55-h36",0.76158232935283,11
"c50-h36","c55-h36",0.897396101026833,11
"c50-h60","c55-h36",0.673016796913384,11
"c45-h60","c55-h36",0.626637878278713,11
"c60-h60","c55-h36",0.629002731488492,11
"c55-h24","c55-h36",0.802649784648968,11
"c55-h48","c55-h36",0.862432791985097,11
"c50-h24","c55-h36",0.716594252792559,11
"c50-h48","c55-h36",0.77240759942073,11
"c45-h24","c55-h36",0.686686949398059,11
"c45-h36","c55-h36",0.844397805993318,11
"c45-h48","c55-h36",0.723643804586212,11
"c60-h36","c55-h36",0.843782953263274,11
"c60-h48","c55-h36",0.717818628874711,11
"c55-h36","c60-h24",0.681782513642104,11
"c60-h24","c60-h24",1,11
"c55-h60","c60-h24",0.512625973104994,11
"c50-h36","c60-h24",0.624265129943361,11
"c50-h60","c60-h24",0.462990469416217,11
"c45-h60","c60-h24",0.430724392243188,11
"c60-h60","c60-h24",0.61303011139856,11
"c55-h24","c60-h24",0.847436009554756,11
"c55-h48","c60-h24",0.581318686614503,11
"c50-h24","c60-h24",0.773325587607798,11
"c50-h48","c60-h24",0.52536984893733,11
"c45-h24","c60-h24",0.732642592585308,11
"c45-h36","c60-h24",0.583291733516836,11
"c45-h48","c60-h24",0.488279580456425,11
"c60-h36","c60-h24",0.801781769116747,11
"c60-h48","c60-h24",0.691294258691898,11
"c55-h36","c55-h60",0.76158232935283,11
"c60-h24","c55-h60",0.512625973104994,11
"c55-h60","c55-h60",1,11
"c50-h36","c55-h60",0.686404720063365,11
"c50-h60","c55-h60",0.886394187862361,11
"c45-h60","c55-h60",0.830707062538954,11
"c60-h60","c55-h60",0.821933714536016,11
"c55-h24","c55-h60",0.608087415326745,11
"c55-h48","c55-h60",0.88683680689464,11
"c50-h24","c55-h60",0.549652601799998,11
"c50-h48","c55-h60",0.795799355345591,11
"c45-h24","c55-h60",0.534509401049549,11
"c45-h36","c55-h60",0.647658388529326,11
"c45-h48","c55-h60",0.747773102752588,11
"c60-h36","c55-h60",0.642863701910063,11
"c60-h48","c55-h60",0.7403485712913,11
"c55-h36","c50-h36",0.897396101026833,11
"c60-h24","c50-h36",0.624265129943361,11
"c55-h60","c50-h36",0.686404720063365,11
"c50-h36","c50-h36",1,11
"c50-h60","c50-h36",0.767777023767829,11
"c45-h60","c50-h36",0.718327971342102,11
"c60-h60","c50-h36",0.572200291861656,11
"c55-h24","c50-h36",0.722661996320112,11
"c55-h48","c50-h36",0.769459890567787,11
"c50-h24","c50-h36",0.799096995056766,11
"c50-h48","c50-h36",0.865238023741513,11
"c45-h24","c50-h36",0.765019975624786,11
"c45-h36","c50-h36",0.940847985286149,11
"c45-h48","c50-h36",0.810921134637532,11
"c60-h36","c50-h36",0.767020326911471,11
"c60-h48","c50-h36",0.646990642350259,11
"c55-h36","c50-h60",0.673016796913384,11
"c60-h24","c50-h60",0.462990469416217,11
"c55-h60","c50-h60",0.886394187862361,11
"c50-h36","c50-h60",0.767777023767829,11
"c50-h60","c50-h60",1,11
"c45-h60","c50-h60",0.938552537046533,11
"c60-h60","c50-h60",0.731394137095314,11
"c55-h24","c50-h60",0.539619806305003,11
"c55-h48","c50-h60",0.77805491441355,11
"c50-h24","c50-h60",0.613519987418304,11
"c50-h48","c50-h60",0.889924262902302,11
"c45-h24","c50-h60",0.595483169464072,11
"c45-h36","c50-h60",0.726784235332938,11
"c45-h48","c50-h60",0.836695669572166,11
"c60-h36","c50-h60",0.57490487646353,11
"c60-h48","c50-h60",0.651541514845372,11
"c55-h36","c45-h60",0.626637878278713,11
"c60-h24","c45-h60",0.430724392243188,11
"c55-h60","c45-h60",0.830707062538954,11
"c50-h36","c45-h60",0.718327971342102,11
"c50-h60","c45-h60",0.938552537046533,11
"c45-h60","c45-h60",1,11
"c60-h60","c45-h60",0.692712952679203,11
"c55-h24","c45-h60",0.494923935324254,11
"c55-h48","c45-h60",0.72635624926425,11
"c50-h24","c45-h60",0.565302445688621,11
"c50-h48","c45-h60",0.834149536338156,11
"c45-h24","c45-h60",0.623356472943365,11
"c45-h36","c45-h60",0.772301759689044,11
"c45-h48","c45-h60",0.89102113276302,11
"c60-h36","c45-h60",0.541296955218763,11
"c60-h48","c45-h60",0.617387756073904,11
"c55-h36","c60-h60",0.629002731488492,11
"c60-h24","c60-h60",0.61303011139856,11
"c55-h60","c60-h60",0.821933714536016,11
"c50-h36","c60-h60",0.572200291861656,11
"c50-h60","c60-h60",0.731394137095314,11
"c45-h60","c60-h60",0.692712952679203,11
"c60-h60","c60-h60",1,11
"c55-h24","c60-h60",0.504911062865705,11
"c55-h48","c60-h60",0.723770730207874,11
"c50-h24","c60-h60",0.463831241013445,11
"c50-h48","c60-h60",0.653185897508275,11
"c45-h24","c60-h60",0.453167742076043,11
"c45-h36","c60-h60",0.541373224806409,11
"c45-h48","c60-h60",0.61773581953516,11
"c60-h36","c60-h60",0.762851798546731,11
"c60-h48","c60-h60",0.886533241945772,11
"c55-h36","c55-h24",0.802649784648968,11
"c60-h24","c55-h24",0.847436009554756,11
"c55-h60","c55-h24",0.608087415326745,11
"c50-h36","c55-h24",0.722661996320112,11
"c50-h60","c55-h24",0.539619806305003,11
"c45-h60","c55-h24",0.494923935324254,11
"c60-h60","c55-h24",0.504911062865705,11
"c55-h24","c55-h24",1,11
"c55-h48","c55-h24",0.690549163847305,11
"c50-h24","c55-h24",0.904477235682689,11
"c50-h48","c55-h24",0.615208553401077,11
"c45-h24","c55-h24",0.852995854213901,11
"c45-h36","c55-h24",0.671777388754123,11
"c45-h48","c55-h24",0.570349693297687,11
"c60-h36","c55-h24",0.674672472210489,11
"c60-h48","c55-h24",0.578688298350625,11
"c55-h36","c55-h48",0.862432791985097,11
"c60-h24","c55-h48",0.581318686614503,11
"c55-h60","c55-h48",0.88683680689464,11
"c50-h36","c55-h48",0.769459890567787,11
"c50-h60","c55-h48",0.77805491441355,11
"c45-h60","c55-h48",0.72635624926425,11
"c60-h60","c55-h48",0.723770730207874,11
"c55-h24","c55-h48",0.690549163847305,11
"c55-h48","c55-h48",1,11
"c50-h24","c55-h48",0.615899339615779,11
"c50-h48","c55-h48",0.88830038630044,11
"c45-h24","c55-h48",0.595482357242765,11
"c45-h36","c55-h48",0.724434583096023,11
"c45-h48","c55-h48",0.831596215915306,11
"c60-h36","c55-h48",0.722684862597693,11
"c60-h48","c55-h48",0.831446230068393,11
"c55-h36","c50-h24",0.716594252792559,11
"c60-h24","c50-h24",0.773325587607798,11
"c55-h60","c50-h24",0.549652601799998,11
"c50-h36","c50-h24",0.799096995056766,11
"c50-h60","c50-h24",0.613519987418304,11
"c45-h60","c50-h24",0.565302445688621,11
"c60-h60","c50-h24",0.463831241013445,11
"c55-h24","c50-h24",0.904477235682689,11
"c55-h48","c50-h24",0.615899339615779,11
"c50-h24","c50-h24",1,11
"c50-h48","c50-h24",0.686786885628288,11
"c45-h24","c50-h24",0.942194883584467,11
"c45-h36","c50-h24",0.740952594608207,11
"c45-h48","c50-h24",0.636734608053699,11
"c60-h36","c50-h24",0.609880433732178,11
"c60-h48","c50-h24",0.523426073503555,11
"c55-h36","c50-h48",0.77240759942073,11
"c60-h24","c50-h48",0.52536984893733,11
"c55-h60","c50-h48",0.795799355345591,11
"c50-h36","c50-h48",0.865238023741513,11
"c50-h60","c50-h48",0.889924262902302,11
"c45-h60","c50-h48",0.834149536338156,11
"c60-h60","c50-h48",0.653185897508275,11
"c55-h24","c50-h48",0.615208553401077,11
"c55-h48","c50-h48",0.88830038630044,11
"c50-h24","c50-h48",0.686786885628288,11
"c50-h48","c50-h48",1,11
"c45-h24","c50-h48",0.663319402531818,11
"c45-h36","c50-h48",0.816951352859755,11
"c45-h48","c50-h48",0.938599743961121,11
"c60-h36","c50-h48",0.653619486054208,11
"c60-h48","c50-h48",0.741389046282529,11
"c55-h36","c45-h24",0.686686949398059,11
"c60-h24","c45-h24",0.732642592585308,11
"c55-h60","c45-h24",0.534509401049549,11
"c50-h36","c45-h24",0.765019975624786,11
"c50-h60","c45-h24",0.595483169464072,11
"c45-h60","c45-h24",0.623356472943365,11
"c60-h60","c45-h24",0.453167742076043,11
"c55-h24","c45-h24",0.852995854213901,11
"c55-h48","c45-h24",0.595482357242765,11
"c50-h24","c45-h24",0.942194883584467,11
"c50-h48","c45-h24",0.663319402531818,11
"c45-h24","c45-h24",1,11
"c45-h36","c45-h24",0.802521299795704,11
"c45-h48","c45-h24",0.697761709097173,11
"c60-h36","c45-h24",0.58557362367174,11
"c60-h48","c45-h24",0.508824473931617,11
"c55-h36","c45-h36",0.844397805993318,11
"c60-h24","c45-h36",0.583291733516836,11
"c55-h60","c45-h36",0.647658388529326,11
"c50-h36","c45-h36",0.940847985286149,11
"c50-h60","c45-h36",0.726784235332938,11
"c45-h60","c45-h36",0.772301759689044,11
"c60-h60","c45-h36",0.541373224806409,11
"c55-h24","c45-h36",0.671777388754123,11
"c55-h48","c45-h36",0.724434583096023,11
"c50-h24","c45-h36",0.740952594608207,11
"c50-h48","c45-h36",0.816951352859755,11
"c45-h24","c45-h36",0.802521299795704,11
"c45-h36","c45-h36",1,11
"c45-h48","c45-h36",0.867800254492855,11
"c60-h36","c45-h36",0.722563438040349,11
"c60-h48","c45-h36",0.612729095933092,11
"c55-h36","c45-h48",0.723643804586212,11
"c60-h24","c45-h48",0.488279580456425,11
"c55-h60","c45-h48",0.747773102752588,11
"c50-h36","c45-h48",0.810921134637532,11
"c50-h60","c45-h48",0.836695669572166,11
"c45-h60","c45-h48",0.89102113276302,11
"c60-h60","c45-h48",0.61773581953516,11
"c55-h24","c45-h48",0.570349693297687,11
"c55-h48","c45-h48",0.831596215915306,11
"c50-h24","c45-h48",0.636734608053699,11
"c50-h48","c45-h48",0.938599743961121,11
"c45-h24","c45-h48",0.697761709097173,11
"c45-h36","c45-h48",0.867800254492855,11
"c45-h48","c45-h48",1,11
"c60-h36","c45-h48",0.61432544337345,11
"c60-h48","c45-h48",0.698730538470226,11
"c55-h36","c60-h36",0.843782953263274,11
"c60-h24","c60-h36",0.801781769116747,11
"c55-h60","c60-h36",0.642863701910063,11
"c50-h36","c60-h36",0.767020326911471,11
"c50-h60","c60-h36",0.57490487646353,11
"c45-h60","c60-h36",0.541296955218763,11
"c60-h60","c60-h36",0.762851798546731,11
"c55-h24","c60-h36",0.674672472210489,11
"c55-h48","c60-h36",0.722684862597693,11
"c50-h24","c60-h36",0.609880433732178,11
"c50-h48","c60-h36",0.653619486054208,11
"c45-h24","c60-h36",0.58557362367174,11
"c45-h36","c60-h36",0.722563438040349,11
"c45-h48","c60-h36",0.61432544337345,11
"c60-h36","c60-h36",1,11
"c60-h48","c60-h36",0.857662801111908,11
"c55-h36","c60-h48",0.717818628874711,11
"c60-h24","c60-h48",0.691294258691898,11
"c55-h60","c60-h48",0.7403485712913,11
"c50-h36","c60-h48",0.646990642350259,11
"c50-h60","c60-h48",0.651541514845372,11
"c45-h60","c60-h48",0.617387756073904,11
"c60-h60","c60-h48",0.886533241945772,11
"c55-h24","c60-h48",0.578688298350625,11
"c55-h48","c60-h48",0.831446230068393,11
"c50-h24","c60-h48",0.523426073503555,11
"c50-h48","c60-h48",0.741389046282529,11
"c45-h24","c60-h48",0.508824473931617,11
"c45-h36","c60-h48",0.612729095933092,11
"c45-h48","c60-h48",0.698730538470226,11
"c60-h36","c60-h48",0.857662801111908,11
"c60-h48","c60-h48",1,11
"c55-h36","c55-h36",1,12
"c55-h60","c55-h36",0.787129299975007,12
"c50-h60","c55-h36",0.703283485413234,12
"c50-h36","c55-h36",0.909798707521381,12
"c60-h24","c55-h36",0.684006675208854,12
"c60-h36","c55-h36",0.840484772954547,12
"c60-h48","c55-h36",0.732039752860625,12
"c60-h60","c55-h36",0.661233054074967,12
"c55-h24","c55-h36",0.816352900425353,12
"c55-h48","c55-h36",0.872642819114902,12
"c50-h24","c55-h36",0.739224540542486,12
"c50-h48","c55-h36",0.791395538322643,12
"c45-h24","c55-h36",0.702946763282169,12
"c45-h36","c55-h36",0.858563526768776,12
"c45-h48","c55-h36",0.742283363803193,12
"c45-h60","c55-h36",0.662198030370469,12
"c55-h36","c55-h60",0.787129299975007,12
"c55-h60","c55-h60",1,12
"c50-h60","c55-h60",0.899154329363202,12
"c50-h36","c55-h60",0.71930586678312,12
"c60-h24","c55-h60",0.554982615477512,12
"c60-h36","c55-h60",0.66635743653162,12
"c60-h48","c55-h60",0.757976662150736,12
"c60-h60","c55-h60",0.842356416145139,12
"c55-h24","c55-h60",0.655163285656801,12
"c55-h48","c55-h60",0.902133194484453,12
"c50-h24","c55-h60",0.596479979914602,12
"c50-h48","c55-h60",0.821151283539798,12
"c45-h24","c55-h60",0.568951621011563,12
"c45-h36","c55-h60",0.683404918539008,12
"c45-h48","c55-h60",0.773766068608171,12
"c45-h60","c55-h60",0.845501136135749,12
"c55-h36","c50-h60",0.703283485413234,12
"c55-h60","c50-h60",0.899154329363202,12
"c50-h60","c50-h60",1,12
"c50-h36","c50-h60",0.78157514440447,12
"c60-h24","c50-h60",0.491096337196995,12
"c60-h36","c50-h60",0.588099249590611,12
"c60-h48","c50-h60",0.672646898874175,12
"c60-h60","c50-h60",0.756945268830189,12
"c55-h24","c50-h60",0.594203067702132,12
"c55-h48","c50-h60",0.80535470841676,12
"c50-h24","c50-h60",0.651926789104035,12
"c50-h48","c50-h60",0.89916213144136,12
"c45-h24","c50-h60",0.621890664245094,12
"c45-h36","c50-h60",0.742625951015393,12
"c45-h48","c50-h60",0.847297872476167,12
"c45-h60","c50-h60",0.944335308747943,12
"c55-h36","c50-h36",0.909798707521381,12
"c55-h60","c50-h36",0.71930586678312,12
"c50-h60","c50-h36",0.78157514440447,12
"c50-h36","c50-h36",1,12
"c60-h24","c50-h36",0.612526445632627,12
"c60-h36","c50-h36",0.757997734495337,12
"c60-h48","c50-h36",0.664030592207652,12
"c60-h60","c50-h36",0.604905027609192,12
"c55-h24","c50-h36",0.742541649056012,12
"c55-h48","c50-h36",0.795670429968426,12
"c50-h24","c50-h36",0.809294482746302,12
"c50-h48","c50-h36",0.872520937907163,12
"c45-h24","c50-h36",0.77279183283151,12
"c45-h36","c50-h36",0.946937879874462,12
"c45-h48","c50-h36",0.822321127242897,12
"c45-h60","c50-h36",0.74138589039767,12
"c55-h36","c60-h24",0.684006675208854,12
"c55-h60","c60-h24",0.554982615477512,12
"c50-h60","c60-h24",0.491096337196995,12
"c50-h36","c60-h24",0.612526445632627,12
"c60-h24","c60-h24",1,12
"c60-h36","c60-h24",0.817432281574279,12
"c60-h48","c60-h24",0.721477095605822,12
"c60-h60","c60-h24",0.655069282166886,12
"c55-h24","c60-h24",0.849352725053388,12
"c55-h48","c60-h24",0.603478508409047,12
"c50-h24","c60-h24",0.763288353488472,12
"c50-h48","c60-h24",0.540070174902688,12
"c45-h24","c60-h24",0.728594637925348,12
"c45-h36","c60-h24",0.581630924386594,12
"c45-h48","c60-h24",0.507989686548211,12
"c45-h60","c60-h24",0.464033546314066,12
"c55-h36","c60-h36",0.840484772954547,12
"c55-h60","c60-h36",0.66635743653162,12
"c50-h60","c60-h36",0.588099249590611,12
"c50-h36","c60-h36",0.757997734495337,12
"c60-h24","c60-h36",0.817432281574279,12
"c60-h36","c60-h36",1,12
"c60-h48","c60-h36",0.870454659964455,12
"c60-h60","c60-h36",0.787183974739116,12
"c55-h24","c60-h36",0.697469270874303,12
"c55-h48","c60-h36",0.734142638803368,12
"c50-h24","c60-h36",0.625918483308843,12
"c50-h48","c60-h36",0.660765333272786,12
"c45-h24","c60-h36",0.598026972926305,12
"c45-h36","c60-h36",0.716578372699602,12
"c45-h48","c60-h36",0.618612962457154,12
"c45-h60","c60-h36",0.551379121446439,12
"c55-h36","c60-h48",0.732039752860625,12
"c55-h60","c60-h48",0.757976662150736,12
"c50-h60","c60-h48",0.672646898874175,12
"c50-h36","c60-h48",0.664030592207652,12
"c60-h24","c60-h48",0.721477095605822,12
"c60-h36","c60-h48",0.870454659964455,12
"c60-h48","c60-h48",1,12
"c60-h60","c60-h48",0.895604890043699,12
"c55-h24","c60-h48",0.61980153229854,12
"c55-h48","c60-h48",0.842287105572489,12
"c50-h24","c60-h48",0.560539828343267,12
"c50-h48","c60-h48",0.760181568012432,12
"c45-h24","c60-h48",0.543401132391348,12
"c45-h36","c60-h48",0.633917670576127,12
"c45-h48","c60-h48",0.719328806135553,12
"c45-h60","c60-h48",0.637655496107875,12
"c55-h36","c60-h60",0.661233054074967,12
"c55-h60","c60-h60",0.842356416145139,12
"c50-h60","c60-h60",0.756945268830189,12
"c50-h36","c60-h60",0.604905027609192,12
"c60-h24","c60-h60",0.655069282166886,12
"c60-h36","c60-h60",0.787183974739116,12
"c60-h48","c60-h60",0.895604890043699,12
"c60-h60","c60-h60",1,12
"c55-h24","c60-h60",0.558013952159207,12
"c55-h48","c60-h60",0.757289271010936,12
"c50-h24","c60-h60",0.509062290395466,12
"c50-h48","c60-h60",0.69246251480269,12
"c45-h24","c60-h60",0.491088378088518,12
"c45-h36","c60-h60",0.578280339385293,12
"c45-h48","c60-h60",0.653552898467636,12
"c45-h60","c60-h60",0.712119244204234,12
"c55-h36","c55-h24",0.816352900425353,12
"c55-h60","c55-h24",0.655163285656801,12
"c50-h60","c55-h24",0.594203067702132,12
"c50-h36","c55-h24",0.742541649056012,12
"c60-h24","c55-h24",0.849352725053388,12
"c60-h36","c55-h24",0.697469270874303,12
"c60-h48","c55-h24",0.61980153229854,12
"c60-h60","c55-h24",0.558013952159207,12
"c55-h24","c55-h24",1,12
"c55-h48","c55-h24",0.721889267467492,12
"c50-h24","c55-h24",0.91037835410312,12
"c50-h48","c55-h24",0.655637470553268,12
"c45-h24","c55-h24",0.862301220282951,12
"c45-h36","c55-h24",0.698190605049708,12
"c45-h48","c55-h24",0.612925518632577,12
"c45-h60","c55-h24",0.559719153690096,12
"c55-h36","c55-h48",0.872642819114902,12
"c55-h60","c55-h48",0.902133194484453,12
"c50-h60","c55-h48",0.80535470841676,12
"c50-h36","c55-h48",0.795670429968426,12
"c60-h24","c55-h48",0.603478508409047,12
"c60-h36","c55-h48",0.734142638803368,12
"c60-h48","c55-h48",0.842287105572489,12
"c60-h60","c55-h48",0.757289271010936,12
"c55-h24","c55-h48",0.721889267467492,12
"c55-h48","c55-h48",1,12
"c50-h24","c55-h48",0.655653821285269,12
"c50-h48","c55-h48",0.904964618463527,12
"c45-h24","c55-h48",0.6301313418363,12
"c45-h36","c55-h48",0.756310843751116,12
"c45-h48","c55-h48",0.854707094272466,12
"c45-h60","c55-h48",0.761741056416672,12
"c55-h36","c50-h24",0.739224540542486,12
"c55-h60","c50-h24",0.596479979914602,12
"c50-h60","c50-h24",0.651926789104035,12
"c50-h36","c50-h24",0.809294482746302,12
"c60-h24","c50-h24",0.763288353488472,12
"c60-h36","c50-h24",0.625918483308843,12
"c60-h48","c50-h24",0.560539828343267,12
"c60-h60","c50-h24",0.509062290395466,12
"c55-h24","c50-h24",0.91037835410312,12
"c55-h48","c50-h24",0.655653821285269,12
"c50-h24","c50-h24",1,12
"c50-h48","c50-h24",0.716238750355938,12
"c45-h24","c50-h24",0.949391918760846,12
"c45-h36","c50-h24",0.765860063919525,12
"c45-h48","c50-h24",0.674708986945474,12
"c45-h60","c50-h24",0.620787346934955,12
"c55-h36","c50-h48",0.791395538322643,12
"c55-h60","c50-h48",0.821151283539798,12
"c50-h60","c50-h48",0.89916213144136,12
"c50-h36","c50-h48",0.872520937907163,12
"c60-h24","c50-h48",0.540070174902688,12
"c60-h36","c50-h48",0.660765333272786,12
"c60-h48","c50-h48",0.760181568012432,12
"c60-h60","c50-h48",0.69246251480269,12
"c55-h24","c50-h48",0.655637470553268,12
"c55-h48","c50-h48",0.904964618463527,12
"c50-h24","c50-h48",0.716238750355938,12
"c50-h48","c50-h48",1,12
"c45-h24","c50-h48",0.689268085543393,12
"c45-h36","c50-h48",0.831539549657852,12
"c45-h48","c50-h48",0.944980762256444,12
"c45-h60","c50-h48",0.853095719467756,12
"c55-h36","c45-h24",0.702946763282169,12
"c55-h60","c45-h24",0.568951621011563,12
"c50-h60","c45-h24",0.621890664245094,12
"c50-h36","c45-h24",0.77279183283151,12
"c60-h24","c45-h24",0.728594637925348,12
"c60-h36","c45-h24",0.598026972926305,12
"c60-h48","c45-h24",0.543401132391348,12
"c60-h60","c45-h24",0.491088378088518,12
"c55-h24","c45-h24",0.862301220282951,12
"c55-h48","c45-h24",0.6301313418363,12
"c50-h24","c45-h24",0.949391918760846,12
"c50-h48","c45-h24",0.689268085543393,12
"c45-h24","c45-h24",1,12
"c45-h36","c45-h24",0.813798804643906,12
"c45-h48","c45-h24",0.722664699848764,12
"c45-h60","c45-h24",0.658584287495267,12
"c55-h36","c45-h36",0.858563526768776,12
"c55-h60","c45-h36",0.683404918539008,12
"c50-h60","c45-h36",0.742625951015393,12
"c50-h36","c45-h36",0.946937879874462,12
"c60-h24","c45-h36",0.581630924386594,12
"c60-h36","c45-h36",0.716578372699602,12
"c60-h48","c45-h36",0.633917670576127,12
"c60-h60","c45-h36",0.578280339385293,12
"c55-h24","c45-h36",0.698190605049708,12
"c55-h48","c45-h36",0.756310843751116,12
"c50-h24","c45-h36",0.765860063919525,12
"c50-h48","c45-h36",0.831539549657852,12
"c45-h24","c45-h36",0.813798804643906,12
"c45-h36","c45-h36",1,12
"c45-h48","c45-h36",0.874744525766484,12
"c45-h60","c45-h36",0.787036145647468,12
"c55-h36","c45-h48",0.742283363803193,12
"c55-h60","c45-h48",0.773766068608171,12
"c50-h60","c45-h48",0.847297872476167,12
"c50-h36","c45-h48",0.822321127242897,12
"c60-h24","c45-h48",0.507989686548211,12
"c60-h36","c45-h48",0.618612962457154,12
"c60-h48","c45-h48",0.719328806135553,12
"c60-h60","c45-h48",0.653552898467636,12
"c55-h24","c45-h48",0.612925518632577,12
"c55-h48","c45-h48",0.854707094272466,12
"c50-h24","c45-h48",0.674708986945474,12
"c50-h48","c45-h48",0.944980762256444,12
"c45-h24","c45-h48",0.722664699848764,12
"c45-h36","c45-h48",0.874744525766484,12
"c45-h48","c45-h48",1,12
"c45-h60","c45-h48",0.900532829141623,12
"c55-h36","c45-h60",0.662198030370469,12
"c55-h60","c45-h60",0.845501136135749,12
"c50-h60","c45-h60",0.944335308747943,12
"c50-h36","c45-h60",0.74138589039767,12
"c60-h24","c45-h60",0.464033546314066,12
"c60-h36","c45-h60",0.551379121446439,12
"c60-h48","c45-h60",0.637655496107875,12
"c60-h60","c45-h60",0.712119244204234,12
"c55-h24","c45-h60",0.559719153690096,12
"c55-h48","c45-h60",0.761741056416672,12
"c50-h24","c45-h60",0.620787346934955,12
"c50-h48","c45-h60",0.853095719467756,12
"c45-h24","c45-h60",0.658584287495267,12
"c45-h36","c45-h60",0.787036145647468,12
"c45-h48","c45-h60",0.900532829141623,12
"c45-h60","c45-h60",1,12
"c50-h36","c50-h36",1,13
"c55-h60","c50-h36",0.708797133648684,13
"c55-h36","c50-h36",0.906406234779932,13
"c50-h60","c50-h36",0.779577338130603,13
"c50-h36","c55-h60",0.708797133648684,13
"c55-h60","c55-h60",1,13
"c55-h36","c55-h60",0.786880721622362,13
"c50-h60","c55-h60",0.899853026646223,13
"c50-h36","c55-h36",0.906406234779932,13
"c55-h60","c55-h36",0.786880721622362,13
"c55-h36","c55-h36",1,13
"c50-h60","c55-h36",0.707619184836377,13
"c50-h36","c50-h60",0.779577338130603,13
"c55-h60","c50-h60",0.899853026646223,13
"c55-h36","c50-h60",0.707619184836377,13
"c50-h60","c50-h60",1,13
"c50-h60","c50-h60",1,14
"c55-h36","c50-h60",0.704584215423387,14
"c50-h36","c50-h60",0.781304219058778,14
"c55-h60","c50-h60",0.909883781984294,14
"c50-h60","c55-h36",0.704584215423387,14
"c55-h36","c55-h36",1,14
"c50-h36","c55-h36",0.90648421947089,14
"c55-h60","c55-h36",0.7752667300211,14
"c50-h60","c50-h36",0.781304219058778,14
"c55-h36","c50-h36",0.90648421947089,14
"c50-h36","c50-h36",1,14
"c55-h60","c50-h36",0.709345259139224,14
"c50-h60","c55-h60",0.909883781984294,14
"c55-h36","c55-h60",0.7752667300211,14
"c50-h36","c55-h60",0.709345259139224,14
"c55-h60","c55-h60",1,14
"c55-h36","c55-h36",1,15
"c50-h36","c55-h36",0.905710739401566,15
"c55-h60","c55-h36",0.769250708547264,15
"c50-h60","c55-h36",0.695367062401354,15
"c55-h36","c50-h36",0.905710739401566,15
"c50-h36","c50-h36",1,15
"c55-h60","c50-h36",0.69614567572156,15
"c50-h60","c50-h36",0.772755949270682,15
"c55-h36","c55-h60",0.769250708547264,15
"c50-h36","c55-h60",0.69614567572156,15
"c55-h60","c55-h60",1,15
"c50-h60","c55-h60",0.90029782385233,15
"c55-h36","c50-h60",0.695367062401354,15
"c50-h36","c50-h60",0.772755949270682,15
"c55-h60","c50-h60",0.90029782385233,15
"c50-h60","c50-h60",1,15
"c50-h60","c50-h60",1,16
"c55-h60","c50-h60",0.906084525935216,16
"c50-h36","c50-h60",0.769635156253495,16
"c55-h36","c50-h60",0.701332083269055,16
"c50-h60","c55-h60",0.906084525935216,16
"c55-h60","c55-h60",1,16
"c50-h36","c55-h60",0.698909284790001,16
"c55-h36","c55-h60",0.774351637748842,16
"c50-h60","c50-h36",0.769635156253495,16
"c55-h60","c50-h36",0.698909284790001,16
"c50-h36","c50-h36",1,16
"c55-h36","c50-h36",0.907989600906975,16
"c50-h60","c55-h36",0.701332083269055,16
"c55-h60","c55-h36",0.774351637748842,16
"c50-h36","c55-h36",0.907989600906975,16
"c55-h36","c55-h36",1,16
"c55-h36","c55-h36",1,17
"c55-h60","c55-h36",0.770869213053216,17
"c50-h36","c55-h36",0.897811717748216,17
"c50-h60","c55-h36",0.685083542136014,17
"c55-h36","c55-h60",0.770869213053216,17
"c55-h60","c55-h60",1,17
"c50-h36","c55-h60",0.695443131603602,17
"c50-h60","c55-h60",0.893230109013366,17
"c55-h36","c50-h36",0.897811717748216,17
"c55-h60","c50-h36",0.695443131603602,17
"c50-h36","c50-h36",1,17
"c50-h60","c50-h36",0.772570067990279,17
"c55-h36","c50-h60",0.685083542136014,17
"c55-h60","c50-h60",0.893230109013366,17
"c50-h36","c50-h60",0.772570067990279,17
"c50-h60","c50-h60",1,17
"c55-h60","c55-h60",1,18
"c50-h36","c55-h60",0.70000782064847,18
"c55-h36","c55-h60",0.762596978679385,18
"c50-h60","c55-h60",0.904061789948072,18
"c55-h60","c50-h36",0.70000782064847,18
"c50-h36","c50-h36",1,18
"c55-h36","c50-h36",0.906122813562954,18
"c50-h60","c50-h36",0.769150644325141,18
"c55-h60","c55-h36",0.762596978679385,18
"c50-h36","c55-h36",0.906122813562954,18
"c55-h36","c55-h36",1,18
"c50-h60","c55-h36",0.686320134504717,18
"c55-h60","c50-h60",0.904061789948072,18
"c50-h36","c50-h60",0.769150644325141,18
"c55-h36","c50-h60",0.686320134504717,18
"c50-h60","c50-h60",1,18
"c55-h36","c55-h36",1,19
"c55-h60","c55-h36",0.771639622332713,19
"c50-h36","c55-h36",0.909487252669863,19
"c50-h60","c55-h36",0.709232771664009,19
"c45-h36","c55-h36",0.857935645561008,19
"c45-h48","c55-h36",0.74663118776644,19
"c45-h60","c55-h36",0.662581681945264,19
"c55-h24","c55-h36",0.817265217255318,19
"c55-h48","c55-h36",0.862858465047537,19
"c50-h24","c55-h36",0.739351643412118,19
"c50-h48","c55-h36",0.790181450626495,19
"c45-h24","c55-h36",0.693998004577148,19
"c60-h48","c55-h36",0.73298250918817,19
"c60-h60","c55-h36",0.645868584050235,19
"c60-h24","c55-h36",0.676009241295634,19
"c60-h36","c55-h36",0.843886955643503,19
"c55-h36","c55-h60",0.771639622332713,19
"c55-h60","c55-h60",1,19
"c50-h36","c55-h60",0.7046879157195,19
"c50-h60","c55-h60",0.910180294941878,19
"c45-h36","c55-h60",0.669431929968292,19
"c45-h48","c55-h60",0.771933303573155,19
"c45-h60","c55-h60",0.860704967685428,19
"c55-h24","c55-h60",0.634990253993751,19
"c55-h48","c55-h60",0.892814267001528,19
"c50-h24","c55-h60",0.578348671569313,19
"c50-h48","c55-h60",0.811954053356896,19
"c45-h24","c55-h60",0.546127367792889,19
"c60-h48","c55-h60",0.766274042852537,19
"c60-h60","c55-h60",0.84405741033214,19
"c60-h24","c55-h60",0.520098250329069,19
"c60-h36","c55-h60",0.654090026603739,19
"c55-h36","c50-h36",0.909487252669863,19
"c55-h60","c50-h36",0.7046879157195,19
"c50-h36","c50-h36",1,19
"c50-h60","c50-h36",0.781504590664844,19
"c45-h36","c50-h36",0.94723527316734,19
"c45-h48","c50-h36",0.824543165748702,19
"c45-h60","c50-h36",0.735152615843604,19
"c55-h24","c50-h36",0.740917713631096,19
"c55-h48","c50-h36",0.787248690461034,19
"c50-h24","c50-h36",0.8156332103771,19
"c50-h48","c50-h36",0.869713327756729,19
"c45-h24","c50-h36",0.768424332459762,19
"c60-h48","c50-h36",0.671037184157665,19
"c60-h60","c50-h36",0.588256203656511,19
"c60-h24","c50-h36",0.610001438128488,19
"c60-h36","c50-h36",0.764047132063676,19
"c55-h36","c50-h60",0.709232771664009,19
"c55-h60","c50-h60",0.910180294941878,19
"c50-h36","c50-h60",0.781504590664844,19
"c50-h60","c50-h60",1,19
"c45-h36","c50-h60",0.742005784077761,19
"c45-h48","c50-h60",0.849584621140622,19
"c45-h60","c50-h60",0.946627300791715,19
"c55-h24","c50-h60",0.581916433122133,19
"c55-h48","c50-h60",0.816480589224217,19
"c50-h24","c50-h60",0.642380981231828,19
"c50-h48","c50-h60",0.89569488293337,19
"c45-h24","c50-h60",0.606206338390414,19
"c60-h48","c50-h60",0.705537016815092,19
"c60-h60","c50-h60",0.769451679826735,19
"c60-h24","c50-h60",0.47832267371514,19
"c60-h36","c50-h60",0.600969630810097,19
"c55-h36","c45-h36",0.857935645561008,19
"c55-h60","c45-h36",0.669431929968292,19
"c50-h36","c45-h36",0.94723527316734,19
"c50-h60","c45-h36",0.742005784077761,19
"c45-h36","c45-h36",1,19
"c45-h48","c45-h36",0.873591781452095,19
"c45-h60","c45-h36",0.778882872424234,19
"c55-h24","c45-h36",0.698882270362515,19
"c55-h48","c45-h36",0.746814370577661,19
"c50-h24","c45-h36",0.774977936234551,19
"c50-h48","c45-h36",0.826898343969255,19
"c45-h24","c45-h36",0.813218233727373,19
"c60-h48","c45-h36",0.637202522971567,19
"c60-h60","c45-h36",0.560867839432957,19
"c60-h24","c45-h36",0.57633153308828,19
"c60-h36","c45-h36",0.72138307905219,19
"c55-h36","c45-h48",0.74663118776644,19
"c55-h60","c45-h48",0.771933303573155,19
"c50-h36","c45-h48",0.824543165748702,19
"c50-h60","c45-h48",0.849584621140622,19
"c45-h36","c45-h48",0.873591781452095,19
"c45-h48","c45-h48",1,19
"c45-h60","c45-h48",0.89407889802637,19
"c55-h24","c45-h48",0.60892660078082,19
"c55-h48","c45-h48",0.863177767320417,19
"c50-h24","c45-h48",0.679355858341732,19
"c50-h48","c45-h48",0.948115795906684,19
"c45-h24","c45-h48",0.715112774925318,19
"c60-h48","c45-h48",0.734647445363986,19
"c60-h60","c45-h48",0.64463548151915,19
"c60-h24","c45-h48",0.495540785401792,19
"c60-h36","c45-h48",0.624544642657818,19
"c55-h36","c45-h60",0.662581681945264,19
"c55-h60","c45-h60",0.860704967685428,19
"c50-h36","c45-h60",0.735152615843604,19
"c50-h60","c45-h60",0.946627300791715,19
"c45-h36","c45-h60",0.778882872424234,19
"c45-h48","c45-h60",0.89407889802637,19
"c45-h60","c45-h60",1,19
"c55-h24","c45-h60",0.544045488478015,19
"c55-h48","c45-h60",0.769065420841612,19
"c50-h24","c45-h60",0.607954206304987,19
"c50-h48","c45-h60",0.846238389436246,19
"c45-h24","c45-h60",0.637907579726208,19
"c60-h48","c45-h60",0.663135371187715,19
"c60-h60","c45-h60",0.726930813089939,19
"c60-h24","c45-h60",0.448518970270675,19
"c60-h36","c45-h60",0.56204623711801,19
"c55-h36","c55-h24",0.817265217255318,19
"c55-h60","c55-h24",0.634990253993751,19
"c50-h36","c55-h24",0.740917713631096,19
"c50-h60","c55-h24",0.581916433122133,19
"c45-h36","c55-h24",0.698882270362515,19
"c45-h48","c55-h24",0.60892660078082,19
"c45-h60","c55-h24",0.544045488478015,19
"c55-h24","c55-h24",1,19
"c55-h48","c55-h24",0.704446404303503,19
"c50-h24","c55-h24",0.904004648430954,19
"c50-h48","c55-h24",0.643480188477124,19
"c45-h24","c55-h24",0.85353315886556,19
"c60-h48","c55-h24",0.604705173183159,19
"c60-h60","c55-h24",0.539053733418425,19
"c60-h24","c55-h24",0.847728939776377,19
"c60-h36","c55-h24",0.704364688749996,19
"c55-h36","c55-h48",0.862858465047537,19
"c55-h60","c55-h48",0.892814267001528,19
"c50-h36","c55-h48",0.787248690461034,19
"c50-h60","c55-h48",0.816480589224217,19
"c45-h36","c55-h48",0.746814370577661,19
"c45-h48","c55-h48",0.863177767320417,19
"c45-h60","c55-h48",0.769065420841612,19
"c55-h24","c55-h48",0.704446404303503,19
"c55-h48","c55-h48",1,19
"c50-h24","c55-h48",0.643189417339692,19
"c50-h48","c55-h48",0.910766005351049,19
"c45-h24","c55-h48",0.608351511911994,19
"c60-h48","c55-h48",0.846679803692831,19
"c60-h60","c55-h48",0.743412480636315,19
"c60-h24","c55-h48",0.574631117015485,19
"c60-h36","c55-h48",0.723353710969144,19
"c55-h36","c50-h24",0.739351643412118,19
"c55-h60","c50-h24",0.578348671569313,19
"c50-h36","c50-h24",0.8156332103771,19
"c50-h60","c50-h24",0.642380981231828,19
"c45-h36","c50-h24",0.774977936234551,19
"c45-h48","c50-h24",0.679355858341732,19
"c45-h60","c50-h24",0.607954206304987,19
"c55-h24","c50-h24",0.904004648430954,19
"c55-h48","c50-h24",0.643189417339692,19
"c50-h24","c50-h24",1,19
"c50-h48","c50-h24",0.712946131144944,19
"c45-h24","c50-h24",0.947792845012489,19
"c60-h48","c50-h24",0.550244447242013,19
"c60-h60","c50-h24",0.486616031747231,19
"c60-h24","c50-h24",0.759915519952018,19
"c60-h36","c50-h24",0.632674412992309,19
"c55-h36","c50-h48",0.790181450626495,19
"c55-h60","c50-h48",0.811954053356896,19
"c50-h36","c50-h48",0.869713327756729,19
"c50-h60","c50-h48",0.89569488293337,19
"c45-h36","c50-h48",0.826898343969255,19
"c45-h48","c50-h48",0.948115795906684,19
"c45-h60","c50-h48",0.846238389436246,19
"c55-h24","c50-h48",0.643480188477124,19
"c55-h48","c50-h48",0.910766005351049,19
"c50-h24","c50-h48",0.712946131144944,19
"c50-h48","c50-h48",1,19
"c45-h24","c50-h48",0.675880353755816,19
"c60-h48","c50-h48",0.774400350126545,19
"c60-h60","c50-h48",0.675974754095428,19
"c60-h24","c50-h48",0.523131312369617,19
"c60-h36","c50-h48",0.659849194265483,19
"c55-h36","c45-h24",0.693998004577148,19
"c55-h60","c45-h24",0.546127367792889,19
"c50-h36","c45-h24",0.768424332459762,19
"c50-h60","c45-h24",0.606206338390414,19
"c45-h36","c45-h24",0.813218233727373,19
"c45-h48","c45-h24",0.715112774925318,19
"c45-h60","c45-h24",0.637907579726208,19
"c55-h24","c45-h24",0.85353315886556,19
"c55-h48","c45-h24",0.608351511911994,19
"c50-h24","c45-h24",0.947792845012489,19
"c50-h48","c45-h24",0.675880353755816,19
"c45-h24","c45-h24",1,19
"c60-h48","c45-h24",0.52191503790188,19
"c60-h60","c45-h24",0.462150331669365,19
"c60-h24","c45-h24",0.720183455355923,19
"c60-h36","c45-h24",0.595905047170595,19
"c55-h36","c60-h48",0.73298250918817,19
"c55-h60","c60-h48",0.766274042852537,19
"c50-h36","c60-h48",0.671037184157665,19
"c50-h60","c60-h48",0.705537016815092,19
"c45-h36","c60-h48",0.637202522971567,19
"c45-h48","c60-h48",0.734647445363986,19
"c45-h60","c60-h48",0.663135371187715,19
"c55-h24","c60-h48",0.604705173183159,19
"c55-h48","c60-h48",0.846679803692831,19
"c50-h24","c60-h48",0.550244447242013,19
"c50-h48","c60-h48",0.774400350126545,19
"c45-h24","c60-h48",0.52191503790188,19
"c60-h48","c60-h48",1,19
"c60-h60","c60-h48",0.895006078757808,19
"c60-h24","c60-h48",0.691282359034459,19
"c60-h36","c60-h48",0.861111187597265,19
"c55-h36","c60-h60",0.645868584050235,19
"c55-h60","c60-h60",0.84405741033214,19
"c50-h36","c60-h60",0.588256203656511,19
"c50-h60","c60-h60",0.769451679826735,19
"c45-h36","c60-h60",0.560867839432957,19
"c45-h48","c60-h60",0.64463548151915,19
"c45-h60","c60-h60",0.726930813089939,19
"c55-h24","c60-h60",0.539053733418425,19
"c55-h48","c60-h60",0.743412480636315,19
"c50-h24","c60-h60",0.486616031747231,19
"c50-h48","c60-h60",0.675974754095428,19
"c45-h24","c60-h60",0.462150331669365,19
"c60-h48","c60-h60",0.895006078757808,19
"c60-h60","c60-h60",1,19
"c60-h24","c60-h60",0.621651760026426,19
"c60-h36","c60-h60",0.769775951836892,19
"c55-h36","c60-h24",0.676009241295634,19
"c55-h60","c60-h24",0.520098250329069,19
"c50-h36","c60-h24",0.610001438128488,19
"c50-h60","c60-h24",0.47832267371514,19
"c45-h36","c60-h24",0.57633153308828,19
"c45-h48","c60-h24",0.495540785401792,19
"c45-h60","c60-h24",0.448518970270675,19
"c55-h24","c60-h24",0.847728939776377,19
"c55-h48","c60-h24",0.574631117015485,19
"c50-h24","c60-h24",0.759915519952018,19
"c50-h48","c60-h24",0.523131312369617,19
"c45-h24","c60-h24",0.720183455355923,19
"c60-h48","c60-h24",0.691282359034459,19
"c60-h60","c60-h24",0.621651760026426,19
"c60-h24","c60-h24",1,19
"c60-h36","c60-h24",0.814824346030834,19
"c55-h36","c60-h36",0.843886955643503,19
"c55-h60","c60-h36",0.654090026603739,19
"c50-h36","c60-h36",0.764047132063676,19
"c50-h60","c60-h36",0.600969630810097,19
"c45-h36","c60-h36",0.72138307905219,19
"c45-h48","c60-h36",0.624544642657818,19
"c45-h60","c60-h36",0.56204623711801,19
"c55-h24","c60-h36",0.704364688749996,19
"c55-h48","c60-h36",0.723353710969144,19
"c50-h24","c60-h36",0.632674412992309,19
"c50-h48","c60-h36",0.659849194265483,19
"c45-h24","c60-h36",0.595905047170595,19
"c60-h48","c60-h36",0.861111187597265,19
"c60-h60","c60-h36",0.769775951836892,19
"c60-h24","c60-h36",0.814824346030834,19
"c60-h36","c60-h36",1,19
"c50-h36","c50-h36",1,20
"c45-h60","c50-h36",0.74267356396897,20
"c50-h60","c50-h36",0.782894402517331,20
"c55-h60","c50-h36",0.698293866331075,20
"c55-h36","c50-h36",0.900799127752161,20
"c55-h24","c50-h36",0.734273886137241,20
"c60-h24","c50-h36",0.622268405845585,20
"c60-h36","c50-h36",0.76244741650014,20
"c60-h48","c50-h36",0.651750495517677,20
"c60-h60","c50-h36",0.590826362082884,20
"c45-h24","c50-h36",0.776848010313262,20
"c55-h48","c50-h36",0.772228439086078,20
"c50-h24","c50-h36",0.825990302010879,20
"c50-h48","c50-h36",0.86752585632393,20
"c45-h36","c50-h36",0.944389081989309,20
"c45-h48","c50-h36",0.818325761664116,20
"c50-h36","c45-h60",0.74267356396897,20
"c45-h60","c45-h60",1,20
"c50-h60","c45-h60",0.948735507328725,20
"c55-h60","c45-h60",0.860287189188572,20
"c55-h36","c45-h60",0.674462279854693,20
"c55-h24","c45-h60",0.549616115453475,20
"c60-h24","c45-h60",0.470351476032967,20
"c60-h36","c45-h60",0.57201343046015,20
"c60-h48","c45-h60",0.658539878365989,20
"c60-h60","c45-h60",0.739079707302128,20
"c45-h24","c45-h60",0.637386856605243,20
"c55-h48","c45-h60",0.774261762528005,20
"c50-h24","c45-h60",0.613665272286504,20
"c50-h48","c45-h60",0.857772610431494,20
"c45-h36","c45-h60",0.779022035562918,20
"c45-h48","c45-h60",0.898515934357275,20
"c50-h36","c50-h60",0.782894402517331,20
"c45-h60","c50-h60",0.948735507328725,20
"c50-h60","c50-h60",1,20
"c55-h60","c50-h60",0.90784528642481,20
"c55-h36","c50-h60",0.713624531098044,20
"c55-h24","c50-h60",0.585263774261556,20
"c60-h24","c50-h60",0.496788498269231,20
"c60-h36","c50-h60",0.600791704640083,20
"c60-h48","c50-h60",0.689071100879311,20
"c60-h60","c50-h60",0.775226325722227,20
"c45-h24","c50-h60",0.605753390846858,20
"c55-h48","c50-h60",0.81467483375948,20
"c50-h24","c50-h60",0.651001805643738,20
"c50-h48","c50-h60",0.901143561360617,20
"c45-h36","c50-h60",0.736835043118522,20
"c45-h48","c50-h60",0.847674763799414,20
"c50-h36","c55-h60",0.698293866331075,20
"c45-h60","c55-h60",0.860287189188572,20
"c50-h60","c55-h60",0.90784528642481,20
"c55-h60","c55-h60",1,20
"c55-h36","c55-h60",0.781926279235689,20
"c55-h24","c55-h60",0.65065118622231,20
"c60-h24","c55-h60",0.544947301188386,20
"c60-h36","c55-h60",0.653220606069424,20
"c60-h48","c55-h60",0.758336131268352,20
"c60-h60","c55-h60",0.850234452392053,20
"c45-h24","c55-h60",0.543547370289624,20
"c55-h48","c55-h60",0.902131752096198,20
"c50-h24","c55-h60",0.586677672481871,20
"c50-h48","c55-h60",0.814319487175696,20
"c45-h36","c55-h60",0.659703417735962,20
"c45-h48","c55-h60",0.765874042340792,20
"c50-h36","c55-h36",0.900799127752161,20
"c45-h60","c55-h36",0.674462279854693,20
"c50-h60","c55-h36",0.713624531098044,20
"c55-h60","c55-h36",0.781926279235689,20
"c55-h36","c55-h36",1,20
"c55-h24","c55-h36",0.820675750030366,20
"c60-h24","c55-h36",0.685908365687556,20
"c60-h36","c55-h36",0.843716089349675,20
"c60-h48","c55-h36",0.727015664192069,20
"c60-h60","c55-h36",0.656658263902827,20
"c45-h24","c55-h36",0.698061298821469,20
"c55-h48","c55-h36",0.865007681698021,20
"c50-h24","c55-h36",0.745477936323395,20
"c50-h48","c55-h36",0.784859012936247,20
"c45-h36","c55-h36",0.850804763250689,20
"c45-h48","c55-h36",0.739542413362136,20
"c50-h36","c55-h24",0.734273886137241,20
"c45-h60","c55-h24",0.549616115453475,20
"c50-h60","c55-h24",0.585263774261556,20
"c55-h60","c55-h24",0.65065118622231,20
"c55-h36","c55-h24",0.820675750030366,20
"c55-h24","c55-h24",1,20
"c60-h24","c55-h24",0.84617499222116,20
"c60-h36","c55-h24",0.69759272729268,20
"c60-h48","c55-h24",0.604906871638276,20
"c60-h60","c55-h24",0.552662901977325,20
"c45-h24","c55-h24",0.845630670987112,20
"c55-h48","c55-h24",0.71719808338436,20
"c50-h24","c55-h24",0.898053643770857,20
"c50-h48","c55-h24",0.640855979770843,20
"c45-h36","c55-h24",0.69583362733534,20
"c45-h48","c55-h24",0.605538703107891,20
"c50-h36","c60-h24",0.622268405845585,20
"c45-h60","c60-h24",0.470351476032967,20
"c50-h60","c60-h24",0.496788498269231,20
"c55-h60","c60-h24",0.544947301188386,20
"c55-h36","c60-h24",0.685908365687556,20
"c55-h24","c60-h24",0.84617499222116,20
"c60-h24","c60-h24",1,20
"c60-h36","c60-h24",0.81472765526911,20
"c60-h48","c60-h24",0.705493828254728,20
"c60-h60","c60-h24",0.635599137929978,20
"c45-h24","c60-h24",0.723130960511972,20
"c55-h48","c60-h24",0.598134729295062,20
"c50-h24","c60-h24",0.767085473042594,20
"c50-h48","c60-h24",0.542801747824173,20
"c45-h36","c60-h24",0.588943228242693,20
"c45-h48","c60-h24",0.514963868143399,20
"c50-h36","c60-h36",0.76244741650014,20
"c45-h60","c60-h36",0.57201343046015,20
"c50-h60","c60-h36",0.600791704640083,20
"c55-h60","c60-h36",0.653220606069424,20
"c55-h36","c60-h36",0.843716089349675,20
"c55-h24","c60-h36",0.69759272729268,20
"c60-h24","c60-h36",0.81472765526911,20
"c60-h36","c60-h36",1,20
"c60-h48","c60-h36",0.85829386977825,20
"c60-h60","c60-h36",0.765190355409781,20
"c45-h24","c60-h36",0.596671954396422,20
"c55-h48","c60-h36",0.721665933427795,20
"c50-h24","c60-h36",0.634717184997282,20
"c50-h48","c60-h36",0.659126281371713,20
"c45-h36","c60-h36",0.720368544519086,20
"c45-h48","c60-h36",0.624126442519269,20
"c50-h36","c60-h48",0.651750495517677,20
"c45-h60","c60-h48",0.658539878365989,20
"c50-h60","c60-h48",0.689071100879311,20
"c55-h60","c60-h48",0.758336131268352,20
"c55-h36","c60-h48",0.727015664192069,20
"c55-h24","c60-h48",0.604906871638276,20
"c60-h24","c60-h48",0.705493828254728,20
"c60-h36","c60-h48",0.85829386977825,20
"c60-h48","c60-h48",1,20
"c60-h60","c60-h48",0.89426501987798,20
"c45-h24","c60-h48",0.5136226634568,20
"c55-h48","c60-h48",0.838144066129285,20
"c50-h24","c60-h48",0.545576869473477,20
"c50-h48","c60-h48",0.759316015337556,20
"c45-h36","c60-h48",0.619279168418418,20
"c45-h48","c60-h48",0.722557753415597,20
"c50-h36","c60-h60",0.590826362082884,20
"c45-h60","c60-h60",0.739079707302128,20
"c50-h60","c60-h60",0.775226325722227,20
"c55-h60","c60-h60",0.850234452392053,20
"c55-h36","c60-h60",0.656658263902827,20
"c55-h24","c60-h60",0.552662901977325,20
"c60-h24","c60-h60",0.635599137929978,20
"c60-h36","c60-h60",0.765190355409781,20
"c60-h48","c60-h60",0.89426501987798,20
"c60-h60","c60-h60",1,20
"c45-h24","c60-h60",0.46555273173967,20
"c55-h48","c60-h60",0.757895885273269,20
"c50-h24","c60-h60",0.501145482445672,20
"c50-h48","c60-h60",0.689270018813828,20
"c45-h36","c60-h60",0.559097891178503,20
"c45-h48","c60-h60",0.652284134428426,20
"c50-h36","c45-h24",0.776848010313262,20
"c45-h60","c45-h24",0.637386856605243,20
"c50-h60","c45-h24",0.605753390846858,20
"c55-h60","c45-h24",0.543547370289624,20
"c55-h36","c45-h24",0.698061298821469,20
"c55-h24","c45-h24",0.845630670987112,20
"c60-h24","c45-h24",0.723130960511972,20
"c60-h36","c45-h24",0.596671954396422,20
"c60-h48","c45-h24",0.5136226634568,20
"c60-h60","c45-h24",0.46555273173967,20
"c45-h24","c45-h24",1,20
"c55-h48","c45-h24",0.605006178966098,20
"c50-h24","c45-h24",0.942729167700513,20
"c50-h48","c45-h24",0.673028273432585,20
"c45-h36","c45-h24",0.825078192792318,20
"c45-h48","c45-h24",0.712710382190115,20
"c50-h36","c55-h48",0.772228439086078,20
"c45-h60","c55-h48",0.774261762528005,20
"c50-h60","c55-h48",0.81467483375948,20
"c55-h60","c55-h48",0.902131752096198,20
"c55-h36","c55-h48",0.865007681698021,20
"c55-h24","c55-h48",0.71719808338436,20
"c60-h24","c55-h48",0.598134729295062,20
"c60-h36","c55-h48",0.721665933427795,20
"c60-h48","c55-h48",0.838144066129285,20
"c60-h60","c55-h48",0.757895885273269,20
"c45-h24","c55-h48",0.605006178966098,20
"c55-h48","c55-h48",1,20
"c50-h24","c55-h48",0.645332786215761,20
"c50-h48","c55-h48",0.899495368731471,20
"c45-h36","c55-h48",0.733597233264669,20
"c45-h48","c55-h48",0.851549881131522,20
"c50-h36","c50-h24",0.825990302010879,20
"c45-h60","c50-h24",0.613665272286504,20
"c50-h60","c50-h24",0.651001805643738,20
"c55-h60","c50-h24",0.586677672481871,20
"c55-h36","c50-h24",0.745477936323395,20
"c55-h24","c50-h24",0.898053643770857,20
"c60-h24","c50-h24",0.767085473042594,20
"c60-h36","c50-h24",0.634717184997282,20
"c60-h48","c50-h24",0.545576869473477,20
"c60-h60","c50-h24",0.501145482445672,20
"c45-h24","c50-h24",0.942729167700513,20
"c55-h48","c50-h24",0.645332786215761,20
"c50-h24","c50-h24",1,20
"c50-h48","c50-h24",0.715842564606813,20
"c45-h36","c50-h24",0.780842272964298,20
"c45-h48","c50-h24",0.67650825672181,20
"c50-h36","c50-h48",0.86752585632393,20
"c45-h60","c50-h48",0.857772610431494,20
"c50-h60","c50-h48",0.901143561360617,20
"c55-h60","c50-h48",0.814319487175696,20
"c55-h36","c50-h48",0.784859012936247,20
"c55-h24","c50-h48",0.640855979770843,20
"c60-h24","c50-h48",0.542801747824173,20
"c60-h36","c50-h48",0.659126281371713,20
"c60-h48","c50-h48",0.759316015337556,20
"c60-h60","c50-h48",0.689270018813828,20
"c45-h24","c50-h48",0.673028273432585,20
"c55-h48","c50-h48",0.899495368731471,20
"c50-h24","c50-h48",0.715842564606813,20
"c50-h48","c50-h48",1,20
"c45-h36","c50-h48",0.82193405252236,20
"c45-h48","c50-h48",0.946461830528987,20
"c50-h36","c45-h36",0.944389081989309,20
"c45-h60","c45-h36",0.779022035562918,20
"c50-h60","c45-h36",0.736835043118522,20
"c55-h60","c45-h36",0.659703417735962,20
"c55-h36","c45-h36",0.850804763250689,20
"c55-h24","c45-h36",0.69583362733534,20
"c60-h24","c45-h36",0.588943228242693,20
"c60-h36","c45-h36",0.720368544519086,20
"c60-h48","c45-h36",0.619279168418418,20
"c60-h60","c45-h36",0.559097891178503,20
"c45-h24","c45-h36",0.825078192792318,20
"c55-h48","c45-h36",0.733597233264669,20
"c50-h24","c45-h36",0.780842272964298,20
"c50-h48","c45-h36",0.82193405252236,20
"c45-h36","c45-h36",1,20
"c45-h48","c45-h36",0.867265908660334,20
"c50-h36","c45-h48",0.818325761664116,20
"c45-h60","c45-h48",0.898515934357275,20
"c50-h60","c45-h48",0.847674763799414,20
"c55-h60","c45-h48",0.765874042340792,20
"c55-h36","c45-h48",0.739542413362136,20
"c55-h24","c45-h48",0.605538703107891,20
"c60-h24","c45-h48",0.514963868143399,20
"c60-h36","c45-h48",0.624126442519269,20
"c60-h48","c45-h48",0.722557753415597,20
"c60-h60","c45-h48",0.652284134428426,20
"c45-h24","c45-h48",0.712710382190115,20
"c55-h48","c45-h48",0.851549881131522,20
"c50-h24","c45-h48",0.67650825672181,20
"c50-h48","c45-h48",0.946461830528987,20
"c45-h36","c45-h48",0.867265908660334,20
"c45-h48","c45-h48",1,20
"c50-h36","c50-h36",1,21
"c55-h36","c50-h36",0.905214538566236,21
"c50-h60","c50-h36",0.781717372005955,21
"c55-h60","c50-h36",0.70613280396309,21
"c60-h24","c50-h36",0.62623421908787,21
"c45-h60","c50-h36",0.727171927525442,21
"c60-h60","c50-h36",0.602935276125913,21
"c55-h24","c50-h36",0.737791345781692,21
"c55-h48","c50-h36",0.792544731896272,21
"c50-h24","c50-h36",0.810624997787381,21
"c50-h48","c50-h36",0.876193815561968,21
"c45-h24","c50-h36",0.760946402057162,21
"c45-h36","c50-h36",0.941803586899646,21
"c60-h36","c50-h36",0.767852026948402,21
"c60-h48","c50-h36",0.671272519942656,21
"c45-h48","c50-h36",0.819171219543556,21
"c50-h36","c55-h36",0.905214538566236,21
"c55-h36","c55-h36",1,21
"c50-h60","c55-h36",0.710312955015341,21
"c55-h60","c55-h36",0.782738626184269,21
"c60-h24","c55-h36",0.685298509337184,21
"c45-h60","c55-h36",0.661467713446256,21
"c60-h60","c55-h36",0.667211730036739,21
"c55-h24","c55-h36",0.81633542131214,21
"c55-h48","c55-h36",0.874390581818155,21
"c50-h24","c55-h36",0.730017467775865,21
"c50-h48","c55-h36",0.792851086971546,21
"c45-h24","c55-h36",0.689225660451573,21
"c45-h36","c55-h36",0.856161966818179,21
"c60-h36","c55-h36",0.846063412033745,21
"c60-h48","c55-h36",0.740783312223496,21
"c45-h48","c55-h36",0.741839855374874,21
"c50-h36","c50-h60",0.781717372005955,21
"c55-h36","c50-h60",0.710312955015341,21
"c50-h60","c50-h60",1,21
"c55-h60","c50-h60",0.903667341755954,21
"c60-h24","c50-h60",0.476750569597189,21
"c45-h60","c50-h60",0.942540617523964,21
"c60-h60","c50-h60",0.770402126676273,21
"c55-h24","c50-h60",0.574791169687488,21
"c55-h48","c50-h60",0.806944211567067,21
"c50-h24","c50-h60",0.63576030410265,21
"c50-h48","c50-h60",0.890500448407584,21
"c45-h24","c50-h60",0.594538311109922,21
"c45-h36","c50-h60",0.737293480464669,21
"c60-h36","c50-h60",0.592803830610021,21
"c60-h48","c50-h60",0.679891656212211,21
"c45-h48","c50-h60",0.837695049221364,21
"c50-h36","c55-h60",0.70613280396309,21
"c55-h36","c55-h60",0.782738626184269,21
"c50-h60","c55-h60",0.903667341755954,21
"c55-h60","c55-h60",1,21
"c60-h24","c55-h60",0.522180092143724,21
"c45-h60","c55-h60",0.854788861079554,21
"c60-h60","c55-h60",0.848033732833512,21
"c55-h24","c55-h60",0.6412269891144,21
"c55-h48","c55-h60",0.893276287562627,21
"c50-h24","c55-h60",0.577201417358909,21
"c50-h48","c55-h60",0.80324774971772,21
"c45-h24","c55-h60",0.544412374297471,21
"c45-h36","c55-h60",0.669468865831262,21
"c60-h36","c55-h60",0.650556032636827,21
"c60-h48","c55-h60",0.752874844864684,21
"c45-h48","c55-h60",0.758093956807701,21
"c50-h36","c60-h24",0.62623421908787,21
"c55-h36","c60-h24",0.685298509337184,21
"c50-h60","c60-h24",0.476750569597189,21
"c55-h60","c60-h24",0.522180092143724,21
"c60-h24","c60-h24",1,21
"c45-h60","c60-h24",0.447429753480441,21
"c60-h60","c60-h24",0.616310225481007,21
"c55-h24","c60-h24",0.851052998532749,21
"c55-h48","c60-h24",0.590166805698017,21
"c50-h24","c60-h24",0.771151568501312,21
"c50-h48","c60-h24",0.536667832676664,21
"c45-h24","c60-h24",0.736395478100643,21
"c45-h36","c60-h24",0.600611135990238,21
"c60-h36","c60-h24",0.814544318186696,21
"c60-h48","c60-h24",0.698417036810829,21
"c45-h48","c60-h24",0.50599202357677,21
"c50-h36","c45-h60",0.727171927525442,21
"c55-h36","c45-h60",0.661467713446256,21
"c50-h60","c45-h60",0.942540617523964,21
"c55-h60","c45-h60",0.854788861079554,21
"c60-h24","c45-h60",0.447429753480441,21
"c45-h60","c45-h60",1,21
"c60-h60","c45-h60",0.733634820278972,21
"c55-h24","c45-h60",0.537416349063287,21
"c55-h48","c45-h60",0.761028510888415,21
"c50-h24","c45-h60",0.592184954144984,21
"c50-h48","c45-h60",0.838001932041428,21
"c45-h24","c45-h60",0.62701826290012,21
"c45-h36","c45-h60",0.773814138011362,21
"c60-h36","c45-h60",0.554185803126554,21
"c60-h48","c45-h60",0.643094504074879,21
"c45-h48","c45-h60",0.889404497070545,21
"c50-h36","c60-h60",0.602935276125913,21
"c55-h36","c60-h60",0.667211730036739,21
"c50-h60","c60-h60",0.770402126676273,21
"c55-h60","c60-h60",0.848033732833512,21
"c60-h24","c60-h60",0.616310225481007,21
"c45-h60","c60-h60",0.733634820278972,21
"c60-h60","c60-h60",1,21
"c55-h24","c60-h60",0.548612523803234,21
"c55-h48","c60-h60",0.755686947742696,21
"c50-h24","c60-h60",0.494384199048513,21
"c50-h48","c60-h60",0.683108429880654,21
"c45-h24","c60-h60",0.470556734344251,21
"c45-h36","c60-h60",0.578588792303675,21
"c60-h36","c60-h60",0.77303717498849,21
"c60-h48","c60-h60",0.888442916633486,21
"c45-h48","c60-h60",0.650890222168943,21
"c50-h36","c55-h24",0.737791345781692,21
"c55-h36","c55-h24",0.81633542131214,21
"c50-h60","c55-h24",0.574791169687488,21
"c55-h60","c55-h24",0.6412269891144,21
"c60-h24","c55-h24",0.851052998532749,21
"c45-h60","c55-h24",0.537416349063287,21
"c60-h60","c55-h24",0.548612523803234,21
"c55-h24","c55-h24",1,21
"c55-h48","c55-h24",0.713046925533151,21
"c50-h24","c55-h24",0.900389840442729,21
"c50-h48","c55-h24",0.639052577594852,21
"c45-h24","c55-h24",0.853985485094498,21
"c45-h36","c55-h24",0.702149405488653,21
"c60-h36","c55-h24",0.697007630611576,21
"c60-h48","c55-h24",0.610598943959593,21
"c45-h48","c55-h24",0.599906686913638,21
"c50-h36","c55-h48",0.792544731896272,21
"c55-h36","c55-h48",0.874390581818155,21
"c50-h60","c55-h48",0.806944211567067,21
"c55-h60","c55-h48",0.893276287562627,21
"c60-h24","c55-h48",0.590166805698017,21
"c45-h60","c55-h48",0.761028510888415,21
"c60-h60","c55-h48",0.755686947742696,21
"c55-h24","c55-h48",0.713046925533151,21
"c55-h48","c55-h48",1,21
"c50-h24","c55-h48",0.643861995684722,21
"c50-h48","c55-h48",0.903596106596312,21
"c45-h24","c55-h48",0.613875351898887,21
"c45-h36","c55-h48",0.752818268595749,21
"c60-h36","c55-h48",0.732563929336598,21
"c60-h48","c55-h48",0.845815857131579,21
"c45-h48","c55-h48",0.852584863414565,21
"c50-h36","c50-h24",0.810624997787381,21
"c55-h36","c50-h24",0.730017467775865,21
"c50-h60","c50-h24",0.63576030410265,21
"c55-h60","c50-h24",0.577201417358909,21
"c60-h24","c50-h24",0.771151568501312,21
"c45-h60","c50-h24",0.592184954144984,21
"c60-h60","c50-h24",0.494384199048513,21
"c55-h24","c50-h24",0.900389840442729,21
"c55-h48","c50-h24",0.643861995684722,21
"c50-h24","c50-h24",1,21
"c50-h48","c50-h24",0.708390766464508,21
"c45-h24","c50-h24",0.94125278618425,21
"c45-h36","c50-h24",0.764447872380957,21
"c60-h36","c50-h24",0.624505706707079,21
"c60-h48","c50-h24",0.550792782248517,21
"c45-h48","c50-h24",0.662583347411124,21
"c50-h36","c50-h48",0.876193815561968,21
"c55-h36","c50-h48",0.792851086971546,21
"c50-h60","c50-h48",0.890500448407584,21
"c55-h60","c50-h48",0.80324774971772,21
"c60-h24","c50-h48",0.536667832676664,21
"c45-h60","c50-h48",0.838001932041428,21
"c60-h60","c50-h48",0.683108429880654,21
"c55-h24","c50-h48",0.639052577594852,21
"c55-h48","c50-h48",0.903596106596312,21
"c50-h24","c50-h48",0.708390766464508,21
"c50-h48","c50-h48",1,21
"c45-h24","c50-h48",0.669318821653766,21
"c45-h36","c50-h48",0.828607821504664,21
"c60-h36","c50-h48",0.66714426714765,21
"c60-h48","c50-h48",0.765576806340614,21
"c45-h48","c50-h48",0.941812151735958,21
"c50-h36","c45-h24",0.760946402057162,21
"c55-h36","c45-h24",0.689225660451573,21
"c50-h60","c45-h24",0.594538311109922,21
"c55-h60","c45-h24",0.544412374297471,21
"c60-h24","c45-h24",0.736395478100643,21
"c45-h60","c45-h24",0.62701826290012,21
"c60-h60","c45-h24",0.470556734344251,21
"c55-h24","c45-h24",0.853985485094498,21
"c55-h48","c45-h24",0.613875351898887,21
"c50-h24","c45-h24",0.94125278618425,21
"c50-h48","c45-h24",0.669318821653766,21
"c45-h24","c45-h24",1,21
"c45-h36","c45-h24",0.811712689354442,21
"c60-h36","c45-h24",0.594438293952617,21
"c60-h48","c45-h24",0.528295156034421,21
"c45-h48","c45-h24",0.709011604586349,21
"c50-h36","c45-h36",0.941803586899646,21
"c55-h36","c45-h36",0.856161966818179,21
"c50-h60","c45-h36",0.737293480464669,21
"c55-h60","c45-h36",0.669468865831262,21
"c60-h24","c45-h36",0.600611135990238,21
"c45-h60","c45-h36",0.773814138011362,21
"c60-h60","c45-h36",0.578588792303675,21
"c55-h24","c45-h36",0.702149405488653,21
"c55-h48","c45-h36",0.752818268595749,21
"c50-h24","c45-h36",0.764447872380957,21
"c50-h48","c45-h36",0.828607821504664,21
"c45-h24","c45-h36",0.811712689354442,21
"c45-h36","c45-h36",1,21
"c60-h36","c45-h36",0.732456142213624,21
"c60-h48","c45-h36",0.642517431868021,21
"c45-h48","c45-h36",0.873974852381261,21
"c50-h36","c60-h36",0.767852026948402,21
"c55-h36","c60-h36",0.846063412033745,21
"c50-h60","c60-h36",0.592803830610021,21
"c55-h60","c60-h36",0.650556032636827,21
"c60-h24","c60-h36",0.814544318186696,21
"c45-h60","c60-h36",0.554185803126554,21
"c60-h60","c60-h36",0.77303717498849,21
"c55-h24","c60-h36",0.697007630611576,21
"c55-h48","c60-h36",0.732563929336598,21
"c50-h24","c60-h36",0.624505706707079,21
"c50-h48","c60-h36",0.66714426714765,21
"c45-h24","c60-h36",0.594438293952617,21
"c45-h36","c60-h36",0.732456142213624,21
"c60-h36","c60-h36",1,21
"c60-h48","c60-h36",0.865986887264447,21
"c45-h48","c60-h36",0.62775027587462,21
"c50-h36","c60-h48",0.671272519942656,21
"c55-h36","c60-h48",0.740783312223496,21
"c50-h60","c60-h48",0.679891656212211,21
"c55-h60","c60-h48",0.752874844864684,21
"c60-h24","c60-h48",0.698417036810829,21
"c45-h60","c60-h48",0.643094504074879,21
"c60-h60","c60-h48",0.888442916633486,21
"c55-h24","c60-h48",0.610598943959593,21
"c55-h48","c60-h48",0.845815857131579,21
"c50-h24","c60-h48",0.550792782248517,21
"c50-h48","c60-h48",0.765576806340614,21
"c45-h24","c60-h48",0.528295156034421,21
"c45-h36","c60-h48",0.642517431868021,21
"c60-h36","c60-h48",0.865986887264447,21
"c60-h48","c60-h48",1,21
"c45-h48","c60-h48",0.725707829169378,21
"c50-h36","c45-h48",0.819171219543556,21
"c55-h36","c45-h48",0.741839855374874,21
"c50-h60","c45-h48",0.837695049221364,21
"c55-h60","c45-h48",0.758093956807701,21
"c60-h24","c45-h48",0.50599202357677,21
"c45-h60","c45-h48",0.889404497070545,21
"c60-h60","c45-h48",0.650890222168943,21
"c55-h24","c45-h48",0.599906686913638,21
"c55-h48","c45-h48",0.852584863414565,21
"c50-h24","c45-h48",0.662583347411124,21
"c50-h48","c45-h48",0.941812151735958,21
"c45-h24","c45-h48",0.709011604586349,21
"c45-h36","c45-h48",0.873974852381261,21
"c60-h36","c45-h48",0.62775027587462,21
"c60-h48","c45-h48",0.725707829169378,21
"c45-h48","c45-h48",1,21
"c50-h60","c50-h60",1,22
"c45-h60","c50-h60",0.949490771166547,22
"c55-h60","c50-h60",0.90528247512285,22
"c50-h36","c50-h60",0.782339236547644,22
"c60-h60","c50-h60",0.763340266287634,22
"c55-h24","c50-h60",0.575199449355756,22
"c55-h36","c50-h60",0.716073877477214,22
"c60-h24","c50-h60",0.486129671787023,22
"c60-h36","c50-h60",0.604859723669637,22
"c60-h48","c50-h60",0.689766588506736,22
"c50-h48","c50-h60",0.892730958212438,22
"c55-h48","c50-h60",0.813528583596027,22
"c50-h24","c50-h60",0.630432058496648,22
"c45-h48","c50-h60",0.84899341438396,22
"c45-h24","c50-h60",0.604387476035404,22
"c45-h36","c50-h60",0.744419538957517,22
"c50-h60","c45-h60",0.949490771166547,22
"c45-h60","c45-h60",1,22
"c55-h60","c45-h60",0.861927475608055,22
"c50-h36","c45-h60",0.749916847234753,22
"c60-h60","c45-h60",0.722420399134284,22
"c55-h24","c45-h60",0.557114183046407,22
"c55-h36","c45-h60",0.690590691594332,22
"c60-h24","c45-h60",0.469183194218722,22
"c60-h36","c45-h60",0.579451555543053,22
"c60-h48","c45-h60",0.657607881723829,22
"c50-h48","c45-h60",0.852061460335471,22
"c55-h48","c45-h60",0.779961101072775,22
"c50-h24","c45-h60",0.606176183217353,22
"c45-h48","c45-h60",0.897651389421559,22
"c45-h24","c45-h60",0.64514003907471,22
"c45-h36","c45-h60",0.79124058823324,22
"c50-h60","c55-h60",0.90528247512285,22
"c45-h60","c55-h60",0.861927475608055,22
"c55-h60","c55-h60",1,22
"c50-h36","c55-h60",0.711167452341549,22
"c60-h60","c55-h60",0.844939993289459,22
"c55-h24","c55-h60",0.620022572370415,22
"c55-h36","c55-h60",0.78559184942933,22
"c60-h24","c55-h60",0.521719445123589,22
"c60-h36","c55-h60",0.664884510653949,22
"c60-h48","c55-h60",0.762719072637217,22
"c50-h48","c55-h60",0.808969628622504,22
"c55-h48","c55-h60",0.895056190270512,22
"c50-h24","c55-h60",0.558380215605497,22
"c45-h48","c55-h60",0.771721739315901,22
"c45-h24","c55-h60",0.540147564614758,22
"c45-h36","c55-h60",0.68161068095082,22
"c50-h60","c50-h36",0.782339236547644,22
"c45-h60","c50-h36",0.749916847234753,22
"c55-h60","c50-h36",0.711167452341549,22
"c50-h36","c50-h36",1,22
"c60-h60","c50-h36",0.591839340491463,22
"c55-h24","c50-h36",0.741531285772205,22
"c55-h36","c50-h36",0.909916932604979,22
"c60-h24","c50-h36",0.622335847319608,22
"c60-h36","c50-h36",0.766309481159439,22
"c60-h48","c50-h36",0.665440288080058,22
"c50-h48","c50-h36",0.868320322780702,22
"c55-h48","c50-h36",0.793755306044461,22
"c50-h24","c50-h36",0.814572461252279,22
"c45-h48","c50-h36",0.826871078153145,22
"c45-h24","c50-h36",0.773402964924829,22
"c45-h36","c50-h36",0.947066656790829,22
"c50-h60","c60-h60",0.763340266287634,22
"c45-h60","c60-h60",0.722420399134284,22
"c55-h60","c60-h60",0.844939993289459,22
"c50-h36","c60-h60",0.591839340491463,22
"c60-h60","c60-h60",1,22
"c55-h24","c60-h60",0.520999708167263,22
"c55-h36","c60-h60",0.651100904207415,22
"c60-h24","c60-h60",0.618975498225598,22
"c60-h36","c60-h60",0.77510921952599,22
"c60-h48","c60-h60",0.892198521571379,22
"c50-h48","c60-h60",0.67470025144669,22
"c55-h48","c60-h60",0.748611519670499,22
"c50-h24","c60-h60",0.471163279916205,22
"c45-h48","c60-h60",0.641131688794782,22
"c45-h24","c60-h60",0.451231485391103,22
"c45-h36","c60-h60",0.56576058053429,22
"c50-h60","c55-h24",0.575199449355756,22
"c45-h60","c55-h24",0.557114183046407,22
"c55-h60","c55-h24",0.620022572370415,22
"c50-h36","c55-h24",0.741531285772205,22
"c60-h60","c55-h24",0.520999708167263,22
"c55-h24","c55-h24",1,22
"c55-h36","c55-h24",0.813028321140249,22
"c60-h24","c55-h24",0.847806339505539,22
"c60-h36","c55-h24",0.694280375514706,22
"c60-h48","c55-h24",0.590358567688558,22
"c50-h48","c55-h24",0.631937920066703,22
"c55-h48","c55-h24",0.69273509370167,22
"c50-h24","c55-h24",0.905140302148094,22
"c45-h48","c55-h24",0.606613668414755,22
"c45-h24","c55-h24",0.864829576164073,22
"c45-h36","c55-h24",0.710714004479873,22
"c50-h60","c55-h36",0.716073877477214,22
"c45-h60","c55-h36",0.690590691594332,22
"c55-h60","c55-h36",0.78559184942933,22
"c50-h36","c55-h36",0.909916932604979,22
"c60-h60","c55-h36",0.651100904207415,22
"c55-h24","c55-h36",0.813028321140249,22
"c55-h36","c55-h36",1,22
"c60-h24","c55-h36",0.681347346151587,22
"c60-h36","c55-h36",0.84254747950484,22
"c60-h48","c55-h36",0.731092579374179,22
"c50-h48","c55-h36",0.789316306397614,22
"c55-h48","c55-h36",0.869904962964216,22
"c50-h24","c55-h36",0.734157790422289,22
"c45-h48","c55-h36",0.756256653942986,22
"c45-h24","c55-h36",0.704679130344297,22
"c45-h36","c55-h36",0.869535304120206,22
"c50-h60","c60-h24",0.486129671787023,22
"c45-h60","c60-h24",0.469183194218722,22
"c55-h60","c60-h24",0.521719445123589,22
"c50-h36","c60-h24",0.622335847319608,22
"c60-h60","c60-h24",0.618975498225598,22
"c55-h24","c60-h24",0.847806339505539,22
"c55-h36","c60-h24",0.681347346151587,22
"c60-h24","c60-h24",1,22
"c60-h36","c60-h24",0.814962707564054,22
"c60-h48","c60-h24",0.691252971244539,22
"c50-h48","c60-h24",0.525857792621638,22
"c55-h48","c60-h24",0.579714779959098,22
"c50-h24","c60-h24",0.771041223473707,22
"c45-h48","c60-h24",0.503717394046745,22
"c45-h24","c60-h24",0.735624165006756,22
"c45-h36","c60-h24",0.600249427711179,22
"c50-h60","c60-h36",0.604859723669637,22
"c45-h60","c60-h36",0.579451555543053,22
"c55-h60","c60-h36",0.664884510653949,22
"c50-h36","c60-h36",0.766309481159439,22
"c60-h60","c60-h36",0.77510921952599,22
"c55-h24","c60-h36",0.694280375514706,22
"c55-h36","c60-h36",0.84254747950484,22
"c60-h24","c60-h36",0.814962707564054,22
"c60-h36","c60-h36",1,22
"c60-h48","c60-h36",0.86183936671884,22
"c50-h48","c60-h36",0.659927443689634,22
"c55-h48","c60-h36",0.732431951851601,22
"c50-h24","c60-h36",0.628400787895848,22
"c45-h48","c60-h36",0.62922661405632,22
"c45-h24","c60-h36",0.597476444675371,22
"c45-h36","c60-h36",0.732627277087989,22
"c50-h60","c60-h48",0.689766588506736,22
"c45-h60","c60-h48",0.657607881723829,22
"c55-h60","c60-h48",0.762719072637217,22
"c50-h36","c60-h48",0.665440288080058,22
"c60-h60","c60-h48",0.892198521571379,22
"c55-h24","c60-h48",0.590358567688558,22
"c55-h36","c60-h48",0.731092579374179,22
"c60-h24","c60-h48",0.691252971244539,22
"c60-h36","c60-h48",0.86183936671884,22
"c60-h48","c60-h48",1,22
"c50-h48","c60-h48",0.766367500228462,22
"c55-h48","c60-h48",0.847685269454555,22
"c50-h24","c60-h48",0.533818645898632,22
"c45-h48","c60-h48",0.729029481827335,22
"c45-h24","c60-h48",0.512843289034174,22
"c45-h36","c60-h48",0.636505332137647,22
"c50-h60","c50-h48",0.892730958212438,22
"c45-h60","c50-h48",0.852061460335471,22
"c55-h60","c50-h48",0.808969628622504,22
"c50-h36","c50-h48",0.868320322780702,22
"c60-h60","c50-h48",0.67470025144669,22
"c55-h24","c50-h48",0.631937920066703,22
"c55-h36","c50-h48",0.789316306397614,22
"c60-h24","c50-h48",0.525857792621638,22
"c60-h36","c50-h48",0.659927443689634,22
"c60-h48","c50-h48",0.766367500228462,22
"c50-h48","c50-h48",1,22
"c55-h48","c50-h48",0.909928524027676,22
"c50-h24","c50-h48",0.695308894721055,22
"c45-h48","c50-h48",0.950049699248118,22
"c45-h24","c50-h48",0.665990998756038,22
"c45-h36","c50-h48",0.825292493042141,22
"c50-h60","c55-h48",0.813528583596027,22
"c45-h60","c55-h48",0.779961101072775,22
"c55-h60","c55-h48",0.895056190270512,22
"c50-h36","c55-h48",0.793755306044461,22
"c60-h60","c55-h48",0.748611519670499,22
"c55-h24","c55-h48",0.69273509370167,22
"c55-h36","c55-h48",0.869904962964216,22
"c60-h24","c55-h48",0.579714779959098,22
"c60-h36","c55-h48",0.732431951851601,22
"c60-h48","c55-h48",0.847685269454555,22
"c50-h48","c55-h48",0.909928524027676,22
"c55-h48","c55-h48",1,22
"c50-h24","c55-h48",0.625476877685833,22
"c45-h48","c55-h48",0.868046361152342,22
"c45-h24","c55-h48",0.605436747588904,22
"c45-h36","c55-h48",0.760040069256271,22
"c50-h60","c50-h24",0.630432058496648,22
"c45-h60","c50-h24",0.606176183217353,22
"c55-h60","c50-h24",0.558380215605497,22
"c50-h36","c50-h24",0.814572461252279,22
"c60-h60","c50-h24",0.471163279916205,22
"c55-h24","c50-h24",0.905140302148094,22
"c55-h36","c50-h24",0.734157790422289,22
"c60-h24","c50-h24",0.771041223473707,22
"c60-h36","c50-h24",0.628400787895848,22
"c60-h48","c50-h24",0.533818645898632,22
"c50-h48","c50-h24",0.695308894721055,22
"c55-h48","c50-h24",0.625476877685833,22
"c50-h24","c50-h24",1,22
"c45-h48","c50-h24",0.662334632649046,22
"c45-h24","c50-h24",0.947915023387448,22
"c45-h36","c50-h24",0.772693488821699,22
"c50-h60","c45-h48",0.84899341438396,22
"c45-h60","c45-h48",0.897651389421559,22
"c55-h60","c45-h48",0.771721739315901,22
"c50-h36","c45-h48",0.826871078153145,22
"c60-h60","c45-h48",0.641131688794782,22
"c55-h24","c45-h48",0.606613668414755,22
"c55-h36","c45-h48",0.756256653942986,22
"c60-h24","c45-h48",0.503717394046745,22
"c60-h36","c45-h48",0.62922661405632,22
"c60-h48","c45-h48",0.729029481827335,22
"c50-h48","c45-h48",0.950049699248118,22
"c55-h48","c45-h48",0.868046361152342,22
"c50-h24","c45-h48",0.662334632649046,22
"c45-h48","c45-h48",1,22
"c45-h24","c45-h48",0.70523350115598,22
"c45-h36","c45-h48",0.87290328916421,22
"c50-h60","c45-h24",0.604387476035404,22
"c45-h60","c45-h24",0.64514003907471,22
"c55-h60","c45-h24",0.540147564614758,22
"c50-h36","c45-h24",0.773402964924829,22
"c60-h60","c45-h24",0.451231485391103,22
"c55-h24","c45-h24",0.864829576164073,22
"c55-h36","c45-h24",0.704679130344297,22
"c60-h24","c45-h24",0.735624165006756,22
"c60-h36","c45-h24",0.597476444675371,22
"c60-h48","c45-h24",0.512843289034174,22
"c50-h48","c45-h24",0.665990998756038,22
"c55-h48","c45-h24",0.605436747588904,22
"c50-h24","c45-h24",0.947915023387448,22
"c45-h48","c45-h24",0.70523350115598,22
"c45-h24","c45-h24",1,22
"c45-h36","c45-h24",0.816606145697264,22
"c50-h60","c45-h36",0.744419538957517,22
"c45-h60","c45-h36",0.79124058823324,22
"c55-h60","c45-h36",0.68161068095082,22
"c50-h36","c45-h36",0.947066656790829,22
"c60-h60","c45-h36",0.56576058053429,22
"c55-h24","c45-h36",0.710714004479873,22
"c55-h36","c45-h36",0.869535304120206,22
"c60-h24","c45-h36",0.600249427711179,22
"c60-h36","c45-h36",0.732627277087989,22
"c60-h48","c45-h36",0.636505332137647,22
"c50-h48","c45-h36",0.825292493042141,22
"c55-h48","c45-h36",0.760040069256271,22
"c50-h24","c45-h36",0.772693488821699,22
"c45-h48","c45-h36",0.87290328916421,22
"c45-h24","c45-h36",0.816606145697264,22
"c45-h36","c45-h36",1,22
"c60-h24","c60-h24",1,23
"c50-h36","c60-h24",0.609751151465064,23
"c55-h60","c60-h24",0.522568046491766,23
"c55-h36","c60-h24",0.684999996248607,23
"c50-h60","c60-h24",0.459541169889711,23
"c45-h60","c60-h24",0.435916464394382,23
"c60-h60","c60-h24",0.614336474431735,23
"c55-h24","c60-h24",0.847176714719,23
"c55-h48","c60-h24",0.597227085055865,23
"c50-h24","c60-h24",0.758374566652331,23
"c50-h48","c60-h24",0.532413521057915,23
"c45-h24","c60-h24",0.714556254347603,23
"c45-h36","c60-h24",0.576668267305197,23
"c60-h36","c60-h24",0.811489741346167,23
"c60-h48","c60-h24",0.701036649788356,23
"c45-h48","c60-h24",0.502747457237208,23
"c60-h24","c50-h36",0.609751151465064,23
"c50-h36","c50-h36",1,23
"c55-h60","c50-h36",0.684994027823833,23
"c55-h36","c50-h36",0.893979072670931,23
"c50-h60","c50-h36",0.762686963672598,23
"c45-h60","c50-h36",0.716926125029957,23
"c60-h60","c50-h36",0.577831471467426,23
"c55-h24","c50-h36",0.723064866487425,23
"c55-h48","c50-h36",0.773033567341794,23
"c50-h24","c50-h36",0.813535192556538,23
"c50-h48","c50-h36",0.85974600234134,23
"c45-h24","c50-h36",0.763982161872838,23
"c45-h36","c50-h36",0.941384065641805,23
"c60-h36","c50-h36",0.750068171009592,23
"c60-h48","c50-h36",0.653477890228833,23
"c45-h48","c50-h36",0.807368808933938,23
"c60-h24","c55-h60",0.522568046491766,23
"c50-h36","c55-h60",0.684994027823833,23
"c55-h60","c55-h60",1,23
"c55-h36","c55-h60",0.763617928133883,23
"c50-h60","c55-h60",0.893401041412262,23
"c45-h60","c55-h60",0.839270926157823,23
"c60-h60","c55-h60",0.840247368729974,23
"c55-h24","c55-h60",0.619192863762212,23
"c55-h48","c55-h60",0.889888097832898,23
"c50-h24","c55-h60",0.562440071810395,23
"c50-h48","c55-h60",0.798824747239258,23
"c45-h24","c55-h60",0.530531389297806,23
"c45-h36","c55-h60",0.64127316402795,23
"c60-h36","c55-h60",0.643555614183639,23
"c60-h48","c55-h60",0.752032664245783,23
"c45-h48","c55-h60",0.748472840822937,23
"c60-h24","c55-h36",0.684999996248607,23
"c50-h36","c55-h36",0.893979072670931,23
"c55-h60","c55-h36",0.763617928133883,23
"c55-h36","c55-h36",1,23
"c50-h60","c55-h36",0.675846284749331,23
"c45-h60","c55-h36",0.638178472118318,23
"c60-h60","c55-h36",0.635006550018736,23
"c55-h24","c55-h36",0.81066986795903,23
"c55-h48","c55-h36",0.865378122961329,23
"c50-h24","c55-h36",0.730786015083521,23
"c50-h48","c55-h36",0.769684055856957,23
"c45-h24","c55-h36",0.687631245998159,23
"c45-h36","c55-h36",0.84388288777397,23
"c60-h36","c55-h36",0.839561434080915,23
"c60-h48","c55-h36",0.727135265359939,23
"c45-h48","c55-h36",0.726335867297126,23
"c60-h24","c50-h60",0.459541169889711,23
"c50-h36","c50-h60",0.762686963672598,23
"c55-h60","c50-h60",0.893401041412262,23
"c55-h36","c50-h60",0.675846284749331,23
"c50-h60","c50-h60",1,23
"c45-h60","c50-h60",0.939998208785489,23
"c60-h60","c50-h60",0.756617801957609,23
"c55-h24","c50-h60",0.545709793061522,23
"c55-h48","c50-h60",0.789285903829947,23
"c50-h24","c50-h60",0.619927776934243,23
"c50-h48","c50-h60",0.887931071766837,23
"c45-h24","c50-h60",0.582984992128319,23
"c45-h36","c50-h60",0.71364915107862,23
"c60-h36","c50-h60",0.568100526866973,23
"c60-h48","c50-h60",0.669590945261947,23
"c45-h48","c50-h60",0.831798224502906,23
"c60-h24","c45-h60",0.435916464394382,23
"c50-h36","c45-h60",0.716926125029957,23
"c55-h60","c45-h60",0.839270926157823,23
"c55-h36","c45-h60",0.638178472118318,23
"c50-h60","c45-h60",0.939998208785489,23
"c45-h60","c45-h60",1,23
"c60-h60","c45-h60",0.714238696765377,23
"c55-h24","c45-h60",0.518937868218585,23
"c55-h48","c45-h60",0.74650216759871,23
"c50-h24","c45-h60",0.589604237987933,23
"c50-h48","c45-h60",0.836409037161916,23
"c45-h24","c45-h60",0.626534741464888,23
"c45-h36","c45-h60",0.760769788584771,23
"c60-h36","c45-h60",0.537761861180085,23
"c60-h48","c45-h60",0.638277614230165,23
"c45-h48","c45-h60",0.887577213696374,23
"c60-h24","c60-h60",0.614336474431735,23
"c50-h36","c60-h60",0.577831471467426,23
"c55-h60","c60-h60",0.840247368729974,23
"c55-h36","c60-h60",0.635006550018736,23
"c50-h60","c60-h60",0.756617801957609,23
"c45-h60","c60-h60",0.714238696765377,23
"c60-h60","c60-h60",1,23
"c55-h24","c60-h60",0.518580691603966,23
"c55-h48","c60-h60",0.746886049129079,23
"c50-h24","c60-h60",0.477333005952087,23
"c50-h48","c60-h60",0.67857734315661,23
"c45-h24","c60-h60",0.451797288466254,23
"c45-h36","c60-h60",0.539981486734122,23
"c60-h36","c60-h60",0.76207605499569,23
"c60-h48","c60-h60",0.890534362682727,23
"c45-h48","c60-h60",0.638897555409885,23
"c60-h24","c55-h24",0.847176714719,23
"c50-h36","c55-h24",0.723064866487425,23
"c55-h60","c55-h24",0.619192863762212,23
"c55-h36","c55-h24",0.81066986795903,23
"c50-h60","c55-h24",0.545709793061522,23
"c45-h60","c55-h24",0.518937868218585,23
"c60-h60","c55-h24",0.518580691603966,23
"c55-h24","c55-h24",1,23
"c55-h48","c55-h24",0.710802925787409,23
"c50-h24","c55-h24",0.899854922590663,23
"c50-h48","c55-h24",0.62917725581979,23
"c45-h24","c55-h24",0.850479448207848,23
"c45-h36","c55-h24",0.688320965808398,23
"c60-h36","c55-h24",0.682698952794882,23
"c60-h48","c55-h24",0.6015865018887,23
"c45-h48","c55-h24",0.594429480462106,23
"c60-h24","c55-h48",0.597227085055865,23
"c50-h36","c55-h48",0.773033567341794,23
"c55-h60","c55-h48",0.889888097832898,23
"c55-h36","c55-h48",0.865378122961329,23
"c50-h60","c55-h48",0.789285903829947,23
"c45-h60","c55-h48",0.74650216759871,23
"c60-h60","c55-h48",0.746886049129079,23
"c55-h24","c55-h48",0.710802925787409,23
"c55-h48","c55-h48",1,23
"c50-h24","c55-h48",0.642702059493323,23
"c50-h48","c55-h48",0.895653472234469,23
"c45-h24","c55-h48",0.60833150181568,23
"c45-h36","c55-h48",0.731297157789908,23
"c60-h36","c55-h48",0.727247581075808,23
"c60-h48","c55-h48",0.844707794175456,23
"c45-h48","c55-h48",0.847261407765976,23
"c60-h24","c50-h24",0.758374566652331,23
"c50-h36","c50-h24",0.813535192556538,23
"c55-h60","c50-h24",0.562440071810395,23
"c55-h36","c50-h24",0.730786015083521,23
"c50-h60","c50-h24",0.619927776934243,23
"c45-h60","c50-h24",0.589604237987933,23
"c60-h60","c50-h24",0.477333005952087,23
"c55-h24","c50-h24",0.899854922590663,23
"c55-h48","c50-h24",0.642702059493323,23
"c50-h24","c50-h24",1,23
"c50-h48","c50-h24",0.706177496637749,23
"c45-h24","c50-h24",0.944935865974831,23
"c45-h36","c50-h24",0.773397688053017,23
"c60-h36","c50-h24",0.612835681583154,23
"c60-h48","c50-h24",0.545602103687406,23
"c45-h48","c50-h24",0.666655009119052,23
"c60-h24","c50-h48",0.532413521057915,23
"c50-h36","c50-h48",0.85974600234134,23
"c55-h60","c50-h48",0.798824747239258,23
"c55-h36","c50-h48",0.769684055856957,23
"c50-h60","c50-h48",0.887931071766837,23
"c45-h60","c50-h48",0.836409037161916,23
"c60-h60","c50-h48",0.67857734315661,23
"c55-h24","c50-h48",0.62917725581979,23
"c55-h48","c50-h48",0.895653472234469,23
"c50-h24","c50-h48",0.706177496637749,23
"c50-h48","c50-h48",1,23
"c45-h24","c50-h48",0.666028663169415,23
"c45-h36","c50-h48",0.809889355314893,23
"c60-h36","c50-h48",0.649219428803437,23
"c60-h48","c50-h48",0.762128654043169,23
"c45-h48","c50-h48",0.941470806431364,23
"c60-h24","c45-h24",0.714556254347603,23
"c50-h36","c45-h24",0.763982161872838,23
"c55-h60","c45-h24",0.530531389297806,23
"c55-h36","c45-h24",0.687631245998159,23
"c50-h60","c45-h24",0.582984992128319,23
"c45-h60","c45-h24",0.626534741464888,23
"c60-h60","c45-h24",0.451797288466254,23
"c55-h24","c45-h24",0.850479448207848,23
"c55-h48","c45-h24",0.60833150181568,23
"c50-h24","c45-h24",0.944935865974831,23
"c50-h48","c45-h24",0.666028663169415,23
"c45-h24","c45-h24",1,23
"c45-h36","c45-h24",0.816701359917833,23
"c60-h36","c45-h24",0.575699595906712,23
"c60-h48","c45-h24",0.517605837726888,23
"c45-h48","c45-h24",0.707892985650251,23
"c60-h24","c45-h36",0.576668267305197,23
"c50-h36","c45-h36",0.941384065641805,23
"c55-h60","c45-h36",0.64127316402795,23
"c55-h36","c45-h36",0.84388288777397,23
"c50-h60","c45-h36",0.71364915107862,23
"c45-h60","c45-h36",0.760769788584771,23
"c60-h60","c45-h36",0.539981486734122,23
"c55-h24","c45-h36",0.688320965808398,23
"c55-h48","c45-h36",0.731297157789908,23
"c50-h24","c45-h36",0.773397688053017,23
"c50-h48","c45-h36",0.809889355314893,23
"c45-h24","c45-h36",0.816701359917833,23
"c45-h36","c45-h36",1,23
"c60-h36","c45-h36",0.703448132276288,23
"c60-h48","c45-h36",0.617947512168306,23
"c45-h48","c45-h36",0.85885400141834,23
"c60-h24","c60-h36",0.811489741346167,23
"c50-h36","c60-h36",0.750068171009592,23
"c55-h60","c60-h36",0.643555614183639,23
"c55-h36","c60-h36",0.839561434080915,23
"c50-h60","c60-h36",0.568100526866973,23
"c45-h60","c60-h36",0.537761861180085,23
"c60-h60","c60-h36",0.76207605499569,23
"c55-h24","c60-h36",0.682698952794882,23
"c55-h48","c60-h36",0.727247581075808,23
"c50-h24","c60-h36",0.612835681583154,23
"c50-h48","c60-h36",0.649219428803437,23
"c45-h24","c60-h36",0.575699595906712,23
"c45-h36","c60-h36",0.703448132276288,23
"c60-h36","c60-h36",1,23
"c60-h48","c60-h36",0.859741727187367,23
"c45-h48","c60-h36",0.61295642446917,23
"c60-h24","c60-h48",0.701036649788356,23
"c50-h36","c60-h48",0.653477890228833,23
"c55-h60","c60-h48",0.752032664245783,23
"c55-h36","c60-h48",0.727135265359939,23
"c50-h60","c60-h48",0.669590945261947,23
"c45-h60","c60-h48",0.638277614230165,23
"c60-h60","c60-h48",0.890534362682727,23
"c55-h24","c60-h48",0.6015865018887,23
"c55-h48","c60-h48",0.844707794175456,23
"c50-h24","c60-h48",0.545602103687406,23
"c50-h48","c60-h48",0.762128654043169,23
"c45-h24","c60-h48",0.517605837726888,23
"c45-h36","c60-h48",0.617947512168306,23
"c60-h36","c60-h48",0.859741727187367,23
"c60-h48","c60-h48",1,23
"c45-h48","c60-h48",0.725681089031879,23
"c60-h24","c45-h48",0.502747457237208,23
"c50-h36","c45-h48",0.807368808933938,23
"c55-h60","c45-h48",0.748472840822937,23
"c55-h36","c45-h48",0.726335867297126,23
"c50-h60","c45-h48",0.831798224502906,23
"c45-h60","c45-h48",0.887577213696374,23
"c60-h60","c45-h48",0.638897555409885,23
"c55-h24","c45-h48",0.594429480462106,23
"c55-h48","c45-h48",0.847261407765976,23
"c50-h24","c45-h48",0.666655009119052,23
"c50-h48","c45-h48",0.941470806431364,23
"c45-h24","c45-h48",0.707892985650251,23
"c45-h36","c45-h48",0.85885400141834,23
"c60-h36","c45-h48",0.61295642446917,23
"c60-h48","c45-h48",0.725681089031879,23
"c45-h48","c45-h48",1,23
"c55-h36","c55-h36",1,24
"c50-h60","c55-h36",0.710148944944339,24
"c50-h36","c55-h36",0.900096885020717,24
"c55-h60","c55-h36",0.77992954021776,24
"c60-h24","c55-h36",0.696579221082898,24
"c60-h36","c55-h36",0.848356438976053,24
"c60-h48","c55-h36",0.746686420433471,24
"c60-h60","c55-h36",0.662596119473404,24
"c55-h24","c55-h36",0.808545540034279,24
"c55-h48","c55-h36",0.871786505321769,24
"c50-h24","c55-h36",0.723143148759623,24
"c50-h48","c55-h36",0.787883070722117,24
"c45-h24","c55-h36",0.681510727204507,24
"c45-h36","c55-h36",0.846758639786018,24
"c45-h48","c55-h36",0.745070296104883,24
"c45-h60","c55-h36",0.672100585523127,24
"c55-h36","c50-h60",0.710148944944339,24
"c50-h60","c50-h60",1,24
"c50-h36","c50-h60",0.773414931875106,24
"c55-h60","c50-h60",0.900351731050911,24
"c60-h24","c50-h60",0.497192522155219,24
"c60-h36","c50-h60",0.607908757321318,24
"c60-h48","c50-h60",0.68892452964403,24
"c60-h60","c50-h60",0.761219831006508,24
"c55-h24","c50-h60",0.578781135248611,24
"c55-h48","c50-h60",0.801936899807397,24
"c50-h24","c50-h60",0.626659852893645,24
"c50-h48","c50-h60",0.887187365628017,24
"c45-h24","c50-h60",0.58575688271499,24
"c45-h36","c50-h60",0.723135113585877,24
"c45-h48","c50-h60",0.835489670341112,24
"c45-h60","c50-h60",0.93896734440829,24
"c55-h36","c50-h36",0.900096885020717,24
"c50-h60","c50-h36",0.773414931875106,24
"c50-h36","c50-h36",1,24
"c55-h60","c50-h36",0.689733185663547,24
"c60-h24","c50-h36",0.621691841397444,24
"c60-h36","c50-h36",0.76505223270938,24
"c60-h48","c50-h36",0.667976914572887,24
"c60-h60","c50-h36",0.588426731710149,24
"c55-h24","c50-h36",0.728099825573269,24
"c55-h48","c50-h36",0.777572684467617,24
"c50-h24","c50-h36",0.81054314244756,24
"c50-h48","c50-h36",0.866002501260443,24
"c45-h24","c50-h36",0.763586706611419,24
"c45-h36","c50-h36",0.940751443068237,24
"c45-h48","c50-h36",0.818808635695652,24
"c45-h60","c50-h36",0.731384792945835,24
"c55-h36","c55-h60",0.77992954021776,24
"c50-h60","c55-h60",0.900351731050911,24
"c50-h36","c55-h60",0.689733185663547,24
"c55-h60","c55-h60",1,24
"c60-h24","c55-h60",0.550181429927672,24
"c60-h36","c55-h60",0.6631798378096,24
"c60-h48","c55-h60",0.758240828386163,24
"c60-h60","c55-h60",0.84050067148292,24
"c55-h24","c55-h60",0.637487833280769,24
"c55-h48","c55-h60",0.889443956888425,24
"c50-h24","c55-h60",0.557338077853808,24
"c50-h48","c55-h60",0.796549636373353,24
"c45-h24","c55-h60",0.523072378128833,24
"c45-h36","c55-h60",0.645889896508339,24
"c45-h48","c55-h60",0.753454393487127,24
"c45-h60","c55-h60",0.848603686488595,24
"c55-h36","c60-h24",0.696579221082898,24
"c50-h60","c60-h24",0.497192522155219,24
"c50-h36","c60-h24",0.621691841397444,24
"c55-h60","c60-h24",0.550181429927672,24
"c60-h24","c60-h24",1,24
"c60-h36","c60-h24",0.813247335141717,24
"c60-h48","c60-h24",0.712803985970904,24
"c60-h60","c60-h24",0.642743780693439,24
"c55-h24","c60-h24",0.852014027156483,24
"c55-h48","c60-h24",0.603794857571945,24
"c50-h24","c60-h24",0.761469715126752,24
"c50-h48","c60-h24",0.543733246901132,24
"c45-h24","c60-h24",0.72258035403123,24
"c45-h36","c60-h24",0.58559569431372,24
"c45-h48","c60-h24",0.520071665257409,24
"c45-h60","c60-h24",0.474847730533736,24
"c55-h36","c60-h36",0.848356438976053,24
"c50-h60","c60-h36",0.607908757321318,24
"c50-h36","c60-h36",0.76505223270938,24
"c55-h60","c60-h36",0.6631798378096,24
"c60-h24","c60-h36",0.813247335141717,24
"c60-h36","c60-h36",1,24
"c60-h48","c60-h36",0.872950678377424,24
"c60-h60","c60-h36",0.783164560663882,24
"c55-h24","c60-h36",0.684817550671547,24
"c55-h48","c60-h36",0.736316024413778,24
"c50-h24","c60-h36",0.614091556311571,24
"c50-h48","c60-h36",0.666652303260072,24
"c45-h24","c60-h36",0.581810448236581,24
"c45-h36","c60-h36",0.722397265845535,24
"c45-h48","c60-h36",0.631873182756404,24
"c45-h60","c60-h36",0.580745789446979,24
"c55-h36","c60-h48",0.746686420433471,24
"c50-h60","c60-h48",0.68892452964403,24
"c50-h36","c60-h48",0.667976914572887,24
"c55-h60","c60-h48",0.758240828386163,24
"c60-h24","c60-h48",0.712803985970904,24
"c60-h36","c60-h48",0.872950678377424,24
"c60-h48","c60-h48",1,24
"c60-h60","c60-h48",0.891977916882123,24
"c55-h24","c60-h48",0.609183715329364,24
"c55-h48","c60-h48",0.847213203600981,24
"c50-h24","c60-h48",0.540313431999742,24
"c50-h48","c60-h48",0.765382671958141,24
"c45-h24","c60-h48",0.510126022883611,24
"c45-h36","c60-h48",0.628227924011233,24
"c45-h48","c60-h48",0.727192498342048,24
"c45-h60","c60-h48",0.65509245687766,24
"c55-h36","c60-h60",0.662596119473404,24
"c50-h60","c60-h60",0.761219831006508,24
"c50-h36","c60-h60",0.588426731710149,24
"c55-h60","c60-h60",0.84050067148292,24
"c60-h24","c60-h60",0.642743780693439,24
"c60-h36","c60-h60",0.783164560663882,24
"c60-h48","c60-h60",0.891977916882123,24
"c60-h60","c60-h60",1,24
"c55-h24","c60-h60",0.543452759646208,24
"c55-h48","c60-h60",0.745329298640594,24
"c50-h24","c60-h60",0.476954461572099,24
"c50-h48","c60-h60",0.670419943085245,24
"c45-h24","c60-h60",0.450818813528061,24
"c45-h36","c60-h60",0.5544723462538,24
"c45-h48","c60-h60",0.638233764067181,24
"c45-h60","c60-h60",0.724088827443307,24
"c55-h36","c55-h24",0.808545540034279,24
"c50-h60","c55-h24",0.578781135248611,24
"c50-h36","c55-h24",0.728099825573269,24
"c55-h60","c55-h24",0.637487833280769,24
"c60-h24","c55-h24",0.852014027156483,24
"c60-h36","c55-h24",0.684817550671547,24
"c60-h48","c55-h24",0.609183715329364,24
"c60-h60","c55-h24",0.543452759646208,24
"c55-h24","c55-h24",1,24
"c55-h48","c55-h24",0.708219383789524,24
"c50-h24","c55-h24",0.897119595050276,24
"c50-h48","c55-h24",0.641239075607159,24
"c45-h24","c55-h24",0.845992919912536,24
"c45-h36","c55-h24",0.679557848312441,24
"c45-h48","c55-h24",0.606884835979968,24
"c45-h60","c55-h24",0.5447083753043,24
"c55-h36","c55-h48",0.871786505321769,24
"c50-h60","c55-h48",0.801936899807397,24
"c50-h36","c55-h48",0.777572684467617,24
"c55-h60","c55-h48",0.889443956888425,24
"c60-h24","c55-h48",0.603794857571945,24
"c60-h36","c55-h48",0.736316024413778,24
"c60-h48","c55-h48",0.847213203600981,24
"c60-h60","c55-h48",0.745329298640594,24
"c55-h24","c55-h48",0.708219383789524,24
"c55-h48","c55-h48",1,24
"c50-h24","c55-h48",0.626023641663657,24
"c50-h48","c55-h48",0.8993744718971,24
"c45-h24","c55-h48",0.585269721062679,24
"c45-h36","c55-h48",0.724920476109293,24
"c45-h48","c55-h48",0.847849396479922,24
"c45-h60","c55-h48",0.751659585251312,24
"c55-h36","c50-h24",0.723143148759623,24
"c50-h60","c50-h24",0.626659852893645,24
"c50-h36","c50-h24",0.81054314244756,24
"c55-h60","c50-h24",0.557338077853808,24
"c60-h24","c50-h24",0.761469715126752,24
"c60-h36","c50-h24",0.614091556311571,24
"c60-h48","c50-h24",0.540313431999742,24
"c60-h60","c50-h24",0.476954461572099,24
"c55-h24","c50-h24",0.897119595050276,24
"c55-h48","c50-h24",0.626023641663657,24
"c50-h24","c50-h24",1,24
"c50-h48","c50-h24",0.702916801997689,24
"c45-h24","c50-h24",0.941582698092425,24
"c45-h36","c50-h24",0.755217013764658,24
"c45-h48","c50-h24",0.663151973218143,24
"c45-h60","c50-h24",0.589032429143968,24
"c55-h36","c50-h48",0.787883070722117,24
"c50-h60","c50-h48",0.887187365628017,24
"c50-h36","c50-h48",0.866002501260443,24
"c55-h60","c50-h48",0.796549636373353,24
"c60-h24","c50-h48",0.543733246901132,24
"c60-h36","c50-h48",0.666652303260072,24
"c60-h48","c50-h48",0.765382671958141,24
"c60-h60","c50-h48",0.670419943085245,24
"c55-h24","c50-h48",0.641239075607159,24
"c55-h48","c50-h48",0.8993744718971,24
"c50-h24","c50-h48",0.702916801997689,24
"c50-h48","c50-h48",1,24
"c45-h24","c50-h48",0.657164440636814,24
"c45-h36","c50-h48",0.807646626098575,24
"c45-h48","c50-h48",0.940174989610201,24
"c45-h60","c50-h48",0.829342414771719,24
"c55-h36","c45-h24",0.681510727204507,24
"c50-h60","c45-h24",0.58575688271499,24
"c50-h36","c45-h24",0.763586706611419,24
"c55-h60","c45-h24",0.523072378128833,24
"c60-h24","c45-h24",0.72258035403123,24
"c60-h36","c45-h24",0.581810448236581,24
"c60-h48","c45-h24",0.510126022883611,24
"c60-h60","c45-h24",0.450818813528061,24
"c55-h24","c45-h24",0.845992919912536,24
"c55-h48","c45-h24",0.585269721062679,24
"c50-h24","c45-h24",0.941582698092425,24
"c50-h48","c45-h24",0.657164440636814,24
"c45-h24","c45-h24",1,24
"c45-h36","c45-h24",0.805360666868935,24
"c45-h48","c45-h24",0.702134229177289,24
"c45-h60","c45-h24",0.625549742304942,24
"c55-h36","c45-h36",0.846758639786018,24
"c50-h60","c45-h36",0.723135113585877,24
"c50-h36","c45-h36",0.940751443068237,24
"c55-h60","c45-h36",0.645889896508339,24
"c60-h24","c45-h36",0.58559569431372,24
"c60-h36","c45-h36",0.722397265845535,24
"c60-h48","c45-h36",0.628227924011233,24
"c60-h60","c45-h36",0.5544723462538,24
"c55-h24","c45-h36",0.679557848312441,24
"c55-h48","c45-h36",0.724920476109293,24
"c50-h24","c45-h36",0.755217013764658,24
"c50-h48","c45-h36",0.807646626098575,24
"c45-h24","c45-h36",0.805360666868935,24
"c45-h36","c45-h36",1,24
"c45-h48","c45-h36",0.864627249138328,24
"c45-h60","c45-h36",0.776062435116845,24
"c55-h36","c45-h48",0.745070296104883,24
"c50-h60","c45-h48",0.835489670341112,24
"c50-h36","c45-h48",0.818808635695652,24
"c55-h60","c45-h48",0.753454393487127,24
"c60-h24","c45-h48",0.520071665257409,24
"c60-h36","c45-h48",0.631873182756404,24
"c60-h48","c45-h48",0.727192498342048,24
"c60-h60","c45-h48",0.638233764067181,24
"c55-h24","c45-h48",0.606884835979968,24
"c55-h48","c45-h48",0.847849396479922,24
"c50-h24","c45-h48",0.663151973218143,24
"c50-h48","c45-h48",0.940174989610201,24
"c45-h24","c45-h48",0.702134229177289,24
"c45-h36","c45-h48",0.864627249138328,24
"c45-h48","c45-h48",1,24
"c45-h60","c45-h48",0.886308365295202,24
"c55-h36","c45-h60",0.672100585523127,24
"c50-h60","c45-h60",0.93896734440829,24
"c50-h36","c45-h60",0.731384792945835,24
"c55-h60","c45-h60",0.848603686488595,24
"c60-h24","c45-h60",0.474847730533736,24
"c60-h36","c45-h60",0.580745789446979,24
"c60-h48","c45-h60",0.65509245687766,24
"c60-h60","c45-h60",0.724088827443307,24
"c55-h24","c45-h60",0.5447083753043,24
"c55-h48","c45-h60",0.751659585251312,24
"c50-h24","c45-h60",0.589032429143968,24
"c50-h48","c45-h60",0.829342414771719,24
"c45-h24","c45-h60",0.625549742304942,24
"c45-h36","c45-h60",0.776062435116845,24
"c45-h48","c45-h60",0.886308365295202,24
"c45-h60","c45-h60",1,24
"c55-h60","c55-h60",1,25
"c55-h36","c55-h60",0.778497708952706,25
"c50-h60","c55-h60",0.909395478883103,25
"c50-h36","c55-h60",0.699479238868418,25
"c55-h60","c55-h36",0.778497708952706,25
"c55-h36","c55-h36",1,25
"c50-h60","c55-h36",0.714339841987463,25
"c50-h36","c55-h36",0.913285465061367,25
"c55-h60","c50-h60",0.909395478883103,25
"c55-h36","c50-h60",0.714339841987463,25
"c50-h60","c50-h60",1,25
"c50-h36","c50-h60",0.77295559016885,25
"c55-h60","c50-h36",0.699479238868418,25
"c55-h36","c50-h36",0.913285465061367,25
"c50-h60","c50-h36",0.77295559016885,25
"c50-h36","c50-h36",1,25
"c50-h60","c50-h60",1,26
"c50-h36","c50-h60",0.764080005927077,26
"c55-h60","c50-h60",0.915063123397751,26
"c55-h36","c50-h60",0.694304348172758,26
"c50-h60","c50-h36",0.764080005927077,26
"c50-h36","c50-h36",1,26
"c55-h60","c50-h36",0.70062914116996,26
"c55-h36","c50-h36",0.910881133187055,26
"c50-h60","c55-h60",0.915063123397751,26
"c50-h36","c55-h60",0.70062914116996,26
"c55-h60","c55-h60",1,26
"c55-h36","c55-h60",0.765236033222785,26
"c50-h60","c55-h36",0.694304348172758,26
"c50-h36","c55-h36",0.910881133187055,26
"c55-h60","c55-h36",0.765236033222785,26
"c55-h36","c55-h36",1,26
"c55-h36","c55-h36",1,27
"c55-h60","c55-h36",0.762563960175525,27
"c50-h36","c55-h36",0.911786092960408,27
"c50-h60","c55-h36",0.701455903935334,27
"c55-h36","c55-h60",0.762563960175525,27
"c55-h60","c55-h60",1,27
"c50-h36","c55-h60",0.694009494643183,27
"c50-h60","c55-h60",0.912155556607228,27
"c55-h36","c50-h36",0.911786092960408,27
"c55-h60","c50-h36",0.694009494643183,27
"c50-h36","c50-h36",1,27
"c50-h60","c50-h36",0.769579862253455,27
"c55-h36","c50-h60",0.701455903935334,27
"c55-h60","c50-h60",0.912155556607228,27
"c50-h36","c50-h60",0.769579862253455,27
"c50-h60","c50-h60",1,27
"c55-h36","c55-h36",1,28
"c55-h60","c55-h36",0.764372642357736,28
"c50-h60","c55-h36",0.697512920526568,28
"c50-h36","c55-h36",0.90889851805543,28
"c55-h36","c55-h60",0.764372642357736,28
"c55-h60","c55-h60",1,28
"c50-h60","c55-h60",0.910858825653359,28
"c50-h36","c55-h60",0.692371671688337,28
"c55-h36","c50-h60",0.697512920526568,28
"c55-h60","c50-h60",0.910858825653359,28
"c50-h60","c50-h60",1,28
"c50-h36","c50-h60",0.765854883466201,28
"c55-h36","c50-h36",0.90889851805543,28
"c55-h60","c50-h36",0.692371671688337,28
"c50-h60","c50-h36",0.765854883466201,28
"c50-h36","c50-h36",1,28
"c55-h36","c55-h36",1,29
"c50-h60","c55-h36",0.682601850125458,29
"c50-h36","c55-h36",0.904752646206546,29
"c55-h60","c55-h36",0.765365100519282,29
"c55-h36","c50-h60",0.682601850125458,29
"c50-h60","c50-h60",1,29
"c50-h36","c50-h60",0.761964513218563,29
"c55-h60","c50-h60",0.900858911356727,29
"c55-h36","c50-h36",0.904752646206546,29
"c50-h60","c50-h36",0.761964513218563,29
"c50-h36","c50-h36",1,29
"c55-h60","c50-h36",0.693244831893862,29
"c55-h36","c55-h60",0.765365100519282,29
"c50-h60","c55-h60",0.900858911356727,29
"c50-h36","c55-h60",0.693244831893862,29
"c55-h60","c55-h60",1,29
"c50-h60","c50-h60",1,30
"c55-h36","c50-h60",0.694116957313714,30
"c55-h60","c50-h60",0.908172554139697,30
"c50-h36","c50-h60",0.756268505507736,30
"c50-h60","c55-h36",0.694116957313714,30
"c55-h36","c55-h36",1,30
"c55-h60","c55-h36",0.748471382134952,30
"c50-h36","c55-h36",0.910131637850465,30
"c50-h60","c55-h60",0.908172554139697,30
"c55-h36","c55-h60",0.748471382134952,30
"c55-h60","c55-h60",1,30
"c50-h36","c55-h60",0.671426922339018,30
"c50-h60","c50-h36",0.756268505507736,30
"c55-h36","c50-h36",0.910131637850465,30
"c55-h60","c50-h36",0.671426922339018,30
"c50-h36","c50-h36",1,30
"c55-h60","c55-h60",1,31
"c55-h36","c55-h60",0.766279597377422,31
"c50-h36","c55-h60",0.699192155317538,31
"c50-h60","c55-h60",0.907820665070064,31
"c45-h48","c55-h60",0.765594796526428,31
"c45-h60","c55-h60",0.866658261255527,31
"c55-h24","c55-h60",0.630032041972095,31
"c55-h48","c55-h60",0.888052734342176,31
"c50-h24","c55-h60",0.577904412970515,31
"c50-h48","c55-h60",0.802361252073908,31
"c45-h24","c55-h60",0.547659390203418,31
"c45-h36","c55-h60",0.666141412414194,31
"c60-h24","c55-h60",0.537568570344763,31
"c60-h36","c55-h60",0.661054549384075,31
"c60-h48","c55-h60",0.764833778432253,31
"c60-h60","c55-h60",0.848007287134649,31
"c55-h60","c55-h36",0.766279597377422,31
"c55-h36","c55-h36",1,31
"c50-h36","c55-h36",0.913535628948179,31
"c50-h60","c55-h36",0.70261909306052,31
"c45-h48","c55-h36",0.747655604575486,31
"c45-h60","c55-h36",0.674855784703993,31
"c55-h24","c55-h36",0.820581510430936,31
"c55-h48","c55-h36",0.857848927140254,31
"c50-h24","c55-h36",0.754517247973608,31
"c50-h48","c55-h36",0.777624055817253,31
"c45-h24","c55-h36",0.716467073724317,31
"c45-h36","c55-h36",0.871279062650818,31
"c60-h24","c55-h36",0.70151731595421,31
"c60-h36","c55-h36",0.865164788675704,31
"c60-h48","c55-h36",0.739396540782626,31
"c60-h60","c55-h36",0.652410845996528,31
"c55-h60","c50-h36",0.699192155317538,31
"c55-h36","c50-h36",0.913535628948179,31
"c50-h36","c50-h36",1,31
"c50-h60","c50-h36",0.772729071812121,31
"c45-h48","c50-h36",0.821669371807559,31
"c45-h60","c50-h36",0.73859158719594,31
"c55-h24","c50-h36",0.739574318358695,31
"c55-h48","c50-h36",0.789109312614542,31
"c50-h24","c50-h36",0.817296753233961,31
"c50-h48","c50-h36",0.859402672278098,31
"c45-h24","c50-h36",0.773330231875122,31
"c45-h36","c50-h36",0.953088287664558,31
"c60-h24","c50-h36",0.639140049144203,31
"c60-h36","c50-h36",0.791683492701701,31
"c60-h48","c50-h36",0.684136529049343,31
"c60-h60","c50-h36",0.598351250671124,31
"c55-h60","c50-h60",0.907820665070064,31
"c55-h36","c50-h60",0.70261909306052,31
"c50-h36","c50-h60",0.772729071812121,31
"c50-h60","c50-h60",1,31
"c45-h48","c50-h60",0.844435126866482,31
"c45-h60","c50-h60",0.951335838972579,31
"c55-h24","c50-h60",0.569814415128212,31
"c55-h48","c50-h60",0.812919061088462,31
"c50-h24","c50-h60",0.629889411122315,31
"c50-h48","c50-h60",0.890154825822644,31
"c45-h24","c50-h60",0.594019889654799,31
"c45-h36","c50-h60",0.735955874439101,31
"c60-h24","c50-h60",0.48965756292221,31
"c60-h36","c50-h60",0.604938075849978,31
"c60-h48","c50-h60",0.701949350645124,31
"c60-h60","c50-h60",0.773075491510929,31
"c55-h60","c45-h48",0.765594796526428,31
"c55-h36","c45-h48",0.747655604575486,31
"c50-h36","c45-h48",0.821669371807559,31
"c50-h60","c45-h48",0.844435126866482,31
"c45-h48","c45-h48",1,31
"c45-h60","c45-h48",0.887287526914886,31
"c55-h24","c45-h48",0.609313774101427,31
"c55-h48","c45-h48",0.873492918801384,31
"c50-h24","c45-h48",0.675399889237833,31
"c50-h48","c45-h48",0.952339344870258,31
"c45-h24","c45-h48",0.706235045973232,31
"c45-h36","c45-h48",0.865292794770427,31
"c60-h24","c45-h48",0.519127372798682,31
"c60-h36","c45-h48",0.636742046471403,31
"c60-h48","c45-h48",0.744022067884569,31
"c60-h60","c45-h48",0.642709374654356,31
"c55-h60","c45-h60",0.866658261255527,31
"c55-h36","c45-h60",0.674855784703993,31
"c50-h36","c45-h60",0.73859158719594,31
"c50-h60","c45-h60",0.951335838972579,31
"c45-h48","c45-h60",0.887287526914886,31
"c45-h60","c45-h60",1,31
"c55-h24","c45-h60",0.553604641142688,31
"c55-h48","c45-h60",0.777469274878525,31
"c50-h24","c45-h60",0.606947759182148,31
"c50-h48","c45-h60",0.846482288346383,31
"c45-h24","c45-h60",0.6321127769748,31
"c45-h36","c45-h60",0.777021252421109,31
"c60-h24","c45-h60",0.472883639562384,31
"c60-h36","c45-h60",0.577082314284095,31
"c60-h48","c45-h60",0.667485295138955,31
"c60-h60","c45-h60",0.736617995060728,31
"c55-h60","c55-h24",0.630032041972095,31
"c55-h36","c55-h24",0.820581510430936,31
"c50-h36","c55-h24",0.739574318358695,31
"c50-h60","c55-h24",0.569814415128212,31
"c45-h48","c55-h24",0.609313774101427,31
"c45-h60","c55-h24",0.553604641142688,31
"c55-h24","c55-h24",1,31
"c55-h48","c55-h24",0.700410279636084,31
"c50-h24","c55-h24",0.911022670143676,31
"c50-h48","c55-h24",0.627170200096295,31
"c45-h24","c55-h24",0.87152827484374,31
"c45-h36","c55-h24",0.713360991059059,31
"c60-h24","c55-h24",0.858556915733037,31
"c60-h36","c55-h24",0.714780409024162,31
"c60-h48","c55-h24",0.610883115512169,31
"c60-h60","c55-h24",0.536319567331157,31
"c55-h60","c55-h48",0.888052734342176,31
"c55-h36","c55-h48",0.857848927140254,31
"c50-h36","c55-h48",0.789109312614542,31
"c50-h60","c55-h48",0.812919061088462,31
"c45-h48","c55-h48",0.873492918801384,31
"c45-h60","c55-h48",0.777469274878525,31
"c55-h24","c55-h48",0.700410279636084,31
"c55-h48","c55-h48",1,31
"c50-h24","c55-h48",0.649501921957042,31
"c50-h48","c55-h48",0.911325651448091,31
"c45-h24","c55-h48",0.619335640803392,31
"c45-h36","c55-h48",0.753662050784207,31
"c60-h24","c55-h48",0.595871222001677,31
"c60-h36","c55-h48",0.736156429161199,31
"c60-h48","c55-h48",0.855359447282494,31
"c60-h60","c55-h48",0.746770116709601,31
"c55-h60","c50-h24",0.577904412970515,31
"c55-h36","c50-h24",0.754517247973608,31
"c50-h36","c50-h24",0.817296753233961,31
"c50-h60","c50-h24",0.629889411122315,31
"c45-h48","c50-h24",0.675399889237833,31
"c45-h60","c50-h24",0.606947759182148,31
"c55-h24","c50-h24",0.911022670143676,31
"c55-h48","c50-h24",0.649501921957042,31
"c50-h24","c50-h24",1,31
"c50-h48","c50-h24",0.700750517659614,31
"c45-h24","c50-h24",0.953824773074735,31
"c45-h36","c50-h24",0.786249053998774,31
"c60-h24","c50-h24",0.787524510152296,31
"c60-h36","c50-h24",0.658532571030782,31
"c60-h48","c50-h24",0.571855577281,31
"c60-h60","c50-h24",0.494534577856219,31
"c55-h60","c50-h48",0.802361252073908,31
"c55-h36","c50-h48",0.777624055817253,31
"c50-h36","c50-h48",0.859402672278098,31
"c50-h60","c50-h48",0.890154825822644,31
"c45-h48","c50-h48",0.952339344870258,31
"c45-h60","c50-h48",0.846482288346383,31
"c55-h24","c50-h48",0.627170200096295,31
"c55-h48","c50-h48",0.911325651448091,31
"c50-h24","c50-h48",0.700750517659614,31
"c50-h48","c50-h48",1,31
"c45-h24","c50-h48",0.664638217483764,31
"c45-h36","c50-h48",0.820138817393776,31
"c60-h24","c50-h48",0.538821015778107,31
"c60-h36","c50-h48",0.66652757020776,31
"c60-h48","c50-h48",0.780481760913715,31
"c60-h60","c50-h48",0.675420759059405,31
"c55-h60","c45-h24",0.547659390203418,31
"c55-h36","c45-h24",0.716467073724317,31
"c50-h36","c45-h24",0.773330231875122,31
"c50-h60","c45-h24",0.594019889654799,31
"c45-h48","c45-h24",0.706235045973232,31
"c45-h60","c45-h24",0.6321127769748,31
"c55-h24","c45-h24",0.87152827484374,31
"c55-h48","c45-h24",0.619335640803392,31
"c50-h24","c45-h24",0.953824773074735,31
"c50-h48","c45-h24",0.664638217483764,31
"c45-h24","c45-h24",1,31
"c45-h36","c45-h24",0.818402600592046,31
"c60-h24","c45-h24",0.748673194521219,31
"c60-h36","c45-h24",0.621899423338452,31
"c60-h48","c45-h24",0.540033348887915,31
"c60-h60","c45-h24",0.465511156711949,31
"c55-h60","c45-h36",0.666141412414194,31
"c55-h36","c45-h36",0.871279062650818,31
"c50-h36","c45-h36",0.953088287664558,31
"c50-h60","c45-h36",0.735955874439101,31
"c45-h48","c45-h36",0.865292794770427,31
"c45-h60","c45-h36",0.777021252421109,31
"c55-h24","c45-h36",0.713360991059059,31
"c55-h48","c45-h36",0.753662050784207,31
"c50-h24","c45-h36",0.786249053998774,31
"c50-h48","c45-h36",0.820138817393776,31
"c45-h24","c45-h36",0.818402600592046,31
"c45-h36","c45-h36",1,31
"c60-h24","c45-h36",0.612557790924059,31
"c60-h36","c45-h36",0.751436280658117,31
"c60-h48","c45-h36",0.649776127917437,31
"c60-h60","c45-h36",0.568408135888299,31
"c55-h60","c60-h24",0.537568570344763,31
"c55-h36","c60-h24",0.70151731595421,31
"c50-h36","c60-h24",0.639140049144203,31
"c50-h60","c60-h24",0.48965756292221,31
"c45-h48","c60-h24",0.519127372798682,31
"c45-h60","c60-h24",0.472883639562384,31
"c55-h24","c60-h24",0.858556915733037,31
"c55-h48","c60-h24",0.595871222001677,31
"c50-h24","c60-h24",0.787524510152296,31
"c50-h48","c60-h24",0.538821015778107,31
"c45-h24","c60-h24",0.748673194521219,31
"c45-h36","c60-h24",0.612557790924059,31
"c60-h24","c60-h24",1,31
"c60-h36","c60-h24",0.820447191286816,31
"c60-h48","c60-h24",0.703765194941917,31
"c60-h60","c60-h24",0.624270268168554,31
"c55-h60","c60-h36",0.661054549384075,31
"c55-h36","c60-h36",0.865164788675704,31
"c50-h36","c60-h36",0.791683492701701,31
"c50-h60","c60-h36",0.604938075849978,31
"c45-h48","c60-h36",0.636742046471403,31
"c45-h60","c60-h36",0.577082314284095,31
"c55-h24","c60-h36",0.714780409024162,31
"c55-h48","c60-h36",0.736156429161199,31
"c50-h24","c60-h36",0.658532571030782,31
"c50-h48","c60-h36",0.66652757020776,31
"c45-h24","c60-h36",0.621899423338452,31
"c45-h36","c60-h36",0.751436280658117,31
"c60-h24","c60-h36",0.820447191286816,31
"c60-h36","c60-h36",1,31
"c60-h48","c60-h36",0.858598533599027,31
"c60-h60","c60-h36",0.766325541089958,31
"c55-h60","c60-h48",0.764833778432253,31
"c55-h36","c60-h48",0.739396540782626,31
"c50-h36","c60-h48",0.684136529049343,31
"c50-h60","c60-h48",0.701949350645124,31
"c45-h48","c60-h48",0.744022067884569,31
"c45-h60","c60-h48",0.667485295138955,31
"c55-h24","c60-h48",0.610883115512169,31
"c55-h48","c60-h48",0.855359447282494,31
"c50-h24","c60-h48",0.571855577281,31
"c50-h48","c60-h48",0.780481760913715,31
"c45-h24","c60-h48",0.540033348887915,31
"c45-h36","c60-h48",0.649776127917437,31
"c60-h24","c60-h48",0.703765194941917,31
"c60-h36","c60-h48",0.858598533599027,31
"c60-h48","c60-h48",1,31
"c60-h60","c60-h48",0.888505403998245,31
"c55-h60","c60-h60",0.848007287134649,31
"c55-h36","c60-h60",0.652410845996528,31
"c50-h36","c60-h60",0.598351250671124,31
"c50-h60","c60-h60",0.773075491510929,31
"c45-h48","c60-h60",0.642709374654356,31
"c45-h60","c60-h60",0.736617995060728,31
"c55-h24","c60-h60",0.536319567331157,31
"c55-h48","c60-h60",0.746770116709601,31
"c50-h24","c60-h60",0.494534577856219,31
"c50-h48","c60-h60",0.675420759059405,31
"c45-h24","c60-h60",0.465511156711949,31
"c45-h36","c60-h60",0.568408135888299,31
"c60-h24","c60-h60",0.624270268168554,31
"c60-h36","c60-h60",0.766325541089958,31
"c60-h48","c60-h60",0.888505403998245,31
"c60-h60","c60-h60",1,31
"c55-h60","c55-h60",1,32
"c50-h36","c55-h60",0.689064432033707,32
"c55-h36","c55-h60",0.765326342999678,32
"c50-h60","c55-h60",0.910020074193486,32
"c45-h60","c55-h60",0.86166323437606,32
"c55-h48","c55-h60",0.892181339454584,32
"c55-h24","c55-h60",0.603331600418362,32
"c60-h24","c55-h60",0.533076558995477,32
"c60-h36","c55-h60",0.658724753138723,32
"c60-h48","c55-h60",0.761083507268894,32
"c60-h60","c55-h60",0.854190462924078,32
"c45-h24","c55-h60",0.515999084643872,32
"c45-h36","c55-h60",0.659648346519872,32
"c50-h24","c55-h60",0.537840133909588,32
"c50-h48","c55-h60",0.812562454660788,32
"c45-h48","c55-h60",0.772105021020741,32
"c55-h60","c50-h36",0.689064432033707,32
"c50-h36","c50-h36",1,32
"c55-h36","c50-h36",0.90976731356426,32
"c50-h60","c50-h36",0.761008633646562,32
"c45-h60","c50-h36",0.719319412761123,32
"c55-h48","c50-h36",0.774323244051581,32
"c55-h24","c50-h36",0.732927944532736,32
"c60-h24","c50-h36",0.629224699870614,32
"c60-h36","c50-h36",0.772340771687555,32
"c60-h48","c50-h36",0.657953891895318,32
"c60-h60","c50-h36",0.585722098861835,32
"c45-h24","c50-h36",0.762095379168159,32
"c45-h36","c50-h36",0.951267445289081,32
"c50-h24","c50-h36",0.804612262370673,32
"c50-h48","c50-h36",0.855185714102526,32
"c45-h48","c50-h36",0.807708125997759,32
"c55-h60","c55-h36",0.765326342999678,32
"c50-h36","c55-h36",0.90976731356426,32
"c55-h36","c55-h36",1,32
"c50-h60","c55-h36",0.69648534497585,32
"c45-h60","c55-h36",0.652551108039254,32
"c55-h48","c55-h36",0.859025222117633,32
"c55-h24","c55-h36",0.804002423254507,32
"c60-h24","c55-h36",0.697046235455917,32
"c60-h36","c55-h36",0.856837409577868,32
"c60-h48","c55-h36",0.737157818863086,32
"c60-h60","c55-h36",0.655528215237071,32
"c45-h24","c55-h36",0.686130589006306,32
"c45-h36","c55-h36",0.860380056350411,32
"c50-h24","c55-h36",0.726281740043023,32
"c50-h48","c55-h36",0.782470055962417,32
"c45-h48","c55-h36",0.735187747431275,32
"c55-h60","c50-h60",0.910020074193486,32
"c50-h36","c50-h60",0.761008633646562,32
"c55-h36","c50-h60",0.69648534497585,32
"c50-h60","c50-h60",1,32
"c45-h60","c50-h60",0.952797154312393,32
"c55-h48","c50-h60",0.807400912148214,32
"c55-h24","c50-h60",0.544285284751225,32
"c60-h24","c50-h60",0.480305500074596,32
"c60-h36","c50-h60",0.596989350725868,32
"c60-h48","c50-h60",0.684199272339435,32
"c60-h60","c50-h60",0.773630482297105,32
"c45-h24","c50-h60",0.573982747855997,32
"c45-h36","c50-h60",0.733148923161762,32
"c50-h24","c50-h60",0.597011570651501,32
"c50-h48","c50-h60",0.890701942260372,32
"c45-h48","c50-h60",0.849255313977435,32
"c55-h60","c45-h60",0.86166323437606,32
"c50-h36","c45-h60",0.719319412761123,32
"c55-h36","c45-h60",0.652551108039254,32
"c50-h60","c45-h60",0.952797154312393,32
"c45-h60","c45-h60",1,32
"c55-h48","c45-h60",0.764431634759493,32
"c55-h24","c45-h60",0.511806721898041,32
"c60-h24","c45-h60",0.456758206480466,32
"c60-h36","c45-h60",0.563663025728572,32
"c60-h48","c45-h60",0.652120529512411,32
"c60-h60","c45-h60",0.736702842331222,32
"c45-h24","c45-h60",0.603739473669502,32
"c45-h36","c45-h60",0.766050659312446,32
"c50-h24","c45-h60",0.567841126437908,32
"c50-h48","c45-h60",0.847600404038893,32
"c45-h48","c45-h60",0.892038613769248,32
"c55-h60","c55-h48",0.892181339454584,32
"c50-h36","c55-h48",0.774323244051581,32
"c55-h36","c55-h48",0.859025222117633,32
"c50-h60","c55-h48",0.807400912148214,32
"c45-h60","c55-h48",0.764431634759493,32
"c55-h48","c55-h48",1,32
"c55-h24","c55-h48",0.688051431287319,32
"c60-h24","c55-h48",0.600310148506909,32
"c60-h36","c55-h48",0.736180435145054,32
"c60-h48","c55-h48",0.853210778291189,32
"c60-h60","c55-h48",0.763646593217233,32
"c45-h24","c55-h48",0.584856713113014,32
"c45-h36","c55-h48",0.740697672421746,32
"c50-h24","c55-h48",0.612225592004988,32
"c50-h48","c55-h48",0.909227367496106,32
"c45-h48","c55-h48",0.86345337795783,32
"c55-h60","c55-h24",0.603331600418362,32
"c50-h36","c55-h24",0.732927944532736,32
"c55-h36","c55-h24",0.804002423254507,32
"c50-h60","c55-h24",0.544285284751225,32
"c45-h60","c55-h24",0.511806721898041,32
"c55-h48","c55-h24",0.688051431287319,32
"c55-h24","c55-h24",1,32
"c60-h24","c55-h24",0.859419604955588,32
"c60-h36","c55-h24",0.678709134816779,32
"c60-h48","c55-h24",0.584587400587873,32
"c60-h60","c55-h24",0.51300555574709,32
"c45-h24","c55-h24",0.865554393320866,32
"c45-h36","c55-h24",0.697433830284849,32
"c50-h24","c55-h24",0.909048964684987,32
"c50-h48","c55-h24",0.624245208650164,32
"c45-h48","c55-h24",0.590318297230926,32
"c55-h60","c60-h24",0.533076558995477,32
"c50-h36","c60-h24",0.629224699870614,32
"c55-h36","c60-h24",0.697046235455917,32
"c50-h60","c60-h24",0.480305500074596,32
"c45-h60","c60-h24",0.456758206480466,32
"c55-h48","c60-h24",0.600310148506909,32
"c55-h24","c60-h24",0.859419604955588,32
"c60-h24","c60-h24",1,32
"c60-h36","c60-h24",0.803325269885929,32
"c60-h48","c60-h24",0.699732648113829,32
"c60-h60","c60-h24",0.621625239100584,32
"c45-h24","c60-h24",0.742501825848452,32
"c45-h36","c60-h24",0.601905952447051,32
"c50-h24","c60-h24",0.777432481091227,32
"c50-h48","c60-h24",0.54095516770583,32
"c45-h48","c60-h24",0.516776996634973,32
"c55-h60","c60-h36",0.658724753138723,32
"c50-h36","c60-h36",0.772340771687555,32
"c55-h36","c60-h36",0.856837409577868,32
"c50-h60","c60-h36",0.596989350725868,32
"c45-h60","c60-h36",0.563663025728572,32
"c55-h48","c60-h36",0.736180435145054,32
"c55-h24","c60-h36",0.678709134816779,32
"c60-h24","c60-h36",0.803325269885929,32
"c60-h36","c60-h36",1,32
"c60-h48","c60-h36",0.865373063563347,32
"c60-h60","c60-h36",0.773080261703292,32
"c45-h24","c60-h36",0.57762585084505,32
"c45-h36","c60-h36",0.733160512843661,32
"c50-h24","c60-h36",0.609842510733055,32
"c50-h48","c60-h36",0.665303510848294,32
"c45-h48","c60-h36",0.628711859858631,32
"c55-h60","c60-h48",0.761083507268894,32
"c50-h36","c60-h48",0.657953891895318,32
"c55-h36","c60-h48",0.737157818863086,32
"c50-h60","c60-h48",0.684199272339435,32
"c45-h60","c60-h48",0.652120529512411,32
"c55-h48","c60-h48",0.853210778291189,32
"c55-h24","c60-h48",0.584587400587873,32
"c60-h24","c60-h48",0.699732648113829,32
"c60-h36","c60-h48",0.865373063563347,32
"c60-h48","c60-h48",1,32
"c60-h60","c60-h48",0.893266730976704,32
"c45-h24","c60-h48",0.497177379070072,32
"c45-h36","c60-h48",0.633529876097968,32
"c50-h24","c60-h48",0.516578659423461,32
"c50-h48","c60-h48",0.769688726233633,32
"c45-h48","c60-h48",0.735482110807038,32
"c55-h60","c60-h60",0.854190462924078,32
"c50-h36","c60-h60",0.585722098861835,32
"c55-h36","c60-h60",0.655528215237071,32
"c50-h60","c60-h60",0.773630482297105,32
"c45-h60","c60-h60",0.736702842331222,32
"c55-h48","c60-h60",0.763646593217233,32
"c55-h24","c60-h60",0.51300555574709,32
"c60-h24","c60-h60",0.621625239100584,32
"c60-h36","c60-h60",0.773080261703292,32
"c60-h48","c60-h60",0.893266730976704,32
"c60-h60","c60-h60",1,32
"c45-h24","c60-h60",0.437165920154525,32
"c45-h36","c60-h60",0.564945851174233,32
"c50-h24","c60-h60",0.454664595295946,32
"c50-h48","c60-h60",0.690792655156494,32
"c45-h48","c60-h60",0.661597340982885,32
"c55-h60","c45-h24",0.515999084643872,32
"c50-h36","c45-h24",0.762095379168159,32
"c55-h36","c45-h24",0.686130589006306,32
"c50-h60","c45-h24",0.573982747855997,32
"c45-h60","c45-h24",0.603739473669502,32
"c55-h48","c45-h24",0.584856713113014,32
"c55-h24","c45-h24",0.865554393320866,32
"c60-h24","c45-h24",0.742501825848452,32
"c60-h36","c45-h24",0.57762585084505,32
"c60-h48","c45-h24",0.497177379070072,32
"c60-h60","c45-h24",0.437165920154525,32
"c45-h24","c45-h24",1,32
"c45-h36","c45-h24",0.806426472488462,32
"c50-h24","c45-h24",0.953335120438026,32
"c50-h48","c45-h24",0.65151605646729,32
"c45-h48","c45-h24",0.685994496571317,32
"c55-h60","c45-h36",0.659648346519872,32
"c50-h36","c45-h36",0.951267445289081,32
"c55-h36","c45-h36",0.860380056350411,32
"c50-h60","c45-h36",0.733148923161762,32
"c45-h60","c45-h36",0.766050659312446,32
"c55-h48","c45-h36",0.740697672421746,32
"c55-h24","c45-h36",0.697433830284849,32
"c60-h24","c45-h36",0.601905952447051,32
"c60-h36","c45-h36",0.733160512843661,32
"c60-h48","c45-h36",0.633529876097968,32
"c60-h60","c45-h36",0.564945851174233,32
"c45-h24","c45-h36",0.806426472488462,32
"c45-h36","c45-h36",1,32
"c50-h24","c45-h36",0.77071722499053,32
"c50-h48","c45-h36",0.821937705049111,32
"c45-h48","c45-h36",0.858384887073042,32
"c55-h60","c50-h24",0.537840133909588,32
"c50-h36","c50-h24",0.804612262370673,32
"c55-h36","c50-h24",0.726281740043023,32
"c50-h60","c50-h24",0.597011570651501,32
"c45-h60","c50-h24",0.567841126437908,32
"c55-h48","c50-h24",0.612225592004988,32
"c55-h24","c50-h24",0.909048964684987,32
"c60-h24","c50-h24",0.777432481091227,32
"c60-h36","c50-h24",0.609842510733055,32
"c60-h48","c50-h24",0.516578659423461,32
"c60-h60","c50-h24",0.454664595295946,32
"c45-h24","c50-h24",0.953335120438026,32
"c45-h36","c50-h24",0.77071722499053,32
"c50-h24","c50-h24",1,32
"c50-h48","c50-h24",0.680363446555563,32
"c45-h48","c50-h24",0.64745609282903,32
"c55-h60","c50-h48",0.812562454660788,32
"c50-h36","c50-h48",0.855185714102526,32
"c55-h36","c50-h48",0.782470055962417,32
"c50-h60","c50-h48",0.890701942260372,32
"c45-h60","c50-h48",0.847600404038893,32
"c55-h48","c50-h48",0.909227367496106,32
"c55-h24","c50-h48",0.624245208650164,32
"c60-h24","c50-h48",0.54095516770583,32
"c60-h36","c50-h48",0.665303510848294,32
"c60-h48","c50-h48",0.769688726233633,32
"c60-h60","c50-h48",0.690792655156494,32
"c45-h24","c50-h48",0.65151605646729,32
"c45-h36","c50-h48",0.821937705049111,32
"c50-h24","c50-h48",0.680363446555563,32
"c50-h48","c50-h48",1,32
"c45-h48","c50-h48",0.951306641719705,32
"c55-h60","c45-h48",0.772105021020741,32
"c50-h36","c45-h48",0.807708125997759,32
"c55-h36","c45-h48",0.735187747431275,32
"c50-h60","c45-h48",0.849255313977435,32
"c45-h60","c45-h48",0.892038613769248,32
"c55-h48","c45-h48",0.86345337795783,32
"c55-h24","c45-h48",0.590318297230926,32
"c60-h24","c45-h48",0.516776996634973,32
"c60-h36","c45-h48",0.628711859858631,32
"c60-h48","c45-h48",0.735482110807038,32
"c60-h60","c45-h48",0.661597340982885,32
"c45-h24","c45-h48",0.685994496571317,32
"c45-h36","c45-h48",0.858384887073042,32
"c50-h24","c45-h48",0.64745609282903,32
"c50-h48","c45-h48",0.951306641719705,32
"c45-h48","c45-h48",1,32
"c60-h36","c60-h36",1,33
"c55-h36","c60-h36",0.844427920537881,33
"c55-h60","c60-h36",0.656931399256481,33
"c45-h60","c60-h36",0.578797284399545,33
"c50-h36","c60-h36",0.765269824114464,33
"c60-h24","c60-h36",0.819927580217411,33
"c50-h60","c60-h36",0.598231639740425,33
"c55-h24","c60-h36",0.702001402730584,33
"c60-h60","c60-h36",0.78357127156306,33
"c55-h48","c60-h36",0.730501964059328,33
"c50-h24","c60-h36",0.637536294363611,33
"c50-h48","c60-h36",0.663789677064492,33
"c45-h24","c60-h36",0.603792660883224,33
"c45-h36","c60-h36",0.732279846005893,33
"c45-h48","c60-h36",0.638472438288288,33
"c60-h48","c60-h36",0.869360357537338,33
"c60-h36","c55-h36",0.844427920537881,33
"c55-h36","c55-h36",1,33
"c55-h60","c55-h36",0.784048675602748,33
"c45-h60","c55-h36",0.691459955629222,33
"c50-h36","c55-h36",0.913255123815896,33
"c60-h24","c55-h36",0.688519896330031,33
"c50-h60","c55-h36",0.716458334570921,33
"c55-h24","c55-h36",0.824944242491446,33
"c60-h60","c55-h36",0.666296063404276,33
"c55-h48","c55-h36",0.871201026631685,33
"c50-h24","c55-h36",0.756417385305968,33
"c50-h48","c55-h36",0.796246008498787,33
"c45-h24","c55-h36",0.719665779588089,33
"c45-h36","c55-h36",0.872637069034556,33
"c45-h48","c55-h36",0.766101392692146,33
"c60-h48","c55-h36",0.74141657211882,33
"c60-h36","c55-h60",0.656931399256481,33
"c55-h36","c55-h60",0.784048675602748,33
"c55-h60","c55-h60",1,33
"c45-h60","c55-h60",0.874151914711259,33
"c50-h36","c55-h60",0.712460630808189,33
"c60-h24","c55-h60",0.532397089539591,33
"c50-h60","c55-h60",0.90988396312821,33
"c55-h24","c55-h60",0.648436250580794,33
"c60-h60","c55-h60",0.843369239349912,33
"c55-h48","c55-h60",0.890474344878399,33
"c50-h24","c55-h60",0.591432850016462,33
"c50-h48","c55-h60",0.81257203590727,33
"c45-h24","c55-h60",0.55981816973753,33
"c45-h36","c55-h60",0.678647290019123,33
"c45-h48","c55-h60",0.778381326548749,33
"c60-h48","c55-h60",0.752057123436886,33
"c60-h36","c45-h60",0.578797284399545,33
"c55-h36","c45-h60",0.691459955629222,33
"c55-h60","c45-h60",0.874151914711259,33
"c45-h60","c45-h60",1,33
"c50-h36","c45-h60",0.74745574543302,33
"c60-h24","c45-h60",0.470715625862287,33
"c50-h60","c45-h60",0.952368207513852,33
"c55-h24","c45-h60",0.573523019224056,33
"c60-h60","c45-h60",0.740414267307732,33
"c55-h48","c45-h60",0.783956074397727,33
"c50-h24","c45-h60",0.618755801056679,33
"c50-h48","c45-h60",0.849215346530653,33
"c45-h24","c45-h60",0.640770267935019,33
"c45-h36","c45-h60",0.777661199473883,33
"c45-h48","c45-h60",0.889772856322011,33
"c60-h48","c45-h60",0.663004950719687,33
"c60-h36","c50-h36",0.765269824114464,33
"c55-h36","c50-h36",0.913255123815896,33
"c55-h60","c50-h36",0.712460630808189,33
"c45-h60","c50-h36",0.74745574543302,33
"c50-h36","c50-h36",1,33
"c60-h24","c50-h36",0.614297680290651,33
"c50-h60","c50-h36",0.781209550965017,33
"c55-h24","c50-h36",0.743429096229217,33
"c60-h60","c50-h36",0.605393047413696,33
"c55-h48","c50-h36",0.793499899971032,33
"c50-h24","c50-h36",0.818315481488212,33
"c50-h48","c50-h36",0.866434594829227,33
"c45-h24","c50-h36",0.77678792635738,33
"c45-h36","c50-h36",0.95367314143842,33
"c45-h48","c50-h36",0.828891663016518,33
"c60-h48","c50-h36",0.672787575076529,33
"c60-h36","c60-h24",0.819927580217411,33
"c55-h36","c60-h24",0.688519896330031,33
"c55-h60","c60-h24",0.532397089539591,33
"c45-h60","c60-h24",0.470715625862287,33
"c50-h36","c60-h24",0.614297680290651,33
"c60-h24","c60-h24",1,33
"c50-h60","c60-h24",0.477136189844798,33
"c55-h24","c60-h24",0.849125148564599,33
"c60-h60","c60-h24",0.643143809907258,33
"c55-h48","c60-h24",0.584318091291316,33
"c50-h24","c60-h24",0.767490079632611,33
"c50-h48","c60-h24",0.524881726417075,33
"c45-h24","c60-h24",0.73417916420372,33
"c45-h36","c60-h24",0.595646812696504,33
"c45-h48","c60-h24",0.514081261702109,33
"c60-h48","c60-h24",0.705133853200639,33
"c60-h36","c50-h60",0.598231639740425,33
"c55-h36","c50-h60",0.716458334570921,33
"c55-h60","c50-h60",0.90988396312821,33
"c45-h60","c50-h60",0.952368207513852,33
"c50-h36","c50-h60",0.781209550965017,33
"c60-h24","c50-h60",0.477136189844798,33
"c50-h60","c50-h60",1,33
"c55-h24","c50-h60",0.584745833816593,33
"c60-h60","c50-h60",0.76953869410637,33
"c55-h48","c50-h60",0.812662733263177,33
"c50-h24","c50-h60",0.63984225171384,33
"c50-h48","c50-h60",0.890863471185489,33
"c45-h24","c50-h60",0.601959702285072,33
"c45-h36","c50-h60",0.73908438915708,33
"c45-h48","c50-h60",0.846306794912112,33
"c60-h48","c50-h60",0.686199553267761,33
"c60-h36","c55-h24",0.702001402730584,33
"c55-h36","c55-h24",0.824944242491446,33
"c55-h60","c55-h24",0.648436250580794,33
"c45-h60","c55-h24",0.573523019224056,33
"c50-h36","c55-h24",0.743429096229217,33
"c60-h24","c55-h24",0.849125148564599,33
"c50-h60","c55-h24",0.584745833816593,33
"c55-h24","c55-h24",1,33
"c60-h60","c55-h24",0.559867955282171,33
"c55-h48","c55-h24",0.710180858519326,33
"c50-h24","c55-h24",0.912675005095094,33
"c50-h48","c55-h24",0.641717733172539,33
"c45-h24","c55-h24",0.875743052935454,33
"c45-h36","c55-h24",0.719335468036937,33
"c45-h48","c55-h24",0.626030203303523,33
"c60-h48","c55-h24",0.610666267689737,33
"c60-h36","c60-h60",0.78357127156306,33
"c55-h36","c60-h60",0.666296063404276,33
"c55-h60","c60-h60",0.843369239349912,33
"c45-h60","c60-h60",0.740414267307732,33
"c50-h36","c60-h60",0.605393047413696,33
"c60-h24","c60-h60",0.643143809907258,33
"c50-h60","c60-h60",0.76953869410637,33
"c55-h24","c60-h60",0.559867955282171,33
"c60-h60","c60-h60",1,33
"c55-h48","c60-h60",0.750424109906725,33
"c50-h24","c60-h60",0.51204144903802,33
"c50-h48","c60-h60",0.685171991934264,33
"c45-h24","c60-h60",0.483094570448781,33
"c45-h36","c60-h60",0.577954163714048,33
"c45-h48","c60-h60",0.656645487478032,33
"c60-h48","c60-h60",0.8907648288593,33
"c60-h36","c55-h48",0.730501964059328,33
"c55-h36","c55-h48",0.871201026631685,33
"c55-h60","c55-h48",0.890474344878399,33
"c45-h60","c55-h48",0.783956074397727,33
"c50-h36","c55-h48",0.793499899971032,33
"c60-h24","c55-h48",0.584318091291316,33
"c50-h60","c55-h48",0.812662733263177,33
"c55-h24","c55-h48",0.710180858519326,33
"c60-h60","c55-h48",0.750424109906725,33
"c55-h48","c55-h48",1,33
"c50-h24","c55-h48",0.649730018610022,33
"c50-h48","c55-h48",0.915496271043184,33
"c45-h24","c55-h48",0.618086495930683,33
"c45-h36","c55-h48",0.758621378877982,33
"c45-h48","c55-h48",0.879994276938411,33
"c60-h48","c55-h48",0.845556837246505,33
"c60-h36","c50-h24",0.637536294363611,33
"c55-h36","c50-h24",0.756417385305968,33
"c55-h60","c50-h24",0.591432850016462,33
"c45-h60","c50-h24",0.618755801056679,33
"c50-h36","c50-h24",0.818315481488212,33
"c60-h24","c50-h24",0.767490079632611,33
"c50-h60","c50-h24",0.63984225171384,33
"c55-h24","c50-h24",0.912675005095094,33
"c60-h60","c50-h24",0.51204144903802,33
"c55-h48","c50-h24",0.649730018610022,33
"c50-h24","c50-h24",1,33
"c50-h48","c50-h24",0.703515155521808,33
"c45-h24","c50-h24",0.953680193052635,33
"c45-h36","c50-h24",0.786069734350034,33
"c45-h48","c50-h24",0.678839323039175,33
"c60-h48","c50-h24",0.557374886620159,33
"c60-h36","c50-h48",0.663789677064492,33
"c55-h36","c50-h48",0.796246008498787,33
"c55-h60","c50-h48",0.81257203590727,33
"c45-h60","c50-h48",0.849215346530653,33
"c50-h36","c50-h48",0.866434594829227,33
"c60-h24","c50-h48",0.524881726417075,33
"c50-h60","c50-h48",0.890863471185489,33
"c55-h24","c50-h48",0.641717733172539,33
"c60-h60","c50-h48",0.685171991934264,33
"c55-h48","c50-h48",0.915496271043184,33
"c50-h24","c50-h48",0.703515155521808,33
"c50-h48","c50-h48",1,33
"c45-h24","c50-h48",0.665185057318623,33
"c45-h36","c50-h48",0.82334682071274,33
"c45-h48","c50-h48",0.95235577854489,33
"c60-h48","c50-h48",0.773602070482517,33
"c60-h36","c45-h24",0.603792660883224,33
"c55-h36","c45-h24",0.719665779588089,33
"c55-h60","c45-h24",0.55981816973753,33
"c45-h60","c45-h24",0.640770267935019,33
"c50-h36","c45-h24",0.77678792635738,33
"c60-h24","c45-h24",0.73417916420372,33
"c50-h60","c45-h24",0.601959702285072,33
"c55-h24","c45-h24",0.875743052935454,33
"c60-h60","c45-h24",0.483094570448781,33
"c55-h48","c45-h24",0.618086495930683,33
"c50-h24","c45-h24",0.953680193052635,33
"c50-h48","c45-h24",0.665185057318623,33
"c45-h24","c45-h24",1,33
"c45-h36","c45-h24",0.821034479076339,33
"c45-h48","c45-h24",0.707181804682307,33
"c60-h48","c45-h24",0.527549352761561,33
"c60-h36","c45-h36",0.732279846005893,33
"c55-h36","c45-h36",0.872637069034556,33
"c55-h60","c45-h36",0.678647290019123,33
"c45-h60","c45-h36",0.777661199473883,33
"c50-h36","c45-h36",0.95367314143842,33
"c60-h24","c45-h36",0.595646812696504,33
"c50-h60","c45-h36",0.73908438915708,33
"c55-h24","c45-h36",0.719335468036937,33
"c60-h60","c45-h36",0.577954163714048,33
"c55-h48","c45-h36",0.758621378877982,33
"c50-h24","c45-h36",0.786069734350034,33
"c50-h48","c45-h36",0.82334682071274,33
"c45-h24","c45-h36",0.821034479076339,33
"c45-h36","c45-h36",1,33
"c45-h48","c45-h36",0.867107029839277,33
"c60-h48","c45-h36",0.644129232978492,33
"c60-h36","c45-h48",0.638472438288288,33
"c55-h36","c45-h48",0.766101392692146,33
"c55-h60","c45-h48",0.778381326548749,33
"c45-h60","c45-h48",0.889772856322011,33
"c50-h36","c45-h48",0.828891663016518,33
"c60-h24","c45-h48",0.514081261702109,33
"c50-h60","c45-h48",0.846306794912112,33
"c55-h24","c45-h48",0.626030203303523,33
"c60-h60","c45-h48",0.656645487478032,33
"c55-h48","c45-h48",0.879994276938411,33
"c50-h24","c45-h48",0.678839323039175,33
"c50-h48","c45-h48",0.95235577854489,33
"c45-h24","c45-h48",0.707181804682307,33
"c45-h36","c45-h48",0.867107029839277,33
"c45-h48","c45-h48",1,33
"c60-h48","c45-h48",0.742995182737482,33
"c60-h36","c60-h48",0.869360357537338,33
"c55-h36","c60-h48",0.74141657211882,33
"c55-h60","c60-h48",0.752057123436886,33
"c45-h60","c60-h48",0.663004950719687,33
"c50-h36","c60-h48",0.672787575076529,33
"c60-h24","c60-h48",0.705133853200639,33
"c50-h60","c60-h48",0.686199553267761,33
"c55-h24","c60-h48",0.610666267689737,33
"c60-h60","c60-h48",0.8907648288593,33
"c55-h48","c60-h48",0.845556837246505,33
"c50-h24","c60-h48",0.557374886620159,33
"c50-h48","c60-h48",0.773602070482517,33
"c45-h24","c60-h48",0.527549352761561,33
"c45-h36","c60-h48",0.644129232978492,33
"c45-h48","c60-h48",0.742995182737482,33
"c60-h48","c60-h48",1,33
"c50-h60","c50-h60",1,34
"c55-h36","c50-h60",0.684290138447447,34
"c55-h60","c50-h60",0.9096269700812,34
"c45-h60","c50-h60",0.950592308998761,34
"c55-h24","c50-h60",0.561437205977308,34
"c60-h60","c50-h60",0.7810834823678,34
"c50-h36","c50-h60",0.754254509369871,34
"c60-h48","c50-h60",0.700684816300178,34
"c50-h48","c50-h60",0.891240719162681,34
"c45-h24","c50-h60",0.591941721443232,34
"c45-h36","c50-h60",0.720306330771711,34
"c60-h24","c50-h60",0.489142569057674,34
"c60-h36","c50-h60",0.592382993206012,34
"c45-h48","c50-h60",0.849941519846481,34
"c55-h48","c50-h60",0.80972176974087,34
"c50-h24","c50-h60",0.612048614376006,34
"c50-h60","c55-h36",0.684290138447447,34
"c55-h36","c55-h36",1,34
"c55-h60","c55-h36",0.755712278860287,34
"c45-h60","c55-h36",0.652279227427653,34
"c55-h24","c55-h36",0.812093935187564,34
"c60-h60","c55-h36",0.643978905354757,34
"c50-h36","c55-h36",0.912925468569638,34
"c60-h48","c55-h36",0.727598666910859,34
"c50-h48","c55-h36",0.778150241936902,34
"c45-h24","c55-h36",0.706039154462958,34
"c45-h36","c55-h36",0.870091233635258,34
"c60-h24","c55-h36",0.70105647749119,34
"c60-h36","c55-h36",0.860671512576435,34
"c45-h48","c55-h36",0.74625703474063,34
"c55-h48","c55-h36",0.850798251300647,34
"c50-h24","c55-h36",0.74021617086444,34
"c50-h60","c55-h60",0.9096269700812,34
"c55-h36","c55-h60",0.755712278860287,34
"c55-h60","c55-h60",1,34
"c45-h60","c55-h60",0.864562987727162,34
"c55-h24","c55-h60",0.617411818055097,34
"c60-h60","c55-h60",0.851752334490102,34
"c50-h36","c55-h60",0.689767299481024,34
"c60-h48","c55-h60",0.763391575761693,34
"c50-h48","c55-h60",0.816037181611893,34
"c45-h24","c55-h60",0.542150951698527,34
"c45-h36","c55-h60",0.657412801891811,34
"c60-h24","c55-h60",0.533442517281462,34
"c60-h36","c55-h60",0.647789567143222,34
"c45-h48","c55-h60",0.778652520116354,34
"c55-h48","c55-h60",0.891952246824832,34
"c50-h24","c55-h60",0.560621816694236,34
"c50-h60","c45-h60",0.950592308998761,34
"c55-h36","c45-h60",0.652279227427653,34
"c55-h60","c45-h60",0.864562987727162,34
"c45-h60","c45-h60",1,34
"c55-h24","c45-h60",0.538389493937247,34
"c60-h60","c45-h60",0.746022038550786,34
"c50-h36","c45-h60",0.719544573196844,34
"c60-h48","c45-h60",0.668288490578654,34
"c50-h48","c45-h60",0.843654713544622,34
"c45-h24","c45-h60",0.62848388312747,34
"c45-h36","c45-h60",0.760627800487757,34
"c60-h24","c45-h60",0.468257659166947,34
"c60-h36","c45-h60",0.566634505934439,34
"c45-h48","c45-h60",0.890915535616916,34
"c55-h48","c45-h60",0.76671944548427,34
"c50-h24","c45-h60",0.588575995318964,34
"c50-h60","c55-h24",0.561437205977308,34
"c55-h36","c55-h24",0.812093935187564,34
"c55-h60","c55-h24",0.617411818055097,34
"c45-h60","c55-h24",0.538389493937247,34
"c55-h24","c55-h24",1,34
"c60-h60","c55-h24",0.515638016099319,34
"c50-h36","c55-h24",0.744503582976553,34
"c60-h48","c55-h24",0.576787628079106,34
"c50-h48","c55-h24",0.634010985682643,34
"c45-h24","c55-h24",0.869704320521558,34
"c45-h36","c55-h24",0.70725565759773,34
"c60-h24","c55-h24",0.856592107195506,34
"c60-h36","c55-h24",0.68941683781534,34
"c45-h48","c55-h24",0.608455839886512,34
"c55-h48","c55-h24",0.688831038007362,34
"c50-h24","c55-h24",0.914034632276865,34
"c50-h60","c60-h60",0.7810834823678,34
"c55-h36","c60-h60",0.643978905354757,34
"c55-h60","c60-h60",0.851752334490102,34
"c45-h60","c60-h60",0.746022038550786,34
"c55-h24","c60-h60",0.515638016099319,34
"c60-h60","c60-h60",1,34
"c50-h36","c60-h60",0.590151387282153,34
"c60-h48","c60-h60",0.895662074708695,34
"c50-h48","c60-h60",0.705229617159344,34
"c45-h24","c60-h60",0.456050962380565,34
"c45-h36","c60-h60",0.56661814746705,34
"c60-h24","c60-h60",0.617287617743064,34
"c60-h36","c60-h60",0.759737503710557,34
"c45-h48","c60-h60",0.676220133741434,34
"c55-h48","c60-h60",0.764726415598736,34
"c50-h24","c60-h60",0.468775803851318,34
"c50-h60","c50-h36",0.754254509369871,34
"c55-h36","c50-h36",0.912925468569638,34
"c55-h60","c50-h36",0.689767299481024,34
"c45-h60","c50-h36",0.719544573196844,34
"c55-h24","c50-h36",0.744503582976553,34
"c60-h60","c50-h36",0.590151387282153,34
"c50-h36","c50-h36",1,34
"c60-h48","c50-h36",0.668569960247158,34
"c50-h48","c50-h36",0.852207997585171,34
"c45-h24","c50-h36",0.777815475168222,34
"c45-h36","c50-h36",0.953769854299457,34
"c60-h24","c50-h36",0.645593930434469,34
"c60-h36","c50-h36",0.79135321089326,34
"c45-h48","c50-h36",0.816369883468697,34
"c55-h48","c50-h36",0.775014206517475,34
"c50-h24","c50-h36",0.814078261964964,34
"c50-h60","c60-h48",0.700684816300178,34
"c55-h36","c60-h48",0.727598666910859,34
"c55-h60","c60-h48",0.763391575761693,34
"c45-h60","c60-h48",0.668288490578654,34
"c55-h24","c60-h48",0.576787628079106,34
"c60-h60","c60-h48",0.895662074708695,34
"c50-h36","c60-h48",0.668569960247158,34
"c60-h48","c60-h48",1,34
"c50-h48","c60-h48",0.791637220606932,34
"c45-h24","c60-h48",0.508635809699684,34
"c45-h36","c60-h48",0.638782969878516,34
"c60-h24","c60-h48",0.689933018363951,34
"c60-h36","c60-h48",0.852242452917313,34
"c45-h48","c60-h48",0.758722389302467,34
"c55-h48","c60-h48",0.858230655080414,34
"c50-h24","c60-h48",0.527155954784281,34
"c50-h60","c50-h48",0.891240719162681,34
"c55-h36","c50-h48",0.778150241936902,34
"c55-h60","c50-h48",0.816037181611893,34
"c45-h60","c50-h48",0.843654713544622,34
"c55-h24","c50-h48",0.634010985682643,34
"c60-h60","c50-h48",0.705229617159344,34
"c50-h36","c50-h48",0.852207997585171,34
"c60-h48","c50-h48",0.791637220606932,34
"c50-h48","c50-h48",1,34
"c45-h24","c50-h48",0.657535978074414,34
"c45-h36","c50-h48",0.808661434798874,34
"c60-h24","c50-h48",0.55777344622839,34
"c60-h36","c50-h48",0.677004394491742,34
"c45-h48","c50-h48",0.951665572903177,34
"c55-h48","c50-h48",0.912938789668977,34
"c50-h24","c50-h48",0.689045966914299,34
"c50-h60","c45-h24",0.591941721443232,34
"c55-h36","c45-h24",0.706039154462958,34
"c55-h60","c45-h24",0.542150951698527,34
"c45-h60","c45-h24",0.62848388312747,34
"c55-h24","c45-h24",0.869704320521558,34
"c60-h60","c45-h24",0.456050962380565,34
"c50-h36","c45-h24",0.777815475168222,34
"c60-h48","c45-h24",0.508635809699684,34
"c50-h48","c45-h24",0.657535978074414,34
"c45-h24","c45-h24",1,34
"c45-h36","c45-h24",0.815332371651076,34
"c60-h24","c45-h24",0.744883854296401,34
"c60-h36","c45-h24",0.605492463833744,34
"c45-h48","c45-h24",0.697986832371919,34
"c55-h48","c45-h24",0.596447136208894,34
"c50-h24","c45-h24",0.955038530802973,34
"c50-h60","c45-h36",0.720306330771711,34
"c55-h36","c45-h36",0.870091233635258,34
"c55-h60","c45-h36",0.657412801891811,34
"c45-h60","c45-h36",0.760627800487757,34
"c55-h24","c45-h36",0.70725565759773,34
"c60-h60","c45-h36",0.56661814746705,34
"c50-h36","c45-h36",0.953769854299457,34
"c60-h48","c45-h36",0.638782969878516,34
"c50-h48","c45-h36",0.808661434798874,34
"c45-h24","c45-h36",0.815332371651076,34
"c45-h36","c45-h36",1,34
"c60-h24","c45-h36",0.612961600183332,34
"c60-h36","c45-h36",0.755953251828754,34
"c45-h48","c45-h36",0.855368353267409,34
"c55-h48","c45-h36",0.734564830559251,34
"c50-h24","c45-h36",0.776464123848986,34
"c50-h60","c60-h24",0.489142569057674,34
"c55-h36","c60-h24",0.70105647749119,34
"c55-h60","c60-h24",0.533442517281462,34
"c45-h60","c60-h24",0.468257659166947,34
"c55-h24","c60-h24",0.856592107195506,34
"c60-h60","c60-h24",0.617287617743064,34
"c50-h36","c60-h24",0.645593930434469,34
"c60-h48","c60-h24",0.689933018363951,34
"c50-h48","c60-h24",0.55777344622839,34
"c45-h24","c60-h24",0.744883854296401,34
"c45-h36","c60-h24",0.612961600183332,34
"c60-h24","c60-h24",1,34
"c60-h36","c60-h24",0.809513008730124,34
"c45-h48","c60-h24",0.534236628548104,34
"c55-h48","c60-h24",0.599826281958066,34
"c50-h24","c60-h24",0.782267211529102,34
"c50-h60","c60-h36",0.592382993206012,34
"c55-h36","c60-h36",0.860671512576435,34
"c55-h60","c60-h36",0.647789567143222,34
"c45-h60","c60-h36",0.566634505934439,34
"c55-h24","c60-h36",0.68941683781534,34
"c60-h60","c60-h36",0.759737503710557,34
"c50-h36","c60-h36",0.79135321089326,34
"c60-h48","c60-h36",0.852242452917313,34
"c50-h48","c60-h36",0.677004394491742,34
"c45-h24","c60-h36",0.605492463833744,34
"c45-h36","c60-h36",0.755953251828754,34
"c60-h24","c60-h36",0.809513008730124,34
"c60-h36","c60-h36",1,34
"c45-h48","c60-h36",0.650390885540004,34
"c55-h48","c60-h36",0.73322395570266,34
"c50-h24","c60-h36",0.631850125320734,34
"c50-h60","c45-h48",0.849941519846481,34
"c55-h36","c45-h48",0.74625703474063,34
"c55-h60","c45-h48",0.778652520116354,34
"c45-h60","c45-h48",0.890915535616916,34
"c55-h24","c45-h48",0.608455839886512,34
"c60-h60","c45-h48",0.676220133741434,34
"c50-h36","c45-h48",0.816369883468697,34
"c60-h48","c45-h48",0.758722389302467,34
"c50-h48","c45-h48",0.951665572903177,34
"c45-h24","c45-h48",0.697986832371919,34
"c45-h36","c45-h48",0.855368353267409,34
"c60-h24","c45-h48",0.534236628548104,34
"c60-h36","c45-h48",0.650390885540004,34
"c45-h48","c45-h48",1,34
"c55-h48","c45-h48",0.869965659499078,34
"c50-h24","c45-h48",0.662923563736262,34
"c50-h60","c55-h48",0.80972176974087,34
"c55-h36","c55-h48",0.850798251300647,34
"c55-h60","c55-h48",0.891952246824832,34
"c45-h60","c55-h48",0.76671944548427,34
"c55-h24","c55-h48",0.688831038007362,34
"c60-h60","c55-h48",0.764726415598736,34
"c50-h36","c55-h48",0.775014206517475,34
"c60-h48","c55-h48",0.858230655080414,34
"c50-h48","c55-h48",0.912938789668977,34
"c45-h24","c55-h48",0.596447136208894,34
"c45-h36","c55-h48",0.734564830559251,34
"c60-h24","c55-h48",0.599826281958066,34
"c60-h36","c55-h48",0.73322395570266,34
"c45-h48","c55-h48",0.869965659499078,34
"c55-h48","c55-h48",1,34
"c50-h24","c55-h48",0.624877331899033,34
"c50-h60","c50-h24",0.612048614376006,34
"c55-h36","c50-h24",0.74021617086444,34
"c55-h60","c50-h24",0.560621816694236,34
"c45-h60","c50-h24",0.588575995318964,34
"c55-h24","c50-h24",0.914034632276865,34
"c60-h60","c50-h24",0.468775803851318,34
"c50-h36","c50-h24",0.814078261964964,34
"c60-h48","c50-h24",0.527155954784281,34
"c50-h48","c50-h24",0.689045966914299,34
"c45-h24","c50-h24",0.955038530802973,34
"c45-h36","c50-h24",0.776464123848986,34
"c60-h24","c50-h24",0.782267211529102,34
"c60-h36","c50-h24",0.631850125320734,34
"c45-h48","c50-h24",0.662923563736262,34
"c55-h48","c50-h24",0.624877331899033,34
"c50-h24","c50-h24",1,34
"c60-h24","c60-h24",1,35
"c55-h36","c60-h24",0.677557329717118,35
"c50-h36","c60-h24",0.616068537142886,35
"c55-h60","c60-h24",0.513197999518293,35
"c50-h60","c60-h24",0.458074609990754,35
"c45-h60","c60-h24",0.437898142577831,35
"c60-h60","c60-h24",0.616255131601109,35
"c50-h48","c60-h24",0.525363663967599,35
"c45-h24","c60-h24",0.74268516044672,35
"c55-h24","c60-h24",0.850952956074154,35
"c45-h36","c60-h24",0.580157629478997,35
"c55-h48","c60-h24",0.586091715685894,35
"c45-h48","c60-h24",0.500375150329449,35
"c50-h24","c60-h24",0.772758795212752,35
"c60-h36","c60-h24",0.807711620723701,35
"c60-h48","c60-h24",0.694562047047006,35
"c60-h24","c55-h36",0.677557329717118,35
"c55-h36","c55-h36",1,35
"c50-h36","c55-h36",0.907808460289928,35
"c55-h60","c55-h36",0.765523147567073,35
"c50-h60","c55-h36",0.686767969304324,35
"c45-h60","c55-h36",0.656431103109237,35
"c60-h60","c55-h36",0.641802525447895,35
"c50-h48","c55-h36",0.77584882642811,35
"c45-h24","c55-h36",0.703121343780776,35
"c55-h24","c55-h36",0.811296103936623,35
"c45-h36","c55-h36",0.863641323797833,35
"c55-h48","c55-h36",0.85820232817672,35
"c45-h48","c55-h36",0.742032309643165,35
"c50-h24","c55-h36",0.732758618342836,35
"c60-h36","c55-h36",0.843679377995754,35
"c60-h48","c55-h36",0.714960496097293,35
"c60-h24","c50-h36",0.616068537142886,35
"c55-h36","c50-h36",0.907808460289928,35
"c50-h36","c50-h36",1,35
"c55-h60","c50-h36",0.69644146426905,35
"c50-h60","c50-h36",0.762769556682933,35
"c45-h60","c50-h36",0.73032738904119,35
"c60-h60","c50-h36",0.584456672533858,35
"c50-h48","c50-h36",0.860955727235891,35
"c45-h24","c50-h36",0.776676373665745,35
"c55-h24","c50-h36",0.739857263477034,35
"c45-h36","c50-h36",0.949283752110956,35
"c55-h48","c50-h36",0.782029561510514,35
"c45-h48","c50-h36",0.820865525760211,35
"c50-h24","c50-h36",0.810555049457656,35
"c60-h36","c50-h36",0.764133734925686,35
"c60-h48","c50-h36",0.653200027854258,35
"c60-h24","c55-h60",0.513197999518293,35
"c55-h36","c55-h60",0.765523147567073,35
"c50-h36","c55-h60",0.69644146426905,35
"c55-h60","c55-h60",1,35
"c50-h60","c55-h60",0.905532197357988,35
"c45-h60","c55-h60",0.857706849763831,35
"c60-h60","c55-h60",0.844003372622403,35
"c50-h48","c55-h60",0.800115560637441,35
"c45-h24","c55-h60",0.535803921480513,35
"c55-h24","c55-h60",0.625001187516438,35
"c45-h36","c55-h60",0.661318900265855,35
"c55-h48","c55-h60",0.88261357493619,35
"c45-h48","c55-h60",0.758010526155185,35
"c50-h24","c55-h60",0.557953414594303,35
"c60-h36","c55-h60",0.647027482542288,35
"c60-h48","c55-h60",0.741165884401438,35
"c60-h24","c50-h60",0.458074609990754,35
"c55-h36","c50-h60",0.686767969304324,35
"c50-h36","c50-h60",0.762769556682933,35
"c55-h60","c50-h60",0.905532197357988,35
"c50-h60","c50-h60",1,35
"c45-h60","c50-h60",0.947603267016506,35
"c60-h60","c50-h60",0.761878339754393,35
"c50-h48","c50-h60",0.882204570691323,35
"c45-h24","c50-h60",0.587488473759799,35
"c55-h24","c50-h60",0.563070172383357,35
"c45-h36","c50-h60",0.721093069353537,35
"c55-h48","c50-h60",0.795044981772224,35
"c45-h48","c50-h60",0.831395398363841,35
"c50-h24","c50-h60",0.615288065807446,35
"c60-h36","c50-h60",0.576048345676635,35
"c60-h48","c50-h60",0.667958791719468,35
"c60-h24","c45-h60",0.437898142577831,35
"c55-h36","c45-h60",0.656431103109237,35
"c50-h36","c45-h60",0.73032738904119,35
"c55-h60","c45-h60",0.857706849763831,35
"c50-h60","c45-h60",0.947603267016506,35
"c45-h60","c45-h60",1,35
"c60-h60","c45-h60",0.719938911880227,35
"c50-h48","c45-h60",0.840545082863911,35
"c45-h24","c45-h60",0.622862138754897,35
"c55-h24","c45-h60",0.53602454776696,35
"c45-h36","c45-h60",0.768754996860015,35
"c55-h48","c45-h60",0.75684968519353,35
"c45-h48","c45-h60",0.882363016252913,35
"c50-h24","c45-h60",0.587090775333405,35
"c60-h36","c45-h60",0.552081099623494,35
"c60-h48","c45-h60",0.636844498418938,35
"c60-h24","c60-h60",0.616255131601109,35
"c55-h36","c60-h60",0.641802525447895,35
"c50-h36","c60-h60",0.584456672533858,35
"c55-h60","c60-h60",0.844003372622403,35
"c50-h60","c60-h60",0.761878339754393,35
"c45-h60","c60-h60",0.719938911880227,35
"c60-h60","c60-h60",1,35
"c50-h48","c60-h60",0.672081293529115,35
"c45-h24","c60-h60",0.470169497137053,35
"c55-h24","c60-h60",0.537803797293538,35
"c45-h36","c60-h60",0.551488447646829,35
"c55-h48","c60-h60",0.746908817828944,35
"c45-h48","c60-h60",0.634625561477898,35
"c50-h24","c60-h60",0.486558247128398,35
"c60-h36","c60-h60",0.764499460904082,35
"c60-h48","c60-h60",0.887587114939787,35
"c60-h24","c50-h48",0.525363663967599,35
"c55-h36","c50-h48",0.77584882642811,35
"c50-h36","c50-h48",0.860955727235891,35
"c55-h60","c50-h48",0.800115560637441,35
"c50-h60","c50-h48",0.882204570691323,35
"c45-h60","c50-h48",0.840545082863911,35
"c60-h60","c50-h48",0.672081293529115,35
"c50-h48","c50-h48",1,35
"c45-h24","c50-h48",0.671513480661162,35
"c55-h24","c50-h48",0.639469126067813,35
"c45-h36","c50-h48",0.818650175178233,35
"c55-h48","c50-h48",0.905061826508574,35
"c45-h48","c50-h48",0.949102123441074,35
"c50-h24","c50-h48",0.697571570759565,35
"c60-h36","c50-h48",0.648472805420092,35
"c60-h48","c50-h48",0.756608968006998,35
"c60-h24","c45-h24",0.74268516044672,35
"c55-h36","c45-h24",0.703121343780776,35
"c50-h36","c45-h24",0.776676373665745,35
"c55-h60","c45-h24",0.535803921480513,35
"c50-h60","c45-h24",0.587488473759799,35
"c45-h60","c45-h24",0.622862138754897,35
"c60-h60","c45-h24",0.470169497137053,35
"c50-h48","c45-h24",0.671513480661162,35
"c45-h24","c45-h24",1,35
"c55-h24","c45-h24",0.867110105796242,35
"c45-h36","c45-h24",0.810724625408621,35
"c55-h48","c45-h24",0.611641910865785,35
"c45-h48","c45-h24",0.706707606151038,35
"c50-h24","c45-h24",0.950994175908777,35
"c60-h36","c45-h24",0.612417798614053,35
"c60-h48","c45-h24",0.533888873001109,35
"c60-h24","c55-h24",0.850952956074154,35
"c55-h36","c55-h24",0.811296103936623,35
"c50-h36","c55-h24",0.739857263477034,35
"c55-h60","c55-h24",0.625001187516438,35
"c50-h60","c55-h24",0.563070172383357,35
"c45-h60","c55-h24",0.53602454776696,35
"c60-h60","c55-h24",0.537803797293538,35
"c50-h48","c55-h24",0.639469126067813,35
"c45-h24","c55-h24",0.867110105796242,35
"c55-h24","c55-h24",1,35
"c45-h36","c55-h24",0.698023281723256,35
"c55-h48","c55-h24",0.705597040949255,35
"c45-h48","c55-h24",0.608848946056871,35
"c50-h24","c55-h24",0.908584390648638,35
"c60-h36","c55-h24",0.695498908238693,35
"c60-h48","c55-h24",0.60073054949634,35
"c60-h24","c45-h36",0.580157629478997,35
"c55-h36","c45-h36",0.863641323797833,35
"c50-h36","c45-h36",0.949283752110956,35
"c55-h60","c45-h36",0.661318900265855,35
"c50-h60","c45-h36",0.721093069353537,35
"c45-h60","c45-h36",0.768754996860015,35
"c60-h60","c45-h36",0.551488447646829,35
"c50-h48","c45-h36",0.818650175178233,35
"c45-h24","c45-h36",0.810724625408621,35
"c55-h24","c45-h36",0.698023281723256,35
"c45-h36","c45-h36",1,35
"c55-h48","c45-h36",0.745673297984743,35
"c45-h48","c45-h36",0.866671279620028,35
"c50-h24","c45-h36",0.763133215503636,35
"c60-h36","c45-h36",0.727376518504415,35
"c60-h48","c45-h36",0.622974370937264,35
"c60-h24","c55-h48",0.586091715685894,35
"c55-h36","c55-h48",0.85820232817672,35
"c50-h36","c55-h48",0.782029561510514,35
"c55-h60","c55-h48",0.88261357493619,35
"c50-h60","c55-h48",0.795044981772224,35
"c45-h60","c55-h48",0.75684968519353,35
"c60-h60","c55-h48",0.746908817828944,35
"c50-h48","c55-h48",0.905061826508574,35
"c45-h24","c55-h48",0.611641910865785,35
"c55-h24","c55-h48",0.705597040949255,35
"c45-h36","c55-h48",0.745673297984743,35
"c55-h48","c55-h48",1,35
"c45-h48","c55-h48",0.862127051911205,35
"c50-h24","c55-h48",0.633587571020315,35
"c60-h36","c55-h48",0.725166668122351,35
"c60-h48","c55-h48",0.841004993083692,35
"c60-h24","c45-h48",0.500375150329449,35
"c55-h36","c45-h48",0.742032309643165,35
"c50-h36","c45-h48",0.820865525760211,35
"c55-h60","c45-h48",0.758010526155185,35
"c50-h60","c45-h48",0.831395398363841,35
"c45-h60","c45-h48",0.882363016252913,35
"c60-h60","c45-h48",0.634625561477898,35
"c50-h48","c45-h48",0.949102123441074,35
"c45-h24","c45-h48",0.706707606151038,35
"c55-h24","c45-h48",0.608848946056871,35
"c45-h36","c45-h48",0.866671279620028,35
"c55-h48","c45-h48",0.862127051911205,35
"c45-h48","c45-h48",1,35
"c50-h24","c45-h48",0.662804210218444,35
"c60-h36","c45-h48",0.621793722676861,35
"c60-h48","c45-h48",0.72161416516456,35
"c60-h24","c50-h24",0.772758795212752,35
"c55-h36","c50-h24",0.732758618342836,35
"c50-h36","c50-h24",0.810555049457656,35
"c55-h60","c50-h24",0.557953414594303,35
"c50-h60","c50-h24",0.615288065807446,35
"c45-h60","c50-h24",0.587090775333405,35
"c60-h60","c50-h24",0.486558247128398,35
"c50-h48","c50-h24",0.697571570759565,35
"c45-h24","c50-h24",0.950994175908777,35
"c55-h24","c50-h24",0.908584390648638,35
"c45-h36","c50-h24",0.763133215503636,35
"c55-h48","c50-h24",0.633587571020315,35
"c45-h48","c50-h24",0.662804210218444,35
"c50-h24","c50-h24",1,35
"c60-h36","c50-h24",0.631282367852712,35
"c60-h48","c50-h24",0.546110743200084,35
"c60-h24","c60-h36",0.807711620723701,35
"c55-h36","c60-h36",0.843679377995754,35
"c50-h36","c60-h36",0.764133734925686,35
"c55-h60","c60-h36",0.647027482542288,35
"c50-h60","c60-h36",0.576048345676635,35
"c45-h60","c60-h36",0.552081099623494,35
"c60-h60","c60-h36",0.764499460904082,35
"c50-h48","c60-h36",0.648472805420092,35
"c45-h24","c60-h36",0.612417798614053,35
"c55-h24","c60-h36",0.695498908238693,35
"c45-h36","c60-h36",0.727376518504415,35
"c55-h48","c60-h36",0.725166668122351,35
"c45-h48","c60-h36",0.621793722676861,35
"c50-h24","c60-h36",0.631282367852712,35
"c60-h36","c60-h36",1,35
"c60-h48","c60-h36",0.854517915368454,35
"c60-h24","c60-h48",0.694562047047006,35
"c55-h36","c60-h48",0.714960496097293,35
"c50-h36","c60-h48",0.653200027854258,35
"c55-h60","c60-h48",0.741165884401438,35
"c50-h60","c60-h48",0.667958791719468,35
"c45-h60","c60-h48",0.636844498418938,35
"c60-h60","c60-h48",0.887587114939787,35
"c50-h48","c60-h48",0.756608968006998,35
"c45-h24","c60-h48",0.533888873001109,35
"c55-h24","c60-h48",0.60073054949634,35
"c45-h36","c60-h48",0.622974370937264,35
"c55-h48","c60-h48",0.841004993083692,35
"c45-h48","c60-h48",0.72161416516456,35
"c50-h24","c60-h48",0.546110743200084,35
"c60-h36","c60-h48",0.854517915368454,35
"c60-h48","c60-h48",1,35
"c50-h60","c50-h60",1,36
"c55-h60","c50-h60",0.911748199454383,36
"c55-h36","c50-h60",0.693888999413338,36
"c45-h36","c50-h60",0.728585832111251,36
"c60-h24","c50-h60",0.512750151350303,36
"c50-h36","c50-h60",0.755549850493249,36
"c60-h36","c50-h60",0.607779550051469,36
"c45-h60","c50-h60",0.951955913333379,36
"c45-h48","c50-h60",0.85238327463349,36
"c55-h24","c50-h60",0.575282364601427,36
"c55-h48","c50-h60",0.814893166708455,36
"c60-h48","c50-h60",0.700055936915378,36
"c50-h24","c50-h60",0.621651721974184,36
"c60-h60","c50-h60",0.78437392346058,36
"c45-h24","c50-h60",0.600348672393972,36
"c50-h48","c50-h60",0.891097098570687,36
"c50-h60","c55-h60",0.911748199454383,36
"c55-h60","c55-h60",1,36
"c55-h36","c55-h60",0.760635562385769,36
"c45-h36","c55-h60",0.663609360654769,36
"c60-h24","c55-h60",0.552252802427083,36
"c50-h36","c55-h60",0.68751190444053,36
"c60-h36","c55-h60",0.658621564535023,36
"c45-h60","c55-h60",0.870993791952338,36
"c45-h48","c55-h60",0.779721092122681,36
"c55-h24","c55-h60",0.629378372782057,36
"c55-h48","c55-h60",0.894916443900447,36
"c60-h48","c55-h60",0.76536013080786,36
"c50-h24","c55-h60",0.569913460965413,36
"c60-h60","c55-h60",0.86176986116566,36
"c45-h24","c55-h60",0.552068725143038,36
"c50-h48","c55-h60",0.813423825732955,36
"c50-h60","c55-h36",0.693888999413338,36
"c55-h60","c55-h36",0.760635562385769,36
"c55-h36","c55-h36",1,36
"c45-h36","c55-h36",0.865934166611375,36
"c60-h24","c55-h36",0.701689152971388,36
"c50-h36","c55-h36",0.911116356430232,36
"c60-h36","c55-h36",0.85676461675548,36
"c45-h60","c55-h36",0.65714740911599,36
"c45-h48","c55-h36",0.74243215888599,36
"c55-h24","c55-h36",0.817090159115503,36
"c55-h48","c55-h36",0.858861897773231,36
"c60-h48","c55-h36",0.729205390336451,36
"c50-h24","c55-h36",0.750281619692997,36
"c60-h60","c55-h36",0.650786653309476,36
"c45-h24","c55-h36",0.715464116867041,36
"c50-h48","c55-h36",0.782950176795998,36
"c50-h60","c45-h36",0.728585832111251,36
"c55-h60","c45-h36",0.663609360654769,36
"c55-h36","c45-h36",0.865934166611375,36
"c45-h36","c45-h36",1,36
"c60-h24","c45-h36",0.606936170557038,36
"c50-h36","c45-h36",0.951148810105533,36
"c60-h36","c45-h36",0.747449102475591,36
"c45-h60","c45-h36",0.763649223684209,36
"c45-h48","c45-h36",0.86296338863388,36
"c55-h24","c45-h36",0.700813533561408,36
"c55-h48","c45-h36",0.745941595580126,36
"c60-h48","c45-h36",0.631386449024432,36
"c50-h24","c45-h36",0.771724650779423,36
"c60-h60","c45-h36",0.564307566866313,36
"c45-h24","c45-h36",0.811152069748553,36
"c50-h48","c45-h36",0.82112169510792,36
"c50-h60","c60-h24",0.512750151350303,36
"c55-h60","c60-h24",0.552252802427083,36
"c55-h36","c60-h24",0.701689152971388,36
"c45-h36","c60-h24",0.606936170557038,36
"c60-h24","c60-h24",1,36
"c50-h36","c60-h24",0.641219592373002,36
"c60-h36","c60-h24",0.811737600168177,36
"c45-h60","c60-h24",0.483056754641633,36
"c45-h48","c60-h24",0.532425288860961,36
"c55-h24","c60-h24",0.86755478501119,36
"c55-h48","c60-h24",0.610643135362081,36
"c60-h48","c60-h24",0.694931975938861,36
"c50-h24","c60-h24",0.79855122935576,36
"c60-h60","c60-h24",0.62508460209795,36
"c45-h24","c60-h24",0.755036661647805,36
"c50-h48","c60-h24",0.561731442111014,36
"c50-h60","c50-h36",0.755549850493249,36
"c55-h60","c50-h36",0.68751190444053,36
"c55-h36","c50-h36",0.911116356430232,36
"c45-h36","c50-h36",0.951148810105533,36
"c60-h24","c50-h36",0.641219592373002,36
"c50-h36","c50-h36",1,36
"c60-h36","c50-h36",0.790089230114765,36
"c45-h60","c50-h36",0.714304019848652,36
"c45-h48","c50-h36",0.814518145082064,36
"c55-h24","c50-h36",0.735160087350949,36
"c55-h48","c50-h36",0.780285809430775,36
"c60-h48","c50-h36",0.664565105628513,36
"c50-h24","c50-h36",0.808221465828648,36
"c60-h60","c50-h36",0.58772173776812,36
"c45-h24","c50-h36",0.772105489175992,36
"c50-h48","c50-h36",0.858464617762352,36
"c50-h60","c60-h36",0.607779550051469,36
"c55-h60","c60-h36",0.658621564535023,36
"c55-h36","c60-h36",0.85676461675548,36
"c45-h36","c60-h36",0.747449102475591,36
"c60-h24","c60-h36",0.811737600168177,36
"c50-h36","c60-h36",0.790089230114765,36
"c60-h36","c60-h36",1,36
"c45-h60","c60-h36",0.573580659072552,36
"c45-h48","c60-h36",0.649082053610949,36
"c55-h24","c60-h36",0.704927566193503,36
"c55-h48","c60-h36",0.743059810706651,36
"c60-h48","c60-h36",0.858235204265434,36
"c50-h24","c60-h36",0.649328861011213,36
"c60-h60","c60-h36",0.763708996071553,36
"c45-h24","c60-h36",0.615557363607486,36
"c50-h48","c60-h36",0.685255575657735,36
"c50-h60","c45-h60",0.951955913333379,36
"c55-h60","c45-h60",0.870993791952338,36
"c55-h36","c45-h60",0.65714740911599,36
"c45-h36","c45-h60",0.763649223684209,36
"c60-h24","c45-h60",0.483056754641633,36
"c50-h36","c45-h60",0.714304019848652,36
"c60-h36","c45-h60",0.573580659072552,36
"c45-h60","c45-h60",1,36
"c45-h48","c45-h60",0.894957607179428,36
"c55-h24","c45-h60",0.547135158088282,36
"c55-h48","c45-h60",0.77600804983917,36
"c60-h48","c45-h60",0.664775474979061,36
"c50-h24","c45-h60",0.590954744299944,36
"c60-h60","c45-h60",0.747503184558295,36
"c45-h24","c45-h60",0.629216648156149,36
"c50-h48","c45-h60",0.845431536702511,36
"c50-h60","c45-h48",0.85238327463349,36
"c55-h60","c45-h48",0.779721092122681,36
"c55-h36","c45-h48",0.74243215888599,36
"c45-h36","c45-h48",0.86296338863388,36
"c60-h24","c45-h48",0.532425288860961,36
"c50-h36","c45-h48",0.814518145082064,36
"c60-h36","c45-h48",0.649082053610949,36
"c45-h60","c45-h48",0.894957607179428,36
"c45-h48","c45-h48",1,36
"c55-h24","c45-h48",0.606362795800116,36
"c55-h48","c45-h48",0.865785297079627,36
"c60-h48","c45-h48",0.744566595748485,36
"c50-h24","c45-h48",0.668705595160857,36
"c60-h60","c45-h48",0.67197145448533,36
"c45-h24","c45-h48",0.706486438478438,36
"c50-h48","c45-h48",0.949839240859738,36
"c50-h60","c55-h24",0.575282364601427,36
"c55-h60","c55-h24",0.629378372782057,36
"c55-h36","c55-h24",0.817090159115503,36
"c45-h36","c55-h24",0.700813533561408,36
"c60-h24","c55-h24",0.86755478501119,36
"c50-h36","c55-h24",0.735160087350949,36
"c60-h36","c55-h24",0.704927566193503,36
"c45-h60","c55-h24",0.547135158088282,36
"c45-h48","c55-h24",0.606362795800116,36
"c55-h24","c55-h24",1,36
"c55-h48","c55-h24",0.703301855715702,36
"c60-h48","c55-h24",0.598465328981455,36
"c50-h24","c55-h24",0.915497335391342,36
"c60-h60","c55-h24",0.537619164489609,36
"c45-h24","c55-h24",0.872104922023783,36
"c50-h48","c55-h24",0.637150444721298,36
"c50-h60","c55-h48",0.814893166708455,36
"c55-h60","c55-h48",0.894916443900447,36
"c55-h36","c55-h48",0.858861897773231,36
"c45-h36","c55-h48",0.745941595580126,36
"c60-h24","c55-h48",0.610643135362081,36
"c50-h36","c55-h48",0.780285809430775,36
"c60-h36","c55-h48",0.743059810706651,36
"c45-h60","c55-h48",0.77600804983917,36
"c45-h48","c55-h48",0.865785297079627,36
"c55-h24","c55-h48",0.703301855715702,36
"c55-h48","c55-h48",1,36
"c60-h48","c55-h48",0.858598961897896,36
"c50-h24","c55-h48",0.644727596475716,36
"c60-h60","c55-h48",0.774030750491977,36
"c45-h24","c55-h48",0.617380682550665,36
"c50-h48","c55-h48",0.910446235682976,36
"c50-h60","c60-h48",0.700055936915378,36
"c55-h60","c60-h48",0.76536013080786,36
"c55-h36","c60-h48",0.729205390336451,36
"c45-h36","c60-h48",0.631386449024432,36
"c60-h24","c60-h48",0.694931975938861,36
"c50-h36","c60-h48",0.664565105628513,36
"c60-h36","c60-h48",0.858235204265434,36
"c45-h60","c60-h48",0.664775474979061,36
"c45-h48","c60-h48",0.744566595748485,36
"c55-h24","c60-h48",0.598465328981455,36
"c55-h48","c60-h48",0.858598961897896,36
"c60-h48","c60-h48",1,36
"c50-h24","c60-h48",0.545463266204701,36
"c60-h60","c60-h48",0.892874954880993,36
"c45-h24","c60-h48",0.518226693363694,36
"c50-h48","c60-h48",0.784039468503174,36
"c50-h60","c50-h24",0.621651721974184,36
"c55-h60","c50-h24",0.569913460965413,36
"c55-h36","c50-h24",0.750281619692997,36
"c45-h36","c50-h24",0.771724650779423,36
"c60-h24","c50-h24",0.79855122935576,36
"c50-h36","c50-h24",0.808221465828648,36
"c60-h36","c50-h24",0.649328861011213,36
"c45-h60","c50-h24",0.590954744299944,36
"c45-h48","c50-h24",0.668705595160857,36
"c55-h24","c50-h24",0.915497335391342,36
"c55-h48","c50-h24",0.644727596475716,36
"c60-h48","c50-h24",0.545463266204701,36
"c50-h24","c50-h24",1,36
"c60-h60","c50-h24",0.4823382767149,36
"c45-h24","c50-h24",0.955536024100741,36
"c50-h48","c50-h24",0.700102320889664,36
"c50-h60","c60-h60",0.78437392346058,36
"c55-h60","c60-h60",0.86176986116566,36
"c55-h36","c60-h60",0.650786653309476,36
"c45-h36","c60-h60",0.564307566866313,36
"c60-h24","c60-h60",0.62508460209795,36
"c50-h36","c60-h60",0.58772173776812,36
"c60-h36","c60-h60",0.763708996071553,36
"c45-h60","c60-h60",0.747503184558295,36
"c45-h48","c60-h60",0.67197145448533,36
"c55-h24","c60-h60",0.537619164489609,36
"c55-h48","c60-h60",0.774030750491977,36
"c60-h48","c60-h60",0.892874954880993,36
"c50-h24","c60-h60",0.4823382767149,36
"c60-h60","c60-h60",1,36
"c45-h24","c60-h60",0.464306974732598,36
"c50-h48","c60-h60",0.702204581364739,36
"c50-h60","c45-h24",0.600348672393972,36
"c55-h60","c45-h24",0.552068725143038,36
"c55-h36","c45-h24",0.715464116867041,36
"c45-h36","c45-h24",0.811152069748553,36
"c60-h24","c45-h24",0.755036661647805,36
"c50-h36","c45-h24",0.772105489175992,36
"c60-h36","c45-h24",0.615557363607486,36
"c45-h60","c45-h24",0.629216648156149,36
"c45-h48","c45-h24",0.706486438478438,36
"c55-h24","c45-h24",0.872104922023783,36
"c55-h48","c45-h24",0.617380682550665,36
"c60-h48","c45-h24",0.518226693363694,36
"c50-h24","c45-h24",0.955536024100741,36
"c60-h60","c45-h24",0.464306974732598,36
"c45-h24","c45-h24",1,36
"c50-h48","c45-h24",0.670295972475673,36
"c50-h60","c50-h48",0.891097098570687,36
"c55-h60","c50-h48",0.813423825732955,36
"c55-h36","c50-h48",0.782950176795998,36
"c45-h36","c50-h48",0.82112169510792,36
"c60-h24","c50-h48",0.561731442111014,36
"c50-h36","c50-h48",0.858464617762352,36
"c60-h36","c50-h48",0.685255575657735,36
"c45-h60","c50-h48",0.845431536702511,36
"c45-h48","c50-h48",0.949839240859738,36
"c55-h24","c50-h48",0.637150444721298,36
"c55-h48","c50-h48",0.910446235682976,36
"c60-h48","c50-h48",0.784039468503174,36
"c50-h24","c50-h48",0.700102320889664,36
"c60-h60","c50-h48",0.702204581364739,36
"c45-h24","c50-h48",0.670295972475673,36
"c50-h48","c50-h48",1,36
