"scenario","n","event_target","event_regime","K","effect","method","selector","candidate","mean_truth","bias","bias_mcse","empse","empse_mcse","modse","modse_mcse","relerror_modse","relerror_modse_mcse","mse","mse_mcse","coverage","coverage_mcse","coverage_conditional","coverage_conditional_mcse","bias_eliminated_coverage","bias_eliminated_coverage_mcse","rejection","rejection_mcse","convergence","convergence_mcse","failure_probability","median_width","median_ess1","median_ess0","median_max_weight","n_used","n_attempted"
1,4000,35,"below",4,"null","bonferroni","effect_seeking",NA,0,-0.00285186546029427,0.000142073507841331,0.00635372042670129,0.000100486265528928,0.00659864588416396,2.96929774264826e-05,3.85483529356081,1.70768994030135,4.84827149826704e-05,1.69062648132023e-06,0.9845,0.00276222283677476,0.9845,0.00276222283677476,0.9895,0.00227922684259377,0.0155,0.00276222283677476,1,0,0,0.0315062204625294,1141.69559360574,1194.74211921815,6.61482278419719,2000,2000
2,8000,35,"below",4,"null","bonferroni","effect_seeking",NA,0,-0.00138080211734735,6.95430659503236e-05,0.00311006045657349,4.91866717233758e-05,0.003276869620553,1.49299165641292e-05,5.36353444920787,1.73413009353247,1.15742542927913e-05,3.74470998829702e-07,0.992,0.0019919839356782,0.992,0.0019919839356782,0.993,0.00186426929385215,0.008,0.0019919839356782,1,0,0,0.0157648880742093,2360.4834984655,2469.92514904518,7.0036030962878,2000,2000
3,4000,70,"boundary",4,"null","bonferroni","effect_seeking",NA,0,-0.00381795376340578,0.000190814323572722,0.00853347597178494,0.000134959846325927,0.0090291654517737,3.64336888813323e-05,5.80876399755155,1.72700903481763,8.73605729944546e-05,2.98773960622705e-06,0.9865,0.00258047960658479,0.9865,0.00258047960658479,0.994,0.0017268468374468,0.0135,0.00258047960658479,1,0,0,0.0437719351123006,1143.38967976344,1205.31189088955,6.60207251104717,2000,2000
4,8000,70,"boundary",4,"null","bonferroni","effect_seeking",NA,0,-0.00197146273921167,9.861790043859e-05,0.00441032658357987,6.97508260332735e-05,0.00460247338806364,1.90908161932573e-05,4.3567477564848,1.70625844494138,2.33279204156444e-05,8.21526310285162e-07,0.9845,0.00276222283677476,0.9845,0.00276222283677476,0.9905,0.00216907238237915,0.0155,0.00276222283677476,1,0,0,0.0222816624887286,2358.64503126361,2483.70405006882,6.99738358758509,2000,2000
5,4000,140,"above",4,"null","bonferroni","effect_seeking",NA,0,-0.00567814969564891,0.000267937467670153,0.0119825278285923,0.000189507783192914,0.0123141594235602,4.5707284814874e-05,2.76762632819958,1.66946720123595,0.000175750566642605,6.01821596602596e-06,0.9795,0.00316857617866448,0.9795,0.00316857617866448,0.989,0.00233227356885937,0.0205,0.00316857617866448,1,0,0,0.0599731499850255,1158.24887630434,1216.54505247771,6.59634432256174,2000,2000
6,8000,140,"above",4,"null","bonferroni","effect_seeking",NA,0,-0.00288593703453461,0.000133932718872154,0.0059896532761901,9.47284188029556e-05,0.00638304391513172,2.49318928159995e-05,6.5678365808822,1.73604716747411,4.41866409630887e-05,1.47460320780742e-06,0.985,0.00271799558498538,0.985,0.00271799558498538,0.99,0.0022248595461287,0.015,0.00271799558498538,1,0,0,0.0310588937903765,2357.1925402696,2481.93425660115,6.99212762425823,2000,2000
7,4000,35,"below",16,"null","bonferroni","effect_seeking",NA,0,-0.00546682910602839,0.000145228919526248,0.00649483472719074,0.000102718036541282,0.0072146198527049,6.38271393852406e-05,11.0824240453843,2.01299311737494,7.20480071689752e-05,2.68009788758491e-06,0.9955,0.00149662119455792,0.9955,0.00149662119455792,0.999,0.000706753139363385,0.0045,0.00149662119455793,1,0,0,0.036017397097303,999.591524885125,869.949116919457,6.86149960357134,2000,2000
8,8000,35,"below",16,"null","bonferroni","effect_seeking",NA,0,-0.00284559095113577,7.6624629784133e-05,0.00342675761896153,5.41953458567614e-05,0.0036326569799976,3.41155207071187e-05,6.00857673436705,1.94987310020091,1.98341843064071e-05,8.38471379152505e-07,0.995,0.00157718102955875,0.995,0.00157718102955875,0.9935,0.00179690706493129,0.005,0.00157718102955875,1,0,0,0.017388721946809,2019.52113862174,1779.68922953434,7.28211184224437,2000,2000
9,4000,70,"boundary",16,"null","bonferroni","effect_seeking",NA,0,-0.00790881892638277,0.000205511651108449,0.00919076044093424,0.000145355025411462,0.0099481332212958,8.29475804055297e-05,8.24058885256473,1.93519940941786,0.000146977259254211,5.66087458526498e-06,0.9945,0.00165374574829385,0.9945,0.00165374574829385,0.998,0.000998999499499375,0.0055,0.00165374574829385,1,0,0,0.0500781505071846,995.087863863019,872.273371909232,6.84138826048627,2000,2000
10,8000,70,"boundary",16,"null","bonferroni","effect_seeking",NA,0,-0.00402818740043309,0.000102505846064103,0.00458420079780925,7.25007063059815e-05,0.00504307867695165,4.2915499243122e-05,10.0099864596178,1.97571764110358,3.72306832391656e-05,1.38258545611195e-06,0.994,0.0017268468374468,0.994,0.0017268468374468,0.9985,0.000865375640979091,0.006,0.0017268468374468,1,0,0,0.0251167045676396,1989.7882462799,1738.08193449135,7.2716369639238,2000,2000
11,4000,140,"above",16,"null","bonferroni","effect_seeking",NA,0,-0.0107439646226695,0.000269817228344006,0.0120665932815556,0.000190837307134947,0.0134149369883982,0.000103246171769636,11.1741870748522,1.9553987975401,0.000260962647898945,8.93098862530253e-06,0.9935,0.00179690706493129,0.9935,0.00179690706493129,0.997,0.00122290637417588,0.0065,0.00179690706493129,1,0,0,0.0693865674937228,1004.05835754597,879.530235798307,6.83125326318521,2000,2000
12,8000,140,"above",16,"null","bonferroni","effect_seeking",NA,0,-0.0056810947648467,0.000146645915698174,0.00655820472247639,0.00010372025472924,0.00710407104613926,5.52139536940114e-05,8.32341085346218,1.90886469293544,7.52633818844894e-05,2.73782457741382e-06,0.9915,0.00205277251540447,0.9915,0.00205277251540447,0.9965,0.00132055859392909,0.0085,0.00205277251540447,1,0,0,0.0366030271965979,1970.44487556809,1721.52710825472,7.23631712133036,2000,2000
13,4000,35,"below",4,"homogeneous","bonferroni","effect_seeking",NA,-0.00567747849394479,-0.00241234354312257,0.000133943128995766,0.00599011883107113,9.47357817129125e-05,0.00620585000731826,2.76953494754132e-05,3.6014506945693,1.70247629615406,4.16829842185928e-05,1.5353300174064e-06,0.9885,0.00238408787589719,0.9885,0.00238408787589719,0.9885,0.00238408787589719,0.0945,0.00654101482951996,1,0,0,0.0296915644496433,1190.31377659791,1251.16809406891,6.6098873155725,2000,2000
14,8000,35,"below",4,"homogeneous","bonferroni","effect_seeking",NA,-0.00287039840354257,-0.00117757047031024,6.73406209746877e-05,0.003011564122929,4.76289184589054e-05,0.00313109404637605,1.39683226375682e-05,3.96903132617992,1.70847106461985,1.04516559198265e-05,3.56148122275973e-07,0.986,0.00262716577322407,0.986,0.00262716577322407,0.9885,0.00238408787589719,0.081,0.00610077863882964,1,0,0,0.0150916385672166,2401.71825499119,2533.44525999056,7.00772721825975,2000,2000
15,4000,70,"boundary",4,"homogeneous","bonferroni","effect_seeking",NA,-0.0113553899468084,-0.0035197332393194,0.000182678252024479,0.00816961979075149,0.00012920533615453,0.008636973683152,3.29494202204525e-05,5.72063210248277,1.71996365494844,7.90978382576454e-05,2.66821958066459e-06,0.99,0.0022248595461287,0.99,0.0022248595461287,0.9925,0.00192921616207204,0.2065,0.0090514570650255,1,0,0,0.0416987320927871,1197.73738736867,1262.11388425972,6.5697562864476,2000,2000
16,8000,70,"boundary",4,"homogeneous","bonferroni","effect_seeking",NA,-0.0058221658499879,-0.0017903221560683,9.36472003911754e-05,0.00418803011954426,6.62351312889233e-05,0.00443547472250608,1.7299681336521e-05,5.9083768716722,1.72516066728236,2.07360799065778e-05,6.9230307857505e-07,0.99,0.0022248595461287,0.99,0.0022248595461287,0.991,0.00211175282644537,0.199,0.00892745764481691,1,0,0,0.0213822487703634,2406.28259473319,2535.3666265742,7.02531045764812,2000,2000
17,4000,140,"above",4,"homogeneous","bonferroni","effect_seeking",NA,-0.0224041040190338,-0.00405440183728878,0.000250950930287389,0.0112228667827882,0.000177493483470211,0.0117789009326057,3.86251646147745e-05,4.95447518516619,1.69519542842334,0.00014232793671301,4.81255432610671e-06,0.986,0.00262716577322407,0.986,0.00262716577322407,0.9915,0.00205277251540447,0.406,0.0109809835625048,1,0,0,0.0570506456861895,1203.45202060425,1267.0521707001,6.62681578872884,2000,2000
18,8000,140,"above",4,"homogeneous","bonferroni","effect_seeking",NA,-0.0116213429768268,-0.00216257067030309,0.000130859635229116,0.00585222079766261,9.25548770664361e-05,0.00608949629577124,2.08523906468534e-05,4.05445225517462,1.68378957745519,3.89080759245177e-05,1.34957738110289e-06,0.9885,0.00238408787589719,0.9885,0.00238408787589719,0.986,0.00262716577322407,0.4,0.0109544511501033,1,0,0,0.0295609936538152,2415.74101760934,2552.47256808682,7.04589558977123,2000,2000
19,4000,35,"below",16,"homogeneous","bonferroni","effect_seeking",NA,-0.00511544409734283,-0.0049261977350238,0.000138024035566557,0.00617262252111341,9.76221401023261e-05,0.00652758341097056,6.12883532634297e-05,5.75056855725451,1.94500824073063,6.2349642278316e-05,2.80175911635591e-06,0.995,0.00157718102955875,0.995,0.00157718102955875,0.9955,0.00149662119455792,0.0515,0.00494205169944629,1,0,0,0.0316077721565841,1235.06005659679,1294.24439453016,7.04444450641822,2000,2000
20,8000,35,"below",16,"homogeneous","bonferroni","effect_seeking",NA,-0.00259806275708731,-0.00238656336778038,6.6403734452264e-05,0.00296966528390214,4.69662739638607e-05,0.00329251036324012,3.03731814681908e-05,10.8714298910399,2.02995995669514,1.45101871508956e-05,5.71728891397442e-07,0.9975,0.00111663557170635,0.9975,0.00111663557170635,0.995,0.00157718102955875,0.053,0.0050095408971282,1,0,0,0.0160690452838348,2449.2350273905,2584.04639178738,7.41505179486846,2000,2000
21,4000,70,"boundary",16,"homogeneous","bonferroni","effect_seeking",NA,-0.0101213769437986,-0.00623838935410377,0.00017968917047737,0.00803594400015896,0.000127091207724859,0.00854903471903215,7.31600447652608e-05,6.3849464215161,1.91303454233161,0.000103461609509099,3.93406295795773e-06,0.994,0.0017268468374468,0.994,0.0017268468374468,0.997,0.00122290637417588,0.142,0.00780499839846236,1,0,0,0.0430382493466826,1256.59928344181,1340.64793884035,7.03890456658685,2000,2000
22,8000,70,"boundary",16,"homogeneous","bonferroni","effect_seeking",NA,-0.00525307337921821,-0.00309506795045786,9.40111468383832e-05,0.00420430629946678,6.64925446511194e-05,0.00444115292572685,3.86866529136298e-05,5.6334293790655,1.90727784067453,2.72467989819576e-05,1.16536769431432e-06,0.995,0.00157718102955875,0.995,0.00157718102955875,0.9985,0.000865375640979091,0.122,0.0073183331435512,1,0,0,0.0221956836098176,2474.45912887251,2614.88142046887,7.47130293406848,2000,2000
23,4000,140,"above",16,"homogeneous","bonferroni","effect_seeking",NA,-0.0202573457725223,-0.00764888144009304,0.000252321410552513,0.011284156523481,0.000178462801719024,0.0113832992674754,8.55024274914017e-05,0.878601283029878,1.76622108256349,0.000185773909636796,7.9849312916935e-06,0.9925,0.00192921616207204,0.9925,0.00192921616207204,0.998,0.000998999499499375,0.3345,0.0105501125586413,1,0,0,0.0589993419662846,1293.94843814622,1589.57281020355,7.14397862229292,2000,2000
24,8000,140,"above",16,"homogeneous","bonferroni","effect_seeking",NA,-0.0105358120369852,-0.00395202693981242,0.000125532593184147,0.00561398823503158,8.87871474626002e-05,0.00591101106331643,4.55976168619685e-05,5.29076328360316,1.85273170897751,4.71196224041246e-05,2.04343314877149e-06,0.993,0.00186426929385215,0.993,0.00186426929385215,0.999,0.000706753139363385,0.3195,0.0104264027833189,1,0,0,0.0305682330878847,2603.47586611629,3215.77567900659,7.54411189007994,2000,2000
25,4000,35,"below",4,"heterogeneous","bonferroni","effect_seeking",NA,-0.0020160699195472,-0.00254695707686836,0.00012852569893058,0.00574784399328899,9.09041221425538e-05,0.00615437226249789,2.69574127624396e-05,7.072708822361,1.75713870536628,3.95081820673125e-05,1.32986227100084e-06,0.9915,0.00205277251540447,0.9915,0.00205277251540447,0.9885,0.00238408787589719,0.029,0.00375226598204338,1,0,0,0.0300794916402044,1201.90595804722,1265.75798548453,6.66414758494047,2000,2000
26,8000,35,"below",4,"heterogeneous","bonferroni","effect_seeking",NA,-0.00100038764833968,-0.00132666387485599,6.79743500040713e-05,0.00303990534670933,4.8077144623569e-05,0.00310909509255386,1.41052386346653e-05,2.27604934868866,1.68276681281117,1.09964410415414e-05,4.31499791087967e-07,0.9855,0.00267298989897081,0.9855,0.00267298989897081,0.9915,0.00205277251540447,0.0295,0.0037835003634201,1,0,0,0.0150876452430911,2412.88423544288,2543.47729054206,7.0625747383872,2000,2000
27,4000,70,"boundary",4,"heterogeneous","bonferroni","effect_seeking",NA,-0.00411421676707432,-0.00345105390069309,0.000182801828493018,0.00817514629843293,0.000129292739767064,0.0084431247663347,3.30388526305542e-05,3.27796541027212,1.68263062441398,7.87093735177702e-05,2.74705325370978e-06,0.9835,0.00284848644019942,0.9835,0.00284848644019942,0.989,0.00233227356885937,0.0415,0.00445969449626317,1,0,0,0.0418001814107204,1207.25059379727,1272.20310544013,6.68206478668424,2000,2000
28,8000,70,"boundary",4,"heterogeneous","bonferroni","effect_seeking",NA,-0.00208119603009956,-0.00167851852916281,9.00843580844963e-05,0.00402869496772733,6.37151912697996e-05,0.00431067488281184,1.70921861788801e-05,6.99928679990329,1.74460343895714,1.90396924041629e-05,6.63879121267955e-07,0.9905,0.00216907238237915,0.9905,0.00216907238237915,0.993,0.00186426929385215,0.034,0.00405240669232494,1,0,0,0.0213150583237216,2418.25249770635,2553.75457842405,7.10043730937839,2000,2000
29,4000,140,"above",4,"heterogeneous","bonferroni","effect_seeking",NA,-0.00869447109331417,-0.00409603839700444,0.000243598416068567,0.0108940523508118,0.000172293170566535,0.0114049609586288,3.71787505573947e-05,4.68979394778524,1.6905111665265,0.000135398566983653,4.38029489356571e-06,0.99,0.0022248595461287,0.99,0.0022248595461287,0.991,0.00211175282644537,0.078,0.00599649897857075,1,0,0,0.0572842489304497,1211.81137451274,1276.38262292339,6.69216588480146,2000,2000
30,8000,140,"above",4,"heterogeneous","bonferroni","effect_seeking",NA,-0.00438600882428121,-0.00211669161107323,0.000123571655065116,0.0055262924163551,8.74002080429386e-05,0.00587428645875594,1.94831760930249e-05,6.29706168589532,1.71769435155591,3.50050212935161e-05,1.15907013077501e-06,0.987,0.00253288373203351,0.987,0.00253288373203351,0.992,0.0019919839356782,0.0735,0.00583514138646186,1,0,0,0.0297318785969394,2431.19330363089,2564.09807538411,7.09477312002796,2000,2000
31,4000,35,"below",16,"heterogeneous","bonferroni","effect_seeking",NA,-0.00177734796352482,-0.00439213303689108,0.000129234677069751,0.00577955045956392,9.14055707703053e-05,0.00613573691304239,5.87202416391463e-05,6.16287470747932,1.96247416063686,5.26773345266383e-05,2.18893701179538e-06,0.9965,0.00132055859392909,0.9965,0.00132055859392909,0.9955,0.00149662119455792,0.0145,0.00267298989897081,1,0,0,0.0305520307612182,1283.21169266485,1572.97912179195,7.12644865131384,2000,2000
32,8000,35,"below",16,"heterogeneous","bonferroni","effect_seeking",NA,-0.000886663521185838,-0.00226663247859012,6.32744762427666e-05,0.00282972060239043,4.47530008763875e-05,0.00303034742750078,2.94561284297547e-05,7.08998708002699,1.98798608037306,1.31409378212487e-05,5.95430240891032e-07,0.9965,0.00132055859392909,0.9965,0.00132055859392909,0.998,0.000998999499499375,0.014,0.00262716577322406,1,0,0,0.0152709505959231,2627.637515475,3246.68615884439,7.61351988657306,2000,2000
33,4000,70,"boundary",16,"heterogeneous","bonferroni","effect_seeking",NA,-0.00393036131227798,-0.00571867663261592,0.000178841306077027,0.00799802635146156,0.000126491527118953,0.00802978854519779,7.2182736861086e-05,0.397125394947295,1.826383014548,9.66397037343417e-05,4.17338785996049e-06,0.9965,0.00132055859392909,0.9965,0.00132055859392909,0.997,0.00122290637417588,0.0275,0.00365675744341896,1,0,0,0.0419731412453068,1320.56061386273,1630.45917744558,7.24145650437094,2000,2000
34,8000,70,"boundary",16,"heterogeneous","bonferroni","effect_seeking",NA,-0.00195427587865105,-0.00290326195664009,8.80432984609937e-05,0.00393741600644169,6.2271583222079e-05,0.00400076196270723,3.55116614633967e-05,1.60882050974311,1.84277176557794,2.3924423174253e-05,1.03758088370597e-06,0.996,0.00141138230115019,0.996,0.00141138230115019,0.9975,0.00111663557170635,0.025,0.00349106001094224,1,0,0,0.0211111581203245,2660.16153763208,3288.68172745097,7.67396964071264,2000,2000
35,4000,140,"above",16,"heterogeneous","bonferroni","effect_seeking",NA,-0.00893648013237938,-0.00671484757315916,0.000227444363009671,0.0101716211357753,0.000160867673373509,0.0102730624531246,7.2178212843859e-05,0.997297441531497,1.74783489165182,0.000148499323522246,5.94822416005929e-06,0.995,0.00157718102955875,0.995,0.00157718102955875,0.999,0.000706753139363385,0.0655,0.00553216729681958,1,0,0,0.0576342404357283,1338.48854349095,1649.11438431229,7.38116238504767,2000,2000
36,8000,140,"above",16,"heterogeneous","bonferroni","effect_seeking",NA,-0.00445155685415281,-0.00317057254414007,0.000115754618581768,0.00517670391716788,8.18713461484871e-05,0.00520228348319077,3.77579415889677e-05,0.4941284344671,1.74872194456087,3.68373945719531e-05,1.56353993361497e-06,0.9965,0.00132055859392909,0.9965,0.00132055859392909,0.9975,0.00111663557170635,0.0615,0.00537204569973116,1,0,0,0.029416029362858,2687.77956520873,3316.21487698061,7.87421316747025,2000,2000
1,4000,35,"below",4,"null","bonferroni","outcome_blinded",NA,0,-8.31327736617799e-05,0.000154389338919525,0.00690450113650624,0.000109197051168958,0.00673013618660783,2.04438911263991e-05,-2.52538085592448,1.56977257044827,4.76552109341007e-05,1.64816719857616e-06,0.982,0.002972877394041,0.982,0.002972877394041,0.983,0.00289058817544112,0.018,0.002972877394041,1,0,0,0.0323591169940176,1207.89382238722,1273.91891599498,6.6814803897801,2000,2000
2,8000,35,"below",4,"null","bonferroni","outcome_blinded",NA,0,4.40610840029735e-05,7.56850286194976e-05,0.00338473737744428,5.35307813397349e-05,0.00340846030668786,1.02927609241852e-05,0.700879465617565,1.62139068638976,1.14526602698347e-05,3.45216727309053e-07,0.994,0.0017268468374468,0.994,0.0017268468374468,0.994,0.0017268468374468,0.006,0.0017268468374468,1,0,0,0.0164102934966048,2427.8021009837,2553.84799968596,7.06104018748733,2000,2000
3,4000,70,"boundary",4,"null","bonferroni","outcome_blinded",NA,0,0.000109597515995781,0.000208537866302888,0.00932609689872043,0.000147495417861796,0.00936060646238132,2.53283954916789e-05,0.37003222286518,1.61045174510726,8.6944606938153e-05,2.91117491252097e-06,0.9875,0.00248432586429397,0.9875,0.00248432586429397,0.988,0.00243474844696531,0.0125,0.00248432586429397,1,0,0,0.0447152817292967,1205.4983204359,1273.3558811622,6.69343293425685,2000,2000
4,8000,70,"boundary",4,"null","bonferroni","outcome_blinded",NA,0,-2.76497829523255e-05,0.000108020846895769,0.00483083913292072,7.64013760816723e-05,0.00476715064173518,1.31430388588315e-05,-1.31837325634619,1.58422008562298,2.33261027352914e-05,7.77838114250233e-07,0.986,0.00262716577322407,0.986,0.00262716577322407,0.986,0.00262716577322407,0.014,0.00262716577322406,1,0,0,0.022795803894834,2423.40778848939,2558.28435639053,7.06154072416283,2000,2000
5,4000,140,"above",4,"null","bonferroni","outcome_blinded",NA,0,1.78094321554108e-05,0.000293545538511892,0.0131277555720874,0.000207619952346648,0.0126990947062296,3.18735202244407e-05,-3.26530200462671,1.54903844205964,0.000172252114553166,5.72670827194512e-06,0.983,0.00289058817544112,0.983,0.00289058817544112,0.9835,0.00284848644019942,0.017,0.00289058817544112,1,0,0,0.0604548919142253,1208.75607743696,1273.52333527951,6.68273463812546,2000,2000
6,8000,140,"above",4,"null","bonferroni","outcome_blinded",NA,0,-0.000152537921445255,0.000144893801046493,0.00647984777316577,0.000102481012728384,0.00664746445330463,1.74923005697106e-05,2.58673792975495,1.64474875319851,4.19907007672985e-05,1.35974361702798e-06,0.9905,0.00216907238237915,0.9905,0.00216907238237915,0.9905,0.00216907238237915,0.0095,0.00216907238237916,1,0,0,0.0315696274473945,2424.73543185327,2555.2073176996,7.047111416988,2000,2000
7,4000,35,"below",16,"null","bonferroni","outcome_blinded",NA,0,0.000230216845148998,0.000133298351394164,0.0059612835001201,9.4279741074048e-05,0.00603608861750124,3.08418892098358e-05,1.25484918440186,1.68288145475447,3.55721323141102e-05,1.17789739746904e-06,0.997,0.00122290637417588,0.997,0.00122290637417588,0.9975,0.00111663557170635,0.003,0.00122290637417588,1,0,0,0.0335726632221277,1335.81544320066,1646.0976823824,7.37297520903034,2000,2000
8,8000,35,"below",16,"null","bonferroni","outcome_blinded",NA,0,-6.99182979591975e-05,6.73298549825996e-05,0.00301108265312591,4.76213038490032e-05,0.00304237583686629,1.60770345351408e-05,1.03926684669036,1.68481155487239,9.06697400297333e-06,3.15843209870655e-07,0.997,0.00122290637417588,0.997,0.00122290637417588,0.997,0.00122290637417588,0.003,0.00122290637417588,1,0,0,0.0168556270770575,2685.99101692703,3314.41086329903,7.8783778229043,2000,2000
9,4000,70,"boundary",16,"null","bonferroni","outcome_blinded",NA,0,0.000126483037628796,0.000188201359670372,0.00841662067361678,0.000133111739747167,0.00832159439542686,3.98880688488116e-05,-1.12903125701974,1.63391861890998,7.08200817705797e-05,2.25681727538623e-06,0.997,0.00122290637417588,0.997,0.00122290637417588,0.997,0.00122290637417588,0.003,0.00122290637417588,1,0,0,0.0462877512911392,1337.1271429199,1645.70986147604,7.36333016022431,2000,2000
10,8000,70,"boundary",16,"null","bonferroni","outcome_blinded",NA,0,-7.7618028110054e-05,9.27109704601998e-05,0.00414616064417964,6.55729511902577e-05,0.00423337534995483,1.95020749243816e-05,2.10350522471012,1.6819120554594,1.71880773215881e-05,6.46079757788034e-07,0.9975,0.00111663557170635,0.9975,0.00111663557170635,0.9975,0.00111663557170635,0.0025,0.00111663557170636,1,0,0,0.0235122152500238,2686.29135112356,3310.26129042069,7.84116586279083,2000,2000
11,4000,140,"above",16,"null","bonferroni","outcome_blinded",NA,0,0.000324392392765148,0.00025788850465757,0.011533124540602,0.000182400316213915,0.0113644325793597,5.27202714062987e-05,-1.46267354218147,1.62406114254592,0.000133051685612685,4.50024792141516e-06,0.9985,0.000865375640979091,0.9985,0.000865375640979091,0.999,0.000706753139363385,0.0015,0.000865375640979107,1,0,0,0.0625623357115357,1333.76938764777,1646.71540015042,7.36245819643145,2000,2000
12,8000,140,"above",16,"null","bonferroni","outcome_blinded",NA,0,-5.94114884738744e-05,0.000133119525537751,0.00595328616469861,9.41532604742232e-05,0.00586491360286694,2.5311043651267e-05,-1.48443329258532,1.61502469439548,3.54274250756751e-05,1.26722144980005e-06,0.9935,0.00179690706493129,0.9935,0.00179690706493129,0.9935,0.00179690706493129,0.0065,0.00179690706493129,1,0,0,0.0324781021907335,2685.56765615827,3309.81740570346,7.84850966565368,2000,2000
13,4000,35,"below",4,"homogeneous","bonferroni","outcome_blinded",NA,-0.00650002329826096,0.000165996476304079,0.000143613626196367,0.00642259661340641,0.000101575566020776,0.0063853829072967,2.06898129130985e-05,-0.579418393364839,1.605030831375,4.12566772150557e-05,1.38577590151956e-06,0.9855,0.00267298989897081,0.9855,0.00267298989897081,0.9855,0.00267298989897081,0.059,0.00526872849936301,1,0,0,0.0306160568363027,1207.52737659079,1273.61755530824,6.66668781797082,2000,2000
14,8000,35,"below",4,"homogeneous","bonferroni","outcome_blinded",NA,-0.00327969266573416,9.1514673606914e-05,7.41529251728227e-05,0.00331621962833774,5.24471496613202e-05,0.00322382755797123,1.02972598905995e-05,-2.78606608491787,1.5685142168613,1.10001889025462e-05,3.63068712482329e-07,0.9775,0.00331615364541512,0.9775,0.00331615364541512,0.9785,0.00324328151722911,0.054,0.00505390937789747,1,0,0,0.0154790196974395,2423.5018544083,2558.46109420542,7.03039876885129,2000,2000
15,4000,70,"boundary",4,"homogeneous","bonferroni","outcome_blinded",NA,-0.0127378843551793,-0.000208818543444158,0.000196519276881089,0.00878860923990437,0.000138994866377765,0.00889104056865498,2.48671361142177e-05,1.16550100197339,1.62479346166151,7.72446377296327e-05,2.54814932533434e-06,0.9925,0.00192921616207204,0.9925,0.00192921616207204,0.9915,0.00205277251540447,0.1425,0.00781644900194455,1,0,0,0.0425507754794569,1210.09477775726,1274.43443709089,6.61570328554381,2000,2000
16,8000,70,"boundary",4,"homogeneous","bonferroni","outcome_blinded",NA,-0.00650208751103529,-0.000173804241043492,0.000100205125087202,0.00448130942777704,7.08734440351642e-05,0.00455386352850185,1.31357919271944e-05,1.61903795964378,1.63365245012145,2.01023010345944e-05,6.6547312710299e-07,0.993,0.00186426929385215,0.993,0.00186426929385215,0.992,0.0019919839356782,0.1395,0.00774724951192357,1,0,0,0.0217319264592814,2424.79050278012,2557.25043917611,7.05203686913598,2000,2000
17,4000,140,"above",4,"homogeneous","bonferroni","outcome_blinded",NA,-0.024539381341315,0.000124426548877759,0.000268714791666294,0.0120172908145105,0.000190057571726083,0.0121680030015336,3.22296798049636e-05,1.25412781757015,1.62367174408018,0.000144358552847325,4.52544513561786e-06,0.988,0.00243474844696531,0.988,0.00243474844696531,0.988,0.00243474844696531,0.321,0.0104393246908026,1,0,0,0.0576118135472758,1206.4734856915,1273.40445811566,6.64327098543929,2000,2000
18,8000,140,"above",4,"homogeneous","bonferroni","outcome_blinded",NA,-0.0127484627100008,-4.96464024380593e-05,0.000140846011484441,0.00629882512077854,9.96180774569346e-05,0.00628479732205327,1.67887000382047e-05,-0.222705003810997,1.60036376712145,3.96578250684748e-05,1.32014142112871e-06,0.9885,0.00238408787589719,0.9885,0.00238408787589719,0.988,0.00243474844696531,0.316,0.0103957683698705,1,0,0,0.0299000401267186,2421.98638835038,2560.0437426347,7.06305534868011,2000,2000
19,4000,35,"below",16,"homogeneous","bonferroni","outcome_blinded",NA,-0.00600794803608286,-9.52115945801299e-05,0.000127741832017208,0.00571278839921671,9.03497059111726e-05,0.00566645332173171,2.69784785421713e-05,-0.811076382443165,1.63824857777677,3.26286985663204e-05,1.09127200843612e-06,0.9955,0.00149662119455792,0.9955,0.00149662119455792,0.9955,0.00149662119455792,0.023,0.00335193973692845,1,0,0,0.0315912492600341,1339.52880865988,1645.19714985072,7.39838916267967,2000,2000
20,8000,35,"below",16,"homogeneous","bonferroni","outcome_blinded",NA,-0.00303669653042948,2.96198533828453e-05,6.72119769961078e-05,0.00300581098930898,4.75379306795038e-05,0.0028790326693227,1.53672707771911e-05,-4.21777418597542,1.59877600785464,9.03125958931334e-06,3.21156512615389e-07,0.9965,0.00132055859392909,0.9965,0.00132055859392909,0.9965,0.00132055859392909,0.0235,0.0033873108803297,1,0,0,0.0160452956650141,2684.63486005233,3306.22229231305,7.80742092171283,2000,2000
21,4000,70,"boundary",16,"homogeneous","bonferroni","outcome_blinded",NA,-0.0118121119109453,-9.82985712809961e-05,0.000176535276133643,0.00789489755723046,0.000124860509903081,0.00789782656459095,3.7228063607545e-05,0.0371000046455627,1.65089745535976,6.23079053445599e-05,2.16136674051485e-06,0.9955,0.00149662119455792,0.9955,0.00149662119455792,0.9955,0.00149662119455792,0.077,0.00596116599332714,1,0,0,0.0437159573728433,1332.93820391363,1649.42461496161,7.32485318679081,2000,2000
22,8000,70,"boundary",16,"homogeneous","bonferroni","outcome_blinded",NA,-0.00602041997142236,2.34168446207984e-05,9.29769409460089e-05,0.00415805520590519,6.57610677593912e-05,0.0040382122151521,2.08601249595822e-05,-2.88218854292486,1.61580616629283,1.72813267324196e-05,6.46594119452062e-07,0.9965,0.00132055859392909,0.9965,0.00132055859392909,0.9965,0.00132055859392909,0.076,0.00592553795026241,1,0,0,0.0222375050954466,2686.88617296688,3307.89327613922,7.8173445468552,2000,2000
23,4000,140,"above",16,"homogeneous","bonferroni","outcome_blinded",NA,-0.0226920797337126,0.000195091547120593,0.000243783644006865,0.0109023359960392,0.000172424179254038,0.0107186163831966,4.93408665087647e-05,-1.685139890289,1.61940814220234,0.000118839560417204,4.38800680806616e-06,0.995,0.00157718102955875,0.995,0.00157718102955875,0.9955,0.00149662119455792,0.212,0.00913936540466569,1,0,0,0.0592735238637692,1340.05762767049,1649.81056292461,7.38630881305079,2000,2000
24,8000,140,"above",16,"homogeneous","bonferroni","outcome_blinded",NA,-0.0118229290671756,-8.36755665023882e-05,0.000121625718068519,0.00543926746826865,8.60238786715192e-05,0.00557629260358774,2.42830964410421e-05,2.51918362386965,1.68171619522632,2.95778393764994e-05,9.98744897804818e-07,0.999,0.000706753139363385,0.999,0.000706753139363385,0.999,0.000706753139363385,0.2175,0.00922479674572833,1,0,0,0.030739294175822,2684.83132964971,3307.53367991438,7.81442124913766,2000,2000
25,4000,35,"below",4,"heterogeneous","bonferroni","outcome_blinded",NA,-0.00251484368034835,-3.91510558394419e-05,0.000147007866894268,0.00657439167205647,0.000103976256882997,0.00658350107768004,2.07710248543616e-05,0.138558912793241,1.61493154109517,4.32025473498501e-05,1.42648535168557e-06,0.985,0.00271799558498538,0.985,0.00271799558498538,0.9845,0.00276222283677476,0.016,0.00280570846668003,1,0,0,0.0315708452815869,1209.00493149905,1273.02412050043,6.6851679269989,2000,2000
26,8000,35,"below",4,"heterogeneous","bonferroni","outcome_blinded",NA,-0.00125609309862309,-2.48491006850622e-05,7.55928748940257e-05,0.00338061613755358,5.34656025187995e-05,0.00333322615864155,1.09077372767793e-05,-1.40181484628196,1.59239529712011,1.14234686645578e-05,3.90833732935914e-07,0.9845,0.00276222283677476,0.9845,0.00276222283677476,0.984,0.00280570846668003,0.0245,0.00345685912353975,1,0,0,0.0159406305905245,2420.56081091916,2556.04324436107,7.09243703843944,2000,2000
27,4000,70,"boundary",4,"heterogeneous","bonferroni","outcome_blinded",NA,-0.0050195016490632,5.91006041761887e-05,0.000204474149754801,0.00914436196986413,0.00014462121769394,0.00915028577145301,2.65567672003375e-05,0.0647809175577052,1.60898548252219,8.35810390393936e-05,2.94944863629734e-06,0.9865,0.00258047960658479,0.9865,0.00258047960658479,0.9865,0.00258047960658479,0.025,0.00349106001094224,1,0,0,0.0434722867870965,1208.19785587998,1274.12815078204,6.71357188690638,2000,2000
28,8000,70,"boundary",4,"heterogeneous","bonferroni","outcome_blinded",NA,-0.0025325924717175,-6.94284492602843e-06,0.000103085413428465,0.00461011983829433,7.29106248119159e-05,0.00464142766614619,1.36401994418544e-05,0.679110933121585,1.6195309889154,2.12426265240689e-05,7.32242445451535e-07,0.988,0.00243474844696531,0.988,0.00243474844696531,0.988,0.00243474844696531,0.023,0.00335193973692845,1,0,0,0.0221034394007976,2423.7010180042,2559.80029830963,7.12080967027851,2000,2000
29,4000,140,"above",4,"heterogeneous","bonferroni","outcome_blinded",NA,-0.00997812473510454,0.000126293345893749,0.00027373187703109,0.0122416616930026,0.00019360607404582,0.012372519534828,3.24742386851554e-05,1.06895489441756,1.62030320664028,0.000149799301874642,4.80093193094671e-06,0.99,0.0022248595461287,0.99,0.0022248595461287,0.99,0.0022248595461287,0.0425,0.00451075104611194,1,0,0,0.058791562097164,1209.99481760032,1273.92340642438,6.68618526050917,2000,2000
30,8000,140,"above",4,"heterogeneous","bonferroni","outcome_blinded",NA,-0.00501491265245584,-7.69677559622672e-05,0.000141786147784012,0.00634086929425766,0.000100283020466138,0.00646709424263656,1.78441644858138e-05,1.99065684090372,1.63738172052739,4.0192444130614e-05,1.34049877395161e-06,0.9895,0.00227922684259377,0.9895,0.00227922684259377,0.9895,0.00227922684259377,0.0485,0.00480352734977121,1,0,0,0.0306346484254187,2424.20234698249,2559.09978638536,7.07176489757185,2000,2000
31,4000,35,"below",16,"heterogeneous","bonferroni","outcome_blinded",NA,-0.00291197115508656,0.000128596458090125,0.00012886413236182,0.00576297919645118,9.11434905663514e-05,0.00582380027738416,3.28391129231753e-05,1.05537568087064,1.69677023105577,3.3211860303153e-05,1.23644751120775e-06,0.996,0.00141138230115019,0.996,0.00141138230115019,0.9965,0.00132055859392909,0.0045,0.00149662119455793,1,0,0,0.0321686099749713,1338.62355666261,1648.40489260344,7.35267207381552,2000,2000
32,8000,35,"below",16,"heterogeneous","bonferroni","outcome_blinded",NA,-0.00144623163637186,-7.85235642950821e-05,6.52835700299505e-05,0.00291957000801674,4.61740000115461e-05,0.002965310937865,1.76074912167555e-05,1.56670090878657,1.71579439926607,8.52579303734464e-06,3.17479521927266e-07,0.998,0.000998999499499375,0.998,0.000998999499499375,0.998,0.000998999499499375,0.0055,0.00165374574829385,1,0,0,0.0163183017647498,2683.34336288197,3308.67403616308,7.78229992819643,2000,2000
33,4000,70,"boundary",16,"heterogeneous","bonferroni","outcome_blinded",NA,-0.0057780842086094,-1.66980937397269e-05,0.000182243638189734,0.00815018326918244,0.000128897940906363,0.00811728514997742,4.06810541586567e-05,-0.403648827498426,1.65234451323885,6.63925534039352e-05,2.36088764243107e-06,0.997,0.00122290637417588,0.997,0.00122290637417588,0.997,0.00122290637417588,0.013,0.00253288373203351,1,0,0,0.0445630113099812,1334.4689093327,1646.74059079657,7.35099159203916,2000,2000
34,8000,70,"boundary",16,"heterogeneous","bonferroni","outcome_blinded",NA,-0.00291343823612888,-2.80967202235079e-06,9.05152467832012e-05,0.00404796489614814,6.40199517902468e-05,0.0040961331490064,1.9788011545624e-05,1.18993751413448,1.67334829740537,1.63778346848043e-05,5.89330825528111e-07,0.999,0.000706753139363385,0.999,0.000706753139363385,0.999,0.000706753139363385,0.0075,0.00192921616207205,1,0,0,0.0227113471435407,2686.84552348885,3308.6830286972,7.78721030430697,2000,2000
35,4000,140,"above",16,"heterogeneous","bonferroni","outcome_blinded",NA,-0.0115230441485287,-0.000445592112456264,0.000241631006663249,0.0108060671274146,0.000170901654112056,0.0109768591740847,5.29770345464756e-05,1.5805199491755,1.67966921646825,0.000116911253549492,3.72864740097043e-06,0.998,0.000998999499499375,0.998,0.000998999499499375,0.998,0.000998999499499375,0.036,0.00416557318985035,1,0,0,0.06022611464866,1335.63411012069,1646.9794829241,7.35394794215826,2000,2000
36,8000,140,"above",16,"heterogeneous","bonferroni","outcome_blinded",NA,-0.00583286865230623,0.000158302040311892,0.000128812649081215,0.00576067679414847,9.11070772850599e-05,0.00566266214038431,2.52846391587474e-05,-1.7014433766484,1.61539743534832,3.31938639640443e-05,1.15129765653629e-06,0.996,0.00141138230115019,0.996,0.00141138230115019,0.996,0.00141138230115019,0.032,0.00393547964039963,1,0,0,0.0311876172243458,2684.69776873908,3311.44056516882,7.83182170707973,2000,2000
1,4000,35,"below",4,"null","bonferroni","prognostic_high",NA,0,-7.30605666353739e-05,0.000160972935859459,0.0071989285423893,0.000113853521472912,0.00697379146037716,2.3474986447124e-05,-3.12736931178674,1.56639233930684,5.18039977187451e-05,1.68474393759035e-06,0.983,0.00289058817544112,0.983,0.00289058817544112,0.983,0.00289058817544112,0.017,0.00289058817544112,1,0,0,0.0335319723108897,1176.80016163432,1233.45524682843,6.62137797882399,2000,2000
2,8000,35,"below",4,"null","bonferroni","prognostic_high",NA,0,3.12114712994276e-05,7.7480374615011e-05,0.00346502769122627,5.48006001621358e-05,0.00353325635671027,1.20050929283104e-05,1.96906551877658,1.64947283493265,1.20013878484551e-05,3.80319676611201e-07,0.991,0.00211175282644537,0.991,0.00211175282644537,0.991,0.00211175282644537,0.009,0.00211175282644537,1,0,0,0.0169944861425725,2378.91748186613,2493.75391633943,7.00411278197356,2000,2000
3,4000,70,"boundary",4,"null","bonferroni","prognostic_high",NA,0,0.000188002671529123,0.000219700735460132,0.00982531558391108,0.00015539073241581,0.00974523055325073,2.88297001310419e-05,-0.815088634826988,1.59585050234341,9.65239029147866e-05,3.10535223225712e-06,0.9845,0.00276222283677476,0.9845,0.00276222283677476,0.9835,0.00284848644019942,0.0155,0.00276222283677476,1,0,0,0.0460055093245338,1181.72478394176,1246.52382469291,6.62922512656532,2000,2000
4,8000,70,"boundary",4,"null","bonferroni","prognostic_high",NA,0,-4.18294255033883e-05,0.000113282201510274,0.00506613406435606,8.01226460416252e-05,0.00497929616178055,1.50464598094487e-05,-1.71408615469677,1.5825447300077,2.56546312016878e-05,8.52905927686603e-07,0.9835,0.00284848644019942,0.9835,0.00284848644019942,0.9835,0.00284848644019942,0.0165,0.00284848644019943,1,0,0,0.0235126118033655,2386.8124998674,2518.26619132429,7.01294291170637,2000,2000
5,4000,140,"above",4,"null","bonferroni","prognostic_high",NA,0,-2.08892130756593e-05,0.000306073861895369,0.0136880392266785,0.000216481030314473,0.0132520958595439,3.51480095852766e-05,-3.18484890286549,1.55254663558117,0.000187269173021378,6.47137480321573e-06,0.982,0.002972877394041,0.982,0.002972877394041,0.982,0.002972877394041,0.018,0.002972877394041,1,0,0,0.0618352102177812,1186.00930058539,1248.79581609971,6.62078830148147,2000,2000
6,8000,140,"above",4,"null","bonferroni","prognostic_high",NA,0,-8.30952487380191e-05,0.000150523893701006,0.00673163317106805,0.000106463085065654,0.006910466557417,1.88432552160387e-05,2.65661217425748,1.64750378792212,4.52991325276116e-05,1.46409722034211e-06,0.99,0.0022248595461287,0.99,0.0022248595461287,0.99,0.0022248595461287,0.01,0.0022248595461287,1,0,0,0.0322379156002858,2396.57487635154,2519.11830462164,7.00238916886296,2000,2000
7,4000,35,"below",16,"null","bonferroni","prognostic_high",NA,0,0.000172054732952045,0.000181515816079289,0.00811763407489278,0.000128383164246314,0.00804146573490498,5.92549425088532e-05,-0.938307138324734,1.72839923594647,6.58926378135046e-05,2.58514861227734e-06,0.9955,0.00149662119455792,0.9955,0.00149662119455792,0.9965,0.00132055859392909,0.0045,0.00149662119455793,1,0,0,0.0405846240326035,997.686351254956,876.15991772411,6.91096754804796,2000,2000
8,8000,35,"below",16,"null","bonferroni","prognostic_high",NA,0,-5.37434837098017e-05,9.30756397964505e-05,0.00416246915268296,6.5830875840036e-05,0.00413128489399758,3.04292358271214e-05,-0.749176931804552,1.73156869487043,1.73203747343549e-05,6.9694570478661e-07,0.997,0.00122290637417588,0.997,0.00122290637417588,0.997,0.00122290637417588,0.003,0.00122290637417588,1,0,0,0.0207384987372634,1971.46902888302,1728.43633161262,7.2915506335588,2000,2000
9,4000,70,"boundary",16,"null","bonferroni","prognostic_high",NA,0,0.000146047423259357,0.000259597897750424,0.0116095709237197,0.000183609341955812,0.0113204860651554,7.96494633277565e-05,-2.49005635491403,1.68787578319889,0.000134736075814203,5.63439435868844e-06,0.9965,0.00132055859392909,0.9965,0.00132055859392909,0.997,0.00122290637417588,0.0035,0.0013205585939291,1,0,0,0.0554876094424945,1027.33307871058,904.754266581754,6.95462156130174,2000,2000
10,8000,70,"boundary",16,"null","bonferroni","prognostic_high",NA,0,-9.05867217061708e-05,0.000126088850446579,0.00563886481606712,8.91805791151616e-05,0.00579828132912073,4.14992956560198e-05,2.82710294099213,1.78502096441808,3.17891039698223e-05,1.20397625965549e-06,0.9975,0.00111663557170635,0.9975,0.00111663557170635,0.9975,0.00111663557170635,0.0025,0.00111663557170636,1,0,0,0.0279508663190328,2345.55204242614,2475.41007358549,7.35676873621673,2000,2000
11,4000,140,"above",16,"null","bonferroni","prognostic_high",NA,0,0.000377101785181256,0.000339452887402475,0.0151807946278103,0.000240089468447428,0.0149752542727271,0.000105128451061315,-1.3539499092275,1.70691161213999,0.000230483503025376,8.84077449262571e-06,0.9975,0.00111663557170635,0.9975,0.00111663557170635,0.998,0.000998999499499375,0.0025,0.00111663557170636,1,0,0,0.0701781325986865,1212.29410779384,1273.31859969046,6.98240686452688,2000,2000
12,8000,140,"above",16,"null","bonferroni","prognostic_high",NA,0,-0.000189594743486379,0.000178679420501322,0.0079907866084245,0.000126377028102262,0.0079055853848441,5.64298008913645e-05,-1.06624325933776,1.71665213357341,6.38566904528231e-05,2.33745431366714e-06,0.997,0.00122290637417588,0.997,0.00122290637417588,0.997,0.00122290637417588,0.003,0.00122290637417588,1,0,0,0.0367744135103092,2426.25298971121,2562.04805528059,7.43304733286336,2000,2000
13,4000,35,"below",4,"homogeneous","bonferroni","prognostic_high",NA,-0.00635078875344578,0.000245855589695854,0.0001475029869363,0.0065965341134766,0.00010432644718074,0.00656204566422014,2.35650215424745e-05,-0.522826815766708,1.61331344249127,4.355295015009e-05,1.5498251804526e-06,0.9835,0.00284848644019942,0.9835,0.00284848644019942,0.9835,0.00284848644019942,0.049,0.00482695556225661,1,0,0,0.0314443168104175,1171.15434606577,1229.76833670644,6.59560616731814,2000,2000
14,8000,35,"below",4,"homogeneous","bonferroni","prognostic_high",NA,-0.00323795866573061,0.000151528779804863,7.53389853466607e-05,0.00336926185181988,5.32860305995925e-05,0.00333642428348185,1.21010477348544e-05,-0.97462203242793,1.60677589874722,1.13692104345248e-05,3.6791225602672e-07,0.9835,0.00284848644019942,0.9835,0.00284848644019942,0.983,0.00289058817544112,0.047,0.00473238840333293,1,0,0,0.0160116143221919,2377.24301543831,2506.81812747313,6.99004967313744,2000,2000
15,4000,70,"boundary",4,"homogeneous","bonferroni","prognostic_high",NA,-0.0128012560168323,-0.000182231868052906,0.000205187072261648,0.00917624483362412,0.000145125456108357,0.00925853849509601,2.88439213706843e-05,0.896811963542565,1.62638241348324,8.4194575965724e-05,2.77939724653905e-06,0.9915,0.00205277251540447,0.9915,0.00205277251540447,0.99,0.0022248595461287,0.1325,0.00758102070964062,1,0,0,0.0438147750679469,1181.42971772606,1243.94564700895,6.54072454652609,2000,2000
16,8000,70,"boundary",4,"homogeneous","bonferroni","prognostic_high",NA,-0.00654079443437776,-9.25057749242672e-05,0.000103034235420933,0.00460783108821847,7.28744274452698e-05,0.00473438066088748,1.50599650446922e-05,2.74640216288704,1.65751217386965,2.12300486022782e-05,6.89406113880594e-07,0.9895,0.00227922684259377,0.9895,0.00227922684259377,0.9895,0.00227922684259377,0.123,0.00734407924793844,1,0,0,0.0223725036916922,2389.03282430812,2512.52015353963,6.99453737438142,2000,2000
17,4000,140,"above",4,"homogeneous","bonferroni","prognostic_high",NA,-0.0248618499434125,0.000349097756175992,0.00027903768632235,0.0124789446980207,0.00019735878607066,0.0126112273134315,3.46462203076356e-05,1.06004649120524,1.62223397429641,0.000155768067989239,5.05867009637692e-06,0.988,0.00243474844696531,0.988,0.00243474844696531,0.989,0.00233227356885937,0.296,0.0102074482609514,1,0,0,0.0588496314297023,1187.42811977336,1248.56079573035,6.60638461047506,2000,2000
18,8000,140,"above",4,"homogeneous","bonferroni","prognostic_high",NA,-0.0130119063705881,6.95480198580473e-05,0.000146402863782812,0.0065473351103802,0.000103548348089674,0.00656793809827406,1.82972459468648e-05,0.314677461081891,1.61093623977413,4.28510001761597e-05,1.43152355490327e-06,0.9885,0.00238408787589719,0.9885,0.00238408787589719,0.989,0.00233227356885937,0.287,0.0101151124561223,1,0,0,0.0306886770582581,2392.20327476882,2524.28721997658,7.00923356524074,2000,2000
19,4000,35,"below",16,"homogeneous","bonferroni","prognostic_high",NA,-0.00636124417515995,-0.000139058247511085,0.000172428844962615,0.00771125237236357,0.000121956098381905,0.00769878143924199,5.77871410076449e-05,-0.161723835758232,1.74778378516296,5.94530186399085e-05,2.35025412366666e-06,0.995,0.00157718102955875,0.995,0.00157718102955875,0.9945,0.00165374574829385,0.0095,0.00216907238237916,1,0,0,0.0387135842911354,991.910127074257,863.057248513699,6.89973716475226,2000,2000
20,8000,35,"below",16,"homogeneous","bonferroni","prognostic_high",NA,-0.00321559957779192,-1.39508168481234e-05,9.01992528677063e-05,0.00403383321863768,6.37964544684701e-05,0.00392775057095002,3.0383421056226e-05,-2.62982235352517,1.7142799744765,1.62638691558577e-05,6.38959395190577e-07,0.9945,0.00165374574829385,0.9945,0.00165374574829385,0.9945,0.00165374574829385,0.013,0.00253288373203351,1,0,0,0.0198726670618945,1963.35797753526,1715.54796813623,7.24789904059957,2000,2000
21,4000,70,"boundary",16,"homogeneous","bonferroni","prognostic_high",NA,-0.0128639154309055,0.000218903897592316,0.000235409084787591,0.0105278143221213,0.000166500990658346,0.0106198943714269,7.49358310763884e-05,0.874635954702807,1.74695143461989,0.000110827375880243,4.34155641164223e-06,0.995,0.00157718102955875,0.995,0.00157718102955875,0.995,0.00157718102955875,0.0505,0.00489641450451246,1,0,0,0.052472577127866,1137.81690574732,1202.17034710103,6.87181818266577,2000,2000
22,8000,70,"boundary",16,"homogeneous","bonferroni","prognostic_high",NA,-0.00657177650575816,0.000140068625447501,0.000124754525485293,0.00557919198971688,8.82368329206811e-05,0.00543536194694227,4.07626531788271e-05,-2.5779726354589,1.7052138818966,3.11314387863267e-05,1.34720014275833e-06,0.996,0.00141138230115019,0.996,0.00141138230115019,0.9955,0.00149662119455792,0.0485,0.00480352734977121,1,0,0,0.0257762830262547,2388.5697816892,2509.74287807791,7.34706175910855,2000,2000
23,4000,140,"above",16,"homogeneous","bonferroni","prognostic_high",NA,-0.025129666099656,0.000646191185580083,0.000324600701261294,0.0145165846712871,0.000229584760406189,0.0144444015937774,0.000101137597577854,-0.497245592845974,1.72099794964239,0.00021104342795171,8.05798589382415e-06,0.998,0.000998999499499375,0.998,0.000998999499499375,0.997,0.00122290637417588,0.1575,0.00814535910810567,1,0,0,0.0683453062039982,1199.96290457866,1256.37637701922,6.91142051912781,2000,2000
24,8000,140,"above",16,"homogeneous","bonferroni","prognostic_high",NA,-0.0131439381252052,9.38374933106472e-05,0.000170342405869339,0.00761794397949403,0.000120480394178339,0.00757303385780273,5.4676239050319e-05,-0.589530742312971,1.7282887649618,5.80128594146227e-05,2.39151590716095e-06,0.997,0.00122290637417588,0.997,0.00122290637417588,0.9975,0.00111663557170635,0.1455,0.00788447049585449,1,0,0,0.0357386007985066,2411.34267761039,2538.30917373479,7.39703837269679,2000,2000
25,4000,35,"below",4,"heterogeneous","bonferroni","prognostic_high",NA,-0.00222876858116223,0.000132724173999395,0.000152903160366293,0.00683803721107165,0.000108145901415618,0.00685404548886664,2.45483717852415e-05,0.234106327603389,1.62537829339532,4.67529892299144e-05,1.56091007139142e-06,0.982,0.002972877394041,0.982,0.002972877394041,0.9835,0.00284848644019942,0.0145,0.00267298989897081,1,0,0,0.032794893835251,1175.72218105434,1231.30007803237,6.61574400293978,2000,2000
26,8000,35,"below",4,"heterogeneous","bonferroni","prognostic_high",NA,-0.00111889845504354,2.41824790061876e-05,7.87062261828608e-05,0.00351984943994701,5.56676249017769e-05,0.00347769935561177,1.23815592896823e-05,-1.19749679792771,1.60169983013819,1.23837302021462e-05,4.1756465565787e-07,0.985,0.00271799558498538,0.985,0.00271799558498538,0.985,0.00271799558498538,0.0205,0.00316857617866448,1,0,0,0.0166408088691818,2369.78821345703,2489.90186255463,7.03382404423027,2000,2000
27,4000,70,"boundary",4,"heterogeneous","bonferroni","prognostic_high",NA,-0.00455811648188468,6.51227128666294e-05,0.000217448843384618,0.00972460790873424,0.000153798006027332,0.00963487700768409,2.94366775187405e-05,-0.922719989250775,1.59591152554162,9.45249559468584e-05,3.27292410171759e-06,0.9825,0.00293204280323463,0.9825,0.00293204280323463,0.9825,0.00293204280323463,0.021,0.00320616593457045,1,0,0,0.0456263183406164,1176.80088053283,1230.18618524813,6.6356089208448,2000,2000
28,8000,70,"boundary",4,"heterogeneous","bonferroni","prognostic_high",NA,-0.00229806874624872,0.000144397694084182,0.000108142383357482,0.00483627440872345,7.64873368307857e-05,0.0049068313261533,1.50820954455774e-05,1.45891054698182,1.63463074652245,2.33987060754519e-05,7.94806443450333e-07,0.989,0.00233227356885937,0.989,0.00233227356885937,0.989,0.00233227356885937,0.021,0.00320616593457045,1,0,0,0.0232414847650288,2379.55578257586,2505.60897934149,7.06160610985652,2000,2000
29,4000,140,"above",4,"heterogeneous","bonferroni","prognostic_high",NA,-0.00918563283806015,0.000365192241972638,0.000291004180021307,0.0130141025652846,0.000205822491103034,0.0130476384040827,3.63584175120067e-05,0.257688447051074,1.61003405104433,0.000169415547520554,5.33846646488707e-06,0.9885,0.00238408787589719,0.9885,0.00238408787589719,0.9895,0.00227922684259377,0.04,0.00438178046004133,1,0,0,0.0604731455058829,1180.94644690553,1243.09083720744,6.61334837701338,2000,2000
30,8000,140,"above",4,"heterogeneous","bonferroni","prognostic_high",NA,-0.00459753935274827,3.42747118200692e-05,0.000149309985349572,0.00667734553922283,0.000105604507567405,0.00683396940130376,1.95355517398217e-05,2.34560067561147,1.64485851792483,4.45658247343243e-05,1.49643983811281e-06,0.9865,0.00258047960658479,0.9865,0.00258047960658479,0.9865,0.00258047960658479,0.036,0.00416557318985035,1,0,0,0.0317989057598728,2382.27551562405,2500.85019745994,7.03553293464254,2000,2000
31,4000,35,"below",16,"heterogeneous","bonferroni","prognostic_high",NA,-0.001557698316485,0.000272209667258444,0.000183532210224241,0.00820780996244371,0.000129809326804973,0.0081949352385457,5.89517188966432e-05,-0.156859429700773,1.73472695635172,6.74085584103493e-05,2.63365081342698e-06,0.9935,0.00179690706493129,0.9935,0.00179690706493129,0.9955,0.00149662119455792,0.005,0.00157718102955875,1,0,0,0.0424927126706237,974.193977081098,851.038483013023,6.82217171311137,2000,2000
32,8000,35,"below",16,"heterogeneous","bonferroni","prognostic_high",NA,-0.000780556713362703,-6.90459483017567e-05,9.28827197002602e-05,0.00415384150369681,6.56944266152214e-05,0.00415272060480708,3.10867593698436e-05,-0.0269846331098944,1.74928047634429,1.72505393811922e-05,6.95649622371994e-07,0.997,0.00122290637417588,0.997,0.00122290637417588,0.9965,0.00132055859392909,0.006,0.0017268468374468,1,0,0,0.0212786672739663,1954.60775668187,1703.45512559497,7.27005279596414,2000,2000
33,4000,70,"boundary",16,"heterogeneous","bonferroni","prognostic_high",NA,-0.0034485807517621,0.000234163098775815,0.00025284628959571,0.0113076298278921,0.000178834040070963,0.011409579748914,8.15917411276385e-05,0.901602922749323,1.75134539102616,0.000127853393435301,4.80693186028162e-06,0.995,0.00157718102955875,0.995,0.00157718102955875,0.996,0.00141138230115019,0.0115,0.0023840878758972,1,0,0,0.0583544249773149,991.483062750186,875.636979417474,6.88386981546159,2000,2000
34,8000,70,"boundary",16,"heterogeneous","bonferroni","prognostic_high",NA,-0.00174857850501764,0.000107504441402568,0.000129807244588109,0.00580515645741905,9.18105383997891e-05,0.00579484619635532,4.22237307415565e-05,-0.177605222862787,1.73822034304889,3.36945487792878e-05,1.43616827053597e-06,0.9975,0.00111663557170635,0.9975,0.00111663557170635,0.9975,0.00111663557170635,0.0055,0.00165374574829385,1,0,0,0.0291592422709307,1992.40635073504,1739.19527469239,7.29844135938803,2000,2000
35,4000,140,"above",16,"heterogeneous","bonferroni","prognostic_high",NA,-0.00719150309425754,-0.000289840389216384,0.000335256172235909,0.0149931118199174,0.000237121200534681,0.0153967607310985,0.000107565330855025,2.6922290451064,1.77551416017266,0.000224765012794746,9.01017145248147e-06,0.9985,0.000865375640979091,0.9985,0.000865375640979091,0.9985,0.000865375640979091,0.017,0.00289058817544112,1,0,0,0.0764713643438098,1018.74737461173,895.600766724856,6.85777452893535,2000,2000
36,8000,140,"above",16,"heterogeneous","bonferroni","prognostic_high",NA,-0.00354238677501135,0.000361157832339068,0.000178239727920506,0.00797112295842639,0.000126066040740169,0.00811194552190757,5.75957440928973e-05,1.7666590292942,1.76422620236364,6.3637466797603e-05,2.6203813086646e-06,0.9965,0.00132055859392909,0.9965,0.00132055859392909,0.996,0.00141138230115019,0.02,0.00313049516849971,1,0,0,0.0414974434460545,2008.99173993815,1757.28082946545,7.3104998977427,2000,2000
1,4000,35,"below",4,"null","bonferroni","prognostic_low",NA,0,2.08963441954758e-05,0.000154189753474752,0.00689557540406961,0.000109055887652241,0.00665753628008213,2.31336472743687e-05,-3.45205599299218,1.56335939039908,4.7525622330334e-05,1.54794205278001e-06,0.98,0.00313049516849971,0.98,0.00313049516849971,0.98,0.00313049516849971,0.02,0.00313049516849971,1,0,0,0.032336672029072,1193.46658793428,1256.14418917319,6.65258906176302,2000,2000
2,8000,35,"below",4,"null","bonferroni","prognostic_low",NA,0,2.58258970395087e-05,7.38920351837501e-05,0.00330455227333343,5.22626264443312e-05,0.00338898221554099,1.204759350687e-05,2.55495859117989,1.66241109471286,1.09152726712874e-05,3.38847034664646e-07,0.992,0.0019919839356782,0.992,0.0019919839356782,0.992,0.0019919839356782,0.008,0.0019919839356782,1,0,0,0.0163506950825308,2405.35965232022,2528.48731024794,7.02646973654983,2000,2000
3,4000,70,"boundary",4,"null","bonferroni","prognostic_low",NA,0,0.000154627801685178,0.00021050600919238,0.00941411492452715,0.000148887453097621,0.00933598009804064,2.8034596199295e-05,-0.829975277685835,1.59642857838898,8.86051567893527e-05,2.93674134084151e-06,0.9845,0.00276222283677476,0.9845,0.00276222283677476,0.9835,0.00284848644019942,0.0155,0.00276222283677476,1,0,0,0.0447468997942782,1199.30299471223,1264.70885624213,6.66732718900915,2000,2000
4,8000,70,"boundary",4,"null","bonferroni","prognostic_low",NA,0,-4.53330271046501e-05,0.000108543272446189,0.00485420271379917,7.67708791183486e-05,0.00475608145896384,1.41542380456057e-05,-2.02136706315112,1.57676150745763,2.35535574280084e-05,7.7376536903769e-07,0.9845,0.00276222283677476,0.9845,0.00276222283677476,0.9845,0.00276222283677476,0.0155,0.00276222283677476,1,0,0,0.0228232704023789,2414.14551346934,2545.26336507703,7.05741511805728,2000,2000
5,4000,140,"above",4,"null","bonferroni","prognostic_low",NA,0,-0.000114338116016736,0.000289649291566111,0.0129535101115296,0.000204864200686056,0.0126317333808322,3.11993438462246e-05,-2.48408908417086,1.56094177869876,0.00016772260070217,5.70264304761114e-06,0.984,0.00280570846668003,0.984,0.00280570846668003,0.984,0.00280570846668003,0.016,0.00280570846668003,1,0,0,0.0604349120513078,1207.14275757701,1272.95617451016,6.67146662467141,2000,2000
6,8000,140,"above",4,"null","bonferroni","prognostic_low",NA,0,-0.000126181146849619,0.000144555500765823,0.00646471852467806,0.000102241738479804,0.00655884827028435,1.65567254449947e-05,1.45605327203284,1.62487286029787,4.17876109923343e-05,1.35870024921774e-06,0.9905,0.00216907238237915,0.9905,0.00216907238237915,0.9905,0.00216907238237915,0.0095,0.00216907238237916,1,0,0,0.0314568484219773,2425.8343328272,2555.35907140705,7.05815645507004,2000,2000
7,4000,35,"below",16,"null","bonferroni","prognostic_low",NA,0,0.000408535391328555,0.000161095410126432,0.0072044057581182,0.000113940145516327,0.00712446398832084,5.52792527826036e-05,-1.10962336771872,1.74206650618192,5.20444117624108e-05,2.1549741246639e-06,0.9945,0.00165374574829385,0.9945,0.00165374574829385,0.995,0.00157718102955875,0.0055,0.00165374574829385,1,0,0,0.0353213452077093,1226.81375667349,1291.10811987327,7.07825860339072,2000,2000
8,8000,35,"below",16,"null","bonferroni","prognostic_low",NA,0,-6.2855133896332e-05,8.28500599758271e-05,0.00370516732091768,5.85984906849515e-05,0.0036437241536555,2.86745517868201e-05,-1.65831019061676,1.73721433037428,1.37253515114154e-05,5.8910973145773e-07,0.9955,0.00149662119455792,0.9955,0.00149662119455792,0.9955,0.00149662119455792,0.0045,0.00149662119455793,1,0,0,0.0178624383333284,2445.78137428697,2583.20082226146,7.45752566559147,2000,2000
9,4000,70,"boundary",16,"null","bonferroni","prognostic_low",NA,0,1.56748973995647e-05,0.000215746527577792,0.00964847803146953,0.000152593985933946,0.00953000763063143,6.95230539469822e-05,-1.2278662028529,1.72029361739464,9.30468274619968e-05,3.93339591133782e-06,0.997,0.00122290637417588,0.997,0.00122290637417588,0.997,0.00122290637417588,0.003,0.00122290637417588,1,0,0,0.0471095945818422,1308.32510761848,1611.76166177729,7.17579972547699,2000,2000
10,8000,70,"boundary",16,"null","bonferroni","prognostic_low",NA,0,-7.31881736632195e-05,0.000107316313684188,0.00479933144985069,7.59030712784156e-05,0.00487667865516341,3.62911089866499e-05,1.61162457981781,1.77603914081646,2.30274220831073e-05,8.90624792678307e-07,0.9955,0.00149662119455792,0.9955,0.00149662119455792,0.9955,0.00149662119455792,0.0045,0.00149662119455793,1,0,0,0.0241517390781616,2644.33279792338,3263.03836078415,7.63831151589377,2000,2000
11,4000,140,"above",16,"null","bonferroni","prognostic_low",NA,0,0.000322408337014823,0.000280010189804809,0.0125224363759234,0.000198046621858282,0.012248994157765,8.5149781307916e-05,-2.18361834669948,1.68984540014817,0.000156836954218432,5.93555338340064e-06,0.997,0.00122290637417588,0.997,0.00122290637417588,0.9985,0.000865375640979091,0.003,0.00122290637417588,1,0,0,0.0624773648262187,1331.24792857681,1642.00148579949,7.29417456349183,2000,2000
12,8000,140,"above",16,"null","bonferroni","prognostic_low",NA,0,-8.82574963645296e-05,0.000145059624778556,0.00648726363590929,0.000102598297138576,0.00636489002920617,4.52558547303717e-05,-1.88636709668679,1.7013042115806,4.20713365727145e-05,1.55540552037234e-06,0.996,0.00141138230115019,0.996,0.00141138230115019,0.996,0.00141138230115019,0.004,0.00141138230115019,1,0,0,0.0324428808561006,2681.97588123529,3308.20095722915,7.80258532312803,2000,2000
13,4000,35,"below",4,"homogeneous","bonferroni","prognostic_low",NA,-0.00606949553038395,0.000278814951866999,0.000143141693079833,0.00640149112281834,0.000101241775455734,0.00633599001098719,2.34181424446909e-05,-1.02321647526266,1.60753000830503,4.10363368286089e-05,1.46972242479465e-06,0.985,0.00271799558498538,0.985,0.00271799558498538,0.984,0.00280570846668003,0.0465,0.00470838348055891,1,0,0,0.030535577105747,1186.1423274684,1247.97126102501,6.60839612592831,2000,2000
14,8000,35,"below",4,"homogeneous","bonferroni","prognostic_low",NA,-0.00306639831776776,0.000176603478920467,7.21790703312466e-05,0.00322794615626811,5.10510744553241e-05,0.00320406197679548,1.22921529052204e-05,-0.739918769284631,1.61535906791113,1.0445615358339e-05,3.48819971517443e-07,0.985,0.00271799558498538,0.985,0.00271799558498538,0.9845,0.00276222283677476,0.0425,0.00451075104611194,1,0,0,0.0154624208850246,2395.24806897665,2527.54726019788,6.99004967313744,2000,2000
15,4000,70,"boundary",4,"homogeneous","bonferroni","prognostic_low",NA,-0.0122377039019392,-8.2459293555244e-05,0.000196969644464105,0.00880875029051408,0.000139313403994103,0.00885837878369561,2.80279137265617e-05,0.56339993239416,1.62196001718255,7.75620841748854e-05,2.47847204985756e-06,0.991,0.00211175282644537,0.991,0.00211175282644537,0.9905,0.00216907238237915,0.135,0.00764117137617002,1,0,0,0.0426692113287386,1199.56667932139,1263.48097766184,6.56820247290916,2000,2000
16,8000,70,"boundary",4,"homogeneous","bonferroni","prognostic_low",NA,-0.00619956160054076,-6.26874585262573e-05,9.84106465719346e-05,0.00440105790889105,6.96042387673359e-05,0.00450339934013366,1.453955307923e-05,2.3253825185044,1.65168745442018,1.93635557795102e-05,6.4306617361276e-07,0.99,0.0022248595461287,0.99,0.0022248595461287,0.99,0.0022248595461287,0.1195,0.00725326650551322,1,0,0,0.0216601249718901,2412.02991079497,2540.37244812559,7.02531045764812,2000,2000
17,4000,140,"above",4,"homogeneous","bonferroni","prognostic_low",NA,-0.0239358882267608,0.000274638878654817,0.000267259124880333,0.0119521914167906,0.000189028002446079,0.0120381418688468,3.23376284099948e-05,0.719118771269556,1.61572139087618,0.00014285887873744,4.53705327235576e-06,0.99,0.0022248595461287,0.99,0.0022248595461287,0.991,0.00211175282644537,0.299,0.0102371626928559,1,0,0,0.0575247552883866,1204.37458719862,1271.12712111346,6.64043867906422,2000,2000
18,8000,140,"above",4,"homogeneous","bonferroni","prognostic_low",NA,-0.0125534580173267,8.24245672549405e-06,0.000140357501036574,0.00627697826939554,9.92725620169071e-05,0.00627887322499996,1.70157663799529e-05,0.030188978248713,1.60506902604942,3.93808239044595e-05,1.34664201643372e-06,0.989,0.00233227356885937,0.989,0.00233227356885937,0.989,0.00233227356885937,0.2985,0.0102322468207134,1,0,0,0.0299703352058653,2417.66651833357,2551.07268091506,7.04802380365553,2000,2000
19,4000,35,"below",16,"homogeneous","bonferroni","prognostic_low",NA,-0.00577393175716872,-5.30974021629265e-05,0.000153862445909186,0.00688093776474648,0.000108824388371039,0.00687715842067993,5.48082260903487e-05,-0.0549248401273683,1.77001470496144,4.73264502041696e-05,1.98084342868014e-06,0.9935,0.00179690706493129,0.9935,0.00179690706493129,0.9935,0.00179690706493129,0.016,0.00280570846668003,1,0,0,0.0338869617790351,1204.01219788657,1266.912420735,6.98339520944565,2000,2000
20,8000,35,"below",16,"homogeneous","bonferroni","prognostic_low",NA,-0.00290155337992704,8.66928185370182e-05,8.07990929721081e-05,0.00361344528811919,5.7147875309445e-05,0.00349787055944488,2.80094256487355e-05,-3.19846350114404,1.71599982664459,1.30579740015915e-05,5.3516120841817e-07,0.994,0.0017268468374468,0.994,0.0017268468374468,0.9945,0.00165374574829385,0.015,0.00271799558498538,1,0,0,0.0171473572834741,2405.44639797085,2544.89913788338,7.39580168401329,2000,2000
21,4000,70,"boundary",16,"homogeneous","bonferroni","prognostic_low",NA,-0.0116255894206381,0.000183257345308815,0.000206592553502709,0.0092390998655464,0.000146119529974281,0.00918786827493265,6.97079001794979e-05,-0.554508462505166,1.744373924751,8.53518690969865e-05,3.39557967017743e-06,0.995,0.00157718102955875,0.995,0.00157718102955875,0.995,0.00157718102955875,0.0625,0.00541265877365274,1,0,0,0.0448566502882424,1285.92921524184,1593.45505464696,7.0734788195557,2000,2000
22,8000,70,"boundary",16,"homogeneous","bonferroni","prognostic_low",NA,-0.00598095122516805,0.000165416075740841,0.000106294679153736,0.00475364256468565,7.51804859051088e-05,0.00472936258923432,3.6535954143958e-05,-0.510765694326754,1.75114055167855,2.26131815520883e-05,9.54926696861879e-07,0.997,0.00122290637417588,0.997,0.00122290637417588,0.9965,0.00132055859392909,0.048,0.00477995815881269,1,0,0,0.0230327532454289,2524.47179514225,2689.87326714749,7.54260158067201,2000,2000
23,4000,140,"above",16,"homogeneous","bonferroni","prognostic_low",NA,-0.0228285072911625,0.000329577241127214,0.000272901923554379,0.0122045450451609,0.000193019061542894,0.0121405471123686,8.9977412008459e-05,-0.524377865421488,1.73741697680841,0.00014898506545735,5.92052261159082e-06,0.995,0.00157718102955875,0.995,0.00157718102955875,0.9955,0.00149662119455792,0.19,0.00877211491032807,1,0,0,0.0596632692159005,1324.27328675293,1633.59817539783,7.2052655146178,2000,2000
24,8000,140,"above",16,"homogeneous","bonferroni","prognostic_low",NA,-0.01195779730443,3.75639630217571e-05,0.000140526940527882,0.0062845558338083,9.93924037944023e-05,0.00632136490432236,4.825868579777e-05,0.585706794361429,1.76643613106575,3.94773052585578e-05,1.76914238552447e-06,0.999,0.000706753139363385,0.999,0.000706753139363385,0.999,0.000706753139363385,0.1795,0.00858136789795193,1,0,0,0.0308789616972097,2668.4674684144,3293.6383557316,7.68144414554327,2000,2000
25,4000,35,"below",4,"heterogeneous","bonferroni","prognostic_low",NA,-0.0022427873599239,0.000123815839936127,0.000147574301168364,0.00659972338288978,0.000104376886569252,0.00656799289793833,2.37041574509566e-05,-0.480785074018719,1.61439137171755,4.35499009185158e-05,1.4646682270869e-06,0.984,0.00280570846668003,0.984,0.00280570846668003,0.9845,0.00276222283677476,0.0175,0.00293204280323463,1,0,0,0.0316358665811446,1194.58611295316,1257.95934332818,6.63603449246726,2000,2000
26,8000,35,"below",4,"heterogeneous","bonferroni","prognostic_low",NA,-0.00112218863594848,7.01897746710666e-05,7.54298346033679e-05,0.00337332475409393,5.33502867911323e-05,0.0033428988042499,1.2081302622205e-05,-0.901957328807601,1.60766899084975,1.1378556841103e-05,3.7954238004452e-07,0.9845,0.00276222283677476,0.9845,0.00276222283677476,0.9845,0.00276222283677476,0.0195,0.00309190475273738,1,0,0,0.0160406423932643,2398.1262958957,2529.65705231275,7.05213725704923,2000,2000
27,4000,70,"boundary",4,"heterogeneous","bonferroni","prognostic_low",NA,-0.00472013703097681,0.000245557595457998,0.000207493233408954,0.00927937949547305,0.000146756566122615,0.00921948178384238,2.82887128114855e-05,-0.64549263945819,1.60062520080995,8.61241289117823e-05,2.87469069060573e-06,0.9825,0.00293204280323463,0.9825,0.00293204280323463,0.9825,0.00293204280323463,0.019,0.00305278561317365,1,0,0,0.043852811772241,1199.50377466069,1263.02414359623,6.6622270061602,2000,2000
28,8000,70,"boundary",4,"heterogeneous","bonferroni","prognostic_low",NA,-0.00236972336766556,0.00015344403937756,0.000102827542464654,0.00459858749820427,7.27282369020561e-05,0.00468524276163629,1.4429378613397e-05,1.88438870557239,1.6416035793333,2.11599785483718e-05,7.09429449064474e-07,0.989,0.00233227356885937,0.989,0.00233227356885937,0.9895,0.00227922684259377,0.0215,0.00324328151722912,1,0,0,0.0223327925602617,2410.22228751653,2543.8780323943,7.08386754508635,2000,2000
29,4000,140,"above",4,"heterogeneous","bonferroni","prognostic_low",NA,-0.00973541173574109,0.000513172057527028,0.000278061722269392,0.0124352982587006,0.000196668502678195,0.0124095999910739,3.27216021122078e-05,-0.20665582032714,1.60005102764375,0.000154822670022077,5.18070629303362e-06,0.988,0.00243474844696531,0.988,0.00243474844696531,0.989,0.00233227356885937,0.0465,0.00470838348055891,1,0,0,0.0589577661487712,1205.87229946157,1270.46942411374,6.66996399171809,2000,2000
30,8000,140,"above",4,"heterogeneous","bonferroni","prognostic_low",NA,-0.00491285836929502,5.32404958608428e-05,0.000142667051372759,0.00638026450037889,0.000100906069148958,0.0064824497902867,1.74610329288588e-05,1.60158391398564,1.63000249601759,4.06902557576472e-05,1.32870894584908e-06,0.9875,0.00248432586429397,0.9875,0.00248432586429397,0.988,0.00243474844696531,0.0455,0.00465992220965114,1,0,0,0.0307314618150117,2419.3103157228,2552.7389584398,7.072899126565,2000,2000
31,4000,35,"below",16,"heterogeneous","bonferroni","prognostic_low",NA,-0.0019367097492042,0.000458607231047745,0.000158679922720332,0.00709638187734152,0.00011223171082953,0.00710326474228657,5.60751037240796e-05,0.096991185987716,1.76932465581073,5.0543777023556e-05,1.99034385214648e-06,0.994,0.0017268468374468,0.994,0.0017268468374468,0.9955,0.00149662119455792,0.005,0.00157718102955875,1,0,0,0.034634725490279,1219.83441725469,1290.146303034,7.02525683054686,2000,2000
32,8000,35,"below",16,"heterogeneous","bonferroni","prognostic_low",NA,-0.000936832740215721,3.3603833378455e-05,8.33250523656611e-05,0.00372640962636696,5.89344450239011e-05,0.00364940776749772,2.95094181769617e-05,-2.06638202961904,1.73955529684322,1.38803148567463e-05,6.36647685035764e-07,0.9965,0.00132055859392909,0.9965,0.00132055859392909,0.9965,0.00132055859392909,0.0055,0.00165374574829385,1,0,0,0.0176460673475847,2429.08892166048,2559.09488308285,7.38744891223731,2000,2000
33,4000,70,"boundary",16,"heterogeneous","bonferroni","prognostic_low",NA,-0.004482050105011,0.000466134129135945,0.000219175813415663,0.00980184035642464,0.000155019463649775,0.0095988914545324,7.49110026153314e-05,-2.0705183364797,1.72708717359998,9.62453173619935e-05,4.06344339669518e-06,0.9965,0.00132055859392909,0.9965,0.00132055859392909,0.997,0.00122290637417588,0.012,0.00243474844696531,1,0,0,0.0461187108895292,1287.91886383513,1580.23278109867,7.11842044141215,2000,2000
34,8000,70,"boundary",16,"heterogeneous","bonferroni","prognostic_low",NA,-0.00222316666971992,0.000110700989732432,0.000107651592461168,0.0048143255725855,7.61402084669156e-05,0.00490916479390793,3.81057670087222e-05,1.96993784264359,1.79645545111123,2.3178396562619e-05,8.89381869631599e-07,0.9995,0.000499874984371065,0.9995,0.000499874984371065,0.999,0.000706753139363385,0.0055,0.00165374574829385,1,0,0,0.0236597933344178,2589.58063058503,3160.66922830637,7.50607694216153,2000,2000
35,4000,140,"above",16,"heterogeneous","bonferroni","prognostic_low",NA,-0.0102733878555986,2.03720057044255e-05,0.000266340048094842,0.0119110890534126,0.000188377954486319,0.0120520334219881,8.70643284147236e-05,1.18330379315796,1.7592857296824,0.000141803520435723,6.18740814247638e-06,0.9985,0.000865375640979091,0.9985,0.000865375640979091,0.9985,0.000865375640979091,0.029,0.00375226598204338,1,0,0,0.0604690941502322,1330.07912347429,1638.19831683259,7.26726855704795,2000,2000
36,8000,140,"above",16,"heterogeneous","bonferroni","prognostic_low",NA,-0.00514712107841963,0.000358456245211914,0.00014171812647935,0.0063378272890348,0.000100234910111253,0.00632294093769292,4.76709649084721e-05,-0.234880987805275,1.74793243171541,4.02764615979928e-05,1.57845182391839e-06,0.9965,0.00132055859392909,0.9965,0.00132055859392909,0.9965,0.00132055859392909,0.028,0.00368890227574546,1,0,0,0.0313663080516456,2670.36555485031,3297.50475494825,7.76875188207072,2000,2000
1,4000,35,"below",4,"null","bonferroni","workability",NA,0,-9.11906877844246e-05,0.000149185768905847,0.00667179041098097,0.000105516651310901,0.0064858901888544,1.95156351715282e-05,-2.78636184105238,1.56504527003464,4.44988466359521e-05,1.50634168500157e-06,0.984,0.00280570846668003,0.984,0.00280570846668003,0.9845,0.00276222283677476,0.016,0.00280570846668003,1,0,0,0.0314880392343951,1216.63161078811,1285.30771952134,6.72613542458316,2000,2000
2,8000,35,"below",4,"null","bonferroni","workability",NA,0,2.12018785220106e-05,7.3326842356238e-05,0.00327927608167918,5.18628748129163e-05,0.00328853171879225,1.03189423937796e-05,0.282246352015814,1.61691310474951,1.07487243137161e-05,3.42271163206796e-07,0.994,0.0017268468374468,0.994,0.0017268468374468,0.994,0.0017268468374468,0.006,0.0017268468374468,1,0,0,0.0159235434239226,2438.63527038885,2569.26842876637,7.1060627541785,2000,2000
3,4000,70,"boundary",4,"null","bonferroni","workability",NA,0,0.00015839764334457,0.000223399380159685,0.00999072400336745,0.00015800672324354,0.00997943511786349,2.3048252246418e-05,-0.112993667927908,1.59650311364062,9.97897486418239e-05,3.23422425033167e-06,0.9885,0.00238408787589719,0.9885,0.00238408787589719,0.988,0.00243474844696531,0.0115,0.0023840878758972,1,0,0,0.0492547546629142,968.774495948684,844.145505426222,6.42986911630093,2000,2000
4,8000,70,"boundary",4,"null","bonferroni","workability",NA,0,7.09732701065356e-05,0.000114632206317437,0.00512650811473142,8.10774823343239e-05,0.00509518824738571,1.19666241502887e-05,-0.610939583918824,1.58910969258716,2.62729821127515e-05,8.73528673198637e-07,0.9815,0.00301311715670001,0.9815,0.00301311715670001,0.982,0.002972877394041,0.0185,0.00301311715670002,1,0,0,0.0252064797418361,1941.3926540794,1689.45022765111,6.83062205977111,2000,2000
5,4000,140,"above",4,"null","bonferroni","workability",NA,0,-0.000184803158438383,0.00027428427353948,0.0122663656158685,0.00019399677505027,0.0121503604465795,1.38086470418671e-05,-0.945717524830103,1.57061692952352,0.000150422645766818,4.89149448753752e-06,0.9875,0.00248432586429397,0.9875,0.00248432586429397,0.987,0.00253288373203351,0.0125,0.00248432586429397,1,0,0,0.0606326209728873,970.080802425217,843.942517821598,6.4490543132848,2000,2000
6,8000,140,"above",4,"null","bonferroni","workability",NA,0,-0.000121386662680255,0.00014063431562498,0.00628935779413231,9.94683484422262e-05,0.00622013588849598,7.92113418069707e-06,-1.10061961653554,1.56919000145846,3.95509781737582e-05,1.27994944649737e-06,0.986,0.00262716577322407,0.986,0.00262716577322407,0.985,0.00271799558498538,0.014,0.00262716577322406,1,0,0,0.0310104560022121,1943.07981177871,1690.14439114267,6.84563935884044,2000,2000
7,4000,35,"below",16,"null","bonferroni","workability",NA,0,0.00024437100851416,0.000137611766013904,0.00615418526621767,9.73305485989777e-05,0.00621060445049494,2.41752940711704e-05,0.916761225681229,1.64366504918761,3.79147764825874e-05,1.23770192191194e-06,0.996,0.00141138230115019,0.996,0.00141138230115019,0.9975,0.00111663557170635,0.004,0.00141138230115019,1,0,0,0.0364211672726049,1249.23086535805,1318.56058485624,7.09604893343313,2000,2000
8,8000,35,"below",16,"null","bonferroni","workability",NA,0,-8.07511543551729e-05,7.03946144291945e-05,0.00314814286227133,4.97889580176942e-05,0.00315480724919112,1.34767156983575e-05,0.211692645834582,1.6416784738085,9.91236882845898e-06,3.378438587331e-07,0.9955,0.00149662119455792,0.9955,0.00149662119455792,0.9955,0.00149662119455792,0.0045,0.00149662119455793,1,0,0,0.0184709487416619,2480.03064020071,2623.26503218453,7.51300187076919,2000,2000
9,4000,70,"boundary",16,"null","bonferroni","workability",NA,0,2.80977774922349e-05,0.000329181876064602,0.0147214610368272,0.00023282495032417,0.0147106845071215,4.49011134415141e-05,-0.0732028545183394,1.60953959735801,0.000216613843836393,7.09501532766045e-06,0.998,0.000998999499499375,0.998,0.000998999499499375,0.998,0.000998999499499375,0.002,0.000998999499499374,1,0,0,0.089329970424331,655.144859274566,457.760611170627,6.42965044834463,2000,2000
10,8000,70,"boundary",16,"null","bonferroni","workability",NA,0,3.76360026289464e-05,0.000168564191608347,0.00753841982017125,0.000119222692351219,0.00758910709239945,2.05039643090619e-05,0.672385903642114,1.61523371105007,5.68007759671521e-05,1.77785044950744e-06,0.996,0.00141138230115019,0.996,0.00141138230115019,0.9965,0.00132055859392909,0.004,0.00141138230115019,1,0,0,0.0457257439750453,1302.87147302061,912.837072881465,6.87057927679567,2000,2000
11,4000,140,"above",16,"null","bonferroni","workability",NA,0,0.00038432031628878,0.000362803974706677,0.0162250869990249,0.000256605310104971,0.0162227886285718,2.78519816155099e-05,-0.0141655354647274,1.59060026224198,0.000263269523507376,8.54816000780365e-06,0.995,0.00157718102955875,0.995,0.00157718102955875,0.9955,0.00149662119455792,0.005,0.00157718102955875,1,0,0,0.0958043525975772,647.958598444532,451.673050375728,6.37915831156587,2000,2000
12,8000,140,"above",16,"null","bonferroni","workability",NA,0,-3.83583578618907e-05,0.0001893070705687,0.00846606956825925,0.000133893790958655,0.00833634162660615,1.46444265319335e-05,-1.53232784832618,1.56687732407846,7.16399681312558e-05,2.35495797022127e-06,0.9955,0.00149662119455792,0.9955,0.00149662119455792,0.9955,0.00149662119455792,0.0045,0.00149662119455793,1,0,0,0.0492950411947943,1295.42243456666,910.416125460137,6.85689548480723,2000,2000
13,4000,35,"below",4,"homogeneous","bonferroni","workability",NA,-0.00631872211090702,0.000167250252578206,0.000134591012900404,0.00601909308011707,9.51940193890457e-05,0.00600011336274645,1.20159843637124e-05,-0.315325201288397,1.58913622502605,3.62393394133471e-05,1.19951622686766e-06,0.985,0.00271799558498538,0.985,0.00271799558498538,0.986,0.00262716577322407,0.0615,0.00537204569973116,1,0,0,0.0297847863194127,1219.29563860035,1288.97548114109,6.72849999881786,2000,2000
14,8000,35,"below",4,"homogeneous","bonferroni","workability",NA,-0.00318962193634741,6.8808240611124e-05,6.99291177702866e-05,0.00312732521881899,4.94597198537286e-05,0.00303571098042145,6.577480244601e-06,-2.92947589352831,1.54954373880754,9.78000751672511e-06,3.22051962170737e-07,0.979,0.00320616593457045,0.979,0.00320616593457045,0.98,0.00313049516849971,0.057,0.00518415856238985,1,0,0,0.0150504539004063,2439.03558114561,2576.99126627195,7.07732998169649,2000,2000
15,4000,70,"boundary",4,"homogeneous","bonferroni","workability",NA,-0.0133796735607653,-0.000139593308674884,0.000228924109868222,0.0102377974270795,0.000161914274094524,0.010360509089727,1.64263686964962e-05,1.19861389641258,1.60851306982676,0.000104779576201663,3.30078684957215e-06,0.9915,0.00205277251540447,0.9915,0.00205277251540447,0.9915,0.00205277251540447,0.1075,0.00692617318582202,1,0,0,0.051825281532291,970.238920155027,846.75140389895,6.35738644935314,2000,2000
16,8000,70,"boundary",4,"homogeneous","bonferroni","workability",NA,-0.00686688994408031,-0.000245797615820244,0.0001154474704634,0.00516296783573124,8.16541053141615e-05,0.00531600938534397,8.67807000320221e-06,2.96421659948318,1.63706604282653,2.6703325222302e-05,8.3839764450915e-07,0.9905,0.00216907238237915,0.9905,0.00216907238237915,0.9905,0.00216907238237915,0.1015,0.00675269390687894,1,0,0,0.0266127119826305,1942.97935286663,1689.2206531966,6.85292263877287,2000,2000
17,4000,140,"above",4,"homogeneous","bonferroni","workability",NA,-0.0169047267058082,8.88099458339555e-05,0.000258585990032562,0.0115643170348378,0.000182893636197766,0.0115732575584558,1.41141604344118e-05,0.0773112981166335,1.58745571108458,0.000133674448974478,4.19028768606429e-06,0.9865,0.00258047960658479,0.9865,0.00258047960658479,0.9865,0.00258047960658479,0.1295,0.00750765442731616,1,0,0,0.0576789032819694,970.279248597019,844.769047055675,6.4055283547033,2000,2000
18,8000,140,"above",4,"homogeneous","bonferroni","workability",NA,-0.00860621393419599,7.3069877813439e-05,0.000132826109095162,0.0059401641824717,9.39457318293087e-05,0.00590447290472572,7.90682150156523e-06,-0.600846654227194,1.57765688540369,3.52732469465059e-05,1.092193766766e-06,0.9875,0.00248432586429397,0.9875,0.00248432586429397,0.9885,0.00238408787589719,0.145,0.00787321408320643,1,0,0,0.0293820940186942,1940.61444625879,1690.45957981748,6.82778188144302,2000,2000
19,4000,35,"below",16,"homogeneous","bonferroni","workability",NA,-0.00585112810117344,-0.000123052608604307,0.000122539085131382,0.00548011448508808,8.66698882379667e-05,0.0053616832048978,1.5882927585071e-05,-2.16110959930756,1.57426483446267,3.00317808867716e-05,9.72325850525899e-07,0.9965,0.00132055859392909,0.9965,0.00132055859392909,0.9965,0.00132055859392909,0.026,0.00355837041354607,1,0,0,0.0306245020023862,1346.81445453603,1657.01955055274,7.50249455309917,2000,2000
20,8000,35,"below",16,"homogeneous","bonferroni","workability",NA,-0.00295366809216823,-2.02839665732293e-05,6.25028089301593e-05,0.00279521059105034,4.42072132228494e-05,0.00271685664703222,8.76662552847777e-06,-2.80314994043708,1.56886976307953,7.8097070864958e-06,2.51330785718585e-07,0.9965,0.00132055859392909,0.9965,0.00132055859392909,0.9965,0.00132055859392909,0.024,0.00342227994179319,1,0,0,0.0154194585993318,2700.15518344265,3326.35957417786,7.93774704752282,2000,2000
21,4000,70,"boundary",16,"homogeneous","bonferroni","workability",NA,-0.0133751721577058,-0.000284937565057916,0.000278526147488122,0.0124560679858915,0.000196996983030069,0.0122147386560044,6.99387978707438e-05,-1.93744390413124,1.64940379080789,0.000155157242270297,5.64106550714566e-06,0.995,0.00157718102955875,0.995,0.00157718102955875,0.995,0.00157718102955875,0.029,0.00375226598204338,1,0,0,0.0594628384545764,942.863408610057,816.503579295088,6.39307508734175,2000,2000
22,8000,70,"boundary",16,"homogeneous","bonferroni","workability",NA,-0.00687140978033512,-0.000196647717780332,0.000143721624459145,0.0064274264425469,0.000101651951423482,0.00630241470118896,3.68307794704599e-05,-1.94497350495406,1.65325663347945,4.13298250939222e-05,1.55507746847223e-06,0.997,0.00122290637417588,0.997,0.00122290637417588,0.997,0.00122290637417588,0.026,0.00355837041354607,1,0,0,0.0303210927813127,1899.28851602836,1645.17060658022,6.83455884771782,2000,2000
23,4000,140,"above",16,"homogeneous","bonferroni","workability",NA,-0.0197050560012841,0.000364703799719208,0.000367599672872869,0.0164395571410084,0.000259997228884529,0.0164057412311203,2.41796424388618e-05,-0.205698423613665,1.58511964228101,0.000270256918334514,8.35894919851153e-06,0.997,0.00122290637417588,0.997,0.00122290637417588,0.997,0.00122290637417588,0.0335,0.00402354010791492,1,0,0,0.0966650704426242,648.469098792835,453.728074193377,6.3508264084699,2000,2000
24,8000,140,"above",16,"homogeneous","bonferroni","workability",NA,-0.0100947765577266,-0.000155744908835487,0.000189154960366866,0.00845926699323181,0.000133786205903824,0.00844250322941408,1.35321520348289e-05,-0.1981704068585,1.58648569245244,7.15476749403778e-05,2.28830835402218e-06,0.9975,0.00111663557170635,0.9975,0.00111663557170635,0.9975,0.00111663557170635,0.0305,0.00384511053157123,1,0,0,0.0496514327319068,1299.63767229426,906.811872621443,6.85933762580637,2000,2000
25,4000,35,"below",4,"heterogeneous","bonferroni","workability",NA,-0.00267376870524599,-5.50243366558671e-05,0.000140583118676325,0.00628706819698365,9.94321376788336e-05,0.00629196116932555,1.91600653111337e-05,0.0778259784782076,1.61183750093724,3.95104905778909e-05,1.27981679998632e-06,0.9875,0.00248432586429397,0.9875,0.00248432586429397,0.987,0.00253288373203351,0.0165,0.00284848644019943,1,0,0,0.0307489102796792,1217.60306649895,1285.62361673798,6.7425036010803,2000,2000
26,8000,35,"below",4,"heterogeneous","bonferroni","workability",NA,-0.00134432252862617,-3.26633692102095e-05,7.15908668444499e-05,0.00320164089664652,5.0635047761415e-05,0.00316352535506584,9.22473354894417e-06,-1.19050020945817,1.58904576896909,1.02464460745521e-05,3.5176833776419e-07,0.986,0.00262716577322407,0.986,0.00262716577322407,0.9855,0.00267298989897081,0.0225,0.00331615364541512,1,0,0,0.0154680689679505,2436.0868897677,2574.94806775778,7.14323993105499,2000,2000
27,4000,70,"boundary",4,"heterogeneous","bonferroni","workability",NA,-0.00300951644843025,-0.000108027085261826,0.000223703780156975,0.0100043371850933,0.00015822202037683,0.010029940514432,2.18193018656544e-05,0.255922295150324,1.60051130789731,0.000100048388982934,3.40638497937937e-06,0.987,0.00253288373203351,0.987,0.00253288373203351,0.9865,0.00258047960658479,0.019,0.00305278561317365,1,0,0,0.050228289003037,969.934996703643,844.691816326095,6.45897709329915,2000,2000
28,8000,70,"boundary",4,"heterogeneous","bonferroni","workability",NA,-0.00149287226132058,-2.36918130876378e-05,0.000111641197671111,0.00499274614164192,7.89619908989347e-05,0.00509589659181184,1.16625723954944e-05,2.06600630682154,1.63102259033622,2.49156115798702e-05,8.26514550822187e-07,0.988,0.00243474844696531,0.988,0.00243474844696531,0.988,0.00243474844696531,0.0175,0.00293204280323463,1,0,0,0.0254924763939623,1941.11675930401,1688.24278153005,6.91440295600264,2000,2000
29,4000,140,"above",4,"heterogeneous","bonferroni","workability",NA,-0.00441329385288844,6.80525238407404e-05,0.000262815468086656,0.0117534650436038,0.000185885076764343,0.0119749808691257,1.43404568872112e-05,1.8846852796186,1.61595390914329,0.000138079499706952,4.38761518396761e-06,0.988,0.00243474844696531,0.988,0.00243474844696531,0.988,0.00243474844696531,0.0135,0.00258047960658479,1,0,0,0.059596259300945,970.64821141708,844.102472388873,6.46863222099856,2000,2000
30,8000,140,"above",4,"heterogeneous","bonferroni","workability",NA,-0.00219331162708183,8.2908214476485e-05,0.000132737803124946,0.00593621501942725,9.38832744626556e-05,0.00612053931312852,7.84631178031349e-06,3.10508115184571,1.63599043393689,3.52279032045228e-05,1.1352767019344e-06,0.9865,0.00258047960658479,0.9865,0.00258047960658479,0.9865,0.00258047960658479,0.0115,0.0023840878758972,1,0,0,0.0304940568531333,1940.83382586899,1691.67504037479,6.86785949306357,2000,2000
31,4000,35,"below",16,"heterogeneous","bonferroni","workability",NA,-0.00291323645402765,0.000148148319816419,0.000129074110940219,0.00577236972395356,9.1292004976286e-05,0.00582482000833764,2.4321696971972e-05,0.908643882709592,1.6505893527936,3.33255400285651e-05,1.14253426545186e-06,0.995,0.00157718102955875,0.995,0.00157718102955875,0.995,0.00157718102955875,0.005,0.00157718102955875,1,0,0,0.0322913143519009,1315.68456539277,1624.51911994537,7.24159145637928,2000,2000
32,8000,35,"below",16,"heterogeneous","bonferroni","workability",NA,-0.0014547037992629,-8.84733228935855e-05,6.61585380352437e-05,0.00295869976677621,4.67928505533896e-05,0.00294460233650763,1.1981924642815e-05,-0.476473835800539,1.6252614074317,8.75735488663044e-06,3.28435982983286e-07,0.997,0.00122290637417588,0.997,0.00122290637417588,0.9965,0.00132055859392909,0.005,0.00157718102955875,1,0,0,0.016461815649849,2650.42506353751,3265.56452438061,7.6866385306066,2000,2000
33,4000,70,"boundary",16,"heterogeneous","bonferroni","workability",NA,-0.000567527743388731,-0.000450042132261296,0.00033107751336938,0.0148062365143106,0.000234165703547263,0.0147658163451412,4.3793575539527e-05,-0.272994215176525,1.60471096887472,0.000219317565318655,7.09629662860504e-06,0.997,0.00122290637417588,0.997,0.00122290637417588,0.9965,0.00132055859392909,0.003,0.00122290637417588,1,0,0,0.0894287625148257,653.226206394661,456.696938205746,6.37773814392996,2000,2000
34,8000,70,"boundary",16,"heterogeneous","bonferroni","workability",NA,-0.00022213950108073,-0.000177517835721195,0.000168034177619386,0.00751471687400441,0.00011884782213623,0.00756639468404664,2.09963514748156e-05,0.687688051442081,1.61673640574337,5.64742467935975e-05,1.82948124328314e-06,0.996,0.00141138230115019,0.996,0.00141138230115019,0.996,0.00141138230115019,0.0045,0.00149662119455793,1,0,0,0.0455762969086578,1302.29323830412,911.02068746843,6.81739950734932,2000,2000
35,4000,140,"above",16,"heterogeneous","bonferroni","workability",NA,-0.000298538624899833,-0.000359853325165894,0.000362090759093432,0.0161931910271483,0.000256100864381199,0.0162115369786029,2.9180026315442e-05,0.113294232272465,1.59354736042683,0.000262217820339527,8.28510549714984e-06,0.9975,0.00111663557170635,0.9975,0.00111663557170635,0.9975,0.00111663557170635,0.0025,0.00111663557170636,1,0,0,0.0956949124292308,648.647464485861,453.108544745185,6.39113359010972,2000,2000
36,8000,140,"above",16,"heterogeneous","bonferroni","workability",NA,-0.000107907582980748,0.000395876430813581,0.000184555715303063,0.00825358250107495,0.00013053323518651,0.00827770757944825,1.4900374835086e-05,0.29229826405881,1.59639785093636,6.82442814384732e-05,2.16331783459864e-06,0.9965,0.00132055859392909,0.9965,0.00132055859392909,0.9975,0.00111663557170635,0.0035,0.0013205585939291,1,0,0,0.0488513274195426,1296.85503914084,907.999248701675,6.85420469158587,2000,2000
7,4000,35,"below",16,"null","fixed","fixed","c45-h24",0,1.92323309413397e-05,7.83885235713064e-05,0.00350564134722571,5.54429190472586e-05,0.00351606491846251,9.45494773699973e-06,0.297337069151382,1.60900239427915,1.22837463773043e-05,3.76670555576167e-07,0.9575,0.00451075104611194,0.9575,0.00451075104611194,0.9575,0.00451075104611194,0.0425,0.00451075104611194,1,0,0,0.0136540564319416,1355.35973264555,1668.00830319897,7.64545802537034,2000,2000
8,8000,35,"below",16,"null","fixed","fixed","c45-h24",0,-5.17670848688516e-05,3.96751353985701e-05,0.00177432599535422,2.80615735553556e-05,0.00176238846996464,4.65414788399679e-06,-0.672792114911935,1.59264289307003,3.14933845249666e-06,9.84721326085175e-08,0.946,0.00505390937789747,0.946,0.00505390937789747,0.9455,0.00507591124823908,0.054,0.00505390937789747,1,0,0,0.00686284525777337,2712.37411612088,3342.59576148369,8.10503901373633,2000,2000
9,4000,70,"boundary",16,"null","fixed","fixed","c45-h24",0,-4.63297446952117e-06,0.000110084747987472,0.0049231395957184,7.78611395258039e-05,0.00495910275131129,9.44987441916615e-06,0.730492298535945,1.60460931942824,2.42252062916432e-05,7.36564938401235e-07,0.955,0.00463546114210873,0.955,0.00463546114210873,0.955,0.00463546114210873,0.045,0.00463546114210873,1,0,0,0.0193938207315782,1356.27963320228,1670.2819529656,7.63093158872204,2000,2000
10,8000,70,"boundary",16,"null","fixed","fixed","c45-h24",0,-7.68243695668956e-05,5.6078574717547e-05,0.00250791010299472,3.96634575662386e-05,0.00249771040612454,4.70632227994016e-06,-0.40670105591103,1.58624169693405,6.29237026192e-06,2.02231986663027e-07,0.947,0.0050095408971282,0.947,0.0050095408971282,0.9455,0.00507591124823908,0.053,0.0050095408971282,1,0,0,0.00973286175266492,2712.46115633129,3342.73638368497,8.10854464134523,2000,2000
11,4000,140,"above",16,"null","fixed","fixed","c45-h24",0,9.95384640862173e-05,0.000158032859469908,0.00706744432906769,0.000111774053588682,0.00696432521945174,8.68085109103914e-06,-1.45907211736827,1.56329136979034,4.99337028656315e-05,1.57813102933776e-06,0.9475,0.00498717104178311,0.9475,0.00498717104178311,0.948,0.00496467521596328,0.0525,0.00498717104178311,1,0,0,0.0272604458481554,1354.79603831242,1668.91434134126,7.61528609734346,2000,2000
12,8000,140,"above",16,"null","fixed","fixed","c45-h24",0,3.77799094271206e-05,8.09784120785044e-05,0.00362146468235052,5.72747047769055e-05,0.00350992219155255,4.68013230868865e-06,-3.0800380669617,1.53826061851818,1.31098762638457e-05,4.12028185890475e-07,0.9385,0.00537204569973116,0.9385,0.00537204569973116,0.938,0.00539240206216117,0.0615,0.00537204569973116,1,0,0,0.0137072424026052,2712.31612885573,3343.12748981637,8.08356805779737,2000,2000
19,4000,35,"below",16,"homogeneous","fixed","fixed","c45-h24",-0.00234705934566456,-7.37630314048211e-05,7.42518565050689e-05,0.00332064397201788,5.25171221725383e-05,0.00333014177308113,9.80620326584792e-06,0.286022866145208,1.61331570105366,1.10266040355063e-05,3.83886817725948e-07,0.953,0.00473238840333293,0.953,0.00473238840333293,0.95,0.00487339717240448,0.105,0.00685474288358068,1,0,0,0.0128824399870492,1356.05884011721,1666.4963269562,7.6168596495993,2000,2000
20,8000,35,"below",16,"homogeneous","fixed","fixed","c45-h24",-0.00117361289666922,-2.67517796389834e-05,3.68715706106852e-05,0.00164894676645351,2.60786580914989e-05,0.00167342784170645,4.83443923386799e-06,1.48464921675973,1.63157227404855,2.71838158359204e-06,8.59830841164054e-08,0.95,0.00487339717240448,0.95,0.00487339717240448,0.949,0.00491929873051028,0.094,0.00652548848746207,1,0,0,0.0065146780524974,2715.05661463381,3341.1562326289,8.04562468081736,2000,2000
21,4000,70,"boundary",16,"homogeneous","fixed","fixed","c45-h24",-0.00468902521645792,-0.000206061481326781,0.000103372385621535,0.00462295362492149,7.31135955446756e-05,0.00468176720385702,9.19140786392512e-06,1.27220785037696,1.61394780109114,2.14034757021522e-05,6.80490709642395e-07,0.954,0.00468422885862764,0.954,0.00468422885862764,0.953,0.00473238840333293,0.17,0.00839940474081348,1,0,0,0.0183007779725672,1355.27470121301,1672.33566515265,7.60173178323387,2000,2000
22,8000,70,"boundary",16,"homogeneous","fixed","fixed","c45-h24",-0.0023452313849407,2.33000050456244e-05,5.26575707608778e-05,0.00235491815502656,3.72438374893605e-05,0.00234795044819396,4.86509213675e-06,-0.295878938201144,1.59033071199245,5.5434095873504e-06,1.78916346839076e-07,0.95,0.00487339717240448,0.95,0.00487339717240448,0.95,0.00487339717240448,0.155,0.00809243473869268,1,0,0,0.009143820553426,2713.62450318053,3343.29214582454,8.04185068769042,2000,2000
23,4000,140,"above",16,"homogeneous","fixed","fixed","c45-h24",-0.00937844571726644,1.16860617789681e-05,0.000148771607400337,0.0066532685453813,0.00010522372166028,0.00657362279703651,8.78974171582363e-06,-1.19709204282866,1.56817664853223,4.42439859098316e-05,1.3858443124023e-06,0.944,0.00514120608417908,0.944,0.00514120608417908,0.944,0.00514120608417908,0.297,0.0102174116096005,1,0,0,0.0257710697210009,1356.4581861721,1668.10099825164,7.62172487503218,2000,2000
24,8000,140,"above",16,"homogeneous","fixed","fixed","c45-h24",-0.0046945900944412,-0.000123967659817265,7.21975433932112e-05,0.00322877229671422,5.10641401495405e-05,0.00331514606958824,4.86754605469542e-06,2.67512741489755,1.63082526541029,1.04351260394378e-05,3.50668998542397e-07,0.957,0.00453602248671675,0.957,0.00453602248671675,0.959,0.00443390347211123,0.2935,0.0101822824062191,1,0,0,0.0129434869473091,2713.3696622299,3340.36054494071,8.08753664869683,2000,2000
31,4000,35,"below",16,"heterogeneous","fixed","fixed","c45-h24",-0.00126388019662158,0.000126322202252028,7.56877548039858e-05,0.00338485929612097,5.353270952538e-05,0.00337959690186754,9.22187762411675e-06,-0.155468626405419,1.60240618827338,1.14675011170911e-05,3.84890039488328e-07,0.9555,0.00461084319837489,0.9555,0.00461084319837489,0.956,0.00458606585212206,0.0595,0.00528960064655168,1,0,0,0.0131413572598653,1355.54833829047,1669.75996269056,7.61955552426162,2000,2000
32,8000,35,"below",16,"heterogeneous","fixed","fixed","c45-h24",-0.000629833273709184,-4.91528780551677e-05,3.80749363549321e-05,0.00170276291857212,2.69297789763288e-05,0.00169717224174899,4.68950548897752e-06,-0.328329725891663,1.60021910029224,2.90036786150692e-06,9.37154099139536e-08,0.9525,0.00475624589355933,0.9525,0.00475624589355933,0.951,0.00482695556225661,0.063,0.00543281694887652,1,0,0,0.00657621702064696,2713.64675392009,3341.467790581,8.06632165092352,2000,2000
33,4000,70,"boundary",16,"heterogeneous","fixed","fixed","c45-h24",-0.00254250425036052,-1.23038337642295e-06,0.00010643575357644,0.0047599516046667,7.52802655340809e-05,0.0047713308771819,9.26789778528995e-06,0.23906277752983,1.59722708277091,2.26458122229729e-05,7.19558058039404e-07,0.958,0.00448530935387962,0.958,0.00448530935387962,0.9585,0.00445969449626317,0.0805,0.00608357419614489,1,0,0,0.018602044853077,1354.97617648068,1670.96752512795,7.60404415615765,2000,2000
34,8000,70,"boundary",16,"heterogeneous","fixed","fixed","c45-h24",-0.00126420252721531,-4.69087970019625e-05,5.37646883822578e-05,0.00240442996023643,3.80268836530267e-05,0.00239603216898553,4.70291694338011e-06,-0.349263292746471,1.58810144112959,5.78059322720191e-06,1.73096934460196e-07,0.9495,0.00489641450451246,0.9495,0.00489641450451246,0.9495,0.00489641450451246,0.0855,0.00625258946357427,1,0,0,0.00936280930105832,2713.02112699239,3340.01120449207,8.0730366948713,2000,2000
35,4000,140,"above",16,"heterogeneous","fixed","fixed","c45-h24",-0.00513988103601887,5.89655517704911e-05,0.000148714302166474,0.0066507057774136,0.000105183190606787,0.00668227180634427,8.69731193345e-06,0.474626753718077,1.5944126494918,4.42132483303492e-05,1.37235520249037e-06,0.951,0.00482695556225661,0.951,0.00482695556225661,0.9515,0.00480352734977121,0.105,0.00685474288358068,1,0,0,0.0261277243066792,1355.70709094183,1670.38812576248,7.6278208067123,2000,2000
36,8000,140,"above",16,"heterogeneous","fixed","fixed","c45-h24",-0.00254371289606629,5.83858362879982e-05,7.56895344425517e-05,0.00338493888397715,5.35339682345946e-05,0.00336839622576765,4.55960657298362e-06,-0.488713645253847,1.57955920956815,1.14554912485153e-05,3.62089585634071e-07,0.9565,0.00456112650559048,0.9565,0.00456112650559048,0.9555,0.00461084319837489,0.114,0.00710647591989166,1,0,0,0.0131760171467254,2713.16959512454,3340.87326345752,8.11613352070341,2000,2000
7,4000,35,"below",16,"null","fixed","fixed","c45-h36",0,8.12883976395977e-05,9.54890788699518e-05,0.00427040142924102,6.75378617747296e-05,0.00429130746798035,9.34122284710603e-06,0.489556756799892,1.60425975007794,1.82338180062711e-05,5.59607608721526e-07,0.9525,0.00475624589355933,0.9525,0.00475624589355933,0.952,0.00477995815881269,0.0475,0.00475624589355933,1,0,0,0.0167106537539205,1355.35973264555,1668.00830319897,7.64545802537034,2000,2000
8,8000,35,"below",16,"null","fixed","fixed","c45-h36",0,-4.17281858856945e-05,4.83191496725819e-05,0.0021608980656576,3.41753432987217e-05,0.00215896436235473,4.76979645583474e-06,-0.0894860953228438,1.59546192717152,4.66888695143498e-06,1.49365139550711e-07,0.95,0.00487339717240448,0.95,0.00487339717240448,0.951,0.00482695556225661,0.05,0.00487339717240448,1,0,0,0.00841252873154811,2712.37411612088,3342.59576148369,8.10503901373633,2000,2000
9,4000,70,"boundary",16,"null","fixed","fixed","c45-h36",0,9.48895629943783e-05,0.000136261819511384,0.00609381382330523,9.63757535441985e-05,0.00601429794755783,9.27795227561258e-06,-1.30486224313751,1.56830527014453,3.71250036588146e-05,1.11508935070022e-06,0.952,0.00477995815881269,0.952,0.00477995815881269,0.9515,0.00480352734977121,0.048,0.00477995815881269,1,0,0,0.0235191531053008,1356.27963320228,1670.2819529656,7.63093158872204,2000,2000
10,8000,70,"boundary",16,"null","fixed","fixed","c45-h36",0,-0.000101149987279555,6.77152497919268e-05,0.00302831803296254,4.78938872864923e-05,0.0030402190967882,4.61096065314646e-06,0.392992535662451,1.59503362287993,9.17635607363833e-06,2.88022747118513e-07,0.9535,0.00470838348055891,0.9535,0.00470838348055891,0.9545,0.00465992220965114,0.0465,0.00470838348055891,1,0,0,0.0118621995942633,2712.46115633129,3342.73638368497,8.10854464134523,2000,2000
11,4000,140,"above",16,"null","fixed","fixed","c45-h36",0,0.000257352606573223,0.000192532679131004,0.00861032316854161,0.000136175211072855,0.00836527312511213,8.40391565537458e-06,-2.8460028576487,1.5396205855518,7.41668265983012e-05,2.27709466673292e-06,0.946,0.00505390937789747,0.946,0.00505390937789747,0.946,0.00505390937789747,0.054,0.00505390937789747,1,0,0,0.0327537431094286,1354.79603831242,1668.91434134126,7.61528609734346,2000,2000
12,8000,140,"above",16,"null","fixed","fixed","c45-h36",0,-3.66849382396038e-06,9.6970985503022e-05,0.00433667430859808,6.85859900688947e-05,0.00425710362315383,4.50849023101444e-06,-1.83483194222092,1.5559927024482,1.87973541446721e-05,6.18536713702905e-07,0.945,0.00509779364038993,0.945,0.00509779364038993,0.945,0.00509779364038993,0.055,0.00509779364038993,1,0,0,0.0166708732308636,2712.31612885573,3343.12748981637,8.08356805779737,2000,2000
19,4000,35,"below",16,"homogeneous","fixed","fixed","c45-h36",-0.00350078953136576,-0.000115825764189676,9.19696171165157e-05,0.00411300631474314,6.50486041105235e-05,0.00405767666573162,9.5855837343148e-06,-1.34523617951168,1.57756858304213,1.69217781422945e-05,5.49829215659678e-07,0.947,0.0050095408971282,0.947,0.0050095408971282,0.9445,0.00511955808639769,0.1375,0.00770044641563072,1,0,0,0.0157792363336936,1356.05884011721,1666.4963269562,7.6168596495993,2000,2000
20,8000,35,"below",16,"homogeneous","fixed","fixed","c45-h36",-0.00175547873845626,-3.31130255731363e-05,4.53441954046444e-05,0.00202785406619637,3.20712068622634e-05,0.00204079441820376,4.79895893102557e-06,0.638130338030907,1.60912372624294,4.11123249019486e-06,1.25523820313634e-07,0.952,0.00477995815881269,0.952,0.00477995815881269,0.951,0.00482695556225661,0.1325,0.00758102070964062,1,0,0,0.00794266956545425,2715.05661463381,3341.1562326289,8.04562468081736,2000,2000
21,4000,70,"boundary",16,"homogeneous","fixed","fixed","c45-h36",-0.00695422111916294,-0.000128691559352826,0.000126927309318211,0.00567636183673324,8.97736073446323e-05,0.00568039848477959,9.15194424833402e-06,0.0711132969048789,1.59085013130172,3.22215346771194e-05,1.07094054464436e-06,0.946,0.00505390937789747,0.946,0.00505390937789747,0.947,0.0050095408971282,0.229,0.00939571710940682,1,0,0,0.0222323343739294,1355.27470121301,1672.33566515265,7.60173178323387,2000,2000
22,8000,70,"boundary",16,"homogeneous","fixed","fixed","c45-h36",-0.0034980777112541,0.000107706115389917,6.47390745340696e-05,0.0028952194291721,4.57888872638585e-05,0.0028619185712568,4.72118853246805e-06,-1.15020152116159,1.57182505236763,8.3897050025765e-06,2.68245424093133e-07,0.947,0.0050095408971282,0.947,0.0050095408971282,0.95,0.00487339717240448,0.215,0.00918626692405571,1,0,0,0.0111720552700633,2713.62450318053,3343.29214582454,8.04185068769042,2000,2000
23,4000,140,"above",16,"homogeneous","fixed","fixed","c45-h36",-0.0137473860422454,7.18683504733426e-05,0.000176834004322229,0.0079082570879599,0.000125071795458955,0.00790683908692601,8.50164510469437e-06,-0.0179306390538092,1.58490085049589,6.25144249639832e-05,1.9985218240733e-06,0.9495,0.00489641450451246,0.9495,0.00489641450451246,0.95,0.00487339717240448,0.4165,0.011023333207338,1,0,0,0.0309669652843563,1356.4581861721,1668.10099825164,7.62172487503218,2000,2000
24,8000,140,"above",16,"homogeneous","fixed","fixed","c45-h36",-0.00696229486144805,-7.09964442920349e-05,8.87344803929413e-05,0.00396832660213478,6.27604448838889e-05,0.00402428163128728,4.66267715331263e-06,1.41004092562356,1.60813272507721,1.57447827083021e-05,4.94226398736429e-07,0.9555,0.00461084319837489,0.9555,0.00461084319837489,0.957,0.00453602248671675,0.4145,0.0110156649821969,1,0,0,0.0157469353780002,2713.3696622299,3340.36054494071,8.08753664869683,2000,2000
31,4000,35,"below",16,"heterogeneous","fixed","fixed","c45-h36",-0.0018903574360814,0.000131722862045555,9.35216631656302e-05,0.00418241592414374,6.61463408650676e-05,0.00412583080772203,9.14279567537423e-06,-1.35292896373753,1.57537757073303,1.75012075734354e-05,5.82496701716542e-07,0.947,0.0050095408971282,0.947,0.0050095408971282,0.9505,0.0048502448391808,0.074,0.0058533750947637,1,0,0,0.0160423349610519,1355.54833829047,1669.75996269056,7.61955552426162,2000,2000
32,8000,35,"below",16,"heterogeneous","fixed","fixed","c45-h36",-0.000943402663204668,-5.81677521941079e-06,4.57026392058248e-05,0.00204388416030743,3.23247282930345e-05,0.00207483622321725,4.80916411827122e-06,1.51437461627781,1.62263512514926,4.17540756439917e-06,1.33113962475953e-07,0.955,0.00463546114210873,0.955,0.00463546114210873,0.9545,0.00465992220965114,0.058,0.00522666241496426,1,0,0,0.00809759551303301,2713.64675392009,3341.467790581,8.06632165092352,2000,2000
33,4000,70,"boundary",16,"heterogeneous","fixed","fixed","c45-h36",-0.00379132496472473,8.10956310646873e-06,0.000130088621985011,0.00581774003715518,9.20095520248387e-05,0.0057862528129968,9.02739159614028e-06,-0.541227761248964,1.58060960409623,3.38292418553623e-05,1.07258551338946e-06,0.9465,0.00503178646208283,0.9465,0.00503178646208283,0.946,0.00505390937789747,0.096,0.00658726043207645,1,0,0,0.022600670688854,1354.97617648068,1670.96752512795,7.60404415615765,2000,2000
34,8000,70,"boundary",16,"heterogeneous","fixed","fixed","c45-h36",-0.00189083491356822,1.05780187072694e-05,6.51826717605446e-05,0.00291505770023267,4.61026363178851e-05,0.00291512931524845,4.61818015195997e-06,0.0024567272121967,1.58948796948957,8.49342450946774e-06,2.54799370052868e-07,0.9495,0.00489641450451246,0.9495,0.00489641450451246,0.9495,0.00489641450451246,0.09,0.00639921870231046,1,0,0,0.0113949617731061,2713.02112699239,3340.01120449207,8.0730366948713,2000,2000
35,4000,140,"above",16,"heterogeneous","fixed","fixed","c45-h36",-0.00761646067030564,2.74934050790479e-05,0.000180831244870977,0.00808701911974829,0.000127898978241076,0.00803854420115458,8.25245387980977e-06,-0.599416396522856,1.57536281659166,6.53679341913757e-05,1.92539941067263e-06,0.954,0.00468422885862764,0.954,0.00468422885862764,0.954,0.00468422885862764,0.1585,0.00816632567315314,1,0,0,0.0314940724700708,1355.70709094183,1670.38812576248,7.6278208067123,2000,2000
36,8000,140,"above",16,"heterogeneous","fixed","fixed","c45-h36",-0.00379316745671582,4.53189650566728e-05,9.12046897615722e-05,0.00407879772347309,6.45075835186688e-05,0.00408932110538933,4.44924544993478e-06,0.258002054273843,1.58936237974572,1.66303263821686e-05,5.22883621698338e-07,0.9485,0.00494205169944629,0.9485,0.00494205169944629,0.9485,0.00494205169944629,0.1435,0.00783925219647895,1,0,0,0.0160111860980007,2713.16959512454,3340.87326345752,8.11613352070341,2000,2000
7,4000,35,"below",16,"null","fixed","fixed","c45-h48",0,0.000167404075184846,0.000108698836726242,0.00486115975990054,7.68809071861406e-05,0.0049362682071984,9.200168112815e-06,1.54507259599708,1.61708344570089,2.36470828985592e-05,7.38975180340705e-07,0.952,0.00477995815881269,0.952,0.00477995815881269,0.952,0.00477995815881269,0.048,0.00477995815881269,1,0,0,0.0192971922877937,1355.35973264555,1668.00830319897,7.64545802537034,2000,2000
8,8000,35,"below",16,"null","fixed","fixed","c45-h48",0,-7.68930970247845e-05,5.48983778171554e-05,0.00245513009307252,3.88287236252591e-05,0.0024850861974693,4.80014387025381e-06,1.22014326170778,1.61272649157205,6.03056249039338e-06,1.90559966109078e-07,0.9545,0.00465992220965114,0.9545,0.00465992220965114,0.9535,0.00470838348055891,0.0455,0.00465992220965114,1,0,0,0.00969429392774121,2712.37411612088,3342.59576148369,8.10503901373633,2000,2000
9,4000,70,"boundary",16,"null","fixed","fixed","c45-h48",0,0.000139269046583452,0.000154137220922361,0.00689322607690605,0.000109018732238198,0.00688111270356287,9.00930082065539e-06,-0.175728653144891,1.58415575587731,4.75122033318002e-05,1.40399911533693e-06,0.9595,0.00440793318914885,0.9595,0.00440793318914885,0.9605,0.00435544199823623,0.0405,0.00440793318914886,1,0,0,0.0269243725477039,1356.27963320228,1670.2819529656,7.63093158872204,2000,2000
10,8000,70,"boundary",16,"null","fixed","fixed","c45-h48",0,-3.01236992114094e-05,7.77696349649871e-05,0.00347796380734111,5.50051892708046e-05,0.00348836179868116,4.61657868002251e-06,0.298967784486481,1.59180658960673,1.20910915663063e-05,3.89424129396273e-07,0.9515,0.00480352734977121,0.9515,0.00480352734977121,0.951,0.00482695556225661,0.0485,0.00480352734977121,1,0,0,0.0136390599661651,2712.46115633129,3342.73638368497,8.10854464134523,2000,2000
11,4000,140,"above",16,"null","fixed","fixed","c45-h48",0,0.000300193876730567,0.000214558188469571,0.00959533389094346,0.000151753493142703,0.00948187615869994,8.05640134916267e-06,-1.18242609932113,1.56508754148479,9.21145136260755e-05,2.84019428208309e-06,0.9515,0.00480352734977121,0.9515,0.00480352734977121,0.9485,0.00494205169944629,0.0485,0.00480352734977121,1,0,0,0.0371373939480035,1354.79603831242,1668.91434134126,7.61528609734346,2000,2000
12,8000,140,"above",16,"null","fixed","fixed","c45-h48",0,2.2253120683242e-05,0.000111949511753684,0.005006534366583,7.9180056400649e-05,0.00486891797863976,4.32282351287056e-06,-2.74873550977273,1.54048373933491,2.50533488719749e-05,8.29779605811831e-07,0.9445,0.00511955808639769,0.9445,0.00511955808639769,0.9445,0.00511955808639769,0.0555,0.00511955808639769,1,0,0,0.0190802044505072,2712.31612885573,3343.12748981637,8.08356805779737,2000,2000
19,4000,35,"below",16,"homogeneous","fixed","fixed","c45-h48",-0.00464151454693754,-8.48487765025119e-05,0.000106688248053616,0.0047712435009649,7.54588507429889e-05,0.00466325309163516,9.4261334784636e-06,-2.26335984126375,1.55831250121327,2.27605814781011e-05,7.25078765080613e-07,0.9455,0.00507591124823908,0.9455,0.00507591124823908,0.9445,0.00511955808639769,0.1655,0.00830992629329527,1,0,0,0.0181832115993338,1356.05884011721,1666.4963269562,7.6168596495993,2000,2000
20,8000,35,"below",16,"homogeneous","fixed","fixed","c45-h48",-0.00233407507255691,-1.66151795354815e-05,5.26246736129282e-05,0.00235344694984494,3.72205698753328e-05,0.00234907262975846,4.82309845174228e-06,-0.185868650524068,1.5918418947577,5.53621925365257e-06,1.69296657874784e-07,0.948,0.00496467521596328,0.948,0.00496467521596328,0.9475,0.00498717104178311,0.162,0.00823881059376898,1,0,0,0.00915304968389253,2715.05661463381,3341.1562326289,8.04562468081736,2000,2000
21,4000,70,"boundary",16,"homogeneous","fixed","fixed","c45-h48",-0.00916809836151708,-0.000187997702091899,0.000146530757217487,0.00655305467865636,0.000103638805021662,0.00650681172200806,8.95782685672789e-06,-0.705670239543743,1.57631217653033,4.29563974946412e-05,1.44466966691447e-06,0.9495,0.00489641450451246,0.9495,0.00489641450451246,0.949,0.00491929873051028,0.287,0.0101151124561223,1,0,0,0.0254344047798356,1355.27470121301,1672.33566515265,7.60173178323387,2000,2000
22,8000,70,"boundary",16,"homogeneous","fixed","fixed","c45-h48",-0.0046379385430832,2.66299427067103e-05,7.5711561452468e-05,0.00338592396180742,5.35495475779985e-05,0.00329280917289029,4.69871926830598e-06,-2.75005552302574,1.54428896856648,1.14594579884527e-05,3.72489795711966e-07,0.942,0.00522666241496426,0.942,0.00522666241496426,0.942,0.00522666241496426,0.28,0.0100399203184089,1,0,0,0.0128579276575998,2713.62450318053,3343.29214582454,8.04185068769042,2000,2000
23,4000,140,"above",16,"homogeneous","fixed","fixed","c45-h48",-0.0179154737812322,0.000206578083760762,0.000203482622081964,0.00910001950430344,0.000143919926408001,0.00897281907443041,8.08352286035324e-06,-1.39780392572652,1.56195547180164,8.2811624305904e-05,2.66849984770149e-06,0.9515,0.00480352734977121,0.9515,0.00480352734977121,0.9505,0.0048502448391808,0.4935,0.0111793951088599,1,0,0,0.0351811095738256,1356.4581861721,1668.10099825164,7.62172487503218,2000,2000
24,8000,140,"above",16,"homogeneous","fixed","fixed","c45-h48",-0.00917850833262007,-4.83278437065945e-05,0.000100250876069971,0.00448335547392724,7.09058029560682e-05,0.0046028817225928,4.501937642374e-06,2.66599981555469,1.62679997014945,2.00927616479179e-05,6.33041842019941e-07,0.9565,0.00456112650559048,0.9565,0.00456112650559048,0.9565,0.00456112650559048,0.5165,0.0111742505341522,1,0,0,0.018024310112575,2713.3696622299,3340.36054494071,8.08753664869683,2000,2000
31,4000,35,"below",16,"heterogeneous","fixed","fixed","c45-h48",-0.00251319383682007,8.06313837358591e-05,0.000107671029785085,0.00481519483613708,7.61539561678203e-05,0.0047507938800794,8.94202734596467e-06,-1.33745275631137,1.57139367028921,2.31810096793493e-05,7.55753988916312e-07,0.9435,0.00516273909857936,0.9435,0.00516273909857936,0.943,0.00518415856238985,0.08,0.00606630035524124,1,0,0,0.0185620983528105,1355.54833829047,1669.75996269056,7.61955552426162,2000,2000
32,8000,35,"below",16,"heterogeneous","fixed","fixed","c45-h48",-0.00125607389178641,-3.19079642486126e-05,5.27652496439308e-05,0.00235973370107152,3.73199970000161e-05,0.00239152119046441,4.64883755859212e-06,1.34707951911939,1.61490058071007,5.56657708658519e-06,1.86411167579383e-07,0.948,0.00496467521596328,0.948,0.00496467521596328,0.9485,0.00494205169944629,0.0695,0.00568637626261225,1,0,0,0.00932657838410719,2713.64675392009,3341.467790581,8.06632165092352,2000,2000
33,4000,70,"boundary",16,"heterogeneous","fixed","fixed","c45-h48",-0.00502521695392814,-4.80322531702244e-05,0.00014926754050014,0.00667544734785032,0.000105574487020469,0.00662158660792775,9.02100932043584e-06,-0.806848397057858,1.57458340714931,4.45416235926195e-05,1.40737262335549e-06,0.9455,0.00507591124823908,0.9455,0.00507591124823908,0.946,0.00505390937789747,0.111,0.00702420814042409,1,0,0,0.0258900014715397,1354.97617648068,1670.96752512795,7.60404415615765,2000,2000
34,8000,70,"boundary",16,"heterogeneous","fixed","fixed","c45-h48",-0.00251382261105506,2.5262912607834e-05,7.53514497703874e-05,0.00336981927779494,5.32948464823795e-05,0.00335203875931777,4.56527792800429e-06,-0.527640119882389,1.57901192392367,1.13506423387694e-05,3.38317874482201e-07,0.9485,0.00494205169944629,0.9485,0.00494205169944629,0.9485,0.00494205169944629,0.1065,0.00689774419647467,1,0,0,0.0131061675897994,2713.02112699239,3340.01120449207,8.0730366948713,2000,2000
35,4000,140,"above",16,"heterogeneous","fixed","fixed","c45-h48",-0.0100311871541865,-5.88227732607939e-05,0.000203642381173491,0.00910716414807699,0.000144032921397255,0.00911314887847748,7.89293575345125e-06,0.0657145331211417,1.58494488907433,8.29024287192629e-05,2.50355043376947e-06,0.955,0.00463546114210873,0.955,0.00463546114210873,0.955,0.00463546114210873,0.2075,0.0090676278595893,1,0,0,0.0357102906986361,1355.70709094183,1670.38812576248,7.6278208067123,2000,2000
36,8000,140,"above",16,"heterogeneous","fixed","fixed","c45-h48",-0.00502771026755517,5.44244739531493e-05,0.000104139117739555,0.00465724292765,7.36558926159001e-05,0.00467708839669354,4.33445400806189e-06,0.426120547110043,1.59099798412721,2.16820287546674e-05,6.97903194444548e-07,0.948,0.00496467521596328,0.948,0.00496467521596328,0.949,0.00491929873051028,0.1815,0.0086185193043817,1,0,0,0.018314581632608,2713.16959512454,3340.87326345752,8.11613352070341,2000,2000
7,4000,35,"below",16,"null","fixed","fixed","c45-h60",0,0.000220720014979136,0.000121627531686046,0.00543934857571017,8.60251614134968e-05,0.0054910711735666,9.04860022523815e-06,0.950896915990884,1.60521625767491,2.96204369966286e-05,9.08282137155012e-07,0.9515,0.00480352734977121,0.9515,0.00480352734977121,0.951,0.00482695556225661,0.0485,0.00480352734977121,1,0,0,0.0214653330199917,1355.35973264555,1668.00830319897,7.64545802537034,2000,2000
8,8000,35,"below",16,"null","fixed","fixed","c45-h60",0,-4.74357102378049e-05,6.14546993855086e-05,0.00274833770725624,4.34659025055494e-05,0.00277399812874142,4.82472639308826e-06,0.933670611782333,1.60592453303224,7.55183361965568e-06,2.38242954527937e-07,0.954,0.00468422885862764,0.954,0.00468422885862764,0.954,0.00468422885862764,0.046,0.00468422885862764,1,0,0,0.0108429553035655,2712.37411612088,3342.59576148369,8.10503901373633,2000,2000
9,4000,70,"boundary",16,"null","fixed","fixed","c45-h60",0,0.000142801124040686,0.000172649501853638,0.00772112044852421,0.000122112165387493,0.00762512288298095,8.79731934371184e-06,-1.24331133263968,1.56602125248926,5.96062852911557e-05,1.857741266615e-06,0.9505,0.0048502448391808,0.9505,0.0048502448391808,0.952,0.00477995815881269,0.0495,0.0048502448391808,1,0,0,0.0298655717830545,1356.27963320228,1670.2819529656,7.63093158872204,2000,2000
10,8000,70,"boundary",16,"null","fixed","fixed","c45-h60",0,-8.36275742867056e-05,8.54953845719992e-05,0.00382346983330954,6.04694854525195e-05,0.00388770210182811,4.60360087722995e-06,1.67994704597858,1.61260440518985,1.4618605676626e-05,4.61461557035033e-07,0.957,0.00453602248671675,0.957,0.00453602248671675,0.957,0.00453602248671675,0.043,0.00453602248671675,1,0,0,0.0151935766160588,2712.46115633129,3342.73638368497,8.10854464134523,2000,2000
11,4000,140,"above",16,"null","fixed","fixed","c45-h60",0,0.000318073166602243,0.000235582837688488,0.0105355847880752,0.000166623883239808,0.010404606620829,7.75647334377631e-06,-1.24319788489066,1.56360684452058,0.00011104421809262,3.32963906175769e-06,0.9485,0.00494205169944629,0.9485,0.00494205169944629,0.949,0.00491929873051028,0.0515,0.00494205169944629,1,0,0,0.0407144078691852,1354.79603831242,1668.91434134126,7.61528609734346,2000,2000
12,8000,140,"above",16,"null","fixed","fixed","c45-h60",0,-9.8876331959096e-05,0.000123304060032603,0.00551432520269232,8.72109424585251e-05,0.00539107053927768,4.23509818894449e-06,-2.2351721903246,1.54809051435798,3.04023550788488e-05,1.01042209694013e-06,0.9495,0.00489641450451246,0.9495,0.00489641450451246,0.95,0.00487339717240448,0.0505,0.00489641450451246,1,0,0,0.0211229466274829,2712.31612885573,3343.12748981637,8.08356805779737,2000,2000
19,4000,35,"below",16,"homogeneous","fixed","fixed","c45-h60",-0.00576937803444244,-0.000110948333301136,0.000118572875714497,0.00530274020770498,8.3864653267253e-05,0.0051874439801337,9.32231914380442e-06,-2.17427637514176,1.55710346429014,2.81173037162181e-05,8.82818428529901e-07,0.9475,0.00498717104178311,0.9475,0.00498717104178311,0.9485,0.00494205169944629,0.21,0.00910768905925098,1,0,0,0.0202510877170258,1356.05884011721,1666.4963269562,7.6168596495993,2000,2000
20,8000,35,"below",16,"homogeneous","fixed","fixed","c45-h60",-0.00290941993318624,4.96423656682145e-06,6.02924046942981e-05,0.00269635830846756,4.26438305039608e-05,0.00261929595486524,4.87642014946154e-06,-2.85801606412319,1.54694178855048,7.26673759722291e-06,2.26801560554933e-07,0.9435,0.00516273909857936,0.9435,0.00516273909857936,0.9435,0.00516273909857936,0.2,0.00894427190999916,1,0,0,0.0102062121467528,2715.05661463381,3341.1562326289,8.04562468081736,2000,2000
21,4000,70,"boundary",16,"homogeneous","fixed","fixed","c45-h60",-0.0113317906749274,-0.000134752858265313,0.000163014124269255,0.00729021326317306,0.000115297220609068,0.00720453278895089,8.64524998021716e-06,-1.17528076517308,1.5674391778999,5.3138794150644e-05,1.80296381564139e-06,0.9415,0.0052477495176504,0.9415,0.0052477495176504,0.942,0.00522666241496426,0.3475,0.0106476229741666,1,0,0,0.0281701737610064,1355.27470121301,1672.33566515265,7.60173178323387,2000,2000
22,8000,70,"boundary",16,"homogeneous","fixed","fixed","c45-h60",-0.00576495722390466,-1.05122078596097e-06,8.40356618932888e-05,0.00375818905055165,5.94370475059932e-05,0.00366448870114529,4.69362439574304e-06,-2.49323139804811,1.54715195778554,1.41169240522816e-05,4.57138294515978e-07,0.9395,0.0053310294503032,0.9395,0.0053310294503032,0.9395,0.0053310294503032,0.355,0.0106998831769324,1,0,0,0.0143497881025766,2713.62450318053,3343.29214582454,8.04185068769042,2000,2000
23,4000,140,"above",16,"homogeneous","fixed","fixed","c45-h60",-0.0218916300874799,0.000154039049883981,0.000223773600552678,0.0100074596481135,0.000158271403199347,0.0098629476015207,7.7023992419076e-06,-1.44404326046933,1.56059532656898,0.000100122902013204,3.2274710861946e-06,0.947,0.0050095408971282,0.947,0.0050095408971282,0.9465,0.00503178646208283,0.594,0.0109809835625048,1,0,0,0.0386236812207368,1356.4581861721,1668.10099825164,7.62172487503218,2000,2000
24,8000,140,"above",16,"homogeneous","fixed","fixed","c45-h60",-0.0113443712327637,-2.40680949889878e-05,0.000110943723774967,0.00496155416075573,7.84686790338845e-05,0.00510020563635468,4.40196581592348e-06,2.79451702242084,1.62814962113655,2.46052904534638e-05,7.60541672570922e-07,0.9555,0.00461084319837489,0.9555,0.00461084319837489,0.956,0.00458606585212206,0.603,0.010940543862167,1,0,0,0.0199748541518197,2713.3696622299,3340.36054494071,8.08753664869683,2000,2000
31,4000,35,"below",16,"heterogeneous","fixed","fixed","c45-h60",-0.00313239084036802,0.000186817615098338,0.000117610241070218,0.00525968987766291,8.31837975472665e-05,0.00527835603189034,8.71467179209922e-06,0.354890776102623,1.59577192505681,2.76854062616961e-05,9.01890165136209e-07,0.949,0.00491929873051028,0.949,0.00491929873051028,0.948,0.00496467521596328,0.088,0.00633466652634533,1,0,0,0.0206384729595496,1355.54833829047,1669.75996269056,7.61955552426162,2000,2000
32,8000,35,"below",16,"heterogeneous","fixed","fixed","c45-h60",-0.00156784700364979,-7.37235594724604e-05,5.90398121375741e-05,0.00264034066636866,4.17578923007941e-05,0.0026641118404018,4.60268770605917e-06,0.900307082943086,1.60526611684322,6.97334829828412e-06,2.27513651963912e-07,0.9455,0.00507591124823908,0.9455,0.00507591124823908,0.947,0.0050095408971282,0.0845,0.00621931467285584,1,0,0,0.0104143270290665,2713.64675392009,3341.467790581,8.06632165092352,2000,2000
33,4000,70,"boundary",16,"heterogeneous","fixed","fixed","c45-h60",-0.00624420904146077,-2.2508707905353e-05,0.000165014581690845,0.00737967643878843,0.00011671211138427,0.00733716412404882,8.91279734286002e-06,-0.576072881951362,1.57705489974238,5.44329011709701e-05,1.74237034269961e-06,0.951,0.00482695556225661,0.951,0.00482695556225661,0.952,0.00477995815881269,0.137,0.00768866048151432,1,0,0,0.0286853452799629,1354.97617648068,1670.96752512795,7.60404415615765,2000,2000
34,8000,70,"boundary",16,"heterogeneous","fixed","fixed","c45-h60",-0.00313316717883158,6.25448504341588e-06,8.22547250134573e-05,0.00367854313201286,5.81774200151532e-05,0.00372890742260253,4.56021995488225e-06,1.36913687789537,1.60797346758452,1.35249528528751e-05,4.02983245287479e-07,0.9505,0.0048502448391808,0.9505,0.0048502448391808,0.9505,0.0048502448391808,0.119,0.00724013121428058,1,0,0,0.0145924775403556,2713.02112699239,3340.01120449207,8.0730366948713,2000,2000
35,4000,140,"above",16,"heterogeneous","fixed","fixed","c45-h60",-0.0123844947604364,-0.00040863430952985,0.000222445460389087,0.00994806341432472,0.000157332031410995,0.0100002647190128,7.61934493520584e-06,0.524738358753574,1.59167702692681,9.90814657115031e-05,3.00520105269186e-06,0.955,0.00463546114210873,0.955,0.00463546114210873,0.954,0.00468422885862764,0.251,0.00969533392926721,1,0,0,0.0392283632074973,1355.70709094183,1670.38812576248,7.6278208067123,2000,2000
36,8000,140,"above",16,"heterogeneous","fixed","fixed","c45-h60",-0.00624736828753326,0.000153077454864041,0.000117444809852837,0.0052522915687096,8.30667907562809e-05,0.00517995299744194,4.2659126470565e-06,-1.37727638158188,1.5618653942402,2.75962061465642e-05,9.03588002349154e-07,0.9445,0.00511955808639769,0.9445,0.00511955808639769,0.947,0.0050095408971282,0.213,0.00915508055671822,1,0,0,0.020303931375746,2713.16959512454,3340.87326345752,8.11613352070341,2000,2000
7,4000,35,"below",16,"null","fixed","fixed","c50-h24",0,3.97560493915453e-05,9.07322430656751e-05,0.00405766926491767,6.4173429707353e-05,0.00406667084947396,1.13649719505344e-05,0.221841258333089,1.60959896561795,1.6458028066989e-05,5.12058078358178e-07,0.9535,0.00470838348055891,0.9535,0.00470838348055891,0.9545,0.00465992220965114,0.0465,0.00470838348055891,1,0,0,0.0157423403862292,1220.25453731351,1285.60692150592,6.74213233328808,2000,2000
8,8000,35,"below",16,"null","fixed","fixed","c50-h24",0,-7.3328033511281e-05,4.64279137816721e-05,0.00207631942538636,3.28377031235804e-05,0.00203802710447958,5.64142574889359e-06,-1.84424036295167,1.57596504498146,4.31432380555726e-06,1.35475711959453e-07,0.944,0.00514120608417908,0.944,0.00514120608417908,0.9435,0.00516273909857936,0.056,0.00514120608417908,1,0,0,0.00789250956737242,2438.97309051754,2578.24084853802,7.13294260404663,2000,2000
9,4000,70,"boundary",16,"null","fixed","fixed","c50-h24",0,4.77839241393099e-05,0.000127732429251149,0.00571236789473505,9.03430554887173e-05,0.00573462414813446,1.14266594058903e-05,0.38961519652696,1.60024765906594,3.26171146947235e-05,1.0023993338658e-06,0.949,0.00491929873051028,0.949,0.00491929873051028,0.948,0.00496467521596328,0.051,0.00491929873051027,1,0,0,0.0224188780544305,1221.19885630661,1286.84239286197,6.75184032261865,2000,2000
10,8000,70,"boundary",16,"null","fixed","fixed","c50-h24",0,-6.23289224256667e-05,6.50647704999971e-05,0.00290978499556833,4.60192466870272e-05,0.00289279720614063,5.63787694974789e-06,-0.583815967625445,1.58419436429895,8.46650019064512e-06,2.69496192922884e-07,0.9435,0.00516273909857936,0.9435,0.00516273909857936,0.9445,0.00511955808639769,0.0565,0.00516273909857936,1,0,0,0.0112960644388792,2440.6847065478,2579.06240424381,7.14041472216515,2000,2000
11,4000,140,"above",16,"null","fixed","fixed","c50-h24",0,1.53045017949191e-05,0.000182671982854672,0.00816933942495445,0.000129200902073388,0.00803536498639419,1.03719165070159e-05,-1.63996660673708,1.56077006913987,6.67049718145703e-05,2.1212981518036e-06,0.9405,0.00528960064655168,0.9405,0.00528960064655168,0.9405,0.00528960064655168,0.0595,0.00528960064655168,1,0,0,0.0314469244249344,1218.41076512319,1286.09952502759,6.73413786271154,2000,2000
12,8000,140,"above",16,"null","fixed","fixed","c50-h24",0,1.61065767795788e-05,9.28716009287681e-05,0.00415334425711916,6.56865624902238e-05,0.00405728228553874,5.73098014177412e-06,-2.31288247815641,1.55110491479978,1.72419028057012e-05,5.60718120075035e-07,0.9435,0.00516273909857936,0.9435,0.00516273909857936,0.9445,0.00511955808639769,0.0565,0.00516273909857936,1,0,0,0.0158721414901403,2438.69879048245,2578.48626238009,7.14545200415615,2000,2000
19,4000,35,"below",16,"homogeneous","fixed","fixed","c50-h24",-0.00257206071203665,-4.9362022309779e-05,8.58201377767347e-05,0.00383799323814353,6.06991780761356e-05,0.00386583168346795,1.20234607385425e-05,0.725338571411505,1.62351726554198,1.4725263609234e-05,4.93014620918294e-07,0.9505,0.0048502448391808,0.9505,0.0048502448391808,0.9515,0.00480352734977121,0.087,0.0063020234845643,1,0,0,0.0149426668897411,1220.73551709695,1284.48341282297,6.7895939636959,2000,2000
20,8000,35,"below",16,"homogeneous","fixed","fixed","c50-h24",-0.00128650662394766,-3.4755414456006e-05,4.24473182132879e-05,0.00189830177974953,3.00222930634963e-05,0.00194102554050982,5.94339158596087e-06,2.25063060131185,1.64715837652716,3.60295581101075e-06,1.12304841109505e-07,0.9505,0.0048502448391808,0.9505,0.0048502448391808,0.951,0.00482695556225661,0.0835,0.00618578006398546,1,0,0,0.00755828535099033,2441.22081413618,2577.78927437984,7.0844603301721,2000,2000
21,4000,70,"boundary",16,"homogeneous","fixed","fixed","c50-h24",-0.00513557101797908,-0.00024574964668757,0.000119777048846153,0.00535659246728623,8.47163452039762e-05,0.00543003666321537,1.10741854106715e-05,1.37109918997349,1.61649350727238,2.87391292080044e-05,9.21712184032435e-07,0.9525,0.00475624589355933,0.9525,0.00475624589355933,0.952,0.00477995815881269,0.154,0.00807105941001551,1,0,0,0.0211484470530008,1220.66162355749,1290.91592907701,6.70717056498184,2000,2000
22,8000,70,"boundary",16,"homogeneous","fixed","fixed","c50-h24",-0.00256999201571909,1.62145715285843e-05,6.05173417247638e-05,0.00270641779828312,4.28029247820855e-05,0.00272270254209535,5.98299284149899e-06,0.601708421462344,1.6063350247341,7.32129786254409e-06,2.38657016158817e-07,0.9485,0.00494205169944629,0.9485,0.00494205169944629,0.948,0.00496467521596328,0.1265,0.0074329586975847,1,0,0,0.0105842249536192,2442.09926307799,2578.26060748009,7.09415206504332,2000,2000
23,4000,140,"above",16,"homogeneous","fixed","fixed","c50-h24",-0.0102572352441359,-1.96354396298052e-05,0.000171021135752903,0.00764829770265423,0.00012096044871024,0.00761095766012583,1.05092651208685e-05,-0.488213769652823,1.57979996028987,5.84675950700414e-05,1.84669557974844e-06,0.95,0.00487339717240448,0.95,0.00487339717240448,0.9495,0.00489641450451246,0.258,0.00978355763513457,1,0,0,0.02979804915626,1220.48832238005,1287.54900148237,6.73524327482367,2000,2000
24,8000,140,"above",16,"homogeneous","fixed","fixed","c50-h24",-0.00514120781712805,-0.000171650865831421,8.44501919108927e-05,0.00377672739651318,5.9730237799184e-05,0.00384210179070657,5.88159782356806e-06,1.73097995512588,1.61642971591206,1.42860020124001e-05,4.73038614004679e-07,0.9555,0.00461084319837489,0.9555,0.00461084319837489,0.9565,0.00456112650559048,0.275,0.00998436277385793,1,0,0,0.015019169494701,2440.74313881161,2577.72462383131,7.13468811751939,2000,2000
31,4000,35,"below",16,"heterogeneous","fixed","fixed","c50-h24",-0.00109718881998844,8.67954148740158e-05,8.74983383704457e-05,0.0039130446502919,6.18861418741914e-05,0.00394522059736933,1.13798719531698e-05,0.822273956803299,1.62084225618185,1.53117959200036e-05,5.11233641167787e-07,0.9515,0.00480352734977121,0.9515,0.00480352734977121,0.952,0.00477995815881269,0.052,0.00496467521596328,1,0,0,0.0152883920392905,1220.56546581308,1287.79125710925,6.74703316415142,2000,2000
32,8000,35,"below",16,"heterogeneous","fixed","fixed","c50-h24",-0.000546840444352999,-7.84638616924027e-05,4.4354616192891e-05,0.00198359873846434,3.13712936909407e-05,0.00198138725550143,5.64359795507479e-06,-0.111488423542283,1.60518666196763,3.9388532008514e-06,1.2797505926053e-07,0.9505,0.0048502448391808,0.9505,0.0048502448391808,0.9485,0.00494205169944629,0.054,0.00505390937789747,1,0,0,0.0076835834484388,2440.52821092897,2578.8734921858,7.14161124387018,2000,2000
33,4000,70,"boundary",16,"heterogeneous","fixed","fixed","c50-h24",-0.00220858254507771,4.48847636163025e-06,0.000124529248717972,0.00556911730640726,8.80774983522421e-05,0.00558082203885482,1.12776256617866e-05,0.21017212968546,1.59774308747206,3.09995801851586e-05,9.8843369776918e-07,0.952,0.00477995815881269,0.952,0.00477995815881269,0.952,0.00477995815881269,0.0675,0.00560997994648822,1,0,0,0.0217681412299034,1219.09759539205,1287.49970521041,6.69041648772527,2000,2000
34,8000,70,"boundary",16,"heterogeneous","fixed","fixed","c50-h24",-0.0010977884538745,-6.60519688851932e-05,6.24481138785093e-05,0.0027927645539799,4.41685283084925e-05,0.00280127617745837,5.78625047307558e-06,0.304774115896911,1.5998270907971,7.79999694963316e-06,2.33635113215224e-07,0.9535,0.00470838348055891,0.9535,0.00470838348055891,0.9515,0.00480352734977121,0.061,0.00535158854920667,1,0,0,0.0109313367964212,2440.41634215675,2573.47466394222,7.11994614557502,2000,2000
35,4000,140,"above",16,"heterogeneous","fixed","fixed","c50-h24",-0.00445950812381693,1.07306892079749e-05,0.000172854666743696,0.00773029570133954,0.000122257275154492,0.00780243720844059,1.0599598217971e-05,0.933230886478964,1.60217183700354,5.97277080420243e-05,1.82844630671713e-06,0.952,0.00477995815881269,0.952,0.00477995815881269,0.952,0.00477995815881269,0.075,0.00588960949469487,1,0,0,0.0305596258397504,1219.65742928372,1287.65664790223,6.72420320878683,2000,2000
36,8000,140,"above",16,"heterogeneous","fixed","fixed","c50-h24",-0.00220813996331801,7.54768650099759e-05,8.77465623620819e-05,0.00392414556467079,6.20617066386094e-05,0.00393403245010472,5.52598410232156e-06,0.25195001742393,1.5917602189917,1.53969157106708e-05,4.88969735062143e-07,0.955,0.00463546114210873,0.955,0.00463546114210873,0.9545,0.00465992220965114,0.0805,0.00608357419614489,1,0,0,0.0153909690576648,2439.55820777647,2575.77907869108,7.11713535757479,2000,2000
1,4000,35,"below",4,"null","fixed","fixed","c50-h36",0,0.00014821327607842,0.000114684472208192,0.00512884551642404,8.11144491429587e-05,0.00495151340106009,1.11462529605342e-05,-3.45754448629966,1.54224094545479,2.63138709783832e-05,8.67275706667345e-07,0.936,0.00547284204047586,0.936,0.00547284204047586,0.9345,0.00553216729681958,0.064,0.00547284204047586,1,0,0,0.019273942005222,1220.06302688117,1288.09276841965,6.734953524203,2000,2000
2,8000,35,"below",4,"null","fixed","fixed","c50-h36",0,2.02347326400186e-05,5.63925805482196e-05,0.00252195287064903,3.98855487481768e-05,0.00249335574778996,5.75062547627176e-06,-1.13392772687746,1.58013981825527,6.35747560303899e-06,2.01267456787258e-07,0.9505,0.0048502448391808,0.9505,0.0048502448391808,0.952,0.00477995815881269,0.0495,0.0048502448391808,1,0,0,0.00970819561134738,2443.59500513941,2574.19276007269,7.11675278126326,2000,2000
3,4000,70,"boundary",4,"null","fixed","fixed","c50-h36",0,4.19584804111776e-06,0.000155560994702683,0.00695689917605368,0.000110025744117586,0.00695276403950128,1.09187006421614e-05,-0.0594393629655743,1.5883672963252,4.83742645278443e-05,1.5884916878615e-06,0.9425,0.00520546587732549,0.9425,0.00520546587732549,0.943,0.00518415856238985,0.0575,0.00520546587732549,1,0,0,0.0271863208045851,1218.36216745892,1288.32287076987,6.75979768060573,2000,2000
4,8000,70,"boundary",4,"null","fixed","fixed","c50-h36",0,4.09482289993702e-05,7.81590001019104e-05,0.00349537674562569,5.52805808559851e-05,0.00350905227934098,5.61621225721343e-06,0.391246343685192,1.59583132436264,1.22132265220221e-05,3.89754007520623e-07,0.9495,0.00489641450451246,0.9495,0.00489641450451246,0.9505,0.0048502448391808,0.0505,0.00489641450451246,1,0,0,0.0136897183414049,2438.82130819639,2575.62499561672,7.11197149391067,2000,2000
5,4000,140,"above",4,"null","fixed","fixed","c50-h36",0,-0.000170994280724801,0.000218828514940867,0.00978630869646215,0.000154773825125842,0.00964583568934802,9.99070920465568e-06,-1.43540339336432,1.56217220430597,9.57531910275399e-05,3.07154651705148e-06,0.947,0.0050095408971282,0.947,0.0050095408971282,0.9465,0.00503178646208283,0.053,0.0050095408971282,1,0,0,0.0377361526103785,1219.88989628219,1286.69371163056,6.73427315312749,2000,2000
6,8000,140,"above",4,"null","fixed","fixed","c50-h36",0,-0.000148122362338098,0.000110818122644784,0.00495593710745293,7.8379843411325e-05,0.00492321338574098,5.55461997570563e-06,-0.660293320969285,1.57508426664819,2.4570972190947e-05,7.81704293612322e-07,0.9465,0.00503178646208283,0.9465,0.00503178646208283,0.9455,0.00507591124823908,0.0535,0.00503178646208283,1,0,0,0.0192741455325121,2441.34120993465,2576.20745334714,7.0932023236844,2000,2000
7,4000,35,"below",16,"null","fixed","fixed","c50-h36",0,9.4110218528973e-05,0.000111152041058988,0.00497087039291489,7.86160184375102e-05,0.00496315412804253,1.12892042836235e-05,-0.1552296532084,1.59532722811509,2.47060544201578e-05,7.68697723111791e-07,0.9475,0.00498717104178311,0.9475,0.00498717104178311,0.948,0.00496467521596328,0.0525,0.00498717104178311,1,0,0,0.0193436664740919,1220.25453731351,1285.60692150592,6.74213233328808,2000,2000
8,8000,35,"below",16,"null","fixed","fixed","c50-h36",0,-7.0200114753036e-05,5.66288073991836e-05,0.00253251725658635,4.00526281314602e-05,0.00249610013692202,5.79604886698684e-06,-1.4379811063331,1.57550374656091,6.41536488919156e-06,2.10094289132294e-07,0.9445,0.00511955808639769,0.9445,0.00511955808639769,0.9435,0.00516273909857936,0.0555,0.00511955808639769,1,0,0,0.00972102728456293,2438.97309051754,2578.24084853802,7.13294260404663,2000,2000
9,4000,70,"boundary",16,"null","fixed","fixed","c50-h36",0,0.000157032797108326,0.000158383024922856,0.00708310420419097,0.000112021719879313,0.00694880122400834,1.12837257594474e-05,-1.89610340764387,1.55970359462045,5.01699392842119e-05,1.58325514803412e-06,0.9445,0.00511955808639769,0.9445,0.00511955808639769,0.9455,0.00507591124823908,0.0555,0.00511955808639769,1,0,0,0.0271905522634934,1221.19885630661,1286.84239286197,6.75184032261865,2000,2000
10,8000,70,"boundary",16,"null","fixed","fixed","c50-h36",0,-6.92044409886147e-05,7.82339165269317e-05,0.00349872711000527,5.53335680165863e-05,0.00351765714125307,5.54243312562071e-06,0.541054808009145,1.59796268721875,1.22397600992432e-05,3.80692305682326e-07,0.951,0.00482695556225661,0.951,0.00482695556225661,0.9495,0.00489641450451246,0.049,0.00482695556225661,1,0,0,0.0137384044255523,2440.6847065478,2579.06240424381,7.14041472216515,2000,2000
11,4000,140,"above",16,"null","fixed","fixed","c50-h36",0,0.000225873953074312,0.000220144664373028,0.00984516868843932,0.00015570471606621,0.00964537556833758,1.00388716800352e-05,-2.02935192300305,1.55279094598541,9.69299018732513e-05,3.0546649952873e-06,0.9455,0.00507591124823908,0.9455,0.00507591124823908,0.9455,0.00507591124823908,0.0545,0.00507591124823908,1,0,0,0.0377795552231548,1218.41076512319,1286.09952502759,6.73413786271154,2000,2000
12,8000,140,"above",16,"null","fixed","fixed","c50-h36",0,-2.37869025531524e-05,0.000110798552436569,0.00495506190113488,7.83660017235322e-05,0.00492027161299987,5.47604701434348e-06,-0.702116115381635,1.57431380278833,2.45409279415894e-05,8.26174757964657e-07,0.945,0.00509779364038993,0.945,0.00509779364038993,0.945,0.00509779364038993,0.055,0.00509779364038993,1,0,0,0.019243564475057,2438.69879048245,2578.48626238009,7.14545200415615,2000,2000
13,4000,35,"below",4,"homogeneous","fixed","fixed","c50-h36",-0.00383513927374293,-3.08923855036581e-05,0.000105570294736781,0.00472124710872263,7.46681406693709e-05,0.00469074933065257,1.12874077765456e-05,-0.645968689368415,1.5894018163354,2.22799835139731e-05,7.07482632911674e-07,0.9465,0.00503178646208283,0.9465,0.00503178646208283,0.946,0.00505390937789747,0.118,0.00721373689567342,1,0,0,0.018273716654074,1219.40040657993,1288.98740362254,6.72944693306514,2000,2000
14,8000,35,"below",4,"homogeneous","fixed","fixed","c50-h36",-0.0019240314235497,9.37710186872228e-06,5.25784003006519e-05,0.00235137754440906,3.71878415193222e-05,0.00235602081844631,5.89402422218186e-06,0.19747037426181,1.60435986569559,5.52629979821245e-06,1.73804030585231e-07,0.9475,0.00498717104178311,0.9475,0.00498717104178311,0.9485,0.00494205169944629,0.1165,0.00717383265765239,1,0,0,0.00915673112060181,2439.11913306909,2577.2476554433,7.081344849809,2000,2000
15,4000,70,"boundary",4,"homogeneous","fixed","fixed","c50-h36",-0.00761143746013485,-0.000150897393597294,0.000148048700313426,0.00662093915762629,0.000104712421315889,0.00657768669997951,1.09971180215714e-05,-0.653267710472127,1.57995744842427,4.38376869347191e-05,1.44228783237544e-06,0.9495,0.00489641450451246,0.9495,0.00489641450451246,0.9485,0.00494205169944629,0.2115,0.00913147715323211,1,0,0,0.0256870228859806,1221.03874774859,1289.36704868784,6.69334692389133,2000,2000
16,8000,70,"boundary",4,"homogeneous","fixed","fixed","c50-h36",-0.00383207140079365,-8.74802200161438e-05,7.31871758296604e-05,0.003273030004727,5.17640909658189e-05,0.00333296933993071,5.73605755170564e-06,1.83131028793329,1.62000436039033,1.07150218380314e-05,3.39117526617297e-07,0.954,0.00468422885862764,0.954,0.00468422885862764,0.9535,0.00470838348055891,0.198,0.00891055553823666,1,0,0,0.0129943794124475,2441.23910969774,2577.03371595574,7.10675327701792,2000,2000
17,4000,140,"above",4,"homogeneous","fixed","fixed","c50-h36",-0.0150151377825194,0.000101167038755782,0.000204800799176574,0.00915897017610205,0.000144852251480815,0.00914569342145067,1.00712518383882e-05,-0.144959033560543,1.58306526118421,8.38550260891141e-05,2.71488927357158e-06,0.9445,0.00511955808639769,0.9445,0.00511955808639769,0.9445,0.00511955808639769,0.3785,0.010845223603043,1,0,0,0.0357761634106019,1220.16700501489,1286.81560483853,6.69753974814294,2000,2000
18,8000,140,"above",4,"homogeneous","fixed","fixed","c50-h36",-0.00761960148934478,6.7840847801002e-06,0.000103796851653572,0.00464193632295697,7.34138134181649e-05,0.00465242186208061,5.53538567106945e-06,0.225887181428641,1.58958589750292,2.15368450637804e-05,6.42256450118394e-07,0.9535,0.00470838348055891,0.9535,0.00470838348055891,0.9535,0.00470838348055891,0.37,0.0107958325292679,1,0,0,0.0181932981234529,2440.52593381428,2576.6503185635,7.1149044823754,2000,2000
19,4000,35,"below",16,"homogeneous","fixed","fixed","c50-h36",-0.00383513927374293,-8.92175781788305e-05,0.000106605920123763,0.00476756168401291,7.54006215463892e-05,0.00470811244483234,1.1723164755389e-05,-1.24695270078877,1.58105178562847,2.27262393649187e-05,7.29585757397459e-07,0.9465,0.00503178646208283,0.9465,0.00503178646208283,0.948,0.00496467521596328,0.1175,0.00720047741472744,1,0,0,0.0182915641508505,1220.73551709695,1284.48341282297,6.7895939636959,2000,2000
20,8000,35,"below",16,"homogeneous","fixed","fixed","c50-h36",-0.0019240314235497,-4.48198938152747e-05,5.28276984537796e-05,0.00236252649675023,3.7364166020573e-05,0.00236710089116675,5.90226742289404e-06,0.193622988897935,1.60416967180788,5.58074950500461e-06,1.69735006548672e-07,0.9515,0.00480352734977121,0.9515,0.00480352734977121,0.9495,0.00489641450451246,0.1185,0.0072269547528679,1,0,0,0.00922496733915552,2441.22081413618,2577.78927437984,7.0844603301721,2000,2000
21,4000,70,"boundary",16,"homogeneous","fixed","fixed","c50-h36",-0.00761143746013485,-0.000118535191865998,0.000148102293679247,0.00662333592580869,0.0001047503270259,0.00658504857454517,1.09568151358558e-05,-0.578067482797118,1.58107008472479,4.38606950884257e-05,1.47997405002494e-06,0.9475,0.00498717104178311,0.9475,0.00498717104178311,0.947,0.0050095408971282,0.2015,0.0089693296850991,1,0,0,0.0257589264873424,1220.66162355749,1290.91592907701,6.70717056498184,2000,2000
22,8000,70,"boundary",16,"homogeneous","fixed","fixed","c50-h36",-0.00383207140079365,9.16654943182734e-05,7.42690432758454e-05,0.00332141258777328,5.25292780940614e-05,0.00331722753154307,5.85840298491201e-06,-0.12600229931119,1.58935906834798,1.10346682502783e-05,3.53729481940823e-07,0.9455,0.00507591124823908,0.9455,0.00507591124823908,0.9455,0.00507591124823908,0.1965,0.0088850365784278,1,0,0,0.0129511720104685,2442.09926307799,2578.26060748009,7.09415206504332,2000,2000
23,4000,140,"above",16,"homogeneous","fixed","fixed","c50-h36",-0.0150151377825194,1.98911404601569e-05,0.000203569312028502,0.00910389639657193,0.00014398124078757,0.0091468455574874,1.00928524018534e-05,0.471766802307183,1.59285813506619,8.28398847921843e-05,2.71381223033618e-06,0.949,0.00491929873051028,0.949,0.00491929873051028,0.949,0.00491929873051028,0.3685,0.0107867453386089,1,0,0,0.035813555309175,1220.48832238005,1287.54900148237,6.73524327482367,2000,2000
24,8000,140,"above",16,"homogeneous","fixed","fixed","c50-h36",-0.00761960148934478,-0.000144721289112915,0.000102895345328373,0.00460161973445116,7.27761927572383e-05,0.0046612501375998,5.66744324169512e-06,1.29585681976723,1.60675597364321,2.11852609799226e-05,6.65141724423427e-07,0.9565,0.00456112650559048,0.9565,0.00456112650559048,0.958,0.00448530935387962,0.39,0.0109064201276129,1,0,0,0.0182225698466304,2440.74313881161,2577.72462383131,7.13468811751939,2000,2000
25,4000,35,"below",4,"heterogeneous","fixed","fixed","c50-h36",-0.00164087238321937,-0.000107767959087533,0.000108298286111802,0.00484324659185423,7.65976042958841e-05,0.00481628949641498,1.13956816173648e-05,-0.556591429488396,1.59023459547621,2.34569229637387e-05,7.61798209393453e-07,0.946,0.00505390937789747,0.946,0.00505390937789747,0.9475,0.00498717104178311,0.0615,0.00537204569973116,1,0,0,0.0187688639512262,1219.95178131597,1288.88371671362,6.75519381250717,2000,2000
26,8000,35,"below",4,"heterogeneous","fixed","fixed","c50-h36",-0.000819051477066565,9.52382377665209e-06,5.29653058142478e-05,0.00236868048499446,3.74614934532016e-05,0.00241774694081331,5.71832973455707e-06,2.07146789656476,1.63224688802865,5.60793261959292e-06,1.81560585543026e-07,0.953,0.00473238840333293,0.953,0.00473238840333293,0.953,0.00473238840333293,0.054,0.00505390937789747,1,0,0,0.00939073765527076,2438.9809903123,2577.41605553249,7.15511174167033,2000,2000
27,4000,70,"boundary",4,"heterogeneous","fixed","fixed","c50-h36",-0.0032926150031595,-0.000182208556971836,0.000153085774101353,0.00684620394557602,0.00010827506111998,0.00676833510961767,1.10261805926243e-05,-1.13740164005296,1.57181885588258,4.68802731684223e-05,1.52339137819753e-06,0.9455,0.00507591124823908,0.9455,0.00507591124823908,0.944,0.00514120608417908,0.078,0.00599649897857075,1,0,0,0.0264490616749097,1220.22388097052,1287.63735037336,6.7563845574709,2000,2000
28,8000,70,"boundary",4,"heterogeneous","fixed","fixed","c50-h36",-0.00164176641384618,2.04461797436694e-05,7.4677935193841e-05,0.00333969879025505,5.28184806517277e-05,0.00341925569684537,5.51502251969898e-06,2.38215814020308,1.62760780636741,1.11484292618923e-05,3.50542988633226e-07,0.961,0.00432891441356837,0.961,0.00432891441356837,0.961,0.00432891441356837,0.064,0.00547284204047586,1,0,0,0.0133524763907111,2439.41318412282,2575.99471333465,7.1501635497046,2000,2000
29,4000,140,"above",4,"heterogeneous","fixed","fixed","c50-h36",-0.00660462997001182,4.98502348794012e-05,0.000207798761836822,0.00929304314214847,0.000146972661376374,0.0093810833540826,1.01107719923689e-05,0.947377630636659,1.60022029684957,8.63199555623294e-05,2.76036421422075e-06,0.949,0.00491929873051028,0.949,0.00491929873051028,0.949,0.00491929873051028,0.103,0.00679672715356443,1,0,0,0.0366814292658025,1220.36428799723,1287.13333149904,6.73869025213334,2000,2000
30,8000,140,"above",4,"heterogeneous","fixed","fixed","c50-h36",-0.00329200892158468,-9.50878241716053e-06,0.000105350461890077,0.00471141588494427,7.45126564968355e-05,0.00478474760590187,5.43416339489245e-06,1.55646885667504,1.61028641756908,2.21864313380277e-05,6.82836514301978e-07,0.9565,0.00456112650559048,0.9565,0.00456112650559048,0.956,0.00458606585212206,0.0975,0.00663301402079025,1,0,0,0.0187249077732522,2442.6807577638,2578.18674380824,7.13851639816312,2000,2000
31,4000,35,"below",16,"heterogeneous","fixed","fixed","c50-h36",-0.00164087238321937,7.22348089478915e-05,0.000108215266738144,0.00483953385259523,7.65388860524039e-05,0.00481338994373734,1.12593183075364e-05,-0.540215435085167,1.59010274245283,2.34145952340837e-05,7.77128409951779e-07,0.9475,0.00498717104178311,0.9475,0.00498717104178311,0.948,0.00496467521596328,0.0615,0.00537204569973116,1,0,0,0.0187252828395895,1220.56546581308,1287.79125710925,6.74703316415142,2000,2000
32,8000,35,"below",16,"heterogeneous","fixed","fixed","c50-h36",-0.000819051477066565,-3.05875069475e-05,5.35613039999546e-05,0.0023953343341486,3.78830332100054e-05,0.00242027161254144,5.7442426215896e-06,1.04107714891104,1.61589302915144,5.7356933546462e-06,1.7890065374384e-07,0.9545,0.00465992220965114,0.9545,0.00465992220965114,0.954,0.00468422885862764,0.0515,0.00494205169944629,1,0,0,0.00942210675806565,2440.52821092897,2578.8734921858,7.14161124387018,2000,2000
33,4000,70,"boundary",16,"heterogeneous","fixed","fixed","c50-h36",-0.0032926150031595,1.08530862646144e-05,0.000151703902713878,0.00678440477840492,0.000107297686116868,0.00676598717102599,1.0986419317387e-05,-0.271469760140997,1.58553214115125,4.60052519126263e-05,1.47165020359463e-06,0.948,0.00496467521596328,0.948,0.00496467521596328,0.9475,0.00498717104178311,0.0745,0.00587153089066216,1,0,0,0.0264483893426279,1219.09759539205,1287.49970521041,6.69041648772527,2000,2000
34,8000,70,"boundary",16,"heterogeneous","fixed","fixed","c50-h36",-0.00164176641384618,-2.43851259503635e-05,7.57125155717589e-05,0.00338596663131928,5.35502224109485e-05,0.00340713003085918,5.69158715652293e-06,0.625032726079966,1.60027216712948,1.14596322777611e-05,3.52585995080444e-07,0.952,0.00477995815881269,0.952,0.00477995815881269,0.952,0.00477995815881269,0.062,0.00539240206216117,1,0,0,0.013310401263707,2440.41634215675,2573.47466394222,7.11994614557502,2000,2000
35,4000,140,"above",16,"heterogeneous","fixed","fixed","c50-h36",-0.00660462997001182,-1.09708254097934e-05,0.00020995676325703,0.00938955189957097,0.000148498980441888,0.00937851567715313,1.00433476256698e-05,-0.117537264140821,1.58329257051538,8.81197233913096e-05,2.59315283564585e-06,0.952,0.00477995815881269,0.952,0.00477995815881269,0.952,0.00477995815881269,0.1045,0.00684031249286171,1,0,0,0.0367733237737933,1219.65742928372,1287.65664790223,6.72420320878683,2000,2000
36,8000,140,"above",16,"heterogeneous","fixed","fixed","c50-h36",-0.00329200892158468,4.52335829943108e-05,0.00010585599099866,0.0047340238339722,7.4870208956893e-05,0.00477622802206164,5.37419228719224e-06,0.891507723019425,1.5996670005225,2.2401822246817e-05,7.05518021486257e-07,0.9515,0.00480352734977121,0.9515,0.00480352734977121,0.9515,0.00480352734977121,0.092,0.00646281672337998,1,0,0,0.0187021278179361,2439.55820777647,2575.77907869108,7.11713535757479,2000,2000
7,4000,35,"below",16,"null","fixed","fixed","c50-h48",0,0.000199572203288664,0.000126937120117291,0.00567680058900636,8.97805463621617e-05,0.00570851857651093,1.10708647557291e-05,0.558729992489071,1.60228329775063,3.22497809592047e-05,1.00430266725537e-06,0.949,0.00491929873051028,0.949,0.00491929873051028,0.9495,0.00489641450451246,0.051,0.00491929873051027,1,0,0,0.0222720725459313,1220.25453731351,1285.60692150592,6.74213233328808,2000,2000
8,8000,35,"below",16,"null","fixed","fixed","c50-h48",0,-0.000100196798022778,6.39015584803092e-05,0.00285776457260299,4.51965258740285e-05,0.00287406699605091,5.8279299761918e-06,0.570460688197083,1.60357664754858,8.17277434158256e-06,2.54698552146176e-07,0.952,0.00477995815881269,0.952,0.00477995815881269,0.952,0.00477995815881269,0.048,0.00477995815881269,1,0,0,0.0112308738399077,2438.97309051754,2578.24084853802,7.13294260404663,2000,2000
9,4000,70,"boundary",16,"null","fixed","fixed","c50-h48",0,0.000191844307851372,0.000179341238648571,0.00802038401574435,0.000126845121240011,0.00794866896688591,1.09575700862808e-05,-0.894159789826188,1.5733358475566,6.43312007185825e-05,1.93580748757385e-06,0.948,0.00496467521596328,0.948,0.00496467521596328,0.9495,0.00489641450451246,0.052,0.00496467521596328,1,0,0,0.0310935096694802,1221.19885630661,1286.84239286197,6.75184032261865,2000,2000
10,8000,70,"boundary",16,"null","fixed","fixed","c50-h48",0,1.16728383889665e-07,8.94920536689583e-05,0.004002206308997,6.32962640561478e-05,0.0040342672832719,5.56702190193563e-06,0.801082497991867,1.60026053617066,1.6009646525731e-05,5.03544292226964e-07,0.948,0.00496467521596328,0.948,0.00496467521596328,0.948,0.00496467521596328,0.052,0.00496467521596328,1,0,0,0.0157591729593817,2440.6847065478,2579.06240424381,7.14041472216515,2000,2000
11,4000,140,"above",16,"null","fixed","fixed","c50-h48",0,0.000245996413205399,0.000245265052166491,0.0109685865829861,0.000173471954986099,0.0109235462509164,9.59930964026322e-06,-0.410630227778019,1.57746953528328,0.000120310250917959,3.75008373359485e-06,0.9485,0.00494205169944629,0.9485,0.00494205169944629,0.9475,0.00498717104178311,0.0515,0.00494205169944629,1,0,0,0.0427834515035199,1218.41076512319,1286.09952502759,6.73413786271154,2000,2000
12,8000,140,"above",16,"null","fixed","fixed","c50-h48",0,1.47220282006563e-05,0.000127559523323359,0.00570463530657001,9.02207619574639e-05,0.00562426961853953,5.24231089616642e-06,-1.40877871610681,1.56195956186766,3.2526809287089e-05,1.10381975281539e-06,0.943,0.00518415856238985,0.943,0.00518415856238985,0.9435,0.00516273909857936,0.057,0.00518415856238985,1,0,0,0.0220387685905583,2438.69879048245,2578.48626238009,7.14545200415615,2000,2000
19,4000,35,"below",16,"homogeneous","fixed","fixed","c50-h48",-0.00508314887755319,-6.64523513660634e-05,0.000123418953219478,0.0055194633822124,8.72922045281339e-05,0.00541156569062688,1.14834381366237e-05,-1.95485836418878,1.56451299970842,3.04536597045717e-05,9.57371890525698e-07,0.943,0.00518415856238985,0.943,0.00518415856238985,0.9425,0.00520546587732549,0.1595,0.0081871774745635,1,0,0,0.021150119318583,1220.73551709695,1284.48341282297,6.7895939636959,2000,2000
20,8000,35,"below",16,"homogeneous","fixed","fixed","c50-h48",-0.00255776615093107,-1.6909913715351e-05,6.12445213359434e-05,0.00273893825913211,4.33172470129255e-05,0.00272432054800268,5.91147473113985e-06,-0.533699913851482,1.58783075188374,7.49831784112585e-06,2.28226905316457e-07,0.9505,0.0048502448391808,0.9505,0.0048502448391808,0.9505,0.0048502448391808,0.152,0.00802795117075334,1,0,0,0.0106055183262264,2441.22081413618,2577.78927437984,7.0844603301721,2000,2000
21,4000,70,"boundary",16,"homogeneous","fixed","fixed","c50-h48",-0.0100278863987146,-0.000193191846040256,0.000169684202306745,0.00758850822131415,0.000120014857577126,0.00754010599734022,1.07115102225821e-05,-0.637835824411181,1.57777349233514,5.75939873858164e-05,1.8924635470987e-06,0.9455,0.00507591124823908,0.9455,0.00507591124823908,0.945,0.00509779364038993,0.2725,0.00995599693652022,1,0,0,0.0295110282215285,1220.66162355749,1290.91592907701,6.70717056498184,2000,2000
22,8000,70,"boundary",16,"homogeneous","fixed","fixed","c50-h48",-0.00507910479174905,-9.72763360306566e-07,8.67873234801045e-05,0.00388124709773555,6.13832526856902e-05,0.00381664509732686,5.74172020167102e-06,-1.66446502327514,1.56223027842894,1.50565479404323e-05,4.83759093148326e-07,0.9405,0.00528960064655168,0.9405,0.00528960064655168,0.9405,0.00528960064655168,0.254,0.00973355022589394,1,0,0,0.0148967787480016,2442.09926307799,2578.26060748009,7.09415206504332,2000,2000
23,4000,140,"above",16,"homogeneous","fixed","fixed","c50-h48",-0.0195410118622658,0.000223961297613224,0.000234918767758922,0.0105058866779887,0.000166154197453302,0.0103692801881827,9.5900723009096e-06,-1.30028520193536,1.56363656152899,0.000110368626726124,3.60900181560356e-06,0.9505,0.0048502448391808,0.9505,0.0048502448391808,0.949,0.00491929873051028,0.452,0.0111287016313674,1,0,0,0.0406431293322296,1220.48832238005,1287.54900148237,6.73524327482367,2000,2000
24,8000,140,"above",16,"homogeneous","fixed","fixed","c50-h48",-0.0100383942550164,-9.83806074446134e-05,0.00011695474986628,0.00523037541984975,8.27201793529137e-05,0.00533100917199028,5.45407178233488e-06,1.92402541046313,1.61533266467999,2.73528273629733e-05,8.61599259638261e-07,0.9575,0.00451075104611194,0.9575,0.00451075104611194,0.9575,0.00451075104611194,0.478,0.0111695120752878,1,0,0,0.0208772008341789,2440.74313881161,2577.72462383131,7.13468811751939,2000,2000
31,4000,35,"below",16,"heterogeneous","fixed","fixed","c50-h48",-0.00218127580333215,1.74582291002309e-06,0.000124479086100863,0.00556687396597159,8.80420191546144e-05,0.00554465712511542,1.10158839299147e-05,-0.399090063687135,1.58760308808615,3.09745937580334e-05,1.00053827528828e-06,0.942,0.00522666241496426,0.942,0.00522666241496426,0.942,0.00522666241496426,0.069,0.00566740681440816,1,0,0,0.0216460886166218,1220.56546581308,1287.79125710925,6.74703316415142,2000,2000
32,8000,35,"below",16,"heterogeneous","fixed","fixed","c50-h48",-0.0010904554578851,-6.01952436902675e-05,6.121621705623e-05,0.00273767245326224,4.32972278593894e-05,0.0027898766494903,5.63966050178365e-06,1.90688247477682,1.62480422862405,7.49472650348318e-06,2.482019842866e-07,0.951,0.00482695556225661,0.951,0.00482695556225661,0.951,0.00482695556225661,0.057,0.00518415856238985,1,0,0,0.0108803517195642,2440.52821092897,2578.8734921858,7.14161124387018,2000,2000
33,4000,70,"boundary",16,"heterogeneous","fixed","fixed","c50-h48",-0.00436311119525586,-2.02952754212076e-05,0.000174909413581232,0.00782218677344521,0.00012371056394456,0.0077395712716941,1.10161655338353e-05,-1.05616887123651,1.57115515264626,6.11564245139062e-05,1.96074117181011e-06,0.9435,0.00516273909857936,0.9435,0.00516273909857936,0.9435,0.00516273909857936,0.084,0.00620258010830977,1,0,0,0.0302710269255347,1219.09759539205,1287.49970521041,6.69041648772527,2000,2000
34,8000,70,"boundary",16,"heterogeneous","fixed","fixed","c50-h48",-0.00218246078384116,-3.04166303249035e-05,8.75610451455667e-05,0.0039158489825283,6.19304933493609e-05,0.00391723470195254,5.64825008695631e-06,0.0353874582604385,1.58865559250998,1.53271314887413e-05,4.70555275549745e-07,0.9465,0.00503178646208283,0.9465,0.00503178646208283,0.9465,0.00503178646208283,0.0745,0.00587153089066216,1,0,0,0.0153231288292808,2440.41634215675,2573.47466394222,7.11994614557502,2000,2000
35,4000,140,"above",16,"heterogeneous","fixed","fixed","c50-h48",-0.00869328767037585,-9.13693308784357e-05,0.000235694210929195,0.0105405655508171,0.000166702655709134,0.0106228741039791,9.54482379457027e-06,0.78087416434347,1.59645428124234,0.000111056318724631,3.29398826379795e-06,0.9555,0.00461084319837489,0.9555,0.00461084319837489,0.955,0.00463546114210873,0.125,0.00739509972887452,1,0,0,0.0416349579650438,1219.65742928372,1287.65664790223,6.72420320878683,2000,2000
36,8000,140,"above",16,"heterogeneous","fixed","fixed","c50-h48",-0.0043623763841553,4.57021419888066e-05,0.000119974309833927,0.00536541424684564,8.48558646703221e-05,0.00546042819023089,5.23860528750739e-06,1.77085941576858,1.61249966304121,2.87753648910164e-05,9.15525422703191e-07,0.9505,0.0048502448391808,0.9505,0.0048502448391808,0.9515,0.00480352734977121,0.115,0.00713354750457302,1,0,0,0.021390789553506,2439.55820777647,2575.77907869108,7.11713535757479,2000,2000
1,4000,35,"below",4,"null","fixed","fixed","c50-h60",0,-5.58542061118275e-05,0.000145100829105138,0.00648910634941338,0.000102627440284014,0.00634088385111842,1.08021061246643e-05,-2.28417428092175,1.55434888886093,4.20905666557305e-05,1.36981566562576e-06,0.94,0.0053103672189407,0.94,0.0053103672189407,0.9395,0.0053310294503032,0.06,0.0053103672189407,1,0,0,0.0247059180660375,1220.06302688117,1288.09276841965,6.734953524203,2000,2000
2,8000,35,"below",4,"null","fixed","fixed","c50-h60",0,1.99029298775597e-05,7.10431135510033e-05,0.0031771446246656,5.02476308268582e-05,0.00320491116932255,5.58016743232263e-06,0.873946512896873,1.60499482507269,1.00895969686762e-05,3.04256780181551e-07,0.9485,0.00494205169944629,0.9485,0.00494205169944629,0.948,0.00496467521596328,0.0515,0.00494205169944629,1,0,0,0.0124845057967991,2443.59500513941,2574.19276007269,7.11675278126326,2000,2000
3,4000,70,"boundary",4,"null","fixed","fixed","c50-h60",0,6.97748654997501e-05,0.000197997457507024,0.00885471548715664,0.0001400403593281,0.00880386581584472,1.02671837492743e-05,-0.574266574523841,1.57672134242341,7.8371651897168e-05,2.52322274808133e-06,0.952,0.00477995815881269,0.952,0.00477995815881269,0.952,0.00477995815881269,0.048,0.00477995815881269,1,0,0,0.0344810273481904,1218.36216745892,1288.32287076987,6.75979768060573,2000,2000
4,8000,70,"boundary",4,"null","fixed","fixed","c50-h60",0,-4.71786316355293e-05,0.00010246730415552,0.00458247715125778,7.24734462451955e-05,0.00448659638212298,5.43118579774194e-06,-2.09233490904563,1.55297254477131,2.09908231166617e-05,6.7274870618105e-07,0.949,0.00491929873051028,0.949,0.00491929873051028,0.9475,0.00498717104178311,0.051,0.00491929873051027,1,0,0,0.0175351560135904,2438.82130819639,2575.62499561672,7.11197149391067,2000,2000
5,4000,140,"above",4,"null","fixed","fixed","c50-h60",0,-6.02251551990378e-05,0.000277811439830002,0.0124241052877395,0.000196491482007389,0.0119762209203565,9.24217164575252e-06,-3.60496274790105,1.52633437071205,0.000154284840074056,5.03518040334955e-06,0.94,0.0053103672189407,0.94,0.0053103672189407,0.941,0.00526872849936301,0.06,0.0053103672189407,1,0,0,0.0468979629224944,1219.88989628219,1286.69371163056,6.73427315312749,2000,2000
6,8000,140,"above",4,"null","fixed","fixed","c50-h60",0,-0.000159895173715297,0.000136976491375388,0.00612577492069563,9.68812292502857e-05,0.00623156076176325,5.25855697391129e-06,1.72689728952042,1.61113427231665,3.75319222864114e-05,1.20199005715131e-06,0.9495,0.00489641450451246,0.9495,0.00489641450451246,0.9505,0.0048502448391808,0.0505,0.00489641450451246,1,0,0,0.0244152431626581,2441.34120993465,2576.20745334714,7.0932023236844,2000,2000
7,4000,35,"below",16,"null","fixed","fixed","c50-h60",0,0.000258585195302901,0.000142317438477904,0.00636462933640473,0.000100658793673617,0.00634869917449572,1.08645483142464e-05,-0.25029206049586,1.58678435752583,4.05551186397588e-05,1.24914100524779e-06,0.9445,0.00511955808639769,0.9445,0.00511955808639769,0.9445,0.00511955808639769,0.0555,0.00511955808639769,1,0,0,0.0248122159748821,1220.25453731351,1285.60692150592,6.74213233328808,2000,2000
8,8000,35,"below",16,"null","fixed","fixed","c50-h60",0,-7.5899187482874e-05,7.11263560803832e-05,0.00318086734375185,5.03065069047257e-05,0.00320698159366701,5.91911781160739e-06,0.820978905846426,1.60533994156673,1.01186187866782e-05,3.22412372012774e-07,0.954,0.00468422885862764,0.954,0.00468422885862764,0.9545,0.00465992220965114,0.046,0.00468422885862764,1,0,0,0.0125248760464712,2438.97309051754,2578.24084853802,7.13294260404663,2000,2000
9,4000,70,"boundary",16,"null","fixed","fixed","c50-h60",0,0.000189050124333401,0.00020167152645667,0.00901902484566521,0.000142638968130368,0.00880071902898795,1.0648503271149e-05,-2.42050355124794,1.54776296402305,8.13378777116534e-05,2.54379184617844e-06,0.9455,0.00507591124823908,0.9455,0.00507591124823908,0.9465,0.00503178646208283,0.0545,0.00507591124823908,1,0,0,0.0345091964247064,1221.19885630661,1286.84239286197,6.75184032261865,2000,2000
10,8000,70,"boundary",16,"null","fixed","fixed","c50-h60",0,-5.55281383717162e-05,9.76457088028282e-05,0.00436684885188547,6.90632108097143e-05,0.00449428312314565,5.50794469378791e-06,2.91822033650544,1.63256659877731,1.90629175849169e-05,5.94491685862294e-07,0.956,0.00458606585212206,0.956,0.00458606585212206,0.9545,0.00465992220965114,0.044,0.00458606585212206,1,0,0,0.0175528004113501,2440.6847065478,2579.06240424381,7.14041472216515,2000,2000
11,4000,140,"above",16,"null","fixed","fixed","c50-h60",0,0.000322305683699681,0.000269449552935695,0.0120501503374229,0.000190577256339627,0.0119763924825447,9.30464642936232e-06,-0.61209074420483,1.57374928195854,0.00014523740104666,4.4306239751853e-06,0.9485,0.00494205169944629,0.9485,0.00494205169944629,0.946,0.00505390937789747,0.0515,0.00494205169944629,1,0,0,0.0468916055925394,1218.41076512319,1286.09952502759,6.73413786271154,2000,2000
12,8000,140,"above",16,"null","fixed","fixed","c50-h60",0,-0.000145505407516022,0.000141776211261719,0.00634042491947151,0.000100275992526638,0.00622416213160601,5.09612307681014e-06,-1.83367501929499,1.55461319249858,4.0202059488992e-05,1.37220502815922e-06,0.943,0.00518415856238985,0.943,0.00518415856238985,0.9435,0.00516273909857936,0.057,0.00518415856238985,1,0,0,0.0243960968798067,2438.69879048245,2578.48626238009,7.14545200415615,2000,2000
13,4000,35,"below",4,"homogeneous","fixed","fixed","c50-h60",-0.00631626100881624,0.000171276086744404,0.000134180739604054,0.00600074510051724,9.49038398050906e-05,0.00599133132626471,1.10079127963276e-05,-0.156876756050195,1.58967296807378,3.60202727883915e-05,1.16320375323641e-06,0.951,0.00482695556225661,0.951,0.00482695556225661,0.9505,0.0048502448391808,0.165,0.00829984939622401,1,0,0,0.0233722949049769,1219.40040657993,1288.98740362254,6.72944693306514,2000,2000
14,8000,35,"below",4,"homogeneous","fixed","fixed","c50-h60",-0.003187732340626,7.25819284424527e-05,6.97739977836761e-05,0.00312038804212439,4.93500060274127e-05,0.00302887200731673,5.81706298203549e-06,-2.93284147907938,1.54642798114124,9.73722125900257e-06,3.19147383278358e-07,0.9365,0.005452877680638,0.9365,0.005452877680638,0.9355,0.00549271107923947,0.1765,0.00852489736008593,1,0,0,0.0118101786342107,2439.11913306909,2577.2476554433,7.081344849809,2000,2000
15,4000,70,"boundary",4,"homogeneous","fixed","fixed","c50-h60",-0.0123862710794518,-0.000246506911925606,0.000185047773509644,0.00827558801305098,0.000130881259898178,0.00834628091351149,1.05708375232879e-05,0.854234168605594,1.60015077340056,6.85118799408992e-05,2.12197669880558e-06,0.9585,0.00445969449626317,0.9585,0.00445969449626317,0.958,0.00448530935387962,0.3365,0.0105656933042749,1,0,0,0.0326068716619262,1221.03874774859,1289.36704868784,6.69334692389133,2000,2000
16,8000,70,"boundary",4,"homogeneous","fixed","fixed","c50-h60",-0.00631126331725979,-0.000134127173867046,9.35963591480242e-05,0.00418575643002933,6.61991721102085e-05,0.00426083655297293,5.55970225886801e-06,1.79370501362586,1.61537233670812,1.75297867118556e-05,5.63356766281538e-07,0.9535,0.00470838348055891,0.9535,0.00470838348055891,0.953,0.00473238840333293,0.3335,0.0105422424085201,1,0,0,0.0166670613823659,2441.23910969774,2577.03371595574,7.10675327701792,2000,2000
17,4000,140,"above",4,"homogeneous","fixed","fixed","c50-h60",-0.0238454906665659,0.000174886894997082,0.000253094682450122,0.0113187382940439,0.000179009724269257,0.0113857378499279,9.12947637144537e-06,0.591934844179698,1.59293927656428,0.000128080365076813,3.97138723242185e-06,0.948,0.00496467521596328,0.948,0.00496467521596328,0.948,0.00496467521596328,0.5705,0.0110686437741938,1,0,0,0.0445930209022227,1220.16700501489,1286.81560483853,6.69753974814294,2000,2000
18,8000,140,"above",4,"homogeneous","fixed","fixed","c50-h60",-0.0123989470369226,-0.000111755351986516,0.000132299001779214,0.00591659122667374,9.35729174565421e-05,0.0059004464389831,5.25886710005289e-06,-0.272873130356821,1.57972118601904,3.50010379763786e-05,1.13703158333016e-06,0.946,0.00505390937789747,0.946,0.00505390937789747,0.948,0.00496467521596328,0.564,0.0110883722881224,1,0,0,0.0231384414182048,2440.52593381428,2576.6503185635,7.1149044823754,2000,2000
19,4000,35,"below",16,"homogeneous","fixed","fixed","c50-h60",-0.00631626100881624,-8.55673296686934e-05,0.000137280381554174,0.00613936530264483,9.70961657972965e-05,0.006019794563607,1.12263133078091e-05,-1.94760749920393,1.56147600321914,3.76802821840663e-05,1.19667626687269e-06,0.9515,0.00480352734977121,0.9515,0.00480352734977121,0.95,0.00487339717240448,0.1815,0.0086185193043817,1,0,0,0.023488259468563,1220.73551709695,1284.48341282297,6.7895939636959,2000,2000
20,8000,35,"below",16,"homogeneous","fixed","fixed","c50-h60",-0.003187732340626,4.77787127329321e-07,7.05533292848562e-05,0.0031552408063973,4.99012144360212e-05,0.00303769700526072,5.97344642368376e-06,-3.72535119659505,1.5343410891575,9.95056700236203e-06,3.04335643499251e-07,0.937,0.00543281694887652,0.937,0.00543281694887652,0.937,0.00543281694887652,0.177,0.00853437168161781,1,0,0,0.0118268489221144,2441.22081413618,2577.78927437984,7.0844603301721,2000,2000
21,4000,70,"boundary",16,"homogeneous","fixed","fixed","c50-h60",-0.0123862710794518,-8.07732660635312e-05,0.00018882132077178,0.00844434617693987,0.000133550228081835,0.00834522312056757,1.03656757023608e-05,-1.17383932746609,1.56778257669334,7.12778531853317e-05,2.34014801383713e-06,0.9435,0.00516273909857936,0.9435,0.00516273909857936,0.9425,0.00520546587732549,0.304,0.0102855238077601,1,0,0,0.032644540513251,1220.66162355749,1290.91592907701,6.70717056498184,2000,2000
22,8000,70,"boundary",16,"homogeneous","fixed","fixed","c50-h60",-0.00631126331725979,-5.97047091276669e-05,9.59123738168288e-05,0.00428933175475601,6.78372513588627e-05,0.00424632710921428,5.69945747957228e-06,-1.00259546242933,1.57130614920479,1.83927323711991e-05,6.07231770017158e-07,0.947,0.0050095408971282,0.947,0.0050095408971282,0.9465,0.00503178646208283,0.3125,0.0103644524698606,1,0,0,0.0165925357426031,2442.09926307799,2578.26060748009,7.09415206504332,2000,2000
23,4000,140,"above",16,"homogeneous","fixed","fixed","c50-h60",-0.0238454906665659,0.000160179207004077,0.000257224065108206,0.0115034099006156,0.000181930369001379,0.0113885692675905,9.13599785627705e-06,-0.998318185801073,1.56775844830156,0.000132287932500267,4.18808581630966e-06,0.951,0.00482695556225661,0.951,0.00482695556225661,0.951,0.00482695556225661,0.538,0.0111480043057042,1,0,0,0.0446292583025183,1220.48832238005,1287.54900148237,6.73524327482367,2000,2000
24,8000,140,"above",16,"homogeneous","fixed","fixed","c50-h60",-0.0123989470369226,-9.35289298982642e-05,0.000129292479230278,0.00578213545076764,9.14464532918899e-05,0.00590459414337548,5.32894687560659e-06,2.11788004017763,1.61765676162667,3.34251214865663e-05,1.02652454068655e-06,0.955,0.00463546114210873,0.955,0.00463546114210873,0.956,0.00458606585212206,0.556,0.011109995499549,1,0,0,0.0231484178594446,2440.74313881161,2577.72462383131,7.13468811751939,2000,2000
25,4000,35,"below",4,"heterogeneous","fixed","fixed","c50-h60",-0.00271839521653531,-4.01394572452282e-05,0.000137716432835729,0.00615886610878949,9.7404577728052e-05,0.00616509988842386,1.11160170178893e-05,0.101216352559974,1.59339024453459,3.79142771061507e-05,1.2296854745071e-06,0.9465,0.00503178646208283,0.9465,0.00503178646208283,0.946,0.00505390937789747,0.0665,0.00557125434709276,1,0,0,0.0241220725481936,1219.95178131597,1288.88371671362,6.75519381250717,2000,2000
26,8000,35,"below",4,"heterogeneous","fixed","fixed","c50-h60",-0.00136105174522416,-2.34685235606605e-05,7.02014520715659e-05,0.0031395043790243,4.96523374453316e-05,0.00311372031432432,5.69672547668241e-06,-0.821278188756291,1.5790060419661,9.85211027363792e-06,3.19165673438241e-07,0.9445,0.00511955808639769,0.9445,0.00511955808639769,0.944,0.00514120608417908,0.071,0.00574277807337181,1,0,0,0.0121355776160352,2438.9809903123,2577.41605553249,7.15511174167033,2000,2000
27,4000,70,"boundary",4,"heterogeneous","fixed","fixed","c50-h60",-0.00542006073290865,3.51386760486218e-06,0.00019252682620782,0.00861006141785949,0.000136171071396133,0.00856587918912833,1.04939442879379e-05,-0.513146499042505,1.57813214481487,7.40961033877683e-05,2.4181376363286e-06,0.952,0.00477995815881269,0.952,0.00477995815881269,0.952,0.00477995815881269,0.0935,0.00650990591329859,1,0,0,0.033540969117895,1220.22388097052,1287.63735037336,6.7563845574709,2000,2000
28,8000,70,"boundary",4,"heterogeneous","fixed","fixed","c50-h60",-0.00271986782048699,1.71771326208659e-06,9.63452721871652e-05,0.00430869155842442,6.81434332871448e-05,0.00436430332966358,5.50076899096283e-06,1.29068814708775,1.60702607547572,1.85555434847039e-05,5.89915622763175e-07,0.953,0.00473238840333293,0.953,0.00473238840333293,0.953,0.00473238840333293,0.084,0.00620258010830977,1,0,0,0.0170510547312363,2439.41318412282,2575.99471333465,7.1501635497046,2000,2000
29,4000,140,"above",4,"heterogeneous","fixed","fixed","c50-h60",-0.0107256351240857,0.000126796838504133,0.000260467571123888,0.0116484638993455,0.000184224447691267,0.0116387050313344,9.18930334157427e-06,-0.0837781538874038,1.58217722766959,0.000135634945297002,4.24292606192767e-06,0.948,0.00496467521596328,0.948,0.00496467521596328,0.9475,0.00498717104178311,0.1435,0.00783925219647895,1,0,0,0.0455473756192997,1220.36428799723,1287.13333149904,6.73869025213334,2000,2000
30,8000,140,"above",4,"heterogeneous","fixed","fixed","c50-h60",-0.00541922936186798,-9.24224633754193e-05,0.000132946104452707,0.0059455305380008,9.40306025806804e-05,0.00605120121094857,5.22013088336088e-06,1.77731276077684,1.61203583425331,3.53402006233473e-05,1.12130379597338e-06,0.9545,0.00465992220965114,0.9545,0.00465992220965114,0.9555,0.00461084319837489,0.1425,0.00781644900194455,1,0,0,0.0237204634666155,2442.6807577638,2578.18674380824,7.13851639816312,2000,2000
31,4000,35,"below",16,"heterogeneous","fixed","fixed","c50-h60",-0.00271839521653531,0.000106922191306071,0.000136442420055024,0.0061018905251523,9.65034893512372e-05,0.00616086553094531,1.07178932442594e-05,0.966503832704158,1.60645140524028,3.72258838019467e-05,1.19703025592082e-06,0.951,0.00482695556225661,0.951,0.00482695556225661,0.951,0.00482695556225661,0.067,0.00559066185706129,1,0,0,0.024059729652523,1220.56546581308,1287.79125710925,6.74703316415142,2000,2000
32,8000,35,"below",16,"heterogeneous","fixed","fixed","c50-h60",-0.00136105174522416,-0.000102062803885612,6.86245340626287e-05,0.00306898246176575,4.85370091609031e-05,0.00310940511619085,5.5982811949497e-06,1.31713540004528,1.61271493549859,9.42436083988746e-06,3.07267356203291e-07,0.9515,0.00480352734977121,0.9515,0.00480352734977121,0.951,0.00482695556225661,0.0655,0.00553216729681958,1,0,0,0.0121426689073109,2440.52821092897,2578.8734921858,7.14161124387018,2000,2000
33,4000,70,"boundary",16,"heterogeneous","fixed","fixed","c50-h60",-0.00542006073290865,5.46005160752095e-06,0.000194004003073024,0.00867612277556719,0.000137215854402939,0.00857316079958996,1.08724309739303e-05,-1.18672797331982,1.5677820316456,7.52374986756707e-05,2.45525337381796e-06,0.9465,0.00503178646208283,0.9465,0.00503178646208283,0.9465,0.00503178646208283,0.094,0.00652548848746207,1,0,0,0.0335866866886705,1219.09759539205,1287.49970521041,6.69041648772527,2000,2000
34,8000,70,"boundary",16,"heterogeneous","fixed","fixed","c50-h60",-0.00271986782048699,-2.46336026031519e-05,9.55015408311978e-05,0.0042709587450906,6.75466759158444e-05,0.00435757653124997,5.58122104664125e-06,2.02806421998183,1.61889165358201,1.8232574872342e-05,5.53148501078089e-07,0.952,0.00477995815881269,0.952,0.00477995815881269,0.9525,0.00475624589355933,0.084,0.00620258010830977,1,0,0,0.0170534265228295,2440.41634215675,2573.47466394222,7.11994614557502,2000,2000
35,4000,140,"above",16,"heterogeneous","fixed","fixed","c50-h60",-0.0107256351240857,-0.000388450710458093,0.000260215913914346,0.0116372094467942,0.000184046454668046,0.0116510858501085,9.10691159384042e-06,0.119241673682202,1.58535276197616,0.000135507825341158,4.19369733086898e-06,0.953,0.00473238840333293,0.953,0.00473238840333293,0.953,0.00473238840333293,0.157,0.00813483251210497,1,0,0,0.0456981474194704,1219.65742928372,1287.65664790223,6.72420320878683,2000,2000
36,8000,140,"above",16,"heterogeneous","fixed","fixed","c50-h60",-0.00541922936186798,0.000150877940008758,0.00013519958796041,0.00604630938418878,9.56244545630853e-05,0.00604643294146912,5.13621258408439e-06,0.00204351568033889,1.58384626723164,3.65623423935259e-05,1.2021232864104e-06,0.9485,0.00494205169944629,0.9485,0.00494205169944629,0.9485,0.00494205169944629,0.132,0.00756888366933988,1,0,0,0.0236759320271026,2439.55820777647,2575.77907869108,7.11713535757479,2000,2000
7,4000,35,"below",16,"null","fixed","fixed","c55-h24",0,7.86817374540097e-05,0.000115886385453224,0.00518259671080303,8.19645426988799e-05,0.00513508469249017,1.60464006274732e-05,-0.916760862635146,1.59733056936174,2.68520698283017e-05,8.53345501977531e-07,0.9505,0.0048502448391808,0.9505,0.0048502448391808,0.9505,0.0048502448391808,0.0495,0.0048502448391808,1,0,0,0.0199505801654115,970.422309596858,842.868381089945,6.48002318618962,2000,2000
8,8000,35,"below",16,"null","fixed","fixed","c55-h24",0,-3.44317364930204e-05,5.84796701665938e-05,0.0026152903558854,4.13617130574923e-05,0.00258844151699401,8.13688076038686e-06,-1.02661025117071,1.59591923651259,6.83750931824234e-06,2.19738498311203e-07,0.947,0.0050095408971282,0.947,0.0050095408971282,0.946,0.00505390937789747,0.053,0.0050095408971282,1,0,0,0.0100098527550655,1939.95536434803,1690.41692906535,6.85940928412387,2000,2000
9,4000,70,"boundary",16,"null","fixed","fixed","c55-h24",0,2.17980969823082e-05,0.000161940518826311,0.00724220016814434,0.000114537877060421,0.00724352419330011,1.63492026729071e-05,0.018282084519039,1.59785103580945,5.24237137008641e-05,1.63645836893707e-06,0.95,0.00487339717240448,0.95,0.00487339717240448,0.9495,0.00489641450451246,0.05,0.00487339717240448,1,0,0,0.0283390181213987,971.353197608161,845.582848636552,6.46567848681818,2000,2000
10,8000,70,"boundary",16,"null","fixed","fixed","c55-h24",0,-4.77935771893353e-05,8.20292306717566e-05,0.00366845871848117,5.80179315599184e-05,0.00366062332756648,7.98965118400181e-06,-0.213588090148353,1.59311366135145,1.34531448005365e-05,4.20397101505849e-07,0.955,0.00463546114210873,0.955,0.00463546114210873,0.955,0.00463546114210873,0.045,0.00463546114210873,1,0,0,0.0142423019606689,1942.28027202407,1691.51842807572,6.89189103143912,2000,2000
11,4000,140,"above",16,"null","fixed","fixed","c55-h24",0,0.000101539325750435,0.000230144396698085,0.0102923703131519,0.000162777362986114,0.0101292327339058,1.47893586264437e-05,-1.58503410081968,1.56308515156078,0.000105890230454393,3.39667010393439e-06,0.9465,0.00503178646208283,0.9465,0.00503178646208283,0.945,0.00509779364038993,0.0535,0.00503178646208283,1,0,0,0.0396245538137814,969.282508360708,843.38037325819,6.42361615736812,2000,2000
12,8000,140,"above",16,"null","fixed","fixed","c55-h24",0,2.958845484561e-05,0.000118583951356366,0.00530323552546724,8.38724868873744e-05,0.00512767472955028,8.21845399359918e-06,-3.31044689744361,1.53701089415296,2.81111203617187e-05,8.99767201175682e-07,0.9345,0.00553216729681958,0.9345,0.00553216729681958,0.935,0.00551248582764618,0.0655,0.00553216729681958,1,0,0,0.0200345140086996,1940.37087844178,1692.38210313916,6.86964822273422,2000,2000
19,4000,35,"below",16,"homogeneous","fixed","fixed","c55-h24",-0.00291091028418689,-0.000138097118906024,0.000108725955651819,0.0048623725551219,7.69000879581074e-05,0.00491995687982951,1.7352579340362e-05,1.18428450421693,1.63957459704278,2.36499163456205e-05,7.9931272055838e-07,0.947,0.0050095408971282,0.947,0.0050095408971282,0.947,0.0050095408971282,0.073,0.00581682903307292,1,0,0,0.0189703994039414,971.602202536915,842.548800189509,6.48130638612389,2000,2000
20,8000,35,"below",16,"homogeneous","fixed","fixed","c55-h24",-0.00145716798948545,-6.93065809958481e-05,5.42574488307682e-05,0.00242646687742628,3.83754050489119e-05,0.00247061667675314,8.50482004194195e-06,1.81950966393083,1.64801440723241,5.88960103866258e-06,1.85807474950105e-07,0.9545,0.00465992220965114,0.9545,0.00465992220965114,0.9545,0.00465992220965114,0.0735,0.00583514138646186,1,0,0,0.00955950544557961,1940.72346906463,1690.09632208905,6.83636122315661,2000,2000
21,4000,70,"boundary",16,"homogeneous","fixed","fixed","c55-h24",-0.00580566245975624,-0.000187186516597015,0.000154319511692039,0.00690137836795947,0.000109147663514434,0.00690721328044418,1.59510582206527e-05,0.0845470596395614,1.59965693326252,4.76402476580458e-05,1.46636391671773e-06,0.952,0.00477995815881269,0.952,0.00477995815881269,0.9505,0.0048502448391808,0.1255,0.00740775775791838,1,0,0,0.0268937170076958,970.179509748158,846.591995944779,6.40035852050684,2000,2000
22,8000,70,"boundary",16,"homogeneous","fixed","fixed","c55-h24",-0.00290899147364802,-2.20689696500415e-06,7.7348245905833e-05,0.00345911871571625,5.47071476898475e-05,0.00346332524703122,8.50230045703257e-06,0.121607023657799,1.60242077031339,1.19595244086679e-05,3.86646956237152e-07,0.948,0.00496467521596328,0.948,0.00496467521596328,0.948,0.00496467521596328,0.114,0.00710647591989166,1,0,0,0.0134667293262173,1941.28134246569,1691.94028707859,6.84626381758368,2000,2000
23,4000,140,"above",16,"homogeneous","fixed","fixed","c55-h24",-0.0115743749179512,-0.000104512075430246,0.000217633277532272,0.00973285605456475,0.00015392845327971,0.00964396009655095,1.51920331203576e-05,-0.913359424154947,1.57484367972102,9.4692045509299e-05,3.03937791367272e-06,0.947,0.0050095408971282,0.947,0.0050095408971282,0.947,0.0050095408971282,0.2125,0.00914723318823785,1,0,0,0.0377329600415255,971.09935636422,844.397184278283,6.39476042426323,2000,2000
24,8000,140,"above",16,"homogeneous","fixed","fixed","c55-h24",-0.00581336708959641,-0.000230281427100673,0.000106789130734697,0.00477575511161789,7.55302034112829e-05,0.0048777111639806,8.37640610763342e-06,2.13486768018489,1.62479247337399,2.28494625033688e-05,7.76653082956641e-07,0.953,0.00473238840333293,0.953,0.00473238840333293,0.952,0.00477995815881269,0.2105,0.00911563903409958,1,0,0,0.0190187819433459,1942.30301374067,1689.70148930362,6.87775540512039,2000,2000
31,4000,35,"below",16,"heterogeneous","fixed","fixed","c55-h24",-0.000728276049954213,0.000138837012269434,0.000113803779070974,0.00508945972198132,8.04915493090587e-05,0.0050578657899323,1.62484962347361e-05,-0.620771825987076,1.60381371301747,2.59089246775152e-05,8.48512585471812e-07,0.9455,0.00507591124823908,0.9455,0.00507591124823908,0.9475,0.00498717104178311,0.0515,0.00494205169944629,1,0,0,0.0195816382388921,970.454541751152,843.845698212719,6.4126044613638,2000,2000
32,8000,35,"below",16,"heterogeneous","fixed","fixed","c55-h24",-0.000362345128848785,-9.13634422860731e-05,5.64656881230446e-05,0.0025252223407886,3.99372565386555e-05,0.00254248468093108,8.16353804207584e-06,0.683596840707801,1.62483057265746,6.38190677506903e-06,1.98887881823713e-07,0.959,0.00443390347211123,0.959,0.00443390347211123,0.957,0.00453602248671675,0.0415,0.00445969449626317,1,0,0,0.00984425379570929,1941.90222091032,1690.37282399262,6.86189584882668,2000,2000
33,4000,70,"boundary",16,"heterogeneous","fixed","fixed","c55-h24",-0.00147190878109311,-2.76577604737399e-05,0.000162112203754495,0.00724987815154697,0.000114659306998648,0.00714058991768219,1.61550838041943e-05,-1.50744925059824,1.57355113042277,5.25352177973864e-05,1.71104387706799e-06,0.9465,0.00503178646208283,0.9465,0.00503178646208283,0.947,0.0050095408971282,0.0525,0.00498717104178311,1,0,0,0.0277973691491247,969.159105334237,844.966054272628,6.41163417696111,2000,2000
34,8000,70,"boundary",16,"heterogeneous","fixed","fixed","c55-h24",-0.000727745720150384,-0.000130490532260917,7.97733841199304e-05,0.00356757419374733,5.6422408235102e-05,0.0035901516883179,8.36312629471505e-06,0.63285283905643,1.60871447331359,1.27382496140877e-05,3.80629130968215e-07,0.9565,0.00456112650559048,0.9565,0.00456112650559048,0.955,0.00463546114210873,0.042,0.00448530935387962,1,0,0,0.0140260104629478,1941.95983579504,1689.81962519651,6.83049845180474,2000,2000
35,4000,140,"above",16,"heterogeneous","fixed","fixed","c55-h24",-0.00297381910149432,-9.79316819121222e-05,0.000220318414992446,0.00985293905236238,0.00015582760703402,0.00997725233359311,1.51424704088062e-05,1.26168730538245,1.60884546534889,9.70414583799052e-05,2.85967662777125e-06,0.9535,0.00470838348055891,0.9535,0.00470838348055891,0.952,0.00477995815881269,0.0465,0.00470838348055891,1,0,0,0.0390456995673103,970.879729092786,843.691688870063,6.42538721681845,2000,2000
36,8000,140,"above",16,"heterogeneous","fixed","fixed","c55-h24",-0.00146947871766352,0.000205476863230945,0.000114626027019131,0.00512623176811008,8.10731118178226e-05,0.0050384812813641,7.94943865228238e-06,-1.71179319850242,1.56217762606405,2.63073337556341e-05,8.21013132754514e-07,0.9425,0.00520546587732549,0.9425,0.00520546587732549,0.9435,0.00516273909857936,0.055,0.00509779364038993,1,0,0,0.019702870817456,1940.51936177324,1690.846957909,6.87026105359038,2000,2000
1,4000,35,"below",4,"null","fixed","fixed","c55-h36",0,0.000104121692048865,0.000144593382626558,0.00646641265299241,0.000102268531699556,0.00625807039635033,1.58797950098488e-05,-3.22191403212829,1.55015391288409,4.18044266792361e-05,1.40502995667142e-06,0.9295,0.00572406105837455,0.9295,0.00572406105837455,0.9315,0.00564835152942874,0.0705,0.00572406105837455,1,0,0,0.0242765654652409,970.530174425294,845.402966939564,6.46335922955147,2000,2000
2,8000,35,"below",4,"null","fixed","fixed","c55-h36",0,4.90688923761899e-05,7.10690374786507e-05,0.00317830397795486,5.02659663963581e-05,0.00315132327392586,8.20884349093014e-06,-0.848902566153109,1.58923622242011,1.00989731243946e-05,3.17174922636435e-07,0.95,0.00487339717240448,0.95,0.00487339717240448,0.9505,0.0048502448391808,0.05,0.00487339717240448,1,0,0,0.0122260020178812,1944.31786330431,1688.20761202723,6.8506003600107,2000,2000
3,4000,70,"boundary",4,"null","fixed","fixed","c55-h36",0,7.83336469106524e-05,0.000194463426657299,0.00869666882286531,0.000137540797180669,0.00878634307133686,1.53887387230491e-05,1.03113330285465,1.60761010755965,7.56003687505284e-05,2.37485157812399e-06,0.9485,0.00494205169944629,0.9485,0.00494205169944629,0.9485,0.00494205169944629,0.0515,0.00494205169944629,1,0,0,0.0343326790318196,968.774495948684,844.145505426222,6.42986911630093,2000,2000
4,8000,70,"boundary",4,"null","fixed","fixed","c55-h36",0,9.358447965331e-05,9.82238765151385e-05,0.0043927052980279,6.9472139364673e-05,0.00444552339788148,8.04608976381682e-06,1.20240481138796,1.61099769619575,1.92949699602367e-05,6.33098625401879e-07,0.953,0.00473238840333293,0.953,0.00473238840333293,0.9525,0.00475624589355933,0.047,0.00473238840333293,1,0,0,0.017354071355386,1941.3926540794,1689.45022765111,6.83062205977111,2000,2000
5,4000,140,"above",4,"null","fixed","fixed","c55-h36",0,-0.000184803158438382,0.00027428427353948,0.0122663656158685,0.00019399677505027,0.0121503604465795,1.38086470418671e-05,-0.945717524830214,1.57061692952352,0.000150422645766818,4.89149448753752e-06,0.9495,0.00489641450451246,0.9495,0.00489641450451246,0.949,0.00491929873051028,0.0505,0.00489641450451246,1,0,0,0.0475787700150926,970.080802425217,843.942517821598,6.4490543132848,2000,2000
6,8000,140,"above",4,"null","fixed","fixed","c55-h36",0,-0.000121386662680255,0.00014063431562498,0.0062893577941323,9.94683484422261e-05,0.00622013588849598,7.92113418069707e-06,-1.10061961653549,1.56919000145846,3.95509781737582e-05,1.27994944649737e-06,0.9465,0.00503178646208283,0.9465,0.00503178646208283,0.946,0.00505390937789747,0.0535,0.00503178646208283,1,0,0,0.0243340850274667,1943.07981177871,1690.14439114267,6.84563935884044,2000,2000
7,4000,35,"below",16,"null","fixed","fixed","c55-h36",0,0.000103582527708368,0.000142915592897869,0.00639137961528642,0.000101081858499602,0.00626562840573732,1.60309370902684e-05,-1.96751276122502,1.57057483934214,4.08400378600519e-05,1.28195994645078e-06,0.948,0.00496467521596328,0.948,0.00496467521596328,0.9495,0.00489641450451246,0.052,0.00496467521596328,1,0,0,0.0243833003679958,970.422309596858,842.868381089945,6.48002318618962,2000,2000
8,8000,35,"below",16,"null","fixed","fixed","c55-h36",0,-5.88010438814675e-05,7.15037879212408e-05,0.00319774660881245,5.05734582650161e-05,0.00316310391906928,8.29492924946758e-06,-1.08334693085774,1.58576091688178,1.0223928145246e-05,3.45834864672743e-07,0.9445,0.00511955808639769,0.9445,0.00511955808639769,0.9445,0.00511955808639769,0.0555,0.00511955808639769,1,0,0,0.0123191365073699,1939.95536434803,1690.41692906535,6.85940928412387,2000,2000
9,4000,70,"boundary",16,"null","fixed","fixed","c55-h36",0,0.000164639780633063,0.00019908825478004,0.00890349742419934,0.000140811862376627,0.00876793235046194,1.6155801635104e-05,-1.52260473922237,1.56798849835498,7.92597365068997e-05,2.47306646760709e-06,0.9425,0.00520546587732549,0.9425,0.00520546587732549,0.9445,0.00511955808639769,0.0575,0.00520546587732549,1,0,0,0.0342204977536825,971.353197608161,845.582848636552,6.46567848681818,2000,2000
10,8000,70,"boundary",16,"null","fixed","fixed","c55-h36",0,-7.4002220137127e-05,9.95191686431497e-05,0.00445063252300697,7.03882782753714e-05,0.0044477170300091,7.81082752310374e-06,-0.0655073853615074,1.59021215066998,1.98037021185052e-05,6.0745978063025e-07,0.9535,0.00470838348055891,0.9535,0.00470838348055891,0.954,0.00468422885862764,0.0465,0.00470838348055891,1,0,0,0.0173146604906191,1942.28027202407,1691.51842807572,6.89189103143912,2000,2000
11,4000,140,"above",16,"null","fixed","fixed","c55-h36",0,0.000276084242408096,0.000277032271374957,0.0123892598151115,0.000195940388918642,0.0121421870873947,1.41825322235824e-05,-1.9942493046708,1.55421601609041,0.000153493234395858,4.9291402443362e-06,0.942,0.00522666241496426,0.942,0.00522666241496426,0.942,0.00522666241496426,0.058,0.00522666241496426,1,0,0,0.0475571211132278,969.282508360708,843.38037325819,6.42361615736812,2000,2000
12,8000,140,"above",16,"null","fixed","fixed","c55-h36",0,-4.23779919061018e-05,0.000141972278553673,0.00634919331533097,0.000100414667711479,0.00621215067632142,7.8794908063602e-06,-2.15842599529367,1.55236657589717,4.02938955217637e-05,1.31166406197042e-06,0.9465,0.00503178646208283,0.9465,0.00503178646208283,0.9455,0.00507591124823908,0.0535,0.00503178646208283,1,0,0,0.0242807430166715,1940.37087844178,1692.38210313916,6.86964822273422,2000,2000
13,4000,35,"below",4,"homogeneous","fixed","fixed","c55-h36",-0.00433800919587855,-6.61536434882261e-05,0.000134914186820898,0.00603354585721269,9.54225950107803e-05,0.0059541165351724,1.64320841287151e-05,-1.31646172781352,1.58429798591766,3.63898500778296e-05,1.14768862988131e-06,0.95,0.00487339717240448,0.95,0.00487339717240448,0.9495,0.00489641450451246,0.1015,0.00675269390687894,1,0,0,0.0230198720272497,970.034500437906,845.567678777877,6.42443752583657,2000,2000
14,8000,35,"below",4,"homogeneous","fixed","fixed","c55-h36",-0.00217866816746455,6.76345754884543e-05,6.6655248703953e-05,0.00298091334318387,4.71441658753335e-05,0.00299581047480443,8.477995955578e-06,0.49975057660161,1.61468318736049,8.88597587319339e-06,2.88673884015092e-07,0.9455,0.00507591124823908,0.9455,0.00507591124823908,0.948,0.00496467521596328,0.0795,0.00604895652158288,1,0,0,0.0116241274898297,1939.41791960249,1691.61235718463,6.83748976923385,2000,2000
15,4000,70,"boundary",4,"homogeneous","fixed","fixed","c55-h36",-0.00859504629653874,-8.81023911376308e-05,0.00018919406200188,0.00846101567151025,0.000133813861849949,0.00834693268643049,1.58436443567984e-05,-1.34833676604449,1.5714067239112,7.15607538317693e-05,2.27766720351243e-06,0.9485,0.00494205169944629,0.9485,0.00494205169944629,0.948,0.00496467521596328,0.1715,0.00842875287334965,1,0,0,0.032490319926446,970.238920155027,846.75140389895,6.35738644935314,2000,2000
16,8000,70,"boundary",4,"homogeneous","fixed","fixed","c55-h36",-0.00433516762246915,-0.000181615537983841,9.27974137357348e-05,0.00415002650498551,6.56340911034659e-05,0.00423735658616769,8.26043175160753e-06,2.10432586580516,1.62703600943331,1.72470928357234e-05,5.48020504233471e-07,0.954,0.00468422885862764,0.954,0.00468422885862764,0.954,0.00468422885862764,0.166,0.00831997596150374,1,0,0,0.0165085971138532,1942.82972587497,1689.2206531966,6.85292263877287,2000,2000
17,4000,140,"above",4,"homogeneous","fixed","fixed","c55-h36",-0.0169047267058082,8.88099458339555e-05,0.000258585990032561,0.0115643170348378,0.000182893636197766,0.0115732575584558,1.41141604344118e-05,0.0773112981167667,1.58745571108458,0.000133674448974478,4.19028768606429e-06,0.947,0.0050095408971282,0.947,0.0050095408971282,0.9475,0.00498717104178311,0.309,0.0103324488868806,1,0,0,0.0452609705789024,970.279248597019,844.769047055675,6.4055283547033,2000,2000
18,8000,140,"above",4,"homogeneous","fixed","fixed","c55-h36",-0.00860621393419599,7.3069877813439e-05,0.000132826109095162,0.00594016418247169,9.39457318293086e-05,0.00590447290472572,7.90682150156522e-06,-0.600846654227061,1.57765688540369,3.52732469465059e-05,1.092193766766e-06,0.952,0.00477995815881269,0.952,0.00477995815881269,0.952,0.00477995815881269,0.299,0.0102371626928559,1,0,0,0.0230562999165482,1940.61444625879,1690.45957981748,6.82778188144302,2000,2000
19,4000,35,"below",16,"homogeneous","fixed","fixed","c55-h36",-0.00433800919587855,-0.000143299579775887,0.000133416237851664,0.00596655554277204,9.43631202349529e-05,0.00599119554403934,1.70500692865953e-05,0.412968606269781,1.61357094807033,3.56025199220252e-05,1.11370167137907e-06,0.949,0.00491929873051028,0.949,0.00491929873051028,0.948,0.00496467521596328,0.096,0.00658726043207645,1,0,0,0.023284391564543,971.602202536915,842.548800189509,6.48130638612389,2000,2000
20,8000,35,"below",16,"homogeneous","fixed","fixed","c55-h36",-0.00217866816746455,-7.96130376667911e-05,6.66822397836515e-05,0.00298212042096371,4.71632562240037e-05,0.00301186337210792,8.50341135938831e-06,0.997375925369037,1.62256022897067,8.89493391979276e-06,2.6966496619023e-07,0.951,0.00482695556225661,0.951,0.00482695556225661,0.949,0.00491929873051028,0.094,0.00652548848746207,1,0,0,0.0117006565882033,1940.72346906463,1690.09632208905,6.83636122315661,2000,2000
21,4000,70,"boundary",16,"homogeneous","fixed","fixed","c55-h36",-0.00859504629653874,-4.29960387159151e-05,0.000189812778849255,0.00848868553010139,0.000134251470144115,0.00836234599999384,1.57022997329138e-05,-1.48832854815445,1.56893859681628,7.20236017972837e-05,2.37625094227317e-06,0.945,0.00509779364038993,0.945,0.00509779364038993,0.9455,0.00507591124823908,0.156,0.00811369213120636,1,0,0,0.0326911333281766,970.179509748158,846.591995944779,6.40035852050684,2000,2000
22,8000,70,"boundary",16,"homogeneous","fixed","fixed","c55-h36",-0.00433516762246915,8.44288733865326e-05,9.45415950680271e-05,0.00422802866546735,6.68677219974328e-05,0.00421814759484558,8.26640238630529e-06,-0.233703964745369,1.58990537465002,1.7874416517477e-05,5.71805933519594e-07,0.946,0.00505390937789747,0.946,0.00505390937789747,0.947,0.0050095408971282,0.1665,0.00832999849939963,1,0,0,0.0164391510972975,1941.28134246569,1691.94028707859,6.84626381758368,2000,2000
23,4000,140,"above",16,"homogeneous","fixed","fixed","c55-h36",-0.0169047267058082,-4.24831602609675e-05,0.000258202088377355,0.0115471484308835,0.000182622108843735,0.0115642917628795,1.43683051678666e-05,0.148463770935647,1.58876249682645,0.000133271773385318,4.40545831285358e-06,0.9455,0.00507591124823908,0.9455,0.00507591124823908,0.9455,0.00507591124823908,0.2995,0.0102420640009717,1,0,0,0.0452318793478206,971.09935636422,844.397184278283,6.39476042426323,2000,2000
24,8000,140,"above",16,"homogeneous","fixed","fixed","c55-h36",-0.00860621393419599,-0.000155887783025312,0.000130604545927577,0.0058408128572911,9.23744565807483e-05,0.00591459561550301,8.07651683012918e-06,1.26322756805688,1.60747110095252,3.41223382873767e-05,1.10467214060363e-06,0.95,0.00487339717240448,0.95,0.00487339717240448,0.9495,0.00489641450451246,0.2955,0.0102024445600062,1,0,0,0.0231027086335262,1942.30301374067,1689.70148930362,6.87775540512039,2000,2000
25,4000,35,"below",4,"heterogeneous","fixed","fixed","c55-h36",-0.00108983054822876,-0.000126924497007187,0.000138927875510049,0.00621304347220194,9.82614112932562e-05,0.00617329104197298,1.63496179449505e-05,-0.639822180656147,1.59329651324116,3.8598718060818e-05,1.26600598777377e-06,0.946,0.00505390937789747,0.946,0.00505390937789747,0.9445,0.00511955808639769,0.055,0.00509779364038993,1,0,0,0.0239903092168466,970.864510431772,844.981337884944,6.45072425237277,2000,2000
26,8000,35,"below",4,"heterogeneous","fixed","fixed","c55-h36",-0.000542891746949076,-1.12931024478241e-05,6.93772682118749e-05,0.00310264575629975,4.90694056980416e-05,0.00309679623339834,8.28761834450878e-06,-0.188533379601441,1.6009929155817,9.62172501790321e-06,3.05970281978469e-07,0.949,0.00491929873051028,0.949,0.00491929873051028,0.9495,0.00489641450451246,0.049,0.00482695556225661,1,0,0,0.0119805906506626,1941.16287806333,1690.24792983825,6.8968248051204,2000,2000
27,4000,70,"boundary",4,"heterogeneous","fixed","fixed","c55-h36",-0.0021968509165131,-0.000355538878453188,0.000194151570966734,0.00868272221239985,0.000137320226757619,0.00865880374106125,1.54985867588525e-05,-0.275472032313073,1.58724637864176,7.54783780792847e-05,2.46892268086557e-06,0.9485,0.00494205169944629,0.9485,0.00494205169944629,0.9485,0.00494205169944629,0.056,0.00514120608417908,1,0,0,0.0339323913085766,969.934996703643,844.691816326095,6.45897709329915,2000,2000
28,8000,70,"boundary",4,"heterogeneous","fixed","fixed","c55-h36",-0.00108903600409039,4.60785586651331e-05,9.54981765540222e-05,0.00427080829004141,6.75442964176908e-05,0.00437955394733983,7.84952002434214e-06,2.54625471136209,1.63218540959859,1.82328067821299e-05,5.72826006030184e-07,0.961,0.00432891441356837,0.961,0.00432891441356837,0.9615,0.00430219420761081,0.0465,0.00470838348055891,1,0,0,0.0170990086889036,1941.11675930401,1688.24278153005,6.91440295600264,2000,2000
29,4000,140,"above",4,"heterogeneous","fixed","fixed","c55-h36",-0.00441329385288844,6.80525238407413e-05,0.000262815468086656,0.0117534650436038,0.000185885076764343,0.0119749808691257,1.43404568872112e-05,1.8846852796186,1.61595390914329,0.000138079499706952,4.3876151839676e-06,0.9495,0.00489641450451246,0.9495,0.00489641450451246,0.95,0.00487339717240448,0.056,0.00514120608417908,1,0,0,0.0467655309887961,970.64821141708,844.102472388873,6.46863222099856,2000,2000
30,8000,140,"above",4,"heterogeneous","fixed","fixed","c55-h36",-0.00219331162708183,8.29082144764855e-05,0.000132737803124946,0.00593621501942725,9.38832744626556e-05,0.00612053931312852,7.8463117803135e-06,3.10508115184571,1.63599043393689,3.52279032045228e-05,1.1352767019344e-06,0.9565,0.00456112650559048,0.9565,0.00456112650559048,0.9565,0.00456112650559048,0.0525,0.00498717104178311,1,0,0,0.0239288636143762,1940.83382586899,1691.67504037479,6.86785949306357,2000,2000
31,4000,35,"below",16,"heterogeneous","fixed","fixed","c55-h36",-0.00108983054822876,0.000128978201158094,0.000138864139189407,0.00621019309729014,9.82163316373997e-05,0.00617058772391255,1.62365808576755e-05,-0.637747856743309,1.5930490814199,3.85638504328512e-05,1.27983454943026e-06,0.942,0.00522666241496426,0.942,0.00522666241496426,0.9425,0.00520546587732549,0.0505,0.00489641450451246,1,0,0,0.0239960005497698,970.454541751152,843.845698212719,6.4126044613638,2000,2000
32,8000,35,"below",16,"heterogeneous","fixed","fixed","c55-h36",-0.000542891746949076,-3.73980967497055e-05,6.87843118418596e-05,0.00307612794127884,4.86500173676642e-05,0.00310725726259314,8.22417917822369e-06,1.01196445364236,1.61975583200149,9.45923044720132e-06,2.97008131132438e-07,0.948,0.00496467521596328,0.948,0.00496467521596328,0.9485,0.00494205169944629,0.0485,0.00480352734977121,1,0,0,0.0120883862346722,1941.90222091032,1690.37282399262,6.86189584882668,2000,2000
33,4000,70,"boundary",16,"heterogeneous","fixed","fixed","c55-h36",-0.0021968509165131,-7.82710578188683e-05,0.000195477386594111,0.00874201448976876,0.000138257954439572,0.00865041493117923,1.55354751548431e-05,-1.04780835923725,1.57502051528204,7.63907322891495e-05,2.48452081442743e-06,0.948,0.00496467521596328,0.948,0.00496467521596328,0.947,0.0050095408971282,0.057,0.00518415856238985,1,0,0,0.033761447974372,969.159105334237,844.966054272628,6.41163417696111,2000,2000
34,8000,70,"boundary",16,"heterogeneous","fixed","fixed","c55-h36",-0.00108903600409039,-5.86620227014444e-05,9.712697450685e-05,0.00434365034892412,6.86963185368576e-05,0.00436455240989878,8.16374688837721e-06,0.481209565586727,1.60022030242781,1.88613059374392e-05,5.83356479060236e-07,0.947,0.0050095408971282,0.947,0.0050095408971282,0.9465,0.00503178646208283,0.046,0.00468422885862764,1,0,0,0.017068969177921,1941.95983579504,1689.81962519651,6.83049845180474,2000,2000
35,4000,140,"above",16,"heterogeneous","fixed","fixed","c55-h36",-0.00441329385288844,-0.000160522097803009,0.000265806980930514,0.0118872495650924,0.00018800092481039,0.0119670539109964,1.43979983582412e-05,0.671344077257197,1.59675224663777,0.000141261816215561,4.1739535246273e-06,0.9565,0.00456112650559048,0.9565,0.00456112650559048,0.957,0.00453602248671675,0.056,0.00514120608417908,1,0,0,0.0468968709413044,970.879729092786,843.691688870063,6.42538721681845,2000,2000
36,8000,140,"above",16,"heterogeneous","fixed","fixed","c55-h36",-0.00219331162708183,0.000206590393648595,0.000137056235704098,0.00612934119549194,9.6937631108105e-05,0.00611000887954681,7.69632675481798e-06,-0.315406098771942,1.58153847977827,3.7592718669757e-05,1.16429335408552e-06,0.9505,0.0048502448391808,0.9505,0.0048502448391808,0.948,0.00496467521596328,0.061,0.00535158854920667,1,0,0,0.0239543950254486,1940.51936177324,1690.846957909,6.87026105359038,2000,2000
7,4000,35,"below",16,"null","fixed","fixed","c55-h48",0,0.000234680003659945,0.000163974339064929,0.00733315537429562,0.000115976364809764,0.00720035529824685,1.56544861648041e-05,-1.81095407461653,1.56749790751976,5.38033548638067e-05,1.67501965327611e-06,0.9405,0.00528960064655168,0.9405,0.00528960064655168,0.9445,0.00511955808639769,0.0595,0.00528960064655168,1,0,0,0.0280074589759271,970.422309596858,842.868381089945,6.48002318618962,2000,2000
8,8000,35,"below",16,"null","fixed","fixed","c55-h48",0,-0.000101891870847462,8.10761990967156e-05,0.00362583785075126,5.73438679335456e-05,0.00363931242009569,8.26946116817679e-06,0.371626363314603,1.60371190314725,1.31505087232254e-05,4.21574888146489e-07,0.9505,0.0048502448391808,0.9505,0.0048502448391808,0.951,0.00482695556225661,0.0495,0.0048502448391808,1,0,0,0.0142191603681907,1939.95536434803,1690.41692906535,6.85940928412387,2000,2000
9,4000,70,"boundary",16,"null","fixed","fixed","c55-h48",0,0.00018149796790539,0.00022506630747583,0.0100652712592165,0.000159185713636983,0.0100246751233089,1.57793666033983e-05,-0.403328781332157,1.58293769523787,0.000101291972191203,3.06446137054166e-06,0.955,0.00463546114210873,0.955,0.00463546114210873,0.9545,0.00465992220965114,0.045,0.00463546114210873,1,0,0,0.0391626836526313,971.353197608161,845.582848636552,6.46567848681818,2000,2000
10,8000,70,"boundary",16,"null","fixed","fixed","c55-h48",0,-1.49058920198437e-05,0.000113945554384383,0.00509580010674759,8.05918246665487e-05,0.00509597106267541,7.81801382159322e-06,0.00335483975508755,1.58901113118041,2.59544173241817e-05,8.02087107594524e-07,0.9525,0.00475624589355933,0.9525,0.00475624589355933,0.9525,0.00475624589355933,0.0475,0.00475624589355933,1,0,0,0.0198942756907192,1942.28027202407,1691.51842807572,6.89189103143912,2000,2000
11,4000,140,"above",16,"null","fixed","fixed","c55-h48",0,0.00018900284455136,0.000308071384224419,0.0137773711409651,0.000217893845146785,0.0137246723747512,1.3519022182981e-05,-0.382502334260437,1.57853762041718,0.000189756769653369,5.9774570424139e-06,0.948,0.00496467521596328,0.948,0.00496467521596328,0.948,0.00496467521596328,0.052,0.00496467521596328,1,0,0,0.0536610354656577,969.282508360708,843.38037325819,6.42361615736812,2000,2000
12,8000,140,"above",16,"null","fixed","fixed","c55-h48",0,3.55749838985234e-05,0.000162048827520994,0.00724704388022162,0.000114614482026529,0.00709285069793414,7.49534048791472e-06,-2.12767005189928,1.55133593709647,5.24946507588361e-05,1.76098090184296e-06,0.9435,0.00516273909857936,0.9435,0.00516273909857936,0.9435,0.00516273909857936,0.0565,0.00516273909857936,1,0,0,0.0277522938544918,1940.37087844178,1692.38210313916,6.86964822273422,2000,2000
19,4000,35,"below",16,"homogeneous","fixed","fixed","c55-h48",-0.00574650727353443,-9.26006552879369e-05,0.000154357306988895,0.00690306862501946,0.000109174395508972,0.00687601211095141,1.66021007950944e-05,-0.391949081456122,1.593588272119,4.7637105144867e-05,1.4844646324173e-06,0.9455,0.00507591124823908,0.9455,0.00507591124823908,0.9445,0.00511955808639769,0.112,0.00705180827873248,1,0,0,0.0268361794198777,971.602202536915,842.548800189509,6.48130638612389,2000,2000
20,8000,35,"below",16,"homogeneous","fixed","fixed","c55-h48",-0.00289548362418641,-6.01011822164529e-05,7.73188309945848e-05,0.00345780324089418,5.46863430048143e-05,0.00346357733372121,8.52074070306866e-06,0.166987316072187,1.6032262073447,1.19540372032158e-05,3.69131794671149e-07,0.9475,0.00498717104178311,0.9475,0.00498717104178311,0.9465,0.00503178646208283,0.1165,0.00717383265765239,1,0,0,0.0135135943431106,1940.72346906463,1690.09632208905,6.83636122315661,2000,2000
21,4000,70,"boundary",16,"homogeneous","fixed","fixed","c55-h48",-0.0113112284670269,-0.000170513876934589,0.000216600903554265,0.00968668688670424,0.000153198272071015,0.0095623025577533,1.54590683213053e-05,-1.28407504449917,1.56936178773228,9.38140618718548e-05,2.89309920464004e-06,0.943,0.00518415856238985,0.943,0.00518415856238985,0.9435,0.00516273909857936,0.219,0.00924767538357613,1,0,0,0.0374025821408465,970.179509748158,846.591995944779,6.40035852050684,2000,2000
22,8000,70,"boundary",16,"homogeneous","fixed","fixed","c55-h48",-0.00574276682486417,1.09876386223306e-06,0.000109980464598242,0.00491847590077355,7.77873815923254e-05,0.00485062192463704,8.07486080892544e-06,-1.37957321547176,1.56833243236076,2.41793106911789e-05,7.66751670894655e-07,0.946,0.00505390937789747,0.946,0.00505390937789747,0.946,0.00505390937789747,0.2065,0.0090514570650255,1,0,0,0.0189189421962502,1941.28134246569,1691.94028707859,6.84626381758368,2000,2000
23,4000,140,"above",16,"homogeneous","fixed","fixed","c55-h48",-0.0219502263974119,0.000211702003836844,0.000298390960688591,0.0133444494394232,0.000211047040104567,0.013084894130456,1.35598434447553e-05,-1.94504321924585,1.55409829566195,0.000178030111414329,6.0881623064355e-06,0.9405,0.00528960064655168,0.9405,0.00528960064655168,0.941,0.00526872849936301,0.378,0.0108424167047757,1,0,0,0.0512531914090332,971.09935636422,844.397184278283,6.39476042426323,2000,2000
24,8000,140,"above",16,"homogeneous","fixed","fixed","c55-h48",-0.0113256140287979,-0.000136755837321002,0.00014905956143269,0.00666614624119604,0.000105427386831886,0.00675392054530893,7.7507575119662e-06,1.3167173496804,1.60657147217273,4.4433989115199e-05,1.38774198279333e-06,0.9565,0.00456112650559048,0.9565,0.00456112650559048,0.956,0.00458606585212206,0.393,0.010921332336304,1,0,0,0.0263985967533958,1942.30301374067,1689.70148930362,6.87775540512039,2000,2000
31,4000,35,"below",16,"heterogeneous","fixed","fixed","c55-h48",-0.0014496297084272,6.67834349302689e-05,0.000158563542187461,0.00709117718168637,0.000112149396784454,0.00710067909698466,1.58616045284845e-05,0.133996303502704,1.59937218941031,5.02641114523395e-05,1.61403824725804e-06,0.9465,0.00503178646208283,0.9465,0.00503178646208283,0.947,0.0050095408971282,0.0555,0.00511955808639769,1,0,0,0.02764678741385,970.454541751152,843.845698212719,6.4126044613638,2000,2000
32,8000,35,"below",16,"heterogeneous","fixed","fixed","c55-h48",-0.000723016766295825,-8.86663337052162e-05,7.81828333946711e-05,0.0034964426028805,5.52974377536655e-05,0.00357942514018732,8.07736039259568e-06,2.37334190009153,1.6354677047582,1.22268600385329e-05,3.98196988736381e-07,0.954,0.00468422885862764,0.954,0.00468422885862764,0.953,0.00473238840333293,0.046,0.00468422885862764,1,0,0,0.0139318347941344,1941.90222091032,1690.37282399262,6.86189584882668,2000,2000
33,4000,70,"boundary",16,"heterogeneous","fixed","fixed","c55-h48",-0.00291421186346576,-0.000178566628455818,0.000224481889730687,0.0100391353031085,0.00015877236453615,0.00989273092099077,1.55084994533582e-05,-1.45833657678112,1.56610774714087,0.000100765731556101,3.20345123570922e-06,0.9425,0.00520546587732549,0.9425,0.00520546587732549,0.9415,0.0052477495176504,0.063,0.00543281694887652,1,0,0,0.0386513232893713,969.159105334237,844.966054272628,6.41163417696111,2000,2000
34,8000,70,"boundary",16,"heterogeneous","fixed","fixed","c55-h48",-0.00144857172285462,-0.000113473075953139,0.000111594747505106,0.00499066882706683,7.89291374571776e-05,0.00501586735440034,8.03249555010772e-06,0.504912832461302,1.59764753793424,2.49071980927522e-05,7.72374141685441e-07,0.95,0.00487339717240448,0.95,0.00487339717240448,0.9495,0.00489641450451246,0.054,0.00505390937789747,1,0,0,0.0196295110711571,1941.95983579504,1689.81962519651,6.83049845180474,2000,2000
35,4000,140,"above",16,"heterogeneous","fixed","fixed","c55-h48",-0.00581944722086487,-0.000236733782043502,0.000298017327043798,0.0133277400348544,0.000210782775146154,0.0135310244613845,1.35066735607812e-05,1.52527304703201,1.60885196627744,0.000177595882993002,5.34110439238965e-06,0.9575,0.00451075104611194,0.9575,0.00451075104611194,0.9575,0.00451075104611194,0.071,0.00574277807337181,1,0,0,0.0530517917195351,970.879729092786,843.691688870063,6.42538721681845,2000,2000
36,8000,140,"above",16,"heterogeneous","fixed","fixed","c55-h48",-0.00290962807567802,0.000198575702529159,0.000155762754862862,0.0069659221647199,0.000110168445774896,0.00698030218451487,7.53560194735083e-06,0.206433828213104,1.58848690256039,4.85392418787685e-05,1.53794666934568e-06,0.9455,0.00507591124823908,0.9455,0.00507591124823908,0.947,0.0050095408971282,0.0615,0.00537204569973116,1,0,0,0.0273222330441094,1940.51936177324,1690.846957909,6.87026105359038,2000,2000
1,4000,35,"below",4,"null","fixed","fixed","c55-h60",0,-0.000137193005818882,0.000183771163904058,0.00821849629587459,0.00012997833482965,0.00800821524130254,1.54408860672945e-05,-2.55863173750651,1.55247907863648,6.75287314454672e-05,2.15058782758947e-06,0.9465,0.00503178646208283,0.9465,0.00503178646208283,0.9455,0.00507591124823908,0.0535,0.00503178646208283,1,0,0,0.0311764515492283,970.530174425294,845.402966939564,6.46335922955147,2000,2000
2,8000,35,"below",4,"null","fixed","fixed","c55-h60",0,6.67105924804574e-05,9.0026722969845e-05,0.00402611744704231,6.36744268970279e-05,0.00405290705942352,7.92309074112407e-06,0.665395700289295,1.60417424923638,1.62059671896788e-05,4.83465799831353e-07,0.955,0.00463546114210873,0.955,0.00463546114210873,0.955,0.00463546114210873,0.045,0.00463546114210873,1,0,0,0.0157549771741158,1944.31786330431,1688.20761202723,6.8506003600107,2000,2000
3,4000,70,"boundary",4,"null","fixed","fixed","c55-h60",0,0.000256482275622662,0.000246852070328056,0.0110395601928018,0.000174594426943083,0.0110972283606821,1.43576427940806e-05,0.522377403384544,1.59510672199913,0.000121876736463578,3.85395764217966e-06,0.9545,0.00465992220965114,0.9545,0.00465992220965114,0.955,0.00463546114210873,0.0455,0.00465992220965114,1,0,0,0.0434836101108455,968.774495948684,844.145505426222,6.42986911630093,2000,2000
4,8000,70,"boundary",4,"null","fixed","fixed","c55-h60",0,4.63729312164189e-06,0.000128442973540796,0.00574414440138855,9.0845611829054e-05,0.00567630923614869,7.77222470186445e-06,-1.18094463682813,1.56870349297416,3.2978718811039e-05,1.07858431155741e-06,0.9455,0.00507591124823908,0.9455,0.00507591124823908,0.9455,0.00507591124823908,0.0545,0.00507591124823908,1,0,0,0.022190688588166,1941.3926540794,1689.45022765111,6.83062205977111,2000,2000
5,4000,140,"above",4,"null","fixed","fixed","c55-h60",0,-1.89093058231554e-06,0.000343506075649262,0.0153620587167187,0.000242956222120183,0.0150269011050705,1.27843090876752e-05,-2.18172328220181,1.54926629014681,0.000235874855167523,7.72192305943131e-06,0.9455,0.00507591124823908,0.9455,0.00507591124823908,0.9455,0.00507591124823908,0.0545,0.00507591124823908,1,0,0,0.0588998977179411,970.080802425217,843.942517821598,6.4490543132848,2000,2000
6,8000,140,"above",4,"null","fixed","fixed","c55-h60",0,-0.000134914053858058,0.000171205141463564,0.00765652668819994,0.00012109059293615,0.00785614768920885,7.46972935156371e-06,2.60720048578365,1.62569803326843,5.86112915285829e-05,1.89172581849814e-06,0.9525,0.00475624589355933,0.9525,0.00475624589355933,0.9525,0.00475624589355933,0.0475,0.00475624589355933,1,0,0,0.0307683311054291,1943.07981177871,1690.14439114267,6.84563935884044,2000,2000
7,4000,35,"below",16,"null","fixed","fixed","c55-h60",0,0.000262722993590551,0.000182631842204398,0.00816754428050097,0.000129172511248784,0.00800834558339674,1.5521687890018e-05,-1.94916233860275,1.56230907434827,6.67444485555181e-05,2.05735428753946e-06,0.9435,0.00516273909857936,0.9435,0.00516273909857936,0.9435,0.00516273909857936,0.0565,0.00516273909857936,1,0,0,0.031196778057038,970.422309596858,842.868381089945,6.48002318618962,2000,2000
8,8000,35,"below",16,"null","fixed","fixed","c55-h60",0,-7.1783297385267e-05,9.12319831629288e-05,0.0040800183214885,6.4526887694497e-05,0.00406064933939632,8.41662008882888e-06,-0.474727821445531,1.58748662714904,1.66433790707135e-05,5.38317903756071e-07,0.9485,0.00494205169944629,0.9485,0.00494205169944629,0.9485,0.00494205169944629,0.0515,0.00494205169944629,1,0,0,0.0158645274467876,1939.95536434803,1690.41692906535,6.85940928412387,2000,2000
9,4000,70,"boundary",16,"null","fixed","fixed","c55-h60",0,0.000142655392023502,0.000253904520582169,0.0113549553563245,0.000179582509518307,0.0110884190038762,1.54437595532433e-05,-2.34731308124255,1.55038797140745,0.000128890894199423,4.03450880273518e-06,0.9415,0.0052477495176504,0.9415,0.0052477495176504,0.9435,0.00516273909857936,0.0585,0.0052477495176504,1,0,0,0.0434018443450925,971.353197608161,845.582848636552,6.46567848681818,2000,2000
10,8000,70,"boundary",16,"null","fixed","fixed","c55-h60",0,-9.66238239588872e-05,0.000123614288971145,0.00552819906259565,8.74303623065088e-05,0.00567743857788548,7.6820421198322e-06,2.69960458369882,1.63016300494834,3.0555040546602e-05,9.53168081178392e-07,0.9555,0.00461084319837489,0.9555,0.00461084319837489,0.956,0.00458606585212206,0.0445,0.00461084319837489,1,0,0,0.0221496669408091,1942.28027202407,1691.51842807572,6.89189103143912,2000,2000
11,4000,140,"above",16,"null","fixed","fixed","c55-h60",0,0.00034100523506968,0.000335996837518896,0.0150262353783441,0.000237645060960352,0.0150229152197344,1.29741189768535e-05,-0.0220957447162884,1.58354050791523,0.000225791140340922,7.09123175607899e-06,0.947,0.0050095408971282,0.947,0.0050095408971282,0.9455,0.00507591124823908,0.053,0.0050095408971282,1,0,0,0.0588196517037374,969.282508360708,843.38037325819,6.42361615736812,2000,2000
12,8000,140,"above",16,"null","fixed","fixed","c55-h60",0,-0.000120336971844376,0.000178090256657472,0.00796443840032982,0.000125960322163536,0.00784469542897341,7.28164800069807e-06,-1.50347036837467,1.56043705038645,6.34150438799246e-05,2.08635238436281e-06,0.9465,0.00503178646208283,0.9465,0.00503178646208283,0.947,0.0050095408971282,0.0535,0.00503178646208283,1,0,0,0.0307208213318556,1940.37087844178,1692.38210313916,6.86964822273422,2000,2000
13,4000,35,"below",4,"homogeneous","fixed","fixed","c55-h60",-0.00713662837240874,0.000226007824824681,0.000172049575485342,0.00769429092570411,0.000121687847291471,0.00759643526370608,1.58953165208087e-05,-1.27179571116972,1.57502740035636,5.92235913298299e-05,1.97820036971777e-06,0.944,0.00514120608417908,0.944,0.00514120608417908,0.943,0.00518415856238985,0.1395,0.00774724951192357,1,0,0,0.029572731052368,970.034500437906,845.567678777877,6.42443752583657,2000,2000
14,8000,35,"below",4,"homogeneous","fixed","fixed","c55-h60",-0.0036076425009372,0.000151317233845494,8.83923928785746e-05,0.00395302798340722,6.25184919869338e-05,0.00384954471483581,8.40393221436613e-06,-2.61782281850225,1.55473620405434,1.56415139277405e-05,4.92882646396423e-07,0.936,0.00547284204047586,0.936,0.00547284204047586,0.9385,0.00537204569973116,0.1355,0.00765309577883356,1,0,0,0.0149774616478319,1939.41791960249,1691.61235718463,6.83748976923385,2000,2000
15,4000,70,"boundary",4,"homogeneous","fixed","fixed","c55-h60",-0.0139559732032351,-0.000132581857710941,0.000233595633015749,0.0104467142934062,0.000165218365916844,0.0105683588077853,1.49791081044187e-05,1.16442846011346,1.60636229198534,0.000109096850557287,3.49682720618905e-06,0.952,0.00477995815881269,0.952,0.00477995815881269,0.952,0.00477995815881269,0.259,0.00979589199613797,1,0,0,0.0413384395909836,970.238920155027,846.75140389895,6.35738644935314,2000,2000
16,8000,70,"boundary",4,"homogeneous","fixed","fixed","c55-h60",-0.00713201253779958,-0.000231254324835143,0.000118617309985764,0.00530472736872667,8.38960808996739e-05,0.00541516008343762,7.9474450935627e-06,2.08177927035398,1.62139481142861,2.81795409530445e-05,9.04660301322024e-07,0.958,0.00448530935387962,0.958,0.00448530935387962,0.9555,0.00461084319837489,0.258,0.00978355763513457,1,0,0,0.0211562705030934,1942.82972587497,1689.2206531966,6.85292263877287,2000,2000
17,4000,140,"above",4,"homogeneous","fixed","fixed","c55-h60",-0.0267247050846117,0.000124551744780674,0.00031604649005868,0.0141340287164284,0.000223534506904626,0.0143538335718778,1.26341599718079e-05,1.55514651809037,1.60861494149383,0.000199686395510072,6.26857283930002e-06,0.954,0.00468422885862764,0.954,0.00468422885862764,0.9545,0.00465992220965114,0.4625,0.0111488508376424,1,0,0,0.0562577467377049,970.279248597019,844.769047055675,6.4055283547033,2000,2000
18,8000,140,"above",4,"homogeneous","fixed","fixed","c55-h60",-0.0139733419606986,5.22660177176287e-05,0.000166032603346732,0.00742520375129105,0.00011743214143056,0.00747262133967801,7.43029717854839e-06,0.638603194945531,1.59477662593767,5.51088156594207e-05,1.82894766056552e-06,0.955,0.00463546114210873,0.955,0.00463546114210873,0.9545,0.00465992220965114,0.4545,0.0111339514548969,1,0,0,0.0292897531180452,1940.61444625879,1690.45957981748,6.82778188144302,2000,2000
19,4000,35,"below",16,"homogeneous","fixed","fixed","c55-h60",-0.00713662837240874,-0.000103519245044582,0.000171208211991595,0.007656664006388,0.000121092764670343,0.00764511718306988,1.62764569007902e-05,-0.15080749669163,1.59339322900465,5.86059076889588e-05,1.86194956397764e-06,0.953,0.00473238840333293,0.953,0.00473238840333293,0.952,0.00477995815881269,0.139,0.00773559952427735,1,0,0,0.0297671822520873,971.602202536915,842.548800189509,6.48130638612389,2000,2000
20,8000,35,"below",16,"homogeneous","fixed","fixed","c55-h60",-0.0036076425009372,-4.08939844369268e-05,8.90175475240446e-05,0.00398098574908164,6.29606536302678e-05,0.00386073485159115,8.64475787388977e-06,-3.02063119714076,1.5490578894712,1.5841995728587e-05,4.94724002427101e-07,0.9395,0.0053310294503032,0.9395,0.0053310294503032,0.9395,0.0053310294503032,0.149,0.00796238029737339,1,0,0,0.0150260451189043,1940.72346906463,1690.09632208905,6.83636122315661,2000,2000
21,4000,70,"boundary",16,"homogeneous","fixed","fixed","c55-h60",-0.0139559732032351,6.0036715869148e-05,0.000242323792414671,0.010837049448095,0.000171391650129116,0.0105731627027385,1.51455645041435e-05,-2.43504236665546,1.5493394703834,0.000117386524327339,3.64275422002735e-06,0.941,0.00526872849936301,0.941,0.00526872849936301,0.9405,0.00528960064655168,0.252,0.00970814091368682,1,0,0,0.0413650065611224,970.179509748158,846.591995944779,6.40035852050684,2000,2000
22,8000,70,"boundary",16,"homogeneous","fixed","fixed","c55-h60",-0.00713201253779958,-4.86723283752524e-05,0.000121886750612064,0.00545094119850279,8.62085027149523e-05,0.00539376337413088,8.08065255257268e-06,-1.0489532410956,1.57195038143858,2.97002725651098e-05,9.67696830860764e-07,0.9465,0.00503178646208283,0.9465,0.00503178646208283,0.9455,0.00507591124823908,0.2535,0.00972722339622155,1,0,0,0.0210495747500304,1941.28134246569,1691.94028707859,6.84626381758368,2000,2000
23,4000,140,"above",16,"homogeneous","fixed","fixed","c55-h60",-0.0267247050846117,0.000197788777555672,0.000324100755102675,0.0144942263993719,0.000229231156675216,0.0143459827946128,1.28803683555059e-05,-1.02277693665275,1.56787911660978,0.000210016678017317,7.12778936658332e-06,0.9415,0.0052477495176504,0.9415,0.0052477495176504,0.942,0.00522666241496426,0.4595,0.0111436024247099,1,0,0,0.056144608088364,971.09935636422,844.397184278283,6.39476042426323,2000,2000
24,8000,140,"above",16,"homogeneous","fixed","fixed","c55-h60",-0.0139733419606986,-0.000106352704060534,0.000164317997208617,0.00734852423370177,0.000116219428587118,0.00747462965409854,7.62303385967436e-06,1.71606456461582,1.61201564316477,5.39851189067567e-05,1.66467714801055e-06,0.956,0.00458606585212206,0.956,0.00458606585212206,0.9555,0.00461084319837489,0.4705,0.0111608635418591,1,0,0,0.0292823925160946,1942.30301374067,1689.70148930362,6.87775540512039,2000,2000
25,4000,35,"below",4,"heterogeneous","fixed","fixed","c55-h60",-0.00180765008818205,1.07837709377804e-05,0.0001763442423316,0.00788635426588306,0.000124725394823227,0.0078891122606505,1.5822023618329e-05,0.0349717331285193,1.59475732082523,6.21636026049242e-05,1.95328346837474e-06,0.949,0.00491929873051028,0.949,0.00491929873051028,0.949,0.00491929873051028,0.055,0.00509779364038993,1,0,0,0.0307846216664856,970.864510431772,844.981337884944,6.45072425237277,2000,2000
26,8000,35,"below",4,"heterogeneous","fixed","fixed","c55-h60",-0.000902717043909434,-7.36852554594587e-05,9.15643584903995e-05,0.00409488259801387,6.47619713207055e-05,0.00398917085687242,8.22723868057888e-06,-2.58155731235674,1.55375095198913,1.67651089766432e-05,5.54858741798983e-07,0.9455,0.00507591124823908,0.9455,0.00507591124823908,0.9435,0.00516273909857936,0.0595,0.00528960064655168,1,0,0,0.0155279971018317,1941.16287806333,1690.24792983825,6.8968248051204,2000,2000
27,4000,70,"boundary",4,"heterogeneous","fixed","fixed","c55-h60",-0.00362383165736849,-6.32250941974403e-05,0.000242972243410901,0.010866049058248,0.000171850288899846,0.0109400934001931,1.48216415199231e-05,0.681428378872684,1.59814300766455,0.00011801598403772,3.98273253049077e-06,0.9505,0.0048502448391808,0.9505,0.0048502448391808,0.949,0.00491929873051028,0.0595,0.00528960064655168,1,0,0,0.0427932421190193,969.934996703643,844.691816326095,6.45897709329915,2000,2000
28,8000,70,"boundary",4,"heterogeneous","fixed","fixed","c55-h60",-0.00180632953380654,-5.97813056121984e-06,0.000123290301503746,0.00551370990257643,8.72012112763714e-05,0.00558428122549675,7.86872320050163e-06,1.27992448219574,1.60812167519075,3.03858321293694e-05,9.60486434935313e-07,0.956,0.00458606585212206,0.956,0.00458606585212206,0.9555,0.00461084319837489,0.054,0.00505390937789747,1,0,0,0.0217988823805512,1941.11675930401,1688.24278153005,6.91440295600264,2000,2000
29,4000,140,"above",4,"heterogeneous","fixed","fixed","c55-h60",-0.00719130704379668,4.59729358768518e-05,0.000330153835032896,0.0147649283633161,0.00023351240098584,0.0147971821759525,1.29961676010592e-05,0.218448825776396,1.58743128338911,0.000217896221529904,6.95930314221008e-06,0.9495,0.00489641450451246,0.9495,0.00489641450451246,0.9495,0.00489641450451246,0.0725,0.00579843728947723,1,0,0,0.0579469412958176,970.64821141708,844.102472388873,6.46863222099856,2000,2000
30,8000,140,"above",4,"heterogeneous","fixed","fixed","c55-h60",-0.00361826406381834,2.85773325883718e-05,0.000168875083799602,0.00755232334163765,0.000119442581306986,0.00772780354750972,7.4628195861878e-06,2.32352612479665,1.62129571601174,5.70098857266544e-05,1.82966054326002e-06,0.9525,0.00475624589355933,0.9525,0.00475624589355933,0.9525,0.00475624589355933,0.072,0.0057799653978203,1,0,0,0.0302709349407161,1940.83382586899,1691.67504037479,6.86785949306357,2000,2000
31,4000,35,"below",16,"heterogeneous","fixed","fixed","c55-h60",-0.00180765008818205,0.000159341549912454,0.000175422128641049,0.00784511608798197,0.000124073198910249,0.00788700197653358,1.5380675925493e-05,0.533910372795843,1.60201998431856,6.15404632402252e-05,1.91229340257649e-06,0.952,0.00477995815881269,0.952,0.00477995815881269,0.952,0.00477995815881269,0.0535,0.00503178646208283,1,0,0,0.0307321723775315,970.454541751152,843.845698212719,6.4126044613638,2000,2000
32,8000,35,"below",16,"heterogeneous","fixed","fixed","c55-h60",-0.000902717043909434,-0.000126973925402838,8.7861692857872e-05,0.00392929435696819,6.21431365529278e-05,0.00398856386330555,7.97165257411568e-06,1.50840077003269,1.61815844684926,1.54477568443624e-05,4.98984525603066e-07,0.9525,0.00475624589355933,0.9525,0.00475624589355933,0.9525,0.00475624589355933,0.0555,0.00511955808639769,1,0,0,0.0155794324344199,1941.90222091032,1690.37282399262,6.86189584882668,2000,2000
33,4000,70,"boundary",16,"heterogeneous","fixed","fixed","c55-h60",-0.00362383165736849,-0.000198912513510688,0.000247361262665625,0.0110623319664104,0.000174954570345014,0.0109494754573743,1.52327643672332e-05,-1.02018732920598,1.57144430093558,0.000122353567128828,3.87333827126985e-06,0.9455,0.00507591124823908,0.9455,0.00507591124823908,0.9465,0.00503178646208283,0.0605,0.0053310294503032,1,0,0,0.0428278260059682,969.159105334237,844.966054272628,6.41163417696111,2000,2000
34,8000,70,"boundary",16,"heterogeneous","fixed","fixed","c55-h60",-0.00180632953380654,-0.00010851319604117,0.000122084928344431,0.00545980397612679,8.63486705797368e-05,0.00557750150348567,7.94688678302471e-06,2.15570976308899,1.62217075106498,2.98063298417161e-05,9.28233928083143e-07,0.953,0.00473238840333293,0.953,0.00473238840333293,0.9515,0.00480352734977121,0.0535,0.00503178646208283,1,0,0,0.0218507156550283,1941.95983579504,1689.81962519651,6.83049845180474,2000,2000
35,4000,140,"above",16,"heterogeneous","fixed","fixed","c55-h60",-0.00719130704379668,-0.000621404693853784,0.000328284418647911,0.0146813255210146,0.000232190193389927,0.0148164512954894,1.27726471454709e-05,0.920392196749509,1.59845988913106,0.00021581969218801,6.63942577779375e-06,0.957,0.00453602248671675,0.957,0.00453602248671675,0.9565,0.00456112650559048,0.0805,0.00608357419614489,1,0,0,0.0581026467774881,970.879729092786,843.691688870063,6.42538721681845,2000,2000
36,8000,140,"above",16,"heterogeneous","fixed","fixed","c55-h60",-0.00361826406381834,0.000291720030361938,0.000175715151965751,0.00785822048944251,0.00012428044950932,0.00772184437248301,7.38388510876894e-06,-1.73545801040738,1.5569254473729,6.18058540221781e-05,1.99146358523344e-06,0.9495,0.00489641450451246,0.9495,0.00489641450451246,0.949,0.00491929873051028,0.073,0.00581682903307292,1,0,0,0.0302151185768458,1940.51936177324,1690.846957909,6.87026105359038,2000,2000
7,4000,35,"below",16,"null","fixed","fixed","c60-h24",0,7.76432303361429e-05,0.000163507597430636,0.00731228205385146,0.000115646246095096,0.00723376442318523,2.89953064798077e-05,-1.07377738013921,1.6140193323452,5.34487625718777e-05,1.76125752815189e-06,0.941,0.00526872849936301,0.941,0.00526872849936301,0.942,0.00522666241496426,0.059,0.00526872849936301,1,0,0,0.0279024872405129,648.928859928194,452.892013195168,6.45473353450439,2000,2000
8,8000,35,"below",16,"null","fixed","fixed","c60-h24",0,-2.91515359745158e-05,8.2689541759167e-05,0.0036979887280361,5.84849587789219e-05,0.00366664125117907,1.46247655958887e-05,-0.847689897466919,1.61722856517374,1.36691328844154e-05,4.44001367067739e-07,0.941,0.00526872849936301,0.941,0.00526872849936301,0.941,0.00526872849936301,0.059,0.00526872849936301,1,0,0,0.0140503431298436,1296.10817379016,907.48385438768,6.85268254051493,2000,2000
9,4000,70,"boundary",16,"null","fixed","fixed","c60-h24",0,1.72854927678037e-05,0.000229588526941706,0.0102675110619139,0.000162384205410239,0.0101949318220934,2.84751068828548e-05,-0.70688250913874,1.594655734377,0.000105369371303082,3.42308796608934e-06,0.946,0.00505390937789747,0.946,0.00505390937789747,0.946,0.00505390937789747,0.054,0.00505390937789747,1,0,0,0.0396961474073242,648.998875686315,453.231446153243,6.42553951294107,2000,2000
10,8000,70,"boundary",16,"null","fixed","fixed","c60-h24",0,-1.32958740728979e-05,0.000116000556881073,0.00518770261227821,8.20452942801493e-05,0.00515544270820891,1.41819623214703e-05,-0.621853380587889,1.59529742146461,2.68989790445088e-05,8.13076466243314e-07,0.954,0.00468422885862764,0.954,0.00468422885862764,0.9545,0.00465992220965114,0.046,0.00468422885862764,1,0,0,0.0200157111613676,1297.25538295401,907.890499872058,6.86903852615152,2000,2000
11,4000,140,"above",16,"null","fixed","fixed","c60-h24",0,0.000407898077853387,0.000317270691410535,0.0141887766652463,0.000224400364473517,0.0142561377122695,2.58058580344585e-05,0.474748800494917,1.59941704470802,0.000201387103406527,6.5040205553651e-06,0.945,0.00509779364038993,0.945,0.00509779364038993,0.9475,0.00498717104178311,0.055,0.00509779364038993,1,0,0,0.0557548441306722,647.958598444532,451.673050375728,6.37915831156587,2000,2000
12,8000,140,"above",16,"null","fixed","fixed","c60-h24",0,-2.96737972320032e-05,0.00016789041494262,0.00750828761164691,0.000118746141149182,0.00722997088347591,1.43441178459897e-05,-3.70679364678674,1.53484616748863,5.63470762020231e-05,1.75198675581654e-06,0.941,0.00526872849936301,0.941,0.00526872849936301,0.9425,0.00520546587732549,0.059,0.00526872849936301,1,0,0,0.0281963050774037,1295.42243456666,910.416125460137,6.85689548480723,2000,2000
19,4000,35,"below",16,"homogeneous","fixed","fixed","c60-h24",-0.00337605070314928,-0.000382117713929938,0.000157637303956341,0.00704975454872351,0.000111494283651474,0.00699526569899809,3.08253942901304e-05,-0.77291839522674,1.62908766179071,4.98202036249483e-05,1.69334686625472e-06,0.936,0.00547284204047586,0.936,0.00547284204047586,0.93,0.00570526073023836,0.0635,0.005452877680638,1,0,0,0.026761809097801,648.706706655131,453.304174586994,6.42872294437107,2000,2000
20,8000,35,"below",16,"homogeneous","fixed","fixed","c60-h24",-0.00169121530200601,-0.000120623121756721,7.59241351393788e-05,0.00339543054609063,5.36998974656865e-05,0.00350858677666361,1.50421666123344e-05,3.33260330426335,1.69322230603506,1.1537734056531e-05,3.7414091985103e-07,0.938,0.00539240206216117,0.938,0.00539240206216117,0.934,0.0055517564788092,0.053,0.0050095408971282,1,0,0,0.0134821920020332,1298.11458813586,907.76105320348,6.81469095466521,2000,2000
21,4000,70,"boundary",16,"homogeneous","fixed","fixed","c60-h24",-0.0067211966444788,-0.000132303183438946,0.000216626763776544,0.00968784339100284,0.000153216562582751,0.00978808367017375,2.83027965339756e-05,1.03470168875774,1.62438590350043,9.38248865461611e-05,3.02210309085637e-06,0.946,0.00505390937789747,0.946,0.00505390937789747,0.9455,0.00507591124823908,0.0805,0.00608357419614489,1,0,0,0.0379704727695824,648.463327634176,453.585754075074,6.3729908302304,2000,2000
22,8000,70,"boundary",16,"homogeneous","fixed","fixed","c60-h24",-0.00337492021109401,2.67966559057158e-05,0.000109700116830445,0.00490593836745086,7.75890962070812e-05,0.00491482518475444,1.51570322614517e-05,0.181144087796659,1.61424049611505,2.40569152103615e-05,7.77742978719853e-07,0.945,0.00509779364038993,0.945,0.00509779364038993,0.9455,0.00507591124823908,0.087,0.0063020234845643,1,0,0,0.0190007961032485,1296.91805406407,907.041304944564,6.82587574686672,2000,2000
23,4000,140,"above",16,"homogeneous","fixed","fixed","c60-h24",-0.0133540530583658,0.000134111932507256,0.000306566334554303,0.0137100632735273,0.000216829348161503,0.013619222069497,2.63231813021417e-05,-0.662587781090884,1.58274384572866,0.00018788983805708,6.03477697505236e-06,0.9445,0.00511955808639769,0.9445,0.00511955808639769,0.944,0.00514120608417908,0.142,0.00780499839846236,1,0,0,0.0532312549293271,648.469098792835,453.728074193377,6.3508264084699,2000,2000
24,8000,140,"above",16,"homogeneous","fixed","fixed","c60-h24",-0.00672915547658031,-0.00025307395919253,0.000152625166221235,0.00682560493495774,0.000107949280709196,0.00691826624852483,1.48947686181634e-05,1.35755459699287,1.61778948676462,4.66296347155768e-05,1.57047147344064e-06,0.9535,0.00470838348055891,0.9535,0.00470838348055891,0.95,0.00487339717240448,0.1385,0.00772391578151911,1,0,0,0.026917836960167,1299.63767229426,906.811872621443,6.85933762580637,2000,2000
31,4000,35,"below",16,"heterogeneous","fixed","fixed","c60-h24",-2.71315312758025e-05,0.00021646049652559,0.000163581729935924,0.00731559736027478,0.000115698678802107,0.00722624791776789,2.85802320826626e-05,-1.22135538776466,1.61032686501383,5.35380609018466e-05,1.76230011780955e-06,0.9395,0.0053310294503032,0.9395,0.0053310294503032,0.941,0.00526872849936301,0.06,0.0053103672189407,1,0,0,0.0277496122613364,648.495717926083,453.669171084863,6.38865145547231,2000,2000
32,8000,35,"below",16,"heterogeneous","fixed","fixed","c60-h24",-1.11115468432905e-05,-7.21590321198713e-05,8.1194718628306e-05,0.00363113820533721,5.74276948573875e-05,0.003634691079129,1.44193345809759e-05,0.097844631376609,1.63212682192508,1.31837790098429e-05,4.1825710836624e-07,0.9475,0.00498717104178311,0.9475,0.00498717104178311,0.946,0.00505390937789747,0.0535,0.00503178646208283,1,0,0,0.0139648302024975,1297.53273083929,906.925705987563,6.84060750372273,2000,2000
33,4000,70,"boundary",16,"heterogeneous","fixed","fixed","c60-h24",-7.51235242216347e-05,-1.92142937722294e-05,0.000229582063061386,0.0102672219883981,0.00016237963361354,0.0101987795017397,2.90842872105819e-05,-0.666611540451145,1.5963264775495,0.00010536350862445,3.44170986508265e-06,0.9435,0.00516273909857936,0.9435,0.00516273909857936,0.9435,0.00516273909857936,0.0555,0.00511955808639769,1,0,0,0.0395324805085206,648.021622079201,452.70520269744,6.37520369259183,2000,2000
34,8000,70,"boundary",16,"heterogeneous","fixed","fixed","c60-h24",-2.7567779876829e-05,-0.000146297922492475,0.000115442604775207,0.00516275023554011,8.16506638925821e-05,0.00514278615927018,1.47603744862123e-05,-0.386694598016712,1.60115059494257,2.66620660816978e-05,8.52666022855315e-07,0.949,0.00491929873051028,0.949,0.00491929873051028,0.9485,0.00494205169944629,0.052,0.00496467521596328,1,0,0,0.0198497096493311,1296.78349697536,906.243624599548,6.81739950734932,2000,2000
35,4000,140,"above",16,"heterogeneous","fixed","fixed","c60-h24",-0.000190676700937732,-8.66995644078995e-05,0.000317315034572737,0.0141907597517467,0.000224431727665988,0.0141983459036496,2.64078342623849e-05,0.0534583914860054,1.59328457568982,0.000201284490315096,6.28020397998729e-06,0.949,0.00491929873051028,0.949,0.00491929873051028,0.9485,0.00494205169944629,0.052,0.00496467521596328,1,0,0,0.0554687844219659,648.647464485861,453.108544745185,6.39113359010972,2000,2000
36,8000,140,"above",16,"heterogeneous","fixed","fixed","c60-h24",-7.20113530528095e-05,0.000322260891298822,0.000162217915233871,0.00725460571262468,0.0001147340749969,0.00719454948924783,1.40901138752814e-05,-0.827835801914567,1.58042150134257,5.27068414756846e-05,1.73038958364095e-06,0.941,0.00526872849936301,0.941,0.00526872849936301,0.943,0.00518415856238985,0.059,0.00526872849936301,1,0,0,0.0280689441242803,1296.85503914084,907.999248701675,6.85420469158587,2000,2000
7,4000,35,"below",16,"null","fixed","fixed","c60-h36",0,-7.10185774857798e-05,0.000197723342068829,0.00884245667208691,0.000139846481967524,0.00882466274998766,2.90024698613406e-05,-0.201232788116712,1.612070791009,7.81549891160838e-05,2.52338949352042e-06,0.9445,0.00511955808639769,0.9445,0.00511955808639769,0.9455,0.00507591124823908,0.0555,0.00511955808639769,1,0,0,0.0340704276671214,648.928859928194,452.892013195168,6.45473353450439,2000,2000
8,8000,35,"below",16,"null","fixed","fixed","c60-h36",0,-6.70656483039157e-05,0.00010100364351962,0.00451702025770054,7.14382230460365e-05,0.00447829756800001,1.46533979214764e-05,-0.857261811799814,1.60118328577999,2.03977680736552e-05,7.18941463726399e-07,0.9425,0.00520546587732549,0.9425,0.00520546587732549,0.9415,0.0052477495176504,0.0575,0.00520546587732549,1,0,0,0.0174055564743072,1296.10817379016,907.48385438768,6.85268254051493,2000,2000
9,4000,70,"boundary",16,"null","fixed","fixed","c60-h36",0,0.000233588642679441,0.000275909339775656,0.012339040787309,0.000195146157787359,0.0123416165939628,2.78150981367317e-05,0.0208752584434535,1.5978456670329,0.00015223036524109,4.96832756987367e-06,0.942,0.00522666241496426,0.942,0.00522666241496426,0.941,0.00526872849936301,0.058,0.00522666241496426,1,0,0,0.048128640037721,648.998875686315,453.231446153243,6.42553951294107,2000,2000
10,8000,70,"boundary",16,"null","fixed","fixed","c60-h36",0,-8.22623149993076e-06,0.000142202714837157,0.00635949873921804,0.000100577651521209,0.00626351973085716,1.38802304877734e-05,-1.5092228538233,1.5728823240718,4.04230702728934e-05,1.27098955179442e-06,0.946,0.00505390937789747,0.946,0.00505390937789747,0.9455,0.00507591124823908,0.054,0.00505390937789747,1,0,0,0.0243933145756644,1297.25538295401,907.890499872058,6.86903852615152,2000,2000
11,4000,140,"above",16,"null","fixed","fixed","c60-h36",0,0.000474470910606535,0.000379877998040232,0.0169886605354898,0.000268681487208017,0.017035804152852,2.45297723814614e-05,0.277500496661487,1.59248235838095,0.000288695402141727,9.237132905051e-06,0.95,0.00487339717240448,0.95,0.00487339717240448,0.948,0.00496467521596328,0.05,0.00487339717240448,1,0,0,0.0666028414123421,647.958598444532,451.673050375728,6.37915831156587,2000,2000
12,8000,140,"above",16,"null","fixed","fixed","c60-h36",0,-0.000128180488016485,0.000196863263623519,0.00880399279469298,0.000139238162567628,0.00874803534598221,1.35665418382099e-05,-0.635591714074335,1.57901917582795,7.74879642219495e-05,2.52655809195532e-06,0.9495,0.00489641450451246,0.9495,0.00489641450451246,0.951,0.00482695556225661,0.0505,0.00489641450451246,1,0,0,0.0341316819168259,1295.42243456666,910.416125460137,6.85689548480723,2000,2000
19,4000,35,"below",16,"homogeneous","fixed","fixed","c60-h36",-0.0050271284061546,-0.000483878745428395,0.0001902619723956,0.00850877407619501,0.000134569177383541,0.0085008644969214,2.99340293046292e-05,-0.0929579185295792,1.61875481346447,7.25971753018657e-05,2.36752889044362e-06,0.941,0.00526872849936301,0.941,0.00526872849936301,0.939,0.00535158854920668,0.0785,0.00601405645134796,1,0,0,0.0329137354862024,648.706706655131,453.304174586994,6.42872294437107,2000,2000
20,8000,35,"below",16,"homogeneous","fixed","fixed","c60-h36",-0.00252758914826296,-0.000122263165471288,9.30071830761553e-05,0.00415940767508102,6.57824575228047e-05,0.00427429085232309,1.51108114470388e-05,2.76200810827778,1.66532567401077,1.73069701530502e-05,5.6120994765936e-07,0.948,0.00496467521596328,0.948,0.00496467521596328,0.9465,0.00503178646208283,0.0645,0.00549271107923947,1,0,0,0.0164650276705669,1298.11458813586,907.76105320348,6.81469095466521,2000,2000
21,4000,70,"boundary",16,"homogeneous","fixed","fixed","c60-h36",-0.00993428021582048,2.09274490157939e-05,0.000262909031896425,0.0117576493443813,0.000185951252914811,0.011837002128576,2.74497118572956e-05,0.674903476625865,1.6092331678364,0.0001381736349045,4.53649305320825e-06,0.948,0.00496467521596328,0.948,0.00496467521596328,0.9475,0.00498717104178311,0.1085,0.00695441406590088,1,0,0,0.0462596975854158,648.463327634176,453.585754075074,6.3729908302304,2000,2000
22,8000,70,"boundary",16,"homogeneous","fixed","fixed","c60-h36",-0.00502546368876779,0.000128427536110496,0.000132502958963858,0.00592571246926103,9.37171730332792e-05,0.00597458204915524,1.47292367784865e-05,0.82470386721798,1.61383426582861,3.51130048662528e-05,1.10143561522449e-06,0.943,0.00518415856238985,0.943,0.00518415856238985,0.9425,0.00520546587732549,0.103,0.00679672715356443,1,0,0,0.0232524574894712,1296.91805406407,907.041304944564,6.82587574686672,2000,2000
23,4000,140,"above",16,"homogeneous","fixed","fixed","c60-h36",-0.0194393630774733,0.000282520455624038,0.000367467302427881,0.0164336373547443,0.00025990360543646,0.0162919090715987,2.48084841486263e-05,-0.862427958498746,1.57514542288778,0.000270009222296739,8.59766306860579e-06,0.9445,0.00511955808639769,0.9445,0.00511955808639769,0.942,0.00522666241496426,0.207,0.00905955296910394,1,0,0,0.0637000011915989,648.469098792835,453.728074193377,6.3508264084699,2000,2000
24,8000,140,"above",16,"homogeneous","fixed","fixed","c60-h36",-0.00994576706328144,-0.000121196191368845,0.000187499012792612,0.00838521076636767,0.000132614981302019,0.0083752668530015,1.42571800410609e-05,-0.118588711044088,1.58878291657236,7.02912922334122e-05,2.24107933342892e-06,0.948,0.00496467521596328,0.948,0.00496467521596328,0.948,0.00496467521596328,0.1995,0.00893587572653067,1,0,0,0.0326597048029954,1299.63767229426,906.811872621443,6.85933762580637,2000,2000
31,4000,35,"below",16,"heterogeneous","fixed","fixed","c60-h36",-4.48610497542148e-05,6.92645205506697e-05,0.000199343484498354,0.00891491164419989,0.000140992382176799,0.00881818743461686,2.85597000820754e-05,-1.08497104002108,1.59684035083658,7.94407093728859e-05,2.53324419404729e-06,0.943,0.00518415856238985,0.943,0.00518415856238985,0.9425,0.00520546587732549,0.057,0.00518415856238985,1,0,0,0.0342079417600248,648.495717926083,453.669171084863,6.38865145547231,2000,2000
32,8000,35,"below",16,"heterogeneous","fixed","fixed","c60-h36",-1.77334271556345e-05,-7.33045498867413e-06,9.95322694025664e-05,0.00445121840677922,7.03975442279714e-05,0.00443814427962024,1.46822396653021e-05,-0.293720189938707,1.61101779173106,1.9803492367768e-05,6.44269413238245e-07,0.9415,0.0052477495176504,0.9415,0.0052477495176504,0.942,0.00522666241496426,0.0585,0.0052477495176504,1,0,0,0.0171496364023448,1297.53273083929,906.925705987563,6.84060750372273,2000,2000
33,4000,70,"boundary",16,"heterogeneous","fixed","fixed","c60-h36",-0.000128508908576103,-1.48393385960565e-05,0.000277601617098496,0.0124147217299221,0.00019634307782541,0.0123391410906183,2.7601483348151e-05,-0.608798497042984,1.5875510093213,0.000154048473179554,4.94431103272324e-06,0.9455,0.00507591124823908,0.9455,0.00507591124823908,0.945,0.00509779364038993,0.054,0.00505390937789747,1,0,0,0.0479682767200195,648.021622079201,452.70520269744,6.37520369259183,2000,2000
34,8000,70,"boundary",16,"heterogeneous","fixed","fixed","c60-h36",-4.54998477177164e-05,-9.04889866688528e-05,0.000141037752920338,0.00630740005847388,9.97536930346246e-05,0.00625404438589831,1.44281217577225e-05,-0.84592180741554,1.58475187930052,3.97715921065958e-05,1.27747641484392e-06,0.946,0.00505390937789747,0.946,0.00505390937789747,0.945,0.00509779364038993,0.055,0.00509779364038993,1,0,0,0.0243641300097599,1296.78349697536,906.243624599548,6.81739950734932,2000,2000
35,4000,140,"above",16,"heterogeneous","fixed","fixed","c60-h36",-0.000345914473077497,-0.000316882838270982,0.000372875964659007,0.016675520083067,0.000263729063661369,0.0169738251826619,2.49149340785539e-05,1.78888033541948,1.61674463933317,0.00027803434828894,8.58767002434989e-06,0.9545,0.00465992220965114,0.9545,0.00465992220965114,0.953,0.00473238840333293,0.046,0.00468422885862764,1,0,0,0.0664426349403488,648.647464485861,453.108544745185,6.39113359010972,2000,2000
36,8000,140,"above",16,"heterogeneous","fixed","fixed","c60-h36",-0.00012399258398197,0.000282126147389362,0.000194269032507184,0.00868797525218361,0.000137403305381652,0.0087116907595181,1.36309223178739e-05,0.272969324222228,1.59359352453612,7.55227686886044e-05,2.32607202142632e-06,0.9425,0.00520546587732549,0.9425,0.00520546587732549,0.9425,0.00520546587732549,0.057,0.00518415856238985,1,0,0,0.0341251379470695,1296.85503914084,907.999248701675,6.85420469158587,2000,2000
7,4000,35,"below",16,"null","fixed","fixed","c60-h48",0,0.000186793312982133,0.000226194634454993,0.0101157315757416,0.000159983760832089,0.010132837611404,2.82943472030851e-05,0.169103297515472,1.60871154492826,0.000102311753041574,3.15214849260992e-06,0.945,0.00509779364038993,0.945,0.00509779364038993,0.945,0.00509779364038993,0.055,0.00509779364038993,1,0,0,0.0393540707580677,648.928859928194,452.892013195168,6.45473353450439,2000,2000
8,8000,35,"below",16,"null","fixed","fixed","c60-h48",0,-0.000105883772287052,0.00011562059096547,0.00517071001994978,8.17765506102888e-05,0.00515504455894057,1.45683091812052e-05,-0.302965375137498,1.60171751170486,2.67340853625876e-05,8.90990479729129e-07,0.944,0.00514120608417908,0.944,0.00514120608417908,0.9425,0.00520546587732549,0.056,0.00514120608417908,1,0,0,0.0200486976122285,1296.10817379016,907.48385438768,6.85268254051493,2000,2000
9,4000,70,"boundary",16,"null","fixed","fixed","c60-h48",0,0.000170833353233201,0.000314571402780781,0.0140680608079058,0.000222491201828701,0.0140933145032742,2.69843538375595e-05,0.179510848816666,1.59594201090016,0.000197840563762066,6.17006223969628e-06,0.9475,0.00498717104178311,0.9475,0.00498717104178311,0.948,0.00496467521596328,0.0525,0.00498717104178311,1,0,0,0.0551526115104147,648.998875686315,453.231446153243,6.42553951294107,2000,2000
10,8000,70,"boundary",16,"null","fixed","fixed","c60-h48",0,7.20479151014556e-05,0.000162392657518057,0.00726242042514434,0.00011485766735296,0.00717629605548041,1.38523211274947e-05,-1.18589071717381,1.57437601357606,5.27215699584084e-05,1.63164877953144e-06,0.9435,0.00516273909857936,0.9435,0.00516273909857936,0.9425,0.00520546587732549,0.0565,0.00516273909857936,1,0,0,0.0279378632611151,1297.25538295401,907.890499872058,6.86903852615152,2000,2000
11,4000,140,"above",16,"null","fixed","fixed","c60-h48",0,0.000409500965789484,0.000425379696405775,0.0190235583482307,0.000300864093335287,0.0191935135909083,2.30724661921225e-05,0.893393546919374,1.60026623116126,0.000361882515383408,1.14543918344807e-05,0.9465,0.00503178646208283,0.9465,0.00503178646208283,0.947,0.0050095408971282,0.0535,0.00503178646208283,1,0,0,0.075101982429089,647.958598444532,451.673050375728,6.37915831156587,2000,2000
12,8000,140,"above",16,"null","fixed","fixed","c60-h48",0,-8.44403601126397e-05,0.000224497309950873,0.0100398249163198,0.00015878327100537,0.00997100468434424,1.30804240435774e-05,-0.685472431533474,1.57608745489307,0.000100754815482597,3.30961548676984e-06,0.9485,0.00494205169944629,0.9485,0.00494205169944629,0.9485,0.00494205169944629,0.0515,0.00494205169944629,1,0,0,0.0389876513169132,1295.42243456666,910.416125460137,6.85689548480723,2000,2000
19,4000,35,"below",16,"homogeneous","fixed","fixed","c60-h48",-0.00665400462408062,-0.000479838539859463,0.000219080201215688,0.00979756444885223,0.000154951838706459,0.00974873467950987,2.89731097597744e-05,-0.498386814368756,1.60119635568983,9.61745180191828e-05,3.16817225912376e-06,0.95,0.00487339717240448,0.95,0.00487339717240448,0.946,0.00505390937789747,0.0925,0.00647857044416436,1,0,0,0.0378223026673427,648.706706655131,453.304174586994,6.42872294437107,2000,2000
20,8000,35,"below",16,"homogeneous","fixed","fixed","c60-h48",-0.00335786077638612,-0.000100049224553245,0.000108034885708203,0.00483146696769923,7.641130550381e-05,0.00491582875517135,1.52338166724722e-05,1.74609053598256,1.63974941171612,2.33414113707725e-05,7.5795478351822e-07,0.949,0.00491929873051028,0.949,0.00491929873051028,0.9505,0.0048502448391808,0.081,0.00610077863882964,1,0,0,0.019064272515121,1298.11458813586,907.76105320348,6.81469095466521,2000,2000
21,4000,70,"boundary",16,"homogeneous","fixed","fixed","c60-h48",-0.0130524603110041,-0.000204363505847904,0.000297404393472443,0.0133003288122296,0.000210349257268412,0.0135218089544103,2.67331087579943e-05,1.66522305807295,1.62038463011448,0.000176852061582689,5.49841079071684e-06,0.944,0.00514120608417908,0.944,0.00514120608417908,0.943,0.00518415856238985,0.146,0.00789569502957149,1,0,0,0.0527710408925959,648.463327634176,453.585754075074,6.3729908302304,2000,2000
22,8000,70,"boundary",16,"homogeneous","fixed","fixed","c60-h48",-0.00665182578463732,1.65447491806798e-05,0.000154461130774449,0.00690771176586306,0.000109247828372297,0.00687069334536054,1.44848681474295e-05,-0.535899900824766,1.58697337266797,4.76928973280484e-05,1.51724968348545e-06,0.9445,0.00511955808639769,0.9445,0.00511955808639769,0.945,0.00509779364038993,0.146,0.00789569502957149,1,0,0,0.0266425495630993,1296.91805406407,907.041304944564,6.82587574686672,2000,2000
23,4000,140,"above",16,"homogeneous","fixed","fixed","c60-h48",-0.0251579792478823,0.000761521523561513,0.000422839219634387,0.0189099447731091,0.000299067255717222,0.0183845670937451,2.34056239150224e-05,-2.77831419217611,1.54256804931686,0.000357987133347222,1.19343361371534e-05,0.9415,0.0052477495176504,0.9415,0.0052477495176504,0.9445,0.00511955808639769,0.253,0.00972087958983136,1,0,0,0.0719894576866423,648.469098792835,453.728074193377,6.3508264084699,2000,2000
24,8000,140,"above",16,"homogeneous","fixed","fixed","c60-h48",-0.0130671926974671,-7.71323906525525e-05,0.000215001376141893,0.00961515384618547,0.000152066952525784,0.00955377061684763,1.36797746545642e-05,-0.638400906733183,1.57786506982989,9.24109072997601e-05,2.8617942605615e-06,0.947,0.0050095408971282,0.947,0.0050095408971282,0.9465,0.00503178646208283,0.2645,0.00986254911267873,1,0,0,0.0372763006824293,1299.63767229426,906.811872621443,6.85933762580637,2000,2000
31,4000,35,"below",16,"heterogeneous","fixed","fixed","c60-h48",-6.52479650004242e-05,-0.000118400093790275,0.000226750660100263,0.0101405977985427,0.000160377028665624,0.0101447367223542,2.80633226803278e-05,0.0408153828174163,1.60620021408344,0.000102794326432164,3.15367895317844e-06,0.95,0.00487339717240448,0.95,0.00487339717240448,0.9475,0.00498717104178311,0.051,0.00491929873051027,1,0,0,0.0393937390666829,648.495717926083,453.669171084863,6.38865145547231,2000,2000
32,8000,35,"below",16,"heterogeneous","fixed","fixed","c60-h48",-2.50509928857775e-05,-3.56412733377756e-05,0.000112535117941292,0.0050327234714537,7.95942460673745e-05,0.00511304009256167,1.44830833982122e-05,1.59588782422766,1.63234135103771,2.53169116877161e-05,8.40362989647147e-07,0.951,0.00482695556225661,0.951,0.00482695556225661,0.951,0.00482695556225661,0.0495,0.0048502448391808,1,0,0,0.0198921112779171,1297.53273083929,906.925705987563,6.84060750372273,2000,2000
33,4000,70,"boundary",16,"heterogeneous","fixed","fixed","c60-h48",-0.000191528973499132,-0.000215053234760488,0.000319378639755128,0.0142830469810777,0.000225891281818309,0.0140899256149703,2.71821032628056e-05,-1.35210201550982,1.57171465991353,0.000203949676241921,6.453273772132e-06,0.942,0.00522666241496426,0.942,0.00522666241496426,0.941,0.00526872849936301,0.059,0.00526872849936301,1,0,0,0.0550418257118885,648.021622079201,452.70520269744,6.37520369259183,2000,2000
34,8000,70,"boundary",16,"heterogeneous","fixed","fixed","c60-h48",-6.60794235633373e-05,-0.000183959662739198,0.000161555022552322,0.00722496025067009,0.000114265221858639,0.00717826872204343,1.40891815391534e-05,-0.646253086614956,1.58336793495599,5.22077917559662e-05,1.67767381032818e-06,0.946,0.00505390937789747,0.946,0.00505390937789747,0.9435,0.00516273909857936,0.0545,0.00507591124823908,1,0,0,0.0280174316829969,1296.78349697536,906.243624599548,6.81739950734932,2000,2000
35,4000,140,"above",16,"heterogeneous","fixed","fixed","c60-h48",-0.000534013052573834,-0.000471562897655042,0.000419166738543978,0.0187457064258243,0.000296469769981788,0.0191418044099388,2.32671217811676e-05,2.1130064406047,1.61971487176879,0.000351448180214935,1.11075731574162e-05,0.9525,0.00475624589355933,0.9525,0.00475624589355933,0.953,0.00473238840333293,0.047,0.00473238840333293,1,0,0,0.0749478889639079,648.647464485861,453.108544745185,6.39113359010972,2000,2000
36,8000,140,"above",16,"heterogeneous","fixed","fixed","c60-h48",-0.000185700677183667,0.000300633040020606,0.000220894722032991,0.00987871228673378,0.000156235219566309,0.00993642406728485,1.33320604245519e-05,0.584203475877865,1.59648811364515,9.76305421905946e-05,3.08121503406435e-06,0.944,0.00514120608417908,0.944,0.00514120608417908,0.945,0.00509779364038993,0.0545,0.00507591124823908,1,0,0,0.0389089963793903,1296.85503914084,907.999248701675,6.85420469158587,2000,2000
7,4000,35,"below",16,"null","fixed","fixed","c60-h60",0,0.000273370652227462,0.000253214705287734,0.011324105878519,0.000179094614456831,0.011260005838957,2.82986589400215e-05,-0.566049454585127,1.59231369530363,0.000128245987774434,3.94764591806199e-06,0.9395,0.0053310294503032,0.9395,0.0053310294503032,0.9415,0.0052477495176504,0.0605,0.0053310294503032,1,0,0,0.0439050245739458,648.928859928194,452.892013195168,6.45473353450439,2000,2000
8,8000,35,"below",16,"null","fixed","fixed","c60-h60",0,-0.000106961220889182,0.000130895315347733,0.00585381646107606,9.25801130300433e-05,0.00574170199588292,1.4888756579566e-05,-1.91523710964673,1.57195692725699,3.42614742791592e-05,1.13281655709259e-06,0.9385,0.00537204569973116,0.9385,0.00537204569973116,0.94,0.0053103672189407,0.0615,0.00537204569973116,1,0,0,0.0223411141073496,1296.10817379016,907.48385438768,6.85268254051493,2000,2000
9,4000,70,"boundary",16,"null","fixed","fixed","c60-h60",0,0.000199872264429663,0.000349208644826638,0.0156170853632588,0.000246989555915213,0.015556392781153,2.65276613855135e-05,-0.38862938054105,1.58451906802797,0.00024381135748778,7.80929179398878e-06,0.9465,0.00503178646208283,0.9465,0.00503178646208283,0.9435,0.00516273909857936,0.0535,0.00503178646208283,1,0,0,0.0608799759672683,648.998875686315,453.231446153243,6.42553951294107,2000,2000
10,8000,70,"boundary",16,"null","fixed","fixed","c60-h60",0,3.04620741654167e-05,0.000178289515114217,0.00797334950941731,0.000126101254406976,0.00799121965974868,1.36139725641411e-05,0.224123504309759,1.59424850588922,6.35434431860881e-05,1.98861494586669e-06,0.954,0.00468422885862764,0.954,0.00468422885862764,0.9535,0.00470838348055891,0.046,0.00468422885862764,1,0,0,0.0311943361202317,1297.25538295401,907.890499872058,6.86903852615152,2000,2000
11,4000,140,"above",16,"null","fixed","fixed","c60-h60",0,0.000707082370204287,0.000462773442881489,0.0206958575292925,0.000327312077865073,0.020954497304287,2.17620818390989e-05,1.249717604735,1.60474774477888,0.000428604325091591,1.32062278888719e-05,0.9465,0.00503178646208283,0.9465,0.00503178646208283,0.9495,0.00489641450451246,0.0535,0.00503178646208283,1,0,0,0.0819993849578737,647.958598444532,451.673050375728,6.37915831156587,2000,2000
12,8000,140,"above",16,"null","fixed","fixed","c60-h60",0,-0.00012073214020513,0.000245559711832989,0.0109817641638765,0.000173680362942925,0.0110140580167215,1.26095852318342e-05,0.294067987284174,1.59033559948632,0.000120553420828604,3.90053232395476e-06,0.9495,0.00489641450451246,0.9495,0.00489641450451246,0.9485,0.00494205169944629,0.0505,0.00489641450451246,1,0,0,0.0430694647205369,1295.42243456666,910.416125460137,6.85689548480723,2000,2000
19,4000,35,"below",16,"homogeneous","fixed","fixed","c60-h60",-0.00825699659702835,-0.000512977609704083,0.000246538847468169,0.0110255524406655,0.000174372889543559,0.0108349109207578,2.85581298299847e-05,-1.72908814260037,1.57562398331955,0.000121765171246613,4.07195294492644e-06,0.9435,0.00516273909857936,0.9435,0.00516273909857936,0.9425,0.00520546587732549,0.1045,0.00684031249286171,1,0,0,0.0420919340552036,648.706706655131,453.304174586994,6.42872294437107,2000,2000
20,8000,35,"below",16,"homogeneous","fixed","fixed","c60-h60",-0.00418207008492532,-6.46454186132643e-05,0.000123842409661292,0.0055384009300005,8.75917083349909e-05,0.00547227758396477,1.53440007213746e-05,-1.19390681302156,1.5870215074148,3.06627269491473e-05,9.8413874461012e-07,0.9385,0.00537204569973116,0.9385,0.00537204569973116,0.9355,0.00549271107923947,0.096,0.00658726043207645,1,0,0,0.0212464554543548,1298.11458813586,907.76105320348,6.81469095466521,2000,2000
21,4000,70,"boundary",16,"homogeneous","fixed","fixed","c60-h60",-0.0160782292575361,5.0921898358189e-05,0.000332228267348892,0.0148576997967819,0.000234979612992457,0.0149308274829778,2.6273673602546e-05,0.492187129878996,1.59912590042952,0.000220643460669401,7.06289454909753e-06,0.945,0.00509779364038993,0.945,0.00509779364038993,0.944,0.00514120608417908,0.1645,0.0082897451709929,1,0,0,0.0582926398256713,648.463327634176,453.585754075074,6.3729908302304,2000,2000
22,8000,70,"boundary",16,"homogeneous","fixed","fixed","c60-h60",-0.00825432331465037,-1.53840003300109e-05,0.00017299802950975,0.00773670707914631,0.000122358673291242,0.00763953682162356,1.42896659802691e-05,-1.2559640235658,1.57255508814438,5.98269447777644e-05,1.95144641081101e-06,0.9425,0.00520546587732549,0.9425,0.00520546587732549,0.943,0.00518415856238985,0.174,0.00847714574606335,1,0,0,0.0297998194894734,1296.91805406407,907.041304944564,6.82587574686672,2000,2000
23,4000,140,"above",16,"homogeneous","fixed","fixed","c60-h60",-0.0305293212028827,0.000718616802177133,0.000459960706561836,0.020570068137022,0.000325322675526988,0.020105631671837,2.22148754890942e-05,-2.25782657641797,1.54959383946241,0.000423432549418518,1.3964280950608e-05,0.942,0.00522666241496426,0.942,0.00522666241496426,0.9395,0.0053310294503032,0.306,0.0103044650516172,1,0,0,0.0786911359030122,648.469098792835,453.728074193377,6.3508264084699,2000,2000
24,8000,140,"above",16,"homogeneous","fixed","fixed","c60-h60",-0.0160959378863625,1.83258217450403e-05,0.000237689975626202,0.0106298188614091,0.000168114227397085,0.0105594087274199,1.33333801820971e-05,-0.662383196809346,1.5760578242696,0.000112936888337598,3.55702357190586e-06,0.949,0.00491929873051028,0.949,0.00491929873051028,0.949,0.00491929873051028,0.3285,0.010502089077893,1,0,0,0.0412503328533015,1299.63767229426,906.811872621443,6.85933762580637,2000,2000
31,4000,35,"below",16,"heterogeneous","fixed","fixed","c60-h60",-8.82061245508908e-05,6.27286925185223e-05,0.000251821228991419,0.0112617877240471,0.000178109031491735,0.0112585796990597,2.72345049738378e-05,-0.0284859301739382,1.59947119370991,0.000126768383698992,3.88709860265651e-06,0.9465,0.00503178646208283,0.9465,0.00503178646208283,0.947,0.0050095408971282,0.0535,0.00503178646208283,1,0,0,0.0437363017343395,648.495717926083,453.669171084863,6.38865145547231,2000,2000
32,8000,35,"below",16,"heterogeneous","fixed","fixed","c60-h60",-3.30531246885736e-05,-8.63365055409411e-05,0.000125540054588994,0.00561432191920051,8.87924247920623e-05,0.00569460518450478,1.43251758104144e-05,1.42997260327586,1.62431527976303,3.15123042992981e-05,1.02936784077172e-06,0.9505,0.0048502448391808,0.9505,0.0048502448391808,0.9495,0.00489641450451246,0.05,0.00487339717240448,1,0,0,0.0221695183244721,1297.53273083929,906.925705987563,6.84060750372273,2000,2000
33,4000,70,"boundary",16,"heterogeneous","fixed","fixed","c60-h60",-0.000263539281910544,-0.000288200554194681,0.000350149757960635,0.0156591732221016,0.000247655189823409,0.015576387809809,2.67946038990414e-05,-0.528670390948449,1.5824515295754,0.000245170160706221,7.70917880789328e-06,0.952,0.00477995815881269,0.952,0.00477995815881269,0.9505,0.0048502448391808,0.049,0.00482695556225661,1,0,0,0.0607625366253776,648.021622079201,452.70520269744,6.37520369259183,2000,2000
34,8000,70,"boundary",16,"heterogeneous","fixed","fixed","c60-h60",-8.92207139133114e-05,-0.000179238071465439,0.000177530907336984,0.00793942353825423,0.000125564703548947,0.00797449826393827,1.38823433704508e-05,0.441779249022778,1.59811549266588,6.30350551829882e-05,1.99589807380592e-06,0.9525,0.00475624589355933,0.9525,0.00475624589355933,0.951,0.00482695556225661,0.0475,0.00475624589355933,1,0,0,0.031177990572789,1296.78349697536,906.243624599548,6.81739950734932,2000,2000
35,4000,140,"above",16,"heterogeneous","fixed","fixed","c60-h60",-0.000750310101979845,-0.00081691755425823,0.000462071951209832,0.020664485868023,0.000326815924293197,0.0209027098773502,2.21594841505829e-05,1.15281846762909,1.60335649885298,0.000427474819992083,1.33608086897167e-05,0.9565,0.00456112650559048,0.9565,0.00456112650559048,0.957,0.00453602248671675,0.045,0.00463546114210873,1,0,0,0.081938043632834,648.647464485861,453.108544745185,6.39113359010972,2000,2000
36,8000,140,"above",16,"heterogeneous","fixed","fixed","c60-h60",-0.000256484886897224,0.000231050209430726,0.000246777615344426,0.0110362304647086,0.000174541766152422,0.0109762016127007,1.2853942602231e-05,-0.543925321240135,1.57723812750104,0.000121790867878006,3.93705969737205e-06,0.945,0.00509779364038993,0.945,0.00509779364038993,0.9465,0.00503178646208283,0.0535,0.00503178646208283,1,0,0,0.042928129427269,1296.85503914084,907.999248701675,6.85420469158587,2000,2000
1,4000,35,"below",4,"null","naive","effect_seeking",NA,0,-0.00285186546029427,0.000142073507841331,0.0063537204267013,0.000100486265528928,0.00659864588416396,2.96929774264826e-05,3.85483529356072,1.70768994030135,4.84827149826704e-05,1.69062648132023e-06,0.942,0.00522666241496426,0.942,0.00522666241496426,0.9545,0.00465992220965114,0.058,0.00522666241496426,1,0,0,0.0247231142803772,1141.69559360574,1194.74211921815,6.61482278419719,2000,2000
2,8000,35,"below",4,"null","naive","effect_seeking",NA,0,-0.00138080211734735,6.95430659503236e-05,0.00311006045657349,4.91866717233758e-05,0.003276869620553,1.49299165641292e-05,5.3635344492079,1.73413009353247,1.15742542927913e-05,3.74470998829702e-07,0.949,0.00491929873051028,0.949,0.00491929873051028,0.9645,0.00413761706783023,0.051,0.00491929873051027,1,0,0,0.0123707992819886,2360.4834984655,2469.92514904518,7.0036030962878,2000,2000
3,4000,70,"boundary",4,"null","naive","effect_seeking",NA,0,-0.00381795376340578,0.000190814323572722,0.00853347597178493,0.000134959846325927,0.00902916545177369,3.64336888813323e-05,5.80876399755161,1.72700903481763,8.73605729944546e-05,2.98773960622705e-06,0.946,0.00505390937789747,0.946,0.00505390937789747,0.9645,0.00413761706783023,0.054,0.00505390937789747,1,0,0,0.0343480918424254,1143.38967976344,1205.31189088955,6.60207251104717,2000,2000
4,8000,70,"boundary",4,"null","naive","effect_seeking",NA,0,-0.00197146273921167,9.861790043859e-05,0.00441032658357987,6.97508260332735e-05,0.00460247338806364,1.90908161932573e-05,4.35674775648485,1.70625844494139,2.33279204156444e-05,8.21526310285162e-07,0.948,0.00496467521596328,0.948,0.00496467521596328,0.9585,0.00445969449626317,0.052,0.00496467521596328,1,0,0,0.0174845500342,2358.64503126361,2483.70405006882,6.99738358758509,2000,2000
5,4000,140,"above",4,"null","naive","effect_seeking",NA,0,-0.00567814969564891,0.000267937467670153,0.0119825278285923,0.000189507783192914,0.0123141594235602,4.57072848148741e-05,2.7676263281996,1.66946720123595,0.000175750566642605,6.01821596602596e-06,0.939,0.00535158854920668,0.939,0.00535158854920668,0.9535,0.00470838348055891,0.061,0.00535158854920667,1,0,0,0.0470612792987152,1158.24887630434,1216.54505247771,6.59634432256174,2000,2000
6,8000,140,"above",4,"null","naive","effect_seeking",NA,0,-0.00288593703453461,0.000133932718872154,0.0059896532761901,9.47284188029556e-05,0.00638304391513172,2.49318928159995e-05,6.56783658088211,1.73604716747411,4.41866409630887e-05,1.47460320780742e-06,0.935,0.00551248582764618,0.935,0.00551248582764618,0.963,0.00422084114839685,0.065,0.00551248582764618,1,0,0,0.0243720944413125,2357.1925402696,2481.93425660115,6.99212762425823,2000,2000
7,4000,35,"below",16,"null","naive","effect_seeking",NA,0,-0.00546682910602839,0.000145228919526248,0.00649483472719074,0.000102718036541282,0.0072146198527049,6.38271393852406e-05,11.0824240453843,2.01299311737494,7.20480071689752e-05,2.68009788758491e-06,0.912,0.00633466652634533,0.912,0.00633466652634533,0.9625,0.00424816136699161,0.088,0.00633466652634533,1,0,0,0.0238879242111795,999.591524885125,869.949116919457,6.86149960357134,2000,2000
8,8000,35,"below",16,"null","naive","effect_seeking",NA,0,-0.00284559095113577,7.6624629784133e-05,0.00342675761896153,5.41953458567614e-05,0.0036326569799976,3.41155207071187e-05,6.00857673436708,1.94987310020091,1.98341843064071e-05,8.38471379152505e-07,0.898,0.00676742196113114,0.898,0.00676742196113114,0.9525,0.00475624589355933,0.102,0.00676742196113114,1,0,0,0.0115327732004751,2019.52113862174,1779.68922953434,7.28211184224437,2000,2000
9,4000,70,"boundary",16,"null","naive","effect_seeking",NA,0,-0.00790881892638277,0.000205511651108449,0.00919076044093424,0.000145355025411462,0.0099481332212958,8.29475804055298e-05,8.24058885256476,1.93519940941786,0.000146977259254211,5.66087458526498e-06,0.903,0.00661781686056663,0.903,0.00661781686056663,0.96,0.00438178046004133,0.097,0.00661781686056663,1,0,0,0.0332134790506902,995.087863863019,872.273371909232,6.84138826048627,2000,2000
10,8000,70,"boundary",16,"null","naive","effect_seeking",NA,0,-0.00402818740043309,0.000102505846064102,0.00458420079780925,7.25007063059814e-05,0.00504307867695165,4.29154992431219e-05,10.0099864596179,1.97571764110358,3.72306832391656e-05,1.38258545611195e-06,0.8995,0.00672308522926789,0.8995,0.00672308522926789,0.9615,0.00430219420761081,0.1005,0.00672308522926788,1,0,0,0.016658225843624,1989.7882462799,1738.08193449135,7.2716369639238,2000,2000
11,4000,140,"above",16,"null","naive","effect_seeking",NA,0,-0.0107439646226695,0.000269817228344006,0.0120665932815556,0.000190837307134947,0.0134149369883982,0.000103246171769636,11.1741870748523,1.9553987975401,0.000260962647898945,8.93098862530253e-06,0.8955,0.00684031249286171,0.8955,0.00684031249286171,0.961,0.00432891441356837,0.1045,0.00684031249286171,1,0,0,0.0460194572385702,1004.05835754597,879.530235798307,6.83125326318521,2000,2000
12,8000,140,"above",16,"null","naive","effect_seeking",NA,0,-0.0056810947648467,0.000146645915698173,0.00655820472247639,0.00010372025472924,0.00710407104613926,5.52139536940114e-05,8.32341085346227,1.90886469293544,7.52633818844893e-05,2.73782457741382e-06,0.8945,0.00686912476229687,0.8945,0.00686912476229687,0.9565,0.00456112650559048,0.1055,0.00686912476229687,1,0,0,0.0242763333843896,1970.44487556809,1721.52710825472,7.23631712133036,2000,2000
13,4000,35,"below",4,"homogeneous","naive","effect_seeking",NA,-0.00567747849394479,-0.00241234354312257,0.000133943128995766,0.00599011883107113,9.47357817129125e-05,0.00620585000731826,2.76953494754132e-05,3.60145069456932,1.70247629615406,4.16829842185929e-05,1.5353300174064e-06,0.9535,0.00470838348055891,0.9535,0.00470838348055891,0.9535,0.00470838348055891,0.243,0.00959038581080031,1,0,0,0.0232991431620543,1190.31377659791,1251.16809406891,6.6098873155725,2000,2000
14,8000,35,"below",4,"homogeneous","naive","effect_seeking",NA,-0.00287039840354258,-0.00117757047031024,6.73406209746877e-05,0.003011564122929,4.76289184589054e-05,0.00313109404637605,1.39683226375682e-05,3.96903132617996,1.70847106461985,1.04516559198265e-05,3.56148122275973e-07,0.9505,0.0048502448391808,0.9505,0.0048502448391808,0.9525,0.00475624589355933,0.237,0.00950870653664314,1,0,0,0.0118424964815818,2401.71825499119,2533.44525999056,7.00772721825975,2000,2000
15,4000,70,"boundary",4,"homogeneous","naive","effect_seeking",NA,-0.0113553899468084,-0.0035197332393194,0.000182678252024479,0.00816961979075148,0.00012920533615453,0.008636973683152,3.29494202204525e-05,5.72063210248284,1.71996365494844,7.90978382576454e-05,2.66821958066458e-06,0.9505,0.0048502448391808,0.9505,0.0048502448391808,0.965,0.00410944035119139,0.4155,0.0110195224488178,1,0,0,0.032721237385579,1197.73738736867,1262.11388425972,6.5697562864476,2000,2000
16,8000,70,"boundary",4,"homogeneous","naive","effect_seeking",NA,-0.0058221658499879,-0.0017903221560683,9.36472003911753e-05,0.00418803011954426,6.62351312889233e-05,0.00443547472250608,1.7299681336521e-05,5.90837687167227,1.72516066728237,2.07360799065778e-05,6.92303078575049e-07,0.949,0.00491929873051028,0.949,0.00491929873051028,0.969,0.0038754999677461,0.4155,0.0110195224488178,1,0,0,0.0167787748628834,2406.28259473319,2535.3666265742,7.02531045764812,2000,2000
17,4000,140,"above",4,"homogeneous","naive","effect_seeking",NA,-0.0224041040190338,-0.00405440183728878,0.000250950930287388,0.0112228667827882,0.000177493483470211,0.0117789009326057,3.86251646147745e-05,4.95447518516627,1.69519542842334,0.00014232793671301,4.81255432610672e-06,0.9525,0.00475624589355933,0.9525,0.00475624589355933,0.9545,0.00465992220965114,0.644,0.0107066334578148,1,0,0,0.0447679731926734,1203.45202060425,1267.0521707001,6.62681578872884,2000,2000
18,8000,140,"above",4,"homogeneous","naive","effect_seeking",NA,-0.0116213429768268,-0.00216257067030309,0.000130859635229117,0.00585222079766262,9.25548770664361e-05,0.00608949629577124,2.08523906468535e-05,4.05445225517456,1.68378957745519,3.89080759245177e-05,1.34957738110289e-06,0.948,0.00496467521596328,0.948,0.00496467521596328,0.96,0.00438178046004133,0.639,0.0107396228984076,1,0,0,0.0231966834998179,2415.74101760934,2552.47256808682,7.04589558977123,2000,2000
19,4000,35,"below",16,"homogeneous","naive","effect_seeking",NA,-0.00511544409734283,-0.0049261977350238,0.000138024035566557,0.0061726225211134,9.76221401023261e-05,0.00652758341097056,6.12883532634297e-05,5.75056855725455,1.94500824073063,6.2349642278316e-05,2.80175911635591e-06,0.9225,0.00597886904021153,0.9225,0.00597886904021153,0.952,0.00477995815881269,0.3545,0.0106964889099181,1,0,0,0.0209633156921616,1235.06005659679,1294.24439453016,7.04444450641822,2000,2000
20,8000,35,"below",16,"homogeneous","naive","effect_seeking",NA,-0.00259806275708731,-0.00238656336778038,6.64037344522642e-05,0.00296966528390215,4.69662739638608e-05,0.00329251036324011,3.03731814681908e-05,10.8714298910397,2.02995995669514,1.45101871508956e-05,5.71728891397442e-07,0.9235,0.00594338918463195,0.9235,0.00594338918463195,0.9605,0.00435544199823623,0.353,0.0106862294566419,1,0,0,0.0106575201658589,2449.2350273905,2584.04639178738,7.41505179486846,2000,2000
21,4000,70,"boundary",16,"homogeneous","naive","effect_seeking",NA,-0.0101213769437986,-0.00623838935410377,0.00017968917047737,0.00803594400015897,0.000127091207724859,0.00854903471903215,7.31600447652607e-05,6.38494642151599,1.9130345423316,0.000103461609509099,3.93406295795774e-06,0.914,0.00626913072124038,0.914,0.00626913072124038,0.9535,0.00470838348055891,0.525,0.0111663557170636,1,0,0,0.0285443846982597,1256.59928344181,1340.64793884035,7.03890456658685,2000,2000
22,8000,70,"boundary",16,"homogeneous","naive","effect_seeking",NA,-0.00525307337921821,-0.00309506795045786,9.40111468383831e-05,0.00420430629946678,6.64925446511194e-05,0.00444115292572685,3.86866529136297e-05,5.63342937906555,1.90727784067453,2.72467989819576e-05,1.16536769431432e-06,0.924,0.0059255379502624,0.924,0.0059255379502624,0.9605,0.00435544199823623,0.5165,0.0111742505341522,1,0,0,0.0147209085224635,2474.45912887251,2614.88142046887,7.47130293406848,2000,2000
23,4000,140,"above",16,"homogeneous","naive","effect_seeking",NA,-0.0202573457725223,-0.00764888144009305,0.000252321410552512,0.011284156523481,0.000178462801719023,0.0113832992674754,8.55024274914017e-05,0.878601283029989,1.76622108256349,0.000185773909636796,7.9849312916935e-06,0.9135,0.00628560856242258,0.9135,0.00628560856242258,0.9595,0.00440793318914885,0.7355,0.00986254911267873,1,0,0,0.0391303071011092,1293.94843814622,1589.57281020355,7.14397862229292,2000,2000
24,8000,140,"above",16,"homogeneous","naive","effect_seeking",NA,-0.0105358120369852,-0.00395202693981242,0.000125532593184147,0.00561398823503157,8.87871474626002e-05,0.00591101106331643,4.55976168619685e-05,5.29076328360321,1.85273170897751,4.71196224041246e-05,2.04343314877149e-06,0.928,0.0057799653978203,0.928,0.0057799653978203,0.9635,0.0041933131292571,0.7535,0.0096368498483685,1,0,0,0.0202738591381368,2603.47586611629,3215.77567900659,7.54411189007994,2000,2000
25,4000,35,"below",4,"heterogeneous","naive","effect_seeking",NA,-0.0020160699195472,-0.00254695707686836,0.00012852569893058,0.00574784399328899,9.09041221425538e-05,0.00615437226249789,2.69574127624396e-05,7.072708822361,1.75713870536628,3.95081820673125e-05,1.32986227100084e-06,0.9465,0.00503178646208283,0.9465,0.00503178646208283,0.959,0.00443390347211123,0.0935,0.00650990591329859,1,0,0,0.0236035518827422,1201.90595804722,1265.75798548453,6.66414758494047,2000,2000
26,8000,35,"below",4,"heterogeneous","naive","effect_seeking",NA,-0.00100038764833968,-0.00132666387485599,6.79743500040713e-05,0.00303990534670933,4.8077144623569e-05,0.00310909509255386,1.41052386346653e-05,2.27604934868864,1.68276681281117,1.09964410415414e-05,4.31499791087968e-07,0.948,0.00496467521596328,0.948,0.00496467521596328,0.951,0.00482695556225661,0.0915,0.00644700511865781,1,0,0,0.0118393628969352,2412.88423544288,2543.47729054206,7.0625747383872,2000,2000
27,4000,70,"boundary",4,"heterogeneous","naive","effect_seeking",NA,-0.00411421676707432,-0.00345105390069309,0.000182801828493018,0.00817514629843293,0.000129292739767064,0.0084431247663347,3.30388526305542e-05,3.27796541027208,1.68263062441398,7.87093735177702e-05,2.74705325370978e-06,0.9465,0.00503178646208283,0.9465,0.00503178646208283,0.957,0.00453602248671675,0.1335,0.00760518737441754,1,0,0,0.0328008452548857,1207.25059379727,1272.20310544013,6.68206478668424,2000,2000
28,8000,70,"boundary",4,"heterogeneous","naive","effect_seeking",NA,-0.00208119603009956,-0.00167851852916281,9.00843580844963e-05,0.00402869496772733,6.37151912697996e-05,0.00431067488281184,1.70921861788801e-05,6.99928679990329,1.74460343895714,1.90396924041629e-05,6.63879121267956e-07,0.9515,0.00480352734977121,0.9515,0.00480352734977121,0.9665,0.00402354010791492,0.116,0.00716044691342656,1,0,0,0.0167260501289582,2418.25249770635,2553.75457842405,7.10043730937839,2000,2000
29,4000,140,"above",4,"heterogeneous","naive","effect_seeking",NA,-0.00869447109331417,-0.00409603839700444,0.000243598416068567,0.0108940523508118,0.000172293170566535,0.0114049609586288,3.71787505573947e-05,4.68979394778528,1.6905111665265,0.000135398566983653,4.38029489356571e-06,0.946,0.00505390937789747,0.946,0.00505390937789747,0.9625,0.00424816136699161,0.1885,0.00874550598879219,1,0,0,0.0449512830159186,1211.81137451274,1276.38262292339,6.69216588480146,2000,2000
30,8000,140,"above",4,"heterogeneous","naive","effect_seeking",NA,-0.00438600882428121,-0.00211669161107323,0.000123571655065116,0.0055262924163551,8.74002080429386e-05,0.00587428645875594,1.94831760930249e-05,6.2970616858953,1.71769435155591,3.50050212935161e-05,1.15907013077501e-06,0.9495,0.00489641450451246,0.9495,0.00489641450451246,0.9665,0.00402354010791492,0.1835,0.00865528018032923,1,0,0,0.0233307779077041,2431.19330363089,2564.09807538411,7.09477312002796,2000,2000
31,4000,35,"below",16,"heterogeneous","naive","effect_seeking",NA,-0.00177734796352482,-0.00439213303689108,0.000129234677069751,0.00577955045956392,9.14055707703053e-05,0.00613573691304239,5.87202416391463e-05,6.16287470747932,1.96247416063686,5.26773345266383e-05,2.18893701179538e-06,0.923,0.00596116599332714,0.923,0.00596116599332714,0.9505,0.0048502448391808,0.159,0.00817676586432558,1,0,0,0.0202631132213675,1283.21169266485,1572.97912179195,7.12644865131384,2000,2000
32,8000,35,"below",16,"heterogeneous","naive","effect_seeking",NA,-0.000886663521185837,-0.00226663247859012,6.32744762427666e-05,0.00282972060239043,4.47530008763875e-05,0.00303034742750078,2.94561284297548e-05,7.08998708002699,1.98798608037306,1.31409378212487e-05,5.95430240891032e-07,0.9175,0.0061519813881383,0.9175,0.0061519813881383,0.9605,0.00435544199823623,0.1655,0.00830992629329527,1,0,0,0.0101281974786399,2627.637515475,3246.68615884439,7.61351988657306,2000,2000
33,4000,70,"boundary",16,"heterogeneous","naive","effect_seeking",NA,-0.00393036131227799,-0.00571867663261592,0.000178841306077027,0.00799802635146156,0.000126491527118953,0.00802978854519779,7.21827368610861e-05,0.39712539494734,1.826383014548,9.66397037343417e-05,4.17338785996049e-06,0.912,0.00633466652634533,0.912,0.00633466652634533,0.955,0.00463546114210873,0.2285,0.00938849695105665,1,0,0,0.0278379699194892,1320.56061386273,1630.45917744558,7.24145650437094,2000,2000
34,8000,70,"boundary",16,"heterogeneous","naive","effect_seeking",NA,-0.00195427587865105,-0.00290326195664009,8.80432984609937e-05,0.00393741600644169,6.22715832220789e-05,0.00400076196270723,3.55116614633967e-05,1.60882050974314,1.84277176557794,2.3924423174253e-05,1.03758088370597e-06,0.921,0.00603154209137265,0.921,0.00603154209137265,0.954,0.00468422885862764,0.221,0.00927790385809209,1,0,0,0.0140016154922617,2660.16153763208,3288.68172745097,7.67396964071264,2000,2000
35,4000,140,"above",16,"heterogeneous","naive","effect_seeking",NA,-0.00893648013237938,-0.00671484757315916,0.000227444363009671,0.0101716211357753,0.000160867673373509,0.0102730624531246,7.21782128438591e-05,0.997297441531497,1.74783489165182,0.000148499323522246,5.94822416005929e-06,0.9215,0.00601405645134796,0.9215,0.00601405645134796,0.9615,0.00430219420761081,0.339,0.0105848712793307,1,0,0,0.038224926797963,1338.48854349095,1649.11438431229,7.38116238504767,2000,2000
36,8000,140,"above",16,"heterogeneous","naive","effect_seeking",NA,-0.00445155685415281,-0.00317057254414007,0.000115754618581768,0.00517670391716788,8.18713461484871e-05,0.00520228348319077,3.77579415889677e-05,0.494128434467078,1.74872194456087,3.68373945719531e-05,1.56353993361497e-06,0.9215,0.00601405645134796,0.9215,0.00601405645134796,0.956,0.00458606585212206,0.3125,0.0103644524698606,1,0,0,0.0195096796727268,2687.77956520873,3316.21487698061,7.87421316747025,2000,2000
1,4000,35,"below",4,"null","naive","outcome_blinded",NA,0,-8.31327736617802e-05,0.000154389338919525,0.00690450113650625,0.000109197051168958,0.00673013618660783,2.04438911263991e-05,-2.5253808559245,1.56977257044827,4.76552109341007e-05,1.64816719857616e-06,0.942,0.00522666241496426,0.942,0.00522666241496426,0.9415,0.0052477495176504,0.058,0.00522666241496426,1,0,0,0.025392387144839,1207.89382238722,1273.91891599498,6.6814803897801,2000,2000
2,8000,35,"below",4,"null","naive","outcome_blinded",NA,0,4.40610840029735e-05,7.56850286194977e-05,0.00338473737744428,5.3530781339735e-05,0.00340846030668786,1.02927609241852e-05,0.700879465617432,1.62139068638976,1.14526602698347e-05,3.45216727309053e-07,0.9475,0.00498717104178311,0.9475,0.00498717104178311,0.948,0.00496467521596328,0.0525,0.00498717104178311,1,0,0,0.0128772526674093,2427.8021009837,2553.84799968596,7.06104018748733,2000,2000
3,4000,70,"boundary",4,"null","naive","outcome_blinded",NA,0,0.000109597515995781,0.000208537866302889,0.00932609689872043,0.000147495417861796,0.00936060646238132,2.53283954916789e-05,0.370032222865091,1.61045174510726,8.6944606938153e-05,2.91117491252097e-06,0.9535,0.00470838348055891,0.9535,0.00470838348055891,0.9525,0.00475624589355933,0.0465,0.00470838348055891,1,0,0,0.0350883414145929,1205.4983204359,1273.3558811622,6.69343293425685,2000,2000
4,8000,70,"boundary",4,"null","naive","outcome_blinded",NA,0,-2.76497829523255e-05,0.000108020846895769,0.00483083913292072,7.64013760816723e-05,0.00476715064173518,1.31430388588315e-05,-1.31837325634616,1.58422008562298,2.33261027352914e-05,7.77838114250234e-07,0.951,0.00482695556225661,0.951,0.00482695556225661,0.951,0.00482695556225661,0.049,0.00482695556225661,1,0,0,0.0178879997832594,2423.40778848939,2558.28435639053,7.06154072416283,2000,2000
5,4000,140,"above",4,"null","naive","outcome_blinded",NA,0,1.78094321554096e-05,0.000293545538511892,0.0131277555720874,0.000207619952346648,0.0126990947062296,3.18735202244408e-05,-3.26530200462662,1.54903844205965,0.000172252114553166,5.72670827194512e-06,0.9415,0.0052477495176504,0.9415,0.0052477495176504,0.941,0.00526872849936301,0.0585,0.0052477495176504,1,0,0,0.0474393049899725,1208.75607743696,1273.52333527951,6.68273463812546,2000,2000
6,8000,140,"above",4,"null","naive","outcome_blinded",NA,0,-0.000152537921445255,0.000144893801046493,0.00647984777316576,0.000102481012728384,0.00664746445330463,1.74923005697106e-05,2.58673792975501,1.64474875319851,4.19907007672985e-05,1.35974361702798e-06,0.9525,0.00475624589355933,0.9525,0.00475624589355933,0.953,0.00473238840333293,0.0475,0.00475624589355933,1,0,0,0.0247728701098605,2424.73543185327,2555.2073176996,7.047111416988,2000,2000
7,4000,35,"below",16,"null","naive","outcome_blinded",NA,0,0.000230216845148998,0.000133298351394164,0.0059612835001201,9.4279741074048e-05,0.00603608861750124,3.08418892098358e-05,1.25484918440177,1.68288145475447,3.55721323141102e-05,1.17789739746904e-06,0.953,0.00473238840333293,0.953,0.00473238840333293,0.953,0.00473238840333293,0.047,0.00473238840333293,1,0,0,0.0222664961726979,1335.81544320066,1646.0976823824,7.37297520903034,2000,2000
8,8000,35,"below",16,"null","naive","outcome_blinded",NA,0,-6.99182979591974e-05,6.73298549825997e-05,0.00301108265312592,4.76213038490033e-05,0.00304237583686629,1.60770345351408e-05,1.03926684669018,1.68481155487239,9.06697400297334e-06,3.15843209870655e-07,0.9535,0.00470838348055891,0.9535,0.00470838348055891,0.9525,0.00475624589355933,0.0465,0.00470838348055891,1,0,0,0.0111792071220717,2685.99101692703,3314.41086329903,7.8783778229043,2000,2000
9,4000,70,"boundary",16,"null","naive","outcome_blinded",NA,0,0.000126483037628796,0.000188201359670372,0.00841662067361679,0.000133111739747167,0.00832159439542686,3.98880688488116e-05,-1.12903125701982,1.63391861890998,7.08200817705797e-05,2.25681727538623e-06,0.95,0.00487339717240448,0.95,0.00487339717240448,0.9515,0.00480352734977121,0.05,0.00487339717240448,1,0,0,0.0306995614303138,1337.1271429199,1645.70986147604,7.36333016022431,2000,2000
10,8000,70,"boundary",16,"null","naive","outcome_blinded",NA,0,-7.76180281100538e-05,9.27109704601998e-05,0.00414616064417963,6.55729511902577e-05,0.00423337534995483,1.95020749243816e-05,2.10350522471014,1.6819120554594,1.71880773215881e-05,6.46079757788034e-07,0.954,0.00468422885862764,0.954,0.00468422885862764,0.954,0.00468422885862764,0.046,0.00468422885862764,1,0,0,0.0155940756743792,2686.29135112356,3310.26129042069,7.84116586279083,2000,2000
11,4000,140,"above",16,"null","naive","outcome_blinded",NA,0,0.000324392392765148,0.00025788850465757,0.011533124540602,0.000182400316213915,0.0113644325793597,5.27202714062987e-05,-1.46267354218144,1.62406114254592,0.000133051685612685,4.50024792141516e-06,0.9485,0.00494205169944629,0.9485,0.00494205169944629,0.948,0.00496467521596328,0.0515,0.00494205169944629,1,0,0,0.0414934019222461,1333.76938764777,1646.71540015042,7.36245819643145,2000,2000
12,8000,140,"above",16,"null","naive","outcome_blinded",NA,0,-5.94114884738757e-05,0.000133119525537751,0.00595328616469861,9.41532604742232e-05,0.00586491360286695,2.53110436512669e-05,-1.48443329258529,1.61502469439548,3.54274250756751e-05,1.26722144980005e-06,0.947,0.0050095408971282,0.947,0.0050095408971282,0.9465,0.00503178646208283,0.053,0.0050095408971282,1,0,0,0.0215405472405244,2685.56765615827,3309.81740570346,7.84850966565368,2000,2000
13,4000,35,"below",4,"homogeneous","naive","outcome_blinded",NA,-0.00650002329826096,0.000165996476304079,0.000143613626196367,0.00642259661340641,0.000101575566020776,0.0063853829072967,2.06898129130985e-05,-0.579418393364872,1.605030831375,4.12566772150557e-05,1.38577590151956e-06,0.948,0.00496467521596328,0.948,0.00496467521596328,0.947,0.0050095408971282,0.1615,0.00822854027151839,1,0,0,0.0240245977101142,1207.52737659079,1273.61755530824,6.66668781797082,2000,2000
14,8000,35,"below",4,"homogeneous","naive","outcome_blinded",NA,-0.00327969266573416,9.15146736069141e-05,7.41529251728227e-05,0.00331621962833774,5.24471496613202e-05,0.00322382755797123,1.02972598905995e-05,-2.78606608491797,1.5685142168613,1.10001889025462e-05,3.63068712482329e-07,0.9385,0.00537204569973116,0.9385,0.00537204569973116,0.9375,0.00541265877365274,0.1655,0.00830992629329527,1,0,0,0.012146476705549,2423.5018544083,2558.46109420542,7.03039876885129,2000,2000
15,4000,70,"boundary",4,"homogeneous","naive","outcome_blinded",NA,-0.0127378843551793,-0.000208818543444159,0.000196519276881089,0.00878860923990437,0.000138994866377765,0.00889104056865498,2.48671361142177e-05,1.16550100197341,1.62479346166151,7.72446377296327e-05,2.54814932533434e-06,0.9555,0.00461084319837489,0.9555,0.00461084319837489,0.9545,0.00465992220965114,0.32,0.0104307238483242,1,0,0,0.0333898407823441,1210.09477775726,1274.43443709089,6.61570328554381,2000,2000
16,8000,70,"boundary",4,"homogeneous","naive","outcome_blinded",NA,-0.00650208751103529,-0.000173804241043492,0.000100205125087201,0.00448130942777704,7.08734440351642e-05,0.00455386352850185,1.31357919271944e-05,1.61903795964387,1.63365245012145,2.01023010345944e-05,6.6547312710299e-07,0.9515,0.00480352734977121,0.9515,0.00480352734977121,0.95,0.00487339717240448,0.3185,0.0104177192801496,1,0,0,0.0170531689773631,2424.79050278012,2557.25043917611,7.05203686913598,2000,2000
17,4000,140,"above",4,"homogeneous","naive","outcome_blinded",NA,-0.024539381341315,0.000124426548877761,0.000268714791666294,0.0120172908145105,0.000190057571726082,0.0121680030015336,3.22296798049636e-05,1.25412781757024,1.62367174408018,0.000144358552847325,4.52544513561787e-06,0.953,0.00473238840333293,0.953,0.00473238840333293,0.9525,0.00475624589355933,0.5475,0.0111297742564708,1,0,0,0.0452083248742282,1206.4734856915,1273.40445811566,6.64327098543929,2000,2000
18,8000,140,"above",4,"homogeneous","naive","outcome_blinded",NA,-0.0127484627100008,-4.96464024380596e-05,0.000140846011484442,0.00629882512077855,9.96180774569346e-05,0.00628479732205327,1.67887000382047e-05,-0.222705003811019,1.60036376712145,3.96578250684748e-05,1.32014142112871e-06,0.949,0.00491929873051028,0.949,0.00491929873051028,0.95,0.00487339717240448,0.542,0.0111408258221731,1,0,0,0.0234627352373126,2421.98638835038,2560.0437426347,7.06305534868011,2000,2000
19,4000,35,"below",16,"homogeneous","naive","outcome_blinded",NA,-0.00600794803608286,-9.52115945801294e-05,0.000127741832017208,0.00571278839921671,9.03497059111726e-05,0.00566645332173171,2.69784785421713e-05,-0.811076382443099,1.63824857777678,3.26286985663204e-05,1.09127200843612e-06,0.9495,0.00489641450451246,0.9495,0.00489641450451246,0.9495,0.00489641450451246,0.2015,0.0089693296850991,1,0,0,0.0209523571628856,1339.52880865988,1645.19714985072,7.39838916267967,2000,2000
20,8000,35,"below",16,"homogeneous","naive","outcome_blinded",NA,-0.00303669653042948,2.96198533828452e-05,6.72119769961078e-05,0.00300581098930898,4.75379306795038e-05,0.0028790326693227,1.53672707771911e-05,-4.2177741859754,1.59877600785464,9.03125958931334e-06,3.21156512615389e-07,0.9425,0.00520546587732549,0.9425,0.00520546587732549,0.9425,0.00520546587732549,0.192,0.00880726972449465,1,0,0,0.0106417686363162,2684.63486005233,3306.22229231305,7.80742092171283,2000,2000
21,4000,70,"boundary",16,"homogeneous","naive","outcome_blinded",NA,-0.0118121119109453,-9.82985712809962e-05,0.000176535276133644,0.00789489755723047,0.000124860509903082,0.00789782656459095,3.72280636075449e-05,0.0371000046454517,1.65089745535975,6.23079053445599e-05,2.16136674051485e-06,0.9445,0.00511955808639769,0.9445,0.00511955808639769,0.9445,0.00511955808639769,0.3245,0.0104689958926346,1,0,0,0.0289938629857244,1332.93820391363,1649.42461496161,7.32485318679081,2000,2000
22,8000,70,"boundary",16,"homogeneous","naive","outcome_blinded",NA,-0.00602041997142236,2.34168446207982e-05,9.29769409460089e-05,0.00415805520590519,6.57610677593912e-05,0.0040382122151521,2.08601249595823e-05,-2.88218854292484,1.61580616629283,1.72813267324196e-05,6.46594119452063e-07,0.942,0.00522666241496426,0.942,0.00522666241496426,0.942,0.00522666241496426,0.3375,0.0105734041349038,1,0,0,0.0147486459093825,2686.88617296688,3307.89327613922,7.8173445468552,2000,2000
23,4000,140,"above",16,"homogeneous","naive","outcome_blinded",NA,-0.0226920797337126,0.000195091547120593,0.000243783644006865,0.0109023359960392,0.000172424179254038,0.0107186163831966,4.93408665087648e-05,-1.68513989028907,1.61940814220234,0.000118839560417204,4.38800680806616e-06,0.947,0.0050095408971282,0.947,0.0050095408971282,0.946,0.00505390937789747,0.5755,0.0110521434572666,1,0,0,0.0393121535674015,1340.05762767049,1649.81056292461,7.38630881305079,2000,2000
24,8000,140,"above",16,"homogeneous","naive","outcome_blinded",NA,-0.0118229290671756,-8.3675566502388e-05,0.000121625718068519,0.00543926746826864,8.60238786715191e-05,0.00557629260358774,2.42830964410421e-05,2.51918362386971,1.68171619522632,2.95778393764994e-05,9.98744897804818e-07,0.9545,0.00465992220965114,0.9545,0.00465992220965114,0.955,0.00463546114210873,0.579,0.0110399048908947,1,0,0,0.0203873124866142,2684.83132964971,3307.53367991438,7.81442124913766,2000,2000
25,4000,35,"below",4,"heterogeneous","naive","outcome_blinded",NA,-0.00251484368034836,-3.9151055839442e-05,0.000147007866894268,0.00657439167205647,0.000103976256882997,0.00658350107768004,2.07710248543616e-05,0.138558912793152,1.61493154109517,4.32025473498501e-05,1.42648535168557e-06,0.9435,0.00516273909857936,0.9435,0.00516273909857936,0.943,0.00518415856238985,0.0675,0.00560997994648822,1,0,0,0.0247738257514281,1209.00493149905,1273.02412050043,6.6851679269989,2000,2000
26,8000,35,"below",4,"heterogeneous","naive","outcome_blinded",NA,-0.00125609309862309,-2.48491006850622e-05,7.55928748940257e-05,0.00338061613755357,5.34656025187995e-05,0.00333322615864155,1.09077372767793e-05,-1.40181484628187,1.59239529712011,1.14234686645578e-05,3.90833732935914e-07,0.942,0.00522666241496426,0.942,0.00522666241496426,0.9415,0.0052477495176504,0.067,0.00559066185706129,1,0,0,0.0125087054557852,2420.56081091916,2556.04324436107,7.09243703843944,2000,2000
27,4000,70,"boundary",4,"heterogeneous","naive","outcome_blinded",NA,-0.0050195016490632,5.91006041761886e-05,0.000204474149754801,0.00914436196986414,0.00014462121769394,0.00915028577145301,2.65567672003375e-05,0.0647809175576386,1.60898548252219,8.35810390393936e-05,2.94944863629735e-06,0.9525,0.00475624589355933,0.9525,0.00475624589355933,0.9525,0.00475624589355933,0.0835,0.00618578006398546,1,0,0,0.034112956060374,1208.19785587998,1274.12815078204,6.71357188690638,2000,2000
28,8000,70,"boundary",4,"heterogeneous","naive","outcome_blinded",NA,-0.0025325924717175,-6.94284492602789e-06,0.000103085413428465,0.00461011983829433,7.29106248119159e-05,0.00464142766614619,1.36401994418544e-05,0.679110933121585,1.6195309889154,2.12426265240689e-05,7.32242445451536e-07,0.956,0.00458606585212206,0.956,0.00458606585212206,0.9555,0.00461084319837489,0.0765,0.00594338918463195,1,0,0,0.0173446973414418,2423.7010180042,2559.80029830963,7.12080967027851,2000,2000
29,4000,140,"above",4,"heterogeneous","naive","outcome_blinded",NA,-0.00997812473510455,0.00012629334589375,0.00027373187703109,0.0122416616930026,0.00019360607404582,0.012372519534828,3.24742386851554e-05,1.06895489441747,1.62030320664028,0.000149799301874642,4.80093193094671e-06,0.952,0.00477995815881269,0.952,0.00477995815881269,0.9515,0.00480352734977121,0.1285,0.00748290551858033,1,0,0,0.0461340804168736,1209.99481760032,1273.92340642438,6.68618526050917,2000,2000
30,8000,140,"above",4,"heterogeneous","naive","outcome_blinded",NA,-0.00501491265245585,-7.6967755962267e-05,0.000141786147784012,0.00634086929425766,0.000100283020466138,0.00646709424263656,1.78441644858138e-05,1.99065684090372,1.63738172052739,4.0192444130614e-05,1.34049877395161e-06,0.951,0.00482695556225661,0.951,0.00482695556225661,0.9525,0.00475624589355933,0.1315,0.00755671059390261,1,0,0,0.0240391866381297,2424.20234698249,2559.09978638536,7.07176489757185,2000,2000
31,4000,35,"below",16,"heterogeneous","naive","outcome_blinded",NA,-0.00291197115508656,0.000128596458090125,0.00012886413236182,0.00576297919645118,9.11434905663513e-05,0.00582380027738416,3.28391129231753e-05,1.05537568087066,1.69677023105577,3.3211860303153e-05,1.23644751120775e-06,0.9515,0.00480352734977121,0.9515,0.00480352734977121,0.951,0.00482695556225661,0.0805,0.00608357419614489,1,0,0,0.0213352818079862,1338.62355666261,1648.40489260344,7.35267207381552,2000,2000
32,8000,35,"below",16,"heterogeneous","naive","outcome_blinded",NA,-0.00144623163637186,-7.8523564295082e-05,6.52835700299505e-05,0.00291957000801674,4.61740000115461e-05,0.002965310937865,1.76074912167555e-05,1.56670090878657,1.71579439926607,8.52579303734464e-06,3.17479521927266e-07,0.944,0.00514120608417908,0.944,0.00514120608417908,0.9455,0.00507591124823908,0.0785,0.00601405645134796,1,0,0,0.0108228352748092,2683.34336288197,3308.67403616308,7.78229992819643,2000,2000
33,4000,70,"boundary",16,"heterogeneous","naive","outcome_blinded",NA,-0.0057780842086094,-1.66980937397267e-05,0.000182243638189734,0.00815018326918244,0.000128897940906363,0.00811728514997742,4.06810541586567e-05,-0.403648827498337,1.65234451323885,6.63925534039352e-05,2.36088764243107e-06,0.951,0.00482695556225661,0.951,0.00482695556225661,0.951,0.00482695556225661,0.124,0.00736966756373719,1,0,0,0.0295556570598067,1334.4689093327,1646.74059079657,7.35099159203916,2000,2000
34,8000,70,"boundary",16,"heterogeneous","naive","outcome_blinded",NA,-0.00291343823612888,-2.80967202235054e-06,9.05152467832013e-05,0.00404796489614814,6.40199517902468e-05,0.0040961331490064,1.9788011545624e-05,1.18993751413445,1.67334829740537,1.63778346848043e-05,5.8933082552811e-07,0.9515,0.00480352734977121,0.9515,0.00480352734977121,0.952,0.00477995815881269,0.109,0.00696846468025777,1,0,0,0.0150629135646038,2686.84552348885,3308.6830286972,7.78721030430697,2000,2000
35,4000,140,"above",16,"heterogeneous","naive","outcome_blinded",NA,-0.0115230441485287,-0.000445592112456263,0.000241631006663249,0.0108060671274146,0.000170901654112056,0.0109768591740847,5.29770345464756e-05,1.5805199491755,1.67966921646825,0.000116911253549492,3.72864740097043e-06,0.957,0.00453602248671675,0.957,0.00453602248671675,0.9555,0.00461084319837489,0.2165,0.00920944488012171,1,0,0,0.0399439431554237,1335.63411012069,1646.9794829241,7.35394794215826,2000,2000
36,8000,140,"above",16,"heterogeneous","naive","outcome_blinded",NA,-0.00583286865230623,0.000158302040311891,0.000128812649081215,0.00576067679414846,9.11070772850599e-05,0.00566266214038431,2.52846391587474e-05,-1.70144337664832,1.61539743534832,3.31938639640443e-05,1.1512976565363e-06,0.9485,0.00494205169944629,0.9485,0.00494205169944629,0.9505,0.0048502448391808,0.187,0.00871868682772813,1,0,0,0.020684655100694,2684.69776873908,3311.44056516882,7.83182170707973,2000,2000
1,4000,35,"below",4,"null","naive","prognostic_high",NA,0,-7.30605666353741e-05,0.000160972935859459,0.0071989285423893,0.000113853521472912,0.00697379146037716,2.3474986447124e-05,-3.12736931178675,1.56639233930684,5.18039977187451e-05,1.68474393759035e-06,0.9415,0.0052477495176504,0.9415,0.0052477495176504,0.941,0.00526872849936301,0.0585,0.0052477495176504,1,0,0,0.0263127335274799,1176.80016163432,1233.45524682843,6.62137797882399,2000,2000
2,8000,35,"below",4,"null","naive","prognostic_high",NA,0,3.12114712994276e-05,7.7480374615011e-05,0.00346502769122627,5.48006001621359e-05,0.00353325635671027,1.20050929283104e-05,1.96906551877656,1.64947283493265,1.20013878484551e-05,3.80319676611202e-07,0.9545,0.00465992220965114,0.9545,0.00465992220965114,0.954,0.00468422885862764,0.0455,0.00465992220965114,1,0,0,0.0133356720314581,2378.91748186613,2493.75391633943,7.00411278197356,2000,2000
3,4000,70,"boundary",4,"null","naive","prognostic_high",NA,0,0.000188002671529124,0.000219700735460132,0.00982531558391108,0.00015539073241581,0.00974523055325073,2.88297001310419e-05,-0.815088634827066,1.59585050234341,9.65239029147866e-05,3.10535223225712e-06,0.9525,0.00475624589355933,0.9525,0.00475624589355933,0.952,0.00477995815881269,0.0475,0.00475624589355933,1,0,0,0.0361007905061201,1181.72478394176,1246.52382469291,6.62922512656532,2000,2000
4,8000,70,"boundary",4,"null","naive","prognostic_high",NA,0,-4.18294255033881e-05,0.000113282201510274,0.00506613406435606,8.01226460416252e-05,0.00497929616178055,1.50464598094487e-05,-1.71408615469673,1.5825447300077,2.56546312016878e-05,8.52905927686603e-07,0.949,0.00491929873051028,0.949,0.00491929873051028,0.9485,0.00494205169944629,0.051,0.00491929873051027,1,0,0,0.0184504831144726,2386.8124998674,2518.26619132429,7.01294291170637,2000,2000
5,4000,140,"above",4,"null","naive","prognostic_high",NA,0,-2.0889213075659e-05,0.000306073861895369,0.0136880392266785,0.000216481030314473,0.0132520958595439,3.51480095852766e-05,-3.18484890286556,1.55254663558117,0.000187269173021378,6.47137480321573e-06,0.9435,0.00516273909857936,0.9435,0.00516273909857936,0.9435,0.00516273909857936,0.0565,0.00516273909857936,1,0,0,0.0485224487838369,1186.00930058539,1248.79581609971,6.62078830148147,2000,2000
6,8000,140,"above",4,"null","naive","prognostic_high",NA,0,-8.3095248738019e-05,0.000150523893701006,0.00673163317106806,0.000106463085065655,0.006910466557417,1.88432552160387e-05,2.65661217425737,1.64750378792212,4.52991325276116e-05,1.46409722034211e-06,0.9475,0.00498717104178311,0.9475,0.00498717104178311,0.9485,0.00494205169944629,0.0525,0.00498717104178311,1,0,0,0.0252972797068733,2396.57487635154,2519.11830462164,7.00238916886296,2000,2000
7,4000,35,"below",16,"null","naive","prognostic_high",NA,0,0.000172054732952044,0.000181515816079289,0.00811763407489278,0.000128383164246314,0.00804146573490498,5.92549425088533e-05,-0.93830713832469,1.72839923594647,6.58926378135046e-05,2.58514861227734e-06,0.9475,0.00498717104178311,0.9475,0.00498717104178311,0.947,0.0050095408971282,0.0525,0.00498717104178311,1,0,0,0.0269170595646025,997.686351254956,876.15991772411,6.91096754804796,2000,2000
8,8000,35,"below",16,"null","naive","prognostic_high",NA,0,-5.37434837098016e-05,9.30756397964505e-05,0.00416246915268296,6.5830875840036e-05,0.00413128489399758,3.04292358271214e-05,-0.749176931804518,1.73156869487043,1.73203747343549e-05,6.9694570478661e-07,0.9495,0.00489641450451246,0.9495,0.00489641450451246,0.9485,0.00494205169944629,0.0505,0.00489641450451246,1,0,0,0.0137544555135686,1971.46902888302,1728.43633161262,7.2915506335588,2000,2000
9,4000,70,"boundary",16,"null","naive","prognostic_high",NA,0,0.000146047423259356,0.000259597897750423,0.0116095709237197,0.000183609341955812,0.0113204860651554,7.96494633277564e-05,-2.49005635491402,1.68787578319889,0.000134736075814203,5.63439435868844e-06,0.9455,0.00507591124823908,0.9455,0.00507591124823908,0.945,0.00509779364038993,0.0545,0.00507591124823908,1,0,0,0.0368012104106514,1027.33307871058,904.754266581754,6.95462156130174,2000,2000
10,8000,70,"boundary",16,"null","naive","prognostic_high",NA,0,-9.05867217061708e-05,0.000126088850446579,0.00563886481606713,8.91805791151616e-05,0.00579828132912073,4.14992956560198e-05,2.82710294099204,1.78502096441808,3.17891039698223e-05,1.20397625965549e-06,0.958,0.00448530935387962,0.958,0.00448530935387962,0.9585,0.00445969449626317,0.042,0.00448530935387962,1,0,0,0.0185379352778344,2345.55204242614,2475.41007358549,7.35676873621673,2000,2000
11,4000,140,"above",16,"null","naive","prognostic_high",NA,0,0.000377101785181258,0.000339452887402475,0.0151807946278103,0.000240089468447428,0.0149752542727271,0.000105128451061315,-1.35394990922745,1.70691161213999,0.000230483503025376,8.84077449262571e-06,0.943,0.00518415856238985,0.943,0.00518415856238985,0.943,0.00518415856238985,0.057,0.00518415856238985,1,0,0,0.0465444492912858,1212.29410779384,1273.31859969046,6.98240686452688,2000,2000
12,8000,140,"above",16,"null","naive","prognostic_high",NA,0,-0.00018959474348638,0.000178679420501321,0.00799078660842449,0.000126377028102262,0.0079055853848441,5.64298008913645e-05,-1.06624325933767,1.71665213357341,6.38566904528231e-05,2.33745431366714e-06,0.951,0.00482695556225661,0.951,0.00482695556225661,0.953,0.00473238840333293,0.049,0.00482695556225661,1,0,0,0.0243900024333135,2426.25298971121,2562.04805528059,7.43304733286336,2000,2000
13,4000,35,"below",4,"homogeneous","naive","prognostic_high",NA,-0.00635078875344578,0.000245855589695853,0.0001475029869363,0.0065965341134766,0.00010432644718074,0.00656204566422014,2.35650215424745e-05,-0.522826815766719,1.61331344249127,4.355295015009e-05,1.5498251804526e-06,0.948,0.00496467521596328,0.948,0.00496467521596328,0.9495,0.00489641450451246,0.145,0.00787321408320643,1,0,0,0.0246745381248413,1171.15434606577,1229.76833670644,6.59560616731814,2000,2000
14,8000,35,"below",4,"homogeneous","naive","prognostic_high",NA,-0.00323795866573061,0.000151528779804863,7.53389853466608e-05,0.00336926185181988,5.32860305995925e-05,0.00333642428348185,1.21010477348544e-05,-0.974622032427941,1.60677589874722,1.13692104345248e-05,3.6791225602672e-07,0.9425,0.00520546587732549,0.9425,0.00520546587732549,0.944,0.00514120608417908,0.1465,0.0079068878201224,1,0,0,0.0125644068025129,2377.24301543831,2506.81812747313,6.99004967313744,2000,2000
15,4000,70,"boundary",4,"homogeneous","naive","prognostic_high",NA,-0.0128012560168323,-0.000182231868052905,0.000205187072261648,0.00917624483362411,0.000145125456108357,0.00925853849509602,2.88439213706843e-05,0.896811963542654,1.62638241348325,8.4194575965724e-05,2.77939724653904e-06,0.9535,0.00470838348055891,0.9535,0.00470838348055891,0.953,0.00473238840333293,0.2955,0.0102024445600062,1,0,0,0.0343817086045652,1181.42971772606,1243.94564700895,6.54072454652609,2000,2000
16,8000,70,"boundary",4,"homogeneous","naive","prognostic_high",NA,-0.00654079443437776,-9.25057749242674e-05,0.000103034235420933,0.00460783108821847,7.28744274452698e-05,0.00473438066088748,1.50599650446922e-05,2.74640216288704,1.65751217386965,2.12300486022782e-05,6.89406113880595e-07,0.954,0.00468422885862764,0.954,0.00468422885862764,0.9535,0.00470838348055891,0.295,0.0101974261458468,1,0,0,0.017555833654046,2389.03282430812,2512.52015353963,6.99453737438142,2000,2000
17,4000,140,"above",4,"homogeneous","naive","prognostic_high",NA,-0.0248618499434125,0.000349097756175991,0.000279037686322349,0.0124789446980207,0.00019735878607066,0.0126112273134315,3.46462203076357e-05,1.06004649120535,1.62223397429641,0.000155768067989239,5.05867009637692e-06,0.949,0.00491929873051028,0.949,0.00491929873051028,0.9495,0.00489641450451246,0.5215,0.011169998880931,1,0,0,0.0461796477595588,1187.42811977336,1248.56079573035,6.60638461047506,2000,2000
18,8000,140,"above",4,"homogeneous","naive","prognostic_high",NA,-0.0130119063705881,6.95480198580465e-05,0.000146402863782812,0.0065473351103802,0.000103548348089674,0.00656793809827406,1.82972459468648e-05,0.314677461081803,1.61093623977413,4.28510001761597e-05,1.43152355490327e-06,0.949,0.00491929873051028,0.949,0.00491929873051028,0.948,0.00496467521596328,0.5195,0.0111718340034213,1,0,0,0.0240815832202805,2392.20327476882,2524.28721997658,7.00923356524074,2000,2000
19,4000,35,"below",16,"homogeneous","naive","prognostic_high",NA,-0.00636124417515995,-0.000139058247511085,0.000172428844962615,0.00771125237236357,0.000121956098381905,0.00769878143924198,5.77871410076449e-05,-0.16172383575821,1.74778378516296,5.94530186399085e-05,2.35025412366666e-06,0.951,0.00482695556225661,0.951,0.00482695556225661,0.949,0.00491929873051028,0.135,0.00764117137617002,1,0,0,0.0256761243737682,991.910127074257,863.057248513699,6.89973716475226,2000,2000
20,8000,35,"below",16,"homogeneous","naive","prognostic_high",NA,-0.00321559957779192,-1.39508168481234e-05,9.01992528677063e-05,0.00403383321863768,6.37964544684702e-05,0.00392775057095002,3.0383421056226e-05,-2.62982235352522,1.7142799744765,1.62638691558577e-05,6.38959395190576e-07,0.9435,0.00516273909857936,0.9435,0.00516273909857936,0.943,0.00518415856238985,0.14,0.00775886589650833,1,0,0,0.0131802074249304,1963.35797753526,1715.54796813623,7.24789904059957,2000,2000
21,4000,70,"boundary",16,"homogeneous","naive","prognostic_high",NA,-0.0128639154309055,0.000218903897592316,0.000235409084787591,0.0105278143221213,0.000166500990658346,0.0106198943714269,7.49358310763884e-05,0.874635954702829,1.74695143461989,0.000110827375880243,4.34155641164223e-06,0.9455,0.00507591124823908,0.9455,0.00507591124823908,0.9455,0.00507591124823908,0.256,0.00975868843646522,1,0,0,0.0348015416608101,1137.81690574732,1202.17034710103,6.87181818266577,2000,2000
22,8000,70,"boundary",16,"homogeneous","naive","prognostic_high",NA,-0.00657177650575816,0.000140068625447501,0.000124754525485293,0.00557919198971688,8.82368329206811e-05,0.00543536194694227,4.07626531788271e-05,-2.57797263545887,1.7052138818966,3.11314387863267e-05,1.34720014275833e-06,0.9395,0.0053310294503032,0.9395,0.0053310294503032,0.94,0.0053103672189407,0.25,0.00968245836551854,1,0,0,0.0170956800046828,2388.5697816892,2509.74287807791,7.34706175910855,2000,2000
23,4000,140,"above",16,"homogeneous","naive","prognostic_high",NA,-0.025129666099656,0.000646191185580084,0.000324600701261294,0.0145165846712871,0.000229584760406189,0.0144444015937774,0.000101137597577854,-0.497245592845896,1.72099794964239,0.00021104342795171,8.05798589382414e-06,0.9455,0.00507591124823908,0.9455,0.00507591124823908,0.946,0.00505390937789747,0.4625,0.0111488508376424,1,0,0,0.0453288584508294,1199.96290457866,1256.37637701922,6.91142051912781,2000,2000
24,8000,140,"above",16,"homogeneous","naive","prognostic_high",NA,-0.0131439381252052,9.38374933106469e-05,0.000170342405869339,0.00761794397949403,0.000120480394178339,0.00757303385780273,5.4676239050319e-05,-0.589530742312949,1.7282887649618,5.80128594146227e-05,2.39151590716095e-06,0.9575,0.00451075104611194,0.9575,0.00451075104611194,0.9565,0.00456112650559048,0.4815,0.0111726843238319,1,0,0,0.0237030173219333,2411.34267761039,2538.30917373479,7.39703837269679,2000,2000
25,4000,35,"below",4,"heterogeneous","naive","prognostic_high",NA,-0.00222876858116223,0.000132724173999395,0.000152903160366293,0.00683803721107165,0.000108145901415618,0.00685404548886664,2.45483717852415e-05,0.234106327603389,1.62537829339532,4.67529892299144e-05,1.56091007139142e-06,0.947,0.0050095408971282,0.947,0.0050095408971282,0.948,0.00496467521596328,0.0585,0.0052477495176504,1,0,0,0.0257343437644649,1175.72218105434,1231.30007803237,6.61574400293978,2000,2000
26,8000,35,"below",4,"heterogeneous","naive","prognostic_high",NA,-0.00111889845504354,2.41824790061875e-05,7.87062261828608e-05,0.00351984943994701,5.56676249017769e-05,0.00347769935561177,1.23815592896823e-05,-1.1974967979277,1.60169983013819,1.23837302021462e-05,4.1756465565787e-07,0.9425,0.00520546587732549,0.9425,0.00520546587732549,0.943,0.00518415856238985,0.0665,0.00557125434709276,1,0,0,0.013058139419801,2369.78821345703,2489.90186255463,7.03382404423027,2000,2000
27,4000,70,"boundary",4,"heterogeneous","naive","prognostic_high",NA,-0.00455811648188468,6.51227128666296e-05,0.000217448843384618,0.00972460790873425,0.000153798006027332,0.00963487700768409,2.94366775187404e-05,-0.922719989250842,1.59591152554162,9.45249559468584e-05,3.27292410171759e-06,0.952,0.00477995815881269,0.952,0.00477995815881269,0.9515,0.00480352734977121,0.077,0.00596116599332714,1,0,0,0.0358032371375519,1176.80088053283,1230.18618524813,6.6356089208448,2000,2000
28,8000,70,"boundary",4,"heterogeneous","naive","prognostic_high",NA,-0.00229806874624872,0.000144397694084183,0.000108142383357482,0.00483627440872345,7.64873368307858e-05,0.0049068313261533,1.50820954455774e-05,1.4589105469818,1.63463074652245,2.3398706075452e-05,7.94806443450332e-07,0.9525,0.00475624589355933,0.9525,0.00475624589355933,0.9555,0.00461084319837489,0.0705,0.00572406105837455,1,0,0,0.0182377281519639,2379.55578257586,2505.60897934149,7.06160610985652,2000,2000
29,4000,140,"above",4,"heterogeneous","naive","prognostic_high",NA,-0.00918563283806015,0.000365192241972639,0.000291004180021307,0.0130141025652846,0.000205822491103034,0.0130476384040827,3.63584175120067e-05,0.257688447051074,1.61003405104433,0.000169415547520554,5.33846646488707e-06,0.9485,0.00494205169944629,0.9485,0.00494205169944629,0.9485,0.00494205169944629,0.1085,0.00695441406590088,1,0,0,0.0474536286894184,1180.94644690553,1243.09083720744,6.61334837701338,2000,2000
30,8000,140,"above",4,"heterogeneous","naive","prognostic_high",NA,-0.00459753935274826,3.4274711820069e-05,0.000149309985349572,0.00667734553922283,0.000105604507567405,0.00683396940130376,1.95355517398217e-05,2.34560067561158,1.64485851792483,4.45658247343243e-05,1.49643983811281e-06,0.9525,0.00475624589355933,0.9525,0.00475624589355933,0.9525,0.00475624589355933,0.11,0.00699642765988472,1,0,0,0.0249527861340041,2382.27551562405,2500.85019745994,7.03553293464254,2000,2000
31,4000,35,"below",16,"heterogeneous","naive","prognostic_high",NA,-0.001557698316485,0.000272209667258444,0.000183532210224241,0.00820780996244371,0.000129809326804973,0.00819493523854569,5.89517188966432e-05,-0.156859429700773,1.73472695635172,6.74085584103493e-05,2.63365081342698e-06,0.9505,0.0048502448391808,0.9505,0.0048502448391808,0.951,0.00482695556225661,0.059,0.00526872849936301,1,0,0,0.0281825668040652,974.193977081098,851.038483013023,6.82217171311137,2000,2000
32,8000,35,"below",16,"heterogeneous","naive","prognostic_high",NA,-0.000780556713362704,-6.90459483017567e-05,9.28827197002602e-05,0.00415384150369682,6.56944266152214e-05,0.00415272060480708,3.10867593698435e-05,-0.0269846331099166,1.74928047634429,1.72505393811922e-05,6.95649622371994e-07,0.952,0.00477995815881269,0.952,0.00477995815881269,0.952,0.00477995815881269,0.0655,0.00553216729681958,1,0,0,0.0141127130809093,1954.60775668187,1703.45512559497,7.27005279596414,2000,2000
33,4000,70,"boundary",16,"heterogeneous","naive","prognostic_high",NA,-0.0034485807517621,0.000234163098775814,0.00025284628959571,0.0113076298278921,0.000178834040070963,0.011409579748914,8.15917411276385e-05,0.901602922749278,1.75134539102616,0.000127853393435301,4.80693186028162e-06,0.949,0.00491929873051028,0.949,0.00491929873051028,0.947,0.0050095408971282,0.0785,0.00601405645134796,1,0,0,0.0387025769096856,991.483062750186,875.636979417474,6.88386981546159,2000,2000
34,8000,70,"boundary",16,"heterogeneous","naive","prognostic_high",NA,-0.00174857850501764,0.000107504441402569,0.000129807244588109,0.00580515645741905,9.18105383997891e-05,0.00579484619635532,4.22237307415564e-05,-0.177605222862753,1.73822034304889,3.36945487792878e-05,1.43616827053598e-06,0.9515,0.00480352734977121,0.9515,0.00480352734977121,0.9515,0.00480352734977121,0.081,0.00610077863882964,1,0,0,0.0193393700144859,1992.40635073504,1739.19527469239,7.29844135938803,2000,2000
35,4000,140,"above",16,"heterogeneous","naive","prognostic_high",NA,-0.00719150309425754,-0.000289840389216385,0.000335256172235909,0.0149931118199174,0.000237121200534681,0.0153967607310985,0.000107565330855025,2.69222904510631,1.77551416017265,0.000224765012794746,9.01017145248148e-06,0.9595,0.00440793318914885,0.9595,0.00440793318914885,0.9605,0.00435544199823623,0.1215,0.00730540039970432,1,0,0,0.0507183278912514,1018.74737461173,895.600766724856,6.85777452893535,2000,2000
36,8000,140,"above",16,"heterogeneous","naive","prognostic_high",NA,-0.00354238677501135,0.000361157832339067,0.000178239727920506,0.00797112295842638,0.000126066040740169,0.00811194552190757,5.75957440928973e-05,1.76665902929429,1.76422620236364,6.3637466797603e-05,2.6203813086646e-06,0.949,0.00491929873051028,0.949,0.00491929873051028,0.9485,0.00494205169944629,0.108,0.0069403169956422,1,0,0,0.0275224714689692,2008.99173993815,1757.28082946545,7.3104998977427,2000,2000
1,4000,35,"below",4,"null","naive","prognostic_low",NA,0,2.0896344195476e-05,0.000154189753474752,0.00689557540406961,0.000109055887652241,0.00665753628008213,2.31336472743687e-05,-3.45205599299223,1.56335939039908,4.7525622330334e-05,1.54794205278001e-06,0.934,0.0055517564788092,0.934,0.0055517564788092,0.934,0.0055517564788092,0.066,0.00555175647880921,1,0,0,0.0253747744504179,1193.46658793428,1256.14418917319,6.65258906176302,2000,2000
2,8000,35,"below",4,"null","naive","prognostic_low",NA,0,2.58258970395089e-05,7.38920351837501e-05,0.00330455227333343,5.22626264443313e-05,0.00338898221554099,1.204759350687e-05,2.55495859117985,1.66241109471286,1.09152726712874e-05,3.38847034664646e-07,0.953,0.00473238840333293,0.953,0.00473238840333293,0.9525,0.00475624589355933,0.047,0.00473238840333293,1,0,0,0.0128304854455576,2405.35965232022,2528.48731024794,7.02646973654983,2000,2000
3,4000,70,"boundary",4,"null","naive","prognostic_low",NA,0,0.000154627801685178,0.00021050600919238,0.00941411492452715,0.00014888745309762,0.00933598009804064,2.8034596199295e-05,-0.829975277685802,1.59642857838898,8.86051567893527e-05,2.93674134084152e-06,0.9505,0.0048502448391808,0.9505,0.0048502448391808,0.951,0.00482695556225661,0.0495,0.0048502448391808,1,0,0,0.0351131522939173,1199.30299471223,1264.70885624213,6.66732718900915,2000,2000
4,8000,70,"boundary",4,"null","naive","prognostic_low",NA,0,-4.53330271046498e-05,0.000108543272446189,0.00485420271379916,7.67708791183486e-05,0.00475608145896384,1.41542380456057e-05,-2.02136706315109,1.57676150745763,2.35535574280084e-05,7.73765369037689e-07,0.951,0.00482695556225661,0.951,0.00482695556225661,0.9505,0.0048502448391808,0.049,0.00482695556225661,1,0,0,0.0179095529113384,2414.14551346934,2545.26336507703,7.05741511805728,2000,2000
5,4000,140,"above",4,"null","naive","prognostic_low",NA,0,-0.000114338116016736,0.000289649291566111,0.0129535101115296,0.000204864200686056,0.0126317333808322,3.11993438462246e-05,-2.48408908417088,1.56094177869876,0.00016772260070217,5.70264304761113e-06,0.9415,0.0052477495176504,0.9415,0.0052477495176504,0.9425,0.00520546587732549,0.0585,0.0052477495176504,1,0,0,0.0474236266754377,1207.14275757701,1272.95617451016,6.67146662467141,2000,2000
6,8000,140,"above",4,"null","naive","prognostic_low",NA,0,-0.000126181146849619,0.000144555500765823,0.00646471852467806,0.000102241738479804,0.00655884827028435,1.65567254449947e-05,1.45605327203284,1.62487286029787,4.17876109923343e-05,1.35870024921774e-06,0.9455,0.00507591124823908,0.9455,0.00507591124823908,0.9465,0.00503178646208283,0.0545,0.00507591124823908,1,0,0,0.0246843717532539,2425.8343328272,2555.35907140705,7.05815645507004,2000,2000
7,4000,35,"below",16,"null","naive","prognostic_low",NA,0,0.000408535391328555,0.000161095410126432,0.00720440575811819,0.000113940145516327,0.00712446398832084,5.52792527826036e-05,-1.10962336771867,1.74206650618192,5.20444117624109e-05,2.1549741246639e-06,0.938,0.00539240206216117,0.938,0.00539240206216117,0.939,0.00535158854920668,0.062,0.00539240206216117,1,0,0,0.0234262796692171,1226.81375667349,1291.10811987327,7.07825860339072,2000,2000
8,8000,35,"below",16,"null","naive","prognostic_low",NA,0,-6.28551338963322e-05,8.28500599758271e-05,0.00370516732091768,5.85984906849515e-05,0.0036437241536555,2.86745517868201e-05,-1.65831019061677,1.73721433037428,1.37253515114154e-05,5.89109731457729e-07,0.9455,0.00507591124823908,0.9455,0.00507591124823908,0.9445,0.00511955808639769,0.0545,0.00507591124823908,1,0,0,0.0118469575128006,2445.78137428697,2583.20082226146,7.45752566559147,2000,2000
9,4000,70,"boundary",16,"null","naive","prognostic_low",NA,0,1.56748973995645e-05,0.000215746527577792,0.00964847803146953,0.000152593985933945,0.00953000763063143,6.95230539469822e-05,-1.22786620285287,1.72029361739464,9.30468274619968e-05,3.93339591133782e-06,0.948,0.00496467521596328,0.948,0.00496467521596328,0.948,0.00496467521596328,0.052,0.00496467521596328,1,0,0,0.0312446349732114,1308.32510761848,1611.76166177729,7.17579972547699,2000,2000
10,8000,70,"boundary",16,"null","naive","prognostic_low",NA,0,-7.31881736632196e-05,0.000107316313684188,0.00479933144985069,7.59030712784156e-05,0.00487667865516341,3.62911089866499e-05,1.61162457981785,1.77603914081646,2.30274220831073e-05,8.90624792678307e-07,0.9535,0.00470838348055891,0.9535,0.00470838348055891,0.954,0.00468422885862764,0.0465,0.00470838348055891,1,0,0,0.0160182289438819,2644.33279792338,3263.03836078415,7.63831151589377,2000,2000
11,4000,140,"above",16,"null","naive","prognostic_low",NA,0,0.000322408337014822,0.000280010189804809,0.0125224363759234,0.000198046621858282,0.012248994157765,8.51497813079159e-05,-2.1836183466996,1.68984540014817,0.000156836954218432,5.93555338340064e-06,0.9475,0.00498717104178311,0.9475,0.00498717104178311,0.948,0.00496467521596328,0.0525,0.00498717104178311,1,0,0,0.0414370464320609,1331.24792857681,1642.00148579949,7.29417456349183,2000,2000
12,8000,140,"above",16,"null","naive","prognostic_low",NA,0,-8.82574963645298e-05,0.000145059624778556,0.00648726363590927,0.000102598297138576,0.00636489002920617,4.52558547303717e-05,-1.88636709668663,1.7013042115806,4.20713365727145e-05,1.55540552037234e-06,0.9495,0.00489641450451246,0.9495,0.00489641450451246,0.949,0.00491929873051028,0.0505,0.00489641450451246,1,0,0,0.0215171872911629,2681.97588123529,3308.20095722915,7.80258532312803,2000,2000
13,4000,35,"below",4,"homogeneous","naive","prognostic_low",NA,-0.00606949553038395,0.000278814951866998,0.000143141693079833,0.00640149112281834,0.000101241775455734,0.00633599001098719,2.34181424446909e-05,-1.0232164752627,1.60753000830503,4.10363368286089e-05,1.46972242479465e-06,0.9485,0.00494205169944629,0.9485,0.00494205169944629,0.948,0.00496467521596328,0.144,0.00785060507222214,1,0,0,0.0239614447978774,1186.1423274684,1247.97126102501,6.60839612592831,2000,2000
14,8000,35,"below",4,"homogeneous","naive","prognostic_low",NA,-0.00306639831776776,0.000176603478920467,7.21790703312466e-05,0.00322794615626811,5.10510744553241e-05,0.00320406197679548,1.22921529052204e-05,-0.73991876928472,1.61535906791113,1.0445615358339e-05,3.48819971517443e-07,0.9435,0.00516273909857936,0.9435,0.00516273909857936,0.9455,0.00507591124823908,0.1375,0.00770044641563072,1,0,0,0.012133451520991,2395.24806897665,2527.54726019788,6.99004967313744,2000,2000
15,4000,70,"boundary",4,"homogeneous","naive","prognostic_low",NA,-0.0122377039019392,-8.2459293555243e-05,0.000196969644464105,0.00880875029051409,0.000139313403994103,0.0088583787836956,2.80279137265617e-05,0.563399932394004,1.62196001718255,7.75620841748854e-05,2.47847204985755e-06,0.9535,0.00470838348055891,0.9535,0.00470838348055891,0.953,0.00473238840333293,0.2945,0.0101923929967403,1,0,0,0.0334827780815091,1199.56667932139,1263.48097766184,6.56820247290916,2000,2000
16,8000,70,"boundary",4,"homogeneous","naive","prognostic_low",NA,-0.00619956160054076,-6.26874585262574e-05,9.84106465719346e-05,0.00440105790889105,6.96042387673359e-05,0.00450339934013366,1.453955307923e-05,2.32538251850445,1.65168745442018,1.93635557795102e-05,6.4306617361276e-07,0.951,0.00482695556225661,0.951,0.00482695556225661,0.95,0.00487339717240448,0.289,0.0101360495263194,1,0,0,0.0169968259329669,2412.02991079497,2540.37244812559,7.02531045764812,2000,2000
17,4000,140,"above",4,"homogeneous","naive","prognostic_low",NA,-0.0239358882267608,0.000274638878654817,0.000267259124880333,0.0119521914167906,0.000189028002446079,0.0120381418688468,3.23376284099949e-05,0.719118771269556,1.61572139087618,0.00014285887873744,4.53705327235576e-06,0.9465,0.00503178646208283,0.9465,0.00503178646208283,0.947,0.0050095408971282,0.53,0.0111601971308754,1,0,0,0.0451400097525801,1204.37458719862,1271.12712111346,6.64043867906422,2000,2000
18,8000,140,"above",4,"homogeneous","naive","prognostic_low",NA,-0.0125534580173267,8.24245672549353e-06,0.000140357501036574,0.00627697826939554,9.9272562016907e-05,0.00627887322499996,1.7015766379953e-05,0.0301889782487574,1.60506902604942,3.93808239044595e-05,1.34664201643372e-06,0.95,0.00487339717240448,0.95,0.00487339717240448,0.95,0.00487339717240448,0.517,0.0111738757823774,1,0,0,0.0235178961944055,2417.66651833357,2551.07268091506,7.04802380365553,2000,2000
19,4000,35,"below",16,"homogeneous","naive","prognostic_low",NA,-0.00577393175716872,-5.30974021629265e-05,0.000153862445909186,0.00688093776474648,0.000108824388371039,0.00687715842067993,5.48082260903488e-05,-0.0549248401274016,1.77001470496144,4.73264502041697e-05,1.98084342868014e-06,0.95,0.00487339717240448,0.95,0.00487339717240448,0.9505,0.0048502448391808,0.1445,0.00786192565469809,1,0,0,0.0224749493290103,1204.01219788657,1266.912420735,6.98339520944565,2000,2000
20,8000,35,"below",16,"homogeneous","naive","prognostic_low",NA,-0.00290155337992704,8.66928185370183e-05,8.07990929721081e-05,0.00361344528811919,5.7147875309445e-05,0.00349787055944488,2.80094256487355e-05,-3.19846350114404,1.71599982664459,1.30579740015915e-05,5.3516120841817e-07,0.9395,0.0053310294503032,0.9395,0.0053310294503032,0.942,0.00522666241496426,0.137,0.00768866048151432,1,0,0,0.01137269220491,2405.44639797085,2544.89913788338,7.39580168401329,2000,2000
21,4000,70,"boundary",16,"homogeneous","naive","prognostic_low",NA,-0.0116255894206381,0.000183257345308816,0.000206592553502709,0.0092390998655464,0.000146119529974281,0.00918786827493265,6.97079001794979e-05,-0.554508462505143,1.744373924751,8.53518690969865e-05,3.39557967017742e-06,0.938,0.00539240206216117,0.938,0.00539240206216117,0.9385,0.00537204569973116,0.2695,0.00992143512804473,1,0,0,0.0297504081030096,1285.92921524184,1593.45505464696,7.0734788195557,2000,2000
22,8000,70,"boundary",16,"homogeneous","naive","prognostic_low",NA,-0.00598095122516805,0.000165416075740841,0.000106294679153736,0.00475364256468565,7.51804859051088e-05,0.00472936258923432,3.6535954143958e-05,-0.510765694326787,1.75114055167855,2.26131815520883e-05,9.5492669686188e-07,0.942,0.00522666241496426,0.942,0.00522666241496426,0.9455,0.00507591124823908,0.261,0.00982036150047441,1,0,0,0.0152760806788784,2524.47179514225,2689.87326714749,7.54260158067201,2000,2000
23,4000,140,"above",16,"homogeneous","naive","prognostic_low",NA,-0.0228285072911625,0.000329577241127215,0.000272901923554379,0.0122045450451609,0.000193019061542894,0.0121405471123686,8.99774120084592e-05,-0.524377865421544,1.73741697680841,0.00014898506545735,5.92052261159083e-06,0.943,0.00518415856238985,0.943,0.00518415856238985,0.943,0.00518415856238985,0.507,0.0111792441604967,1,0,0,0.0395706455236142,1324.27328675293,1633.59817539783,7.2052655146178,2000,2000
24,8000,140,"above",16,"homogeneous","naive","prognostic_low",NA,-0.01195779730443,3.75639630217577e-05,0.000140526940527882,0.00628455583380831,9.93924037944023e-05,0.00632136490432236,4.825868579777e-05,0.585706794361363,1.76643613106575,3.94773052585578e-05,1.76914238552447e-06,0.956,0.00458606585212206,0.956,0.00458606585212206,0.956,0.00458606585212206,0.5305,0.0111595194789023,1,0,0,0.0204799445876141,2668.4674684144,3293.6383557316,7.68144414554327,2000,2000
25,4000,35,"below",4,"heterogeneous","naive","prognostic_low",NA,-0.0022427873599239,0.000123815839936127,0.000147574301168364,0.00659972338288979,0.000104376886569252,0.00656799289793833,2.37041574509566e-05,-0.480785074018741,1.61439137171755,4.35499009185158e-05,1.4646682270869e-06,0.945,0.00509779364038993,0.945,0.00509779364038993,0.945,0.00509779364038993,0.062,0.00539240206216117,1,0,0,0.0248248483430314,1194.58611295316,1257.95934332818,6.63603449246726,2000,2000
26,8000,35,"below",4,"heterogeneous","naive","prognostic_low",NA,-0.00112218863594848,7.01897746710666e-05,7.54298346033679e-05,0.00337332475409393,5.33502867911323e-05,0.0033428988042499,1.2081302622205e-05,-0.901957328807634,1.60766899084975,1.1378556841103e-05,3.79542380044521e-07,0.9395,0.0053310294503032,0.9395,0.0053310294503032,0.9385,0.00537204569973116,0.068,0.00562920953598283,1,0,0,0.0125871852985662,2398.1262958957,2529.65705231275,7.05213725704923,2000,2000
27,4000,70,"boundary",4,"heterogeneous","naive","prognostic_low",NA,-0.00472013703097681,0.000245557595457999,0.000207493233408955,0.00927937949547306,0.000146756566122615,0.00921948178384237,2.82887128114855e-05,-0.645492639458356,1.60062520080995,8.61241289117823e-05,2.87469069060573e-06,0.949,0.00491929873051028,0.949,0.00491929873051028,0.95,0.00487339717240448,0.081,0.00610077863882964,1,0,0,0.034411556227457,1199.50377466069,1263.02414359623,6.6622270061602,2000,2000
28,8000,70,"boundary",4,"heterogeneous","naive","prognostic_low",NA,-0.00236972336766556,0.00015344403937756,0.000102827542464654,0.00459858749820427,7.27282369020561e-05,0.00468524276163629,1.4429378613397e-05,1.88438870557235,1.6416035793333,2.11599785483718e-05,7.09429449064475e-07,0.954,0.00468422885862764,0.954,0.00468422885862764,0.956,0.00458606585212206,0.072,0.0057799653978203,1,0,0,0.0175246720984502,2410.22228751653,2543.8780323943,7.08386754508635,2000,2000
29,4000,140,"above",4,"heterogeneous","naive","prognostic_low",NA,-0.00973541173574109,0.000513172057527028,0.000278061722269392,0.0124352982587006,0.000196668502678195,0.0124095999910739,3.27216021122078e-05,-0.20665582032714,1.60005102764375,0.000154822670022077,5.18070629303362e-06,0.9475,0.00498717104178311,0.9475,0.00498717104178311,0.948,0.00496467521596328,0.1205,0.00727941446821102,1,0,0,0.0462645017019857,1205.87229946157,1270.46942411374,6.66996399171809,2000,2000
30,8000,140,"above",4,"heterogeneous","naive","prognostic_low",NA,-0.00491285836929502,5.32404958608438e-05,0.000142667051372759,0.0063802645003789,0.000100906069148958,0.0064824497902867,1.74610329288588e-05,1.60158391398559,1.63000249601759,4.06902557576472e-05,1.32870894584908e-06,0.95,0.00487339717240448,0.95,0.00487339717240448,0.9505,0.0048502448391808,0.126,0.0074203773488954,1,0,0,0.0241151566675284,2419.3103157228,2552.7389584398,7.072899126565,2000,2000
31,4000,35,"below",16,"heterogeneous","naive","prognostic_low",NA,-0.0019367097492042,0.000458607231047744,0.000158679922720332,0.00709638187734152,0.00011223171082953,0.00710326474228657,5.60751037240796e-05,0.0969911859877381,1.76932465581073,5.0543777023556e-05,1.99034385214648e-06,0.946,0.00505390937789747,0.946,0.00505390937789747,0.9475,0.00498717104178311,0.0665,0.00557125434709276,1,0,0,0.0229708908545405,1219.83441725469,1290.146303034,7.02525683054686,2000,2000
32,8000,35,"below",16,"heterogeneous","naive","prognostic_low",NA,-0.000936832740215713,3.36038333784547e-05,8.33250523656611e-05,0.00372640962636696,5.89344450239011e-05,0.00364940776749772,2.95094181769618e-05,-2.066382029619,1.73955529684322,1.38803148567463e-05,6.36647685035764e-07,0.947,0.0050095408971282,0.947,0.0050095408971282,0.946,0.00505390937789747,0.068,0.00562920953598283,1,0,0,0.0117034531475356,2429.08892166048,2559.09488308285,7.38744891223731,2000,2000
33,4000,70,"boundary",16,"heterogeneous","naive","prognostic_low",NA,-0.004482050105011,0.000466134129135944,0.000219175813415662,0.00980184035642463,0.000155019463649775,0.0095988914545324,7.49110026153313e-05,-2.07051833647958,1.72708717359999,9.62453173619936e-05,4.06344339669518e-06,0.9435,0.00516273909857936,0.9435,0.00516273909857936,0.9435,0.00516273909857936,0.0945,0.00654101482951996,1,0,0,0.0305874482675725,1287.91886383513,1580.23278109867,7.11842044141215,2000,2000
34,8000,70,"boundary",16,"heterogeneous","naive","prognostic_low",NA,-0.00222316666971992,0.000110700989732432,0.000107651592461168,0.0048143255725855,7.61402084669156e-05,0.00490916479390793,3.81057670087222e-05,1.96993784264363,1.79645545111123,2.3178396562619e-05,8.89381869631598e-07,0.9475,0.00498717104178311,0.9475,0.00498717104178311,0.9485,0.00494205169944629,0.0865,0.00628560856242258,1,0,0,0.0156919543213483,2589.58063058503,3160.66922830637,7.50607694216153,2000,2000
35,4000,140,"above",16,"heterogeneous","naive","prognostic_low",NA,-0.0102733878555986,2.0372005704425e-05,0.000266340048094842,0.0119110890534126,0.000188377954486319,0.0120520334219881,8.70643284147236e-05,1.18330379315799,1.7592857296824,0.000141803520435723,6.18740814247638e-06,0.9575,0.00451075104611194,0.9575,0.00451075104611194,0.9575,0.00451075104611194,0.187,0.00871868682772813,1,0,0,0.0401050951649026,1330.07912347429,1638.19831683259,7.26726855704795,2000,2000
36,8000,140,"above",16,"heterogeneous","naive","prognostic_low",NA,-0.00514712107841963,0.000358456245211914,0.00014171812647935,0.0063378272890348,0.000100234910111253,0.00632294093769292,4.76709649084722e-05,-0.234880987805253,1.74793243171541,4.02764615979928e-05,1.57845182391839e-06,0.9465,0.00503178646208283,0.9465,0.00503178646208283,0.949,0.00491929873051028,0.1625,0.00824905297594821,1,0,0,0.0208031687436493,2670.36555485031,3297.50475494825,7.76875188207072,2000,2000
1,4000,35,"below",4,"null","naive","workability",NA,0,-9.11906877844245e-05,0.000149185768905847,0.00667179041098097,0.000105516651310901,0.0064858901888544,1.95156351715282e-05,-2.78636184105242,1.56504527003464,4.44988466359521e-05,1.50634168500157e-06,0.9395,0.0053310294503032,0.9395,0.0053310294503032,0.9395,0.0053310294503032,0.0605,0.0053310294503032,1,0,0,0.0247088473650087,1216.63161078811,1285.30771952134,6.72613542458316,2000,2000
2,8000,35,"below",4,"null","naive","workability",NA,0,2.12018785220105e-05,7.33268423562381e-05,0.00327927608167918,5.18628748129163e-05,0.00328853171879225,1.03189423937796e-05,0.282246352015725,1.61691310474951,1.07487243137161e-05,3.42271163206796e-07,0.9495,0.00489641450451246,0.9495,0.00489641450451246,0.949,0.00491929873051028,0.0505,0.00489641450451246,1,0,0,0.0124952970568588,2438.63527038885,2569.26842876637,7.1060627541785,2000,2000
3,4000,70,"boundary",4,"null","naive","workability",NA,0,0.00015839764334457,0.000223399380159685,0.00999072400336746,0.00015800672324354,0.0099794351178635,2.3048252246418e-05,-0.112993667927919,1.59650311364062,9.97897486418239e-05,3.23422425033167e-06,0.949,0.00491929873051028,0.949,0.00491929873051028,0.949,0.00491929873051028,0.051,0.00491929873051027,1,0,0,0.0386504922045927,968.774495948684,844.145505426222,6.42986911630093,2000,2000
4,8000,70,"boundary",4,"null","naive","workability",NA,0,7.09732701065355e-05,0.000114632206317437,0.00512650811473141,8.10774823343238e-05,0.00509518824738571,1.19666241502887e-05,-0.610939583918713,1.58910969258716,2.62729821127515e-05,8.73528673198638e-07,0.9465,0.00503178646208283,0.9465,0.00503178646208283,0.946,0.00505390937789747,0.0535,0.00503178646208283,1,0,0,0.0197796711288992,1941.3926540794,1689.45022765111,6.83062205977111,2000,2000
5,4000,140,"above",4,"null","naive","workability",NA,0,-0.000184803158438383,0.00027428427353948,0.0122663656158685,0.00019399677505027,0.0121503604465795,1.38086470418671e-05,-0.945717524830159,1.57061692952352,0.000150422645766818,4.89149448753753e-06,0.9495,0.00489641450451246,0.9495,0.00489641450451246,0.949,0.00491929873051028,0.0505,0.00489641450451246,1,0,0,0.0475787700150926,970.080802425217,843.942517821598,6.4490543132848,2000,2000
6,8000,140,"above",4,"null","naive","workability",NA,0,-0.000121386662680256,0.00014063431562498,0.0062893577941323,9.94683484422261e-05,0.00622013588849598,7.92113418069706e-06,-1.10061961653544,1.56919000145846,3.95509781737582e-05,1.27994944649736e-06,0.9465,0.00503178646208283,0.9465,0.00503178646208283,0.946,0.00505390937789747,0.0535,0.00503178646208283,1,0,0,0.0243340850274667,1943.07981177871,1690.14439114267,6.84563935884044,2000,2000
7,4000,35,"below",16,"null","naive","workability",NA,0,0.000244371008514161,0.000137611766013903,0.00615418526621767,9.73305485989777e-05,0.00621060445049494,2.41752940711704e-05,0.916761225681251,1.64366504918761,3.79147764825875e-05,1.23770192191194e-06,0.951,0.00482695556225661,0.951,0.00482695556225661,0.95,0.00487339717240448,0.049,0.00482695556225661,1,0,0,0.0241557178921134,1249.23086535805,1318.56058485624,7.09604893343313,2000,2000
8,8000,35,"below",16,"null","naive","workability",NA,0,-8.07511543551729e-05,7.03946144291945e-05,0.00314814286227133,4.97889580176943e-05,0.00315480724919112,1.34767156983575e-05,0.211692645834494,1.6416784738085,9.91236882845898e-06,3.378438587331e-07,0.955,0.00463546114210873,0.955,0.00463546114210873,0.9545,0.00465992220965114,0.045,0.00463546114210873,1,0,0,0.0122505416606698,2480.03064020071,2623.26503218453,7.51300187076919,2000,2000
9,4000,70,"boundary",16,"null","naive","workability",NA,0,2.80977774922348e-05,0.000329181876064602,0.0147214610368272,0.00023282495032417,0.0147106845071215,4.49011134415141e-05,-0.0732028545182395,1.60953959735801,0.000216613843836393,7.09501532766045e-06,0.9475,0.00498717104178311,0.9475,0.00498717104178311,0.9475,0.00498717104178311,0.0525,0.00498717104178311,1,0,0,0.0592465790217559,655.144859274566,457.760611170627,6.42965044834463,2000,2000
10,8000,70,"boundary",16,"null","naive","workability",NA,0,3.76360026289468e-05,0.000168564191608346,0.00753841982017125,0.000119222692351219,0.00758910709239945,2.05039643090619e-05,0.672385903642159,1.61523371105007,5.68007759671521e-05,1.77785044950744e-06,0.953,0.00473238840333293,0.953,0.00473238840333293,0.952,0.00477995815881269,0.047,0.00473238840333293,1,0,0,0.0303268196650854,1302.87147302061,912.837072881465,6.87057927679567,2000,2000
11,4000,140,"above",16,"null","naive","workability",NA,0,0.000384320316288778,0.000362803974706677,0.0162250869990249,0.000256605310104971,0.0162227886285718,2.78519816155099e-05,-0.0141655354647274,1.59060026224198,0.000263269523507376,8.54816000780366e-06,0.949,0.00491929873051028,0.949,0.00491929873051028,0.9485,0.00494205169944629,0.051,0.00491929873051027,1,0,0,0.0635406025529648,647.958598444532,451.673050375728,6.37915831156587,2000,2000
12,8000,140,"above",16,"null","naive","workability",NA,0,-3.83583578618909e-05,0.0001893070705687,0.00846606956825925,0.000133893790958655,0.00833634162660615,1.46444265319335e-05,-1.5323278483262,1.56687732407846,7.16399681312558e-05,2.35495797022127e-06,0.946,0.00505390937789747,0.946,0.00505390937789747,0.9465,0.00503178646208283,0.054,0.00505390937789747,1,0,0,0.0326940951581532,1295.42243456666,910.416125460137,6.85689548480723,2000,2000
13,4000,35,"below",4,"homogeneous","naive","workability",NA,-0.00631872211090702,0.000167250252578206,0.000134591012900404,0.00601909308011707,9.51940193890458e-05,0.00600011336274645,1.20159843637124e-05,-0.315325201288463,1.58913622502605,3.62393394133471e-05,1.19951622686766e-06,0.951,0.00482695556225661,0.951,0.00482695556225661,0.9505,0.0048502448391808,0.164,0.0082796135175502,1,0,0,0.0233722949049769,1219.29563860035,1288.97548114109,6.72849999881786,2000,2000
14,8000,35,"below",4,"homogeneous","naive","workability",NA,-0.00318962193634741,6.88082406111239e-05,6.99291177702867e-05,0.00312732521881899,4.94597198537287e-05,0.00303571098042145,6.577480244601e-06,-2.92947589352848,1.54954373880754,9.78000751672511e-06,3.22051962170737e-07,0.9365,0.005452877680638,0.9365,0.005452877680638,0.9355,0.00549271107923947,0.1765,0.00852489736008593,1,0,0,0.0118101786342107,2439.03558114561,2576.99126627195,7.07732998169649,2000,2000
15,4000,70,"boundary",4,"homogeneous","naive","workability",NA,-0.0133796735607653,-0.000139593308674884,0.000228924109868222,0.0102377974270795,0.000161914274094524,0.010360509089727,1.64263686964962e-05,1.19861389641274,1.60851306982676,0.000104779576201663,3.30078684957215e-06,0.9545,0.00465992220965114,0.9545,0.00465992220965114,0.9545,0.00465992220965114,0.2495,0.00967599478089979,1,0,0,0.0406675995763882,970.238920155027,846.75140389895,6.35738644935314,2000,2000
16,8000,70,"boundary",4,"homogeneous","naive","workability",NA,-0.00686688994408031,-0.000245797615820244,0.000115447470463401,0.00516296783573125,8.16541053141616e-05,0.00531600938534397,8.67807000320221e-06,2.96421659948298,1.63706604282653,2.6703325222302e-05,8.3839764450915e-07,0.9585,0.00445969449626317,0.9585,0.00445969449626317,0.9565,0.00456112650559048,0.2525,0.0097145187734648,1,0,0,0.0208831497399011,1942.97935286663,1689.2206531966,6.85292263877287,2000,2000
17,4000,140,"above",4,"homogeneous","naive","workability",NA,-0.0169047267058082,8.88099458339555e-05,0.000258585990032562,0.0115643170348378,0.000182893636197766,0.0115732575584558,1.41141604344118e-05,0.0773112981166335,1.58745571108458,0.000133674448974478,4.19028768606429e-06,0.947,0.0050095408971282,0.947,0.0050095408971282,0.9475,0.00498717104178311,0.309,0.0103324488868806,1,0,0,0.0452609705789024,970.279248597019,844.769047055675,6.4055283547033,2000,2000
18,8000,140,"above",4,"homogeneous","naive","workability",NA,-0.00860621393419599,7.30698778134389e-05,0.000132826109095162,0.0059401641824717,9.39457318293087e-05,0.00590447290472572,7.90682150156523e-06,-0.60084665422715,1.57765688540369,3.52732469465059e-05,1.092193766766e-06,0.952,0.00477995815881269,0.952,0.00477995815881269,0.952,0.00477995815881269,0.299,0.0102371626928559,1,0,0,0.0230562999165482,1940.61444625879,1690.45957981748,6.82778188144302,2000,2000
19,4000,35,"below",16,"homogeneous","naive","workability",NA,-0.00585112810117345,-0.000123052608604308,0.000122539085131382,0.00548011448508807,8.66698882379666e-05,0.0053616832048978,1.5882927585071e-05,-2.16110959930748,1.57426483446267,3.00317808867716e-05,9.723258505259e-07,0.946,0.00505390937789747,0.946,0.00505390937789747,0.9455,0.00507591124823908,0.2065,0.0090514570650255,1,0,0,0.0203111785357997,1346.81445453603,1657.01955055274,7.50249455309917,2000,2000
20,8000,35,"below",16,"homogeneous","naive","workability",NA,-0.00295366809216823,-2.02839665732293e-05,6.25028089301594e-05,0.00279521059105034,4.42072132228494e-05,0.00271685664703223,8.76662552847776e-06,-2.8031499404371,1.56886976307953,7.8097070864958e-06,2.51330785718585e-07,0.9425,0.00520546587732549,0.9425,0.00520546587732549,0.9425,0.00520546587732549,0.196,0.00887648579112252,1,0,0,0.0102266928785323,2700.15518344265,3326.35957417786,7.93774704752282,2000,2000
21,4000,70,"boundary",16,"homogeneous","naive","workability",NA,-0.0133751721577058,-0.000284937565057916,0.000278526147488123,0.0124560679858915,0.000196996983030069,0.0122147386560044,6.99387978707437e-05,-1.93744390413133,1.64940379080789,0.000155157242270297,5.64106550714565e-06,0.9455,0.00507591124823908,0.9455,0.00507591124823908,0.945,0.00509779364038993,0.2035,0.00900243717001124,1,0,0,0.0394377132402744,942.863408610057,816.503579295088,6.39307508734175,2000,2000
22,8000,70,"boundary",16,"homogeneous","naive","workability",NA,-0.00687140978033512,-0.000196647717780333,0.000143721624459145,0.00642742644254691,0.000101651951423482,0.00630241470118896,3.68307794704599e-05,-1.9449735049541,1.65325663347945,4.13298250939222e-05,1.55507746847222e-06,0.945,0.00509779364038993,0.945,0.00509779364038993,0.944,0.00514120608417908,0.2015,0.0089693296850991,1,0,0,0.0201099475457202,1899.28851602836,1645.17060658022,6.83455884771782,2000,2000
23,4000,140,"above",16,"homogeneous","naive","workability",NA,-0.0197050560012841,0.000364703799719206,0.000367599672872869,0.0164395571410084,0.000259997228884529,0.0164057412311203,2.41796424388618e-05,-0.205698423613732,1.58511964228101,0.000270256918334514,8.35894919851154e-06,0.948,0.00496467521596328,0.948,0.00496467521596328,0.945,0.00509779364038993,0.2055,0.00903520198999447,1,0,0,0.0641114589808779,648.469098792835,453.728074193377,6.3508264084699,2000,2000
24,8000,140,"above",16,"homogeneous","naive","workability",NA,-0.0100947765577266,-0.000155744908835487,0.000189154960366866,0.00845926699323181,0.000133786205903824,0.00844250322941408,1.35321520348289e-05,-0.198170406858478,1.58648569245244,7.15476749403778e-05,2.28830835402218e-06,0.9495,0.00489641450451246,0.9495,0.00489641450451246,0.9495,0.00489641450451246,0.204,0.00901066035315947,1,0,0,0.0329304657655308,1299.63767229426,906.811872621443,6.85933762580637,2000,2000
25,4000,35,"below",4,"heterogeneous","naive","workability",NA,-0.002673768705246,-5.50243366558674e-05,0.000140583118676325,0.00628706819698366,9.94321376788336e-05,0.00629196116932555,1.91600653111337e-05,0.0778259784781632,1.61183750093724,3.95104905778909e-05,1.27981679998632e-06,0.946,0.00505390937789747,0.946,0.00505390937789747,0.9455,0.00507591124823908,0.0655,0.00553216729681958,1,0,0,0.0241288485791464,1217.60306649895,1285.62361673798,6.7425036010803,2000,2000
26,8000,35,"below",4,"heterogeneous","naive","workability",NA,-0.00134432252862617,-3.26633692102094e-05,7.159086684445e-05,0.00320164089664652,5.06350477614151e-05,0.00316352535506584,9.22473354894416e-06,-1.19050020945826,1.58904576896909,1.02464460745521e-05,3.51768337764189e-07,0.9455,0.00507591124823908,0.9455,0.00507591124823908,0.945,0.00509779364038993,0.0695,0.00568637626261225,1,0,0,0.0121378836044841,2436.0868897677,2574.94806775778,7.14323993105499,2000,2000
27,4000,70,"boundary",4,"heterogeneous","naive","workability",NA,-0.00300951644843025,-0.000108027085261826,0.000223703780156975,0.0100043371850933,0.00015822202037683,0.010029940514432,2.18193018656544e-05,0.25592229515039,1.60051130789731,0.000100048388982934,3.40638497937937e-06,0.954,0.00468422885862764,0.954,0.00468422885862764,0.9535,0.00470838348055891,0.0565,0.00516273909857936,1,0,0,0.0394144302585193,969.934996703643,844.691816326095,6.45897709329915,2000,2000
28,8000,70,"boundary",4,"heterogeneous","naive","workability",NA,-0.00149287226132058,-2.36918130876376e-05,0.000111641197671111,0.00499274614164192,7.89619908989346e-05,0.00509589659181184,1.16625723954944e-05,2.06600630682168,1.63102259033622,2.49156115798702e-05,8.26514550822187e-07,0.9565,0.00456112650559048,0.9565,0.00456112650559048,0.957,0.00453602248671675,0.0465,0.00470838348055891,1,0,0,0.0200040943637563,1941.11675930401,1688.24278153005,6.91440295600264,2000,2000
29,4000,140,"above",4,"heterogeneous","naive","workability",NA,-0.00441329385288844,6.8052523840741e-05,0.000262815468086656,0.0117534650436038,0.000185885076764344,0.0119749808691257,1.43404568872112e-05,1.88468527961858,1.61595390914329,0.000138079499706952,4.3876151839676e-06,0.9495,0.00489641450451246,0.9495,0.00489641450451246,0.95,0.00487339717240448,0.056,0.00514120608417908,1,0,0,0.0467655309887961,970.64821141708,844.102472388873,6.46863222099856,2000,2000
30,8000,140,"above",4,"heterogeneous","naive","workability",NA,-0.00219331162708183,8.29082144764853e-05,0.000132737803124946,0.00593621501942725,9.38832744626556e-05,0.00612053931312852,7.8463117803135e-06,3.10508115184573,1.63599043393689,3.52279032045228e-05,1.1352767019344e-06,0.9565,0.00456112650559048,0.9565,0.00456112650559048,0.9565,0.00456112650559048,0.0525,0.00498717104178311,1,0,0,0.0239288636143762,1940.83382586899,1691.67504037479,6.86785949306357,2000,2000
31,4000,35,"below",16,"heterogeneous","naive","workability",NA,-0.00291323645402765,0.000148148319816419,0.000129074110940219,0.00577236972395356,9.1292004976286e-05,0.00582482000833764,2.4321696971972e-05,0.908643882709526,1.6505893527936,3.33255400285651e-05,1.14253426545186e-06,0.9485,0.00494205169944629,0.9485,0.00494205169944629,0.9495,0.00489641450451246,0.075,0.00588960949469487,1,0,0,0.0214166633927953,1315.68456539277,1624.51911994537,7.24159145637928,2000,2000
32,8000,35,"below",16,"heterogeneous","naive","workability",NA,-0.0014547037992629,-8.84733228935858e-05,6.61585380352436e-05,0.0029586997667762,4.67928505533895e-05,0.00294460233650763,1.1981924642815e-05,-0.476473835800406,1.6252614074317,8.75735488663044e-06,3.28435982983285e-07,0.9515,0.00480352734977121,0.9515,0.00480352734977121,0.951,0.00482695556225661,0.0775,0.00597886904021153,1,0,0,0.0109180184109264,2650.42506353751,3265.56452438061,7.6866385306066,2000,2000
33,4000,70,"boundary",16,"heterogeneous","naive","workability",NA,-0.000567527743388731,-0.000450042132261297,0.00033107751336938,0.0148062365143106,0.000234165703547263,0.0147658163451412,4.3793575539527e-05,-0.272994215176448,1.60471096887472,0.000219317565318655,7.09629662860504e-06,0.951,0.00482695556225661,0.951,0.00482695556225661,0.9485,0.00494205169944629,0.051,0.00491929873051027,1,0,0,0.0593121011905019,653.226206394661,456.696938205746,6.37773814392996,2000,2000
34,8000,70,"boundary",16,"heterogeneous","naive","workability",NA,-0.00022213950108073,-0.000177517835721196,0.000168034177619386,0.00751471687400442,0.00011884782213623,0.00756639468404664,2.09963514748156e-05,0.687688051442037,1.61673640574336,5.64742467935975e-05,1.82948124328315e-06,0.9495,0.00489641450451246,0.9495,0.00489641450451246,0.9475,0.00498717104178311,0.052,0.00496467521596328,1,0,0,0.0302277014476916,1302.29323830412,911.02068746843,6.81739950734932,2000,2000
35,4000,140,"above",16,"heterogeneous","naive","workability",NA,-0.000298538624899833,-0.000359853325165894,0.000362090759093432,0.0161931910271483,0.000256100864381199,0.0162115369786029,2.9180026315442e-05,0.113294232272509,1.59354736042683,0.000262217820339527,8.28510549714985e-06,0.955,0.00463546114210873,0.955,0.00463546114210873,0.954,0.00468422885862764,0.0455,0.00465992220965114,1,0,0,0.0634680182282271,648.647464485861,453.108544745185,6.39113359010972,2000,2000
36,8000,140,"above",16,"heterogeneous","naive","workability",NA,-0.000107907582980748,0.000395876430813581,0.000184555715303063,0.00825358250107495,0.00013053323518651,0.00827770757944825,1.4900374835086e-05,0.292298264058788,1.59639785093636,6.82442814384732e-05,2.16331783459864e-06,0.9415,0.0052477495176504,0.9415,0.0052477495176504,0.943,0.00518415856238985,0.0565,0.00516273909857936,1,0,0,0.0323998095659425,1296.85503914084,907.999248701675,6.85420469158587,2000,2000
1,4000,35,"below",4,"null","split","prognostic_high",NA,0,2.35412813882448e-05,0.000223409160016568,0.00999116137186348,0.000158013640376161,0.00978076461417914,4.06244622187904e-05,-2.10582884064764,1.60073186728529,9.97739480977672e-05,3.34940211216658e-06,0.942,0.00522666241496426,0.942,0.00522666241496426,0.942,0.00522666241496426,0.058,0.00522666241496426,1,0,0,0.0369974725782777,573.697303829503,601.664988886265,6.16221322146037,2000,2000
2,8000,35,"below",4,"null","split","prognostic_high",NA,0,-3.04603260247892e-06,0.000110564079618313,0.00494457595792495,7.82001629388597e-05,0.00494107448301244,2.06689213988552e-05,-0.070814463005664,1.63476096925011,2.44366162663023e-05,8.29707665547324e-07,0.949,0.00491929873051028,0.949,0.00491929873051028,0.949,0.00491929873051028,0.051,0.00491929873051027,1,0,0,0.0187547556889238,1170.65074433309,1228.64158574606,6.60905924551483,2000,2000
3,4000,70,"boundary",4,"null","split","prognostic_high",NA,0,-0.000145712480158204,0.000305281676463417,0.0136526116171459,0.000215920730531123,0.0138024688041824,4.65231711023873e-05,1.09764484070003,1.63480326369631,0.000186321839193518,6.2824627341284e-06,0.948,0.00496467521596328,0.948,0.00496467521596328,0.9465,0.00503178646208283,0.052,0.00496467521596328,1,0,0,0.0519168023714355,576.799660809409,606.25470687418,6.20489938922948,2000,2000
4,8000,70,"boundary",4,"null","split","prognostic_high",NA,0,-9.04333746859203e-05,0.000157702748838166,0.00705268133281432,0.000111540571744677,0.00704563599421783,2.45150145774607e-05,-0.0998958873089761,1.61773933193466,4.97236220204935e-05,1.59763035356634e-06,0.949,0.00491929873051028,0.949,0.00491929873051028,0.949,0.00491929873051028,0.051,0.00491929873051027,1,0,0,0.0265504751640829,1174.61374305095,1236.77497903127,6.60295172971846,2000,2000
5,4000,140,"above",4,"null","split","prognostic_high",NA,0,-0.0003808090452634,0.000416139243600941,0.018610312735941,0.000294328472386228,0.0188288135021851,5.53638938922339e-05,1.1740843334789,1.62752251537982,0.000346315583788418,1.12676054789575e-05,0.953,0.00473238840333293,0.953,0.00473238840333293,0.953,0.00473238840333293,0.047,0.00473238840333293,1,0,0,0.0694405132456371,580.431240034047,609.965923728626,6.20928340549597,2000,2000
6,8000,140,"above",4,"null","split","prognostic_high",NA,0,-0.00011192294548027,0.000217604246040112,0.00973155772676558,0.000153907919780719,0.00980969283210418,2.87140577789841e-05,0.80290440166324,1.621307597388,9.4668390927201e-05,3.24400463300584e-06,0.9515,0.00480352734977121,0.9515,0.00480352734977121,0.9515,0.00480352734977121,0.0485,0.00480352734977121,1,0,0,0.0364698744492297,1182.02804861288,1243.45311519134,6.63114412483445,2000,2000
7,4000,35,"below",16,"null","split","prognostic_high",NA,0,6.18844293349342e-05,0.000266372049173522,0.0119125201851582,0.000188400588325226,0.0115073398229026,9.09336527658013e-05,-3.40129843188415,1.70783201746563,0.000141841012775816,6.06343609940093e-06,0.9435,0.00516273909857936,0.9435,0.00516273909857936,0.944,0.00514120608417908,0.0565,0.00516273909857936,1,0,0,0.0391378228890336,487.551036872578,418.168511386313,6.4360857819692,2000,2000
8,8000,35,"below",16,"null","split","prognostic_high",NA,0,4.36844283002013e-05,0.000131509039252993,0.00588126302850762,9.30141898980142e-05,0.00581339616429716,4.63225429750186e-05,-1.15395050147381,1.75049050498554,3.45738685123613e-05,1.46400082005496e-06,0.947,0.0050095408971282,0.947,0.0050095408971282,0.947,0.0050095408971282,0.053,0.0050095408971282,1,0,0,0.0193866342764497,975.537277448154,853.246879278543,6.79344409567416,2000,2000
9,4000,70,"boundary",16,"null","split","prognostic_high",NA,0,-2.69246548704956e-05,0.000362532506106858,0.0162129465541659,0.000256413304809835,0.0160594474028163,0.000114848304780453,-0.946768996225922,1.71927498741223,0.000262728931087295,1.03225815007251e-05,0.9465,0.00503178646208283,0.9465,0.00503178646208283,0.9465,0.00503178646208283,0.0535,0.00503178646208283,1,0,0,0.0544588292531777,502.374453079033,439.110034888562,6.42088050368657,2000,2000
10,8000,70,"boundary",16,"null","split","prognostic_high",NA,0,8.68644859856266e-06,0.000181328471582024,0.00810925577427091,0.000128250658551315,0.00814482422899426,5.9009877324598e-05,0.438615524203834,1.74721683241412,6.57272246523292e-05,2.86463981402825e-06,0.95,0.00487339717240448,0.95,0.00487339717240448,0.95,0.00487339717240448,0.05,0.00487339717240448,1,0,0,0.0270627683507585,1003.35460904305,879.445020535399,6.83311674902322,2000,2000
11,4000,140,"above",16,"null","split","prognostic_high",NA,0,0.000706168033590637,0.000475513006528154,0.0212655881356451,0.000336322562611822,0.0213574307810954,0.000147353160077955,0.431883872030792,1.73292760960046,0.000452497799427177,1.77556397142058e-05,0.944,0.00514120608417908,0.944,0.00514120608417908,0.946,0.00505390937789747,0.056,0.00514120608417908,1,0,0,0.0696505366099718,576.731179717349,606.035233955514,6.50022831836225,2000,2000
12,8000,140,"above",16,"null","split","prognostic_high",NA,0,-0.000107413213274108,0.000252642105869774,0.0112984984540703,0.00017868962426528,0.0114901701993857,7.92954504394909e-05,1.69643555818138,1.75481909699989,0.000127603776881355,4.87155389169428e-06,0.9505,0.0048502448391808,0.9505,0.0048502448391808,0.949,0.00491929873051028,0.0495,0.0048502448391808,1,0,0,0.0390482145090541,1002.35288979638,886.101746357543,6.88784081552278,2000,2000
13,4000,35,"below",4,"homogeneous","split","prognostic_high",NA,-0.00609601814005612,0.00022956673203228,0.000205777948634689,0.00920266962835249,0.000145543373290936,0.00911538242737821,4.08459082868068e-05,-0.948498691133626,1.62819791645385,8.4699484608913e-05,2.8861086663596e-06,0.942,0.00522666241496426,0.942,0.00522666241496426,0.9425,0.00520546587732549,0.0905,0.00641520654383006,1,0,0,0.0345112736324887,579.244084440532,607.70223362844,6.17250136672532,2000,2000
14,8000,35,"below",4,"homogeneous","split","prognostic_high",NA,-0.00310789206339564,0.000122172548383252,0.000104084089373444,0.00465478198430368,7.36169719536829e-05,0.00466719084609032,2.13692504604844e-05,0.266583093010331,1.65086649826155,2.16710879553159e-05,7.06155711448907e-07,0.94,0.0053103672189407,0.94,0.0053103672189407,0.9415,0.0052477495176504,0.0855,0.00625258946357427,1,0,0,0.0176470096361768,1164.56596610422,1225.78172583509,6.59483857640536,2000,2000
15,4000,70,"boundary",4,"homogeneous","split","prognostic_high",NA,-0.0124468690503468,-0.00044610205142706,0.000292029351549466,0.0130599496297958,0.000206547578136898,0.0129578687215737,4.70208277193703e-05,-0.781633246036617,1.60994715534716,0.000170676010230925,5.68758920811368e-06,0.945,0.00509779364038993,0.945,0.00509779364038993,0.948,0.00496467521596328,0.1675,0.00834996257476643,1,0,0,0.0489913252440285,582.906926277351,610.67477695883,6.15498871255294,2000,2000
16,8000,70,"boundary",4,"homogeneous","split","prognostic_high",NA,-0.00637094986571256,-2.11368490344732e-05,0.000146485920058167,0.00655104949993323,0.00010360709243312,0.00662925563407097,2.39812956527057e-05,1.19379550007286,1.64174678417103,4.28952381921872e-05,1.43660322594774e-06,0.9535,0.00470838348055891,0.9535,0.00470838348055891,0.954,0.00468422885862764,0.1535,0.00806032722660811,1,0,0,0.0248644017495025,1179.84155427654,1237.89361182182,6.62456340278732,2000,2000
17,4000,140,"above",4,"homogeneous","split","prognostic_high",NA,-0.0245136384752477,0.000347908088761309,0.000400684767707826,0.0179191675628683,0.000283397774666422,0.017810368702858,5.3739082473658e-05,-0.607164700193297,1.60028364511255,0.000321057057901302,1.10045151597505e-05,0.9375,0.00541265877365274,0.9375,0.00541265877365274,0.9375,0.00541265877365274,0.2705,0.00993301943016322,1,0,0,0.0660264035041926,582.377684873225,613.649221173161,6.19268897165921,2000,2000
18,8000,140,"above",4,"homogeneous","split","prognostic_high",NA,-0.0129048203324117,-0.000249531505350289,0.00021092682764348,0.00943293449778406,0.000149185091096845,0.00934446332950395,2.8740208849091e-05,-0.937896561254581,1.59605197327329,8.89980290850273e-05,2.92353345038011e-06,0.9505,0.0048502448391808,0.9505,0.0048502448391808,0.9505,0.0048502448391808,0.295,0.0101974261458468,1,0,0,0.0347929479716865,1171.68569358228,1235.6961182908,6.55561552750123,2000,2000
19,4000,35,"below",16,"homogeneous","split","prognostic_high",NA,-0.00608605198068738,-0.000188332807068834,0.00024560119518237,0.0109836193556595,0.00017370970343662,0.010844644004997,8.91231190030494e-05,-1.26529649437319,1.7597598052988,0.000120615043449161,5.57044070554772e-06,0.939,0.00535158854920668,0.939,0.00535158854920668,0.939,0.00535158854920668,0.0835,0.00618578006398546,1,0,0,0.0366199600880798,486.913948286067,428.682991595465,6.29954368786503,2000,2000
20,8000,35,"below",16,"homogeneous","split","prognostic_high",NA,-0.00305663472102592,9.99476343059364e-05,0.000125613926964008,0.00561622101025155,8.88446846298906e-05,0.00551831780108134,4.64795583498364e-05,-1.74322215937545,1.76094517861076,3.1536149106947e-05,1.331727353604e-06,0.9435,0.00516273909857936,0.943971985992996,0.00514370164959509,0.944472236118059,0.00512204386224577,0.0735367683841921,0.00583794457307707,0.9995,0.000499874984371065,0.000499999999999945,0.0183900441703365,969.151467354992,848.478249665593,6.75639844686675,1999,2000
21,4000,70,"boundary",16,"homogeneous","split","prognostic_high",NA,-0.0125447918506022,-0.000207235845945362,0.000342781786006063,0.0153296674991668,0.00024244394391637,0.0152366680980797,0.000111450087226601,-0.606662871795327,1.7319225315756,0.000234924152978039,9.57825283002635e-06,0.944,0.00514120608417908,0.944,0.00514120608417908,0.945,0.00509779364038993,0.1435,0.00783925219647895,1,0,0,0.0509407052701599,499.020942576436,439.094363733071,6.40186331835943,2000,2000
22,8000,70,"boundary",16,"homogeneous","split","prognostic_high",NA,-0.00633906335026886,-1.3696129753262e-06,0.000175219167281051,0.00783603938002672,0.000123929647663977,0.00774786460694189,5.86315444710626e-05,-1.12524668150058,1.73352933937285,6.13728132845867e-05,2.53554946646455e-06,0.9455,0.00507591124823908,0.9455,0.00507591124823908,0.946,0.00505390937789747,0.1455,0.00788447049585449,1,0,0,0.0257482338496834,985.642079057347,860.723786977489,6.85312223554441,2000,2000
23,4000,140,"above",16,"homogeneous","split","prognostic_high",NA,-0.0247877965189348,-0.000442711692694786,0.000465795259030807,0.0208309972558002,0.000329449358942831,0.020902695351283,0.000142372047938072,0.344189452873311,1.7278944653743,0.000433909475090666,1.75286930155428e-05,0.946,0.00505390937789747,0.946,0.00505390937789747,0.947,0.0050095408971282,0.247,0.00964341744403922,1,0,0,0.0712864848180878,505.739452784459,446.17112884436,6.40225516919958,2000,2000
24,8000,140,"above",16,"homogeneous","split","prognostic_high",NA,-0.0129481093959026,-2.71841189855665e-05,0.000245342204666323,0.0109720369476713,0.000173526523685797,0.0107718231998331,7.68601652645952e-05,-1.82476370425174,1.70338288920491,0.000120326140959999,4.86806361476257e-06,0.9525,0.00475624589355933,0.9525,0.00475624589355933,0.9525,0.00475624589355933,0.2685,0.00990978682919063,1,0,0,0.0352441866262418,1098.25528223185,1060.21194848893,6.88270580083923,2000,2000
25,4000,35,"below",4,"heterogeneous","split","prognostic_high",NA,-0.00215002030625276,-0.000150788519746519,0.000221217412347826,0.00989314343632681,0.00015646345314168,0.00966105521043981,4.13070861666483e-05,-2.34595027738894,1.5998763564553,9.78480870858973e-05,3.24515327895117e-06,0.94,0.0053103672189407,0.94,0.0053103672189407,0.9385,0.00537204569973116,0.06,0.0053103672189407,1,0,0,0.0363130845173808,565.015642882831,593.478895336889,6.1950468415273,2000,2000
26,8000,35,"below",4,"heterogeneous","split","prognostic_high",NA,-0.00107206198887668,0.00010308713495096,0.000109316142787741,0.00488876652622923,7.73175176545586e-05,0.00488009310845109,2.14094887722284e-05,-0.177415258667013,1.63834307046246,2.38987150862978e-05,8.10281182279802e-07,0.9485,0.00494205169944629,0.9485,0.00494205169944629,0.95,0.00487339717240448,0.054,0.00505390937789747,1,0,0,0.0184891566921588,1150.02494141617,1209.59048283928,6.63151945240717,2000,2000
27,4000,70,"boundary",4,"heterogeneous","split","prognostic_high",NA,-0.00441897338692185,-0.000188501848253889,0.000305755449518957,0.0136737993923079,0.000216255822454894,0.0136263634212196,4.75727767209336e-05,-0.3469114159661,1.61399169046168,0.000186914836372963,6.6584539027555e-06,0.946,0.00505390937789747,0.946,0.00505390937789747,0.9455,0.00507591124823908,0.0665,0.00557125434709276,1,0,0,0.0511961226650839,568.966655178809,591.392195052532,6.16688277063577,2000,2000
28,8000,70,"boundary",4,"heterogeneous","split","prognostic_high",NA,-0.00223062571846902,0.000151075767004915,0.000153519443953112,0.00686559825094254,0.000108581788704439,0.0068944676231649,2.41647931778453e-05,0.42049317724635,1.62671828081306,4.71356950110498e-05,1.57398990114269e-06,0.9485,0.00494205169944629,0.9485,0.00494205169944629,0.951,0.00482695556225661,0.064,0.00547284204047586,1,0,0,0.0258666513095298,1173.18918967603,1230.51175672937,6.65515062890643,2000,2000
29,4000,140,"above",4,"heterogeneous","split","prognostic_high",NA,-0.00905130352221929,2.78093718296131e-05,0.0004130253211135,0.0184710538887693,0.00029212604600383,0.0184834769757621,5.72574710006533e-05,0.0672570556482288,1.6126707372522,0.0003410100152071,1.10830290483212e-05,0.947,0.0050095408971282,0.947,0.0050095408971282,0.9475,0.00498717104178311,0.0745,0.00587153089066216,1,0,0,0.068246896230177,577.389466695489,609.715219361841,6.21071781771442,2000,2000
30,8000,140,"above",4,"heterogeneous","split","prognostic_high",NA,-0.00452481349257409,-0.000127410604571027,0.000214785534074645,0.00960550109549008,0.000151914290966206,0.00970149735440823,2.98000800406153e-05,0.999388350111374,1.62718884744479,9.22357519319708e-05,3.26195763198583e-06,0.9515,0.00480352734977121,0.9515,0.00480352734977121,0.9495,0.00489641450451246,0.073,0.00581682903307292,1,0,0,0.0359643818440741,1165.36083159218,1223.01697432705,6.57561126628156,2000,2000
31,4000,35,"below",16,"heterogeneous","split","prognostic_high",NA,-0.0013828088504684,-3.09057313968122e-06,0.000264036140184548,0.0118080551593862,0.000186748438149701,0.0115656378997644,9.02589702771971e-05,-2.05298210712639,1.72739352570976,0.000139360461115427,5.57574856351808e-06,0.948,0.00496467521596328,0.948,0.00496467521596328,0.948,0.00496467521596328,0.051,0.00491929873051027,1,0,0,0.0392977792204028,478.22216692459,412.671792532261,6.33683629463352,2000,2000
32,8000,35,"below",16,"heterogeneous","split","prognostic_high",NA,-0.000723157637591208,-0.000119379572919209,0.00013197940441325,0.00590229839795925,9.33468714732583e-05,0.00581441411324601,4.69009149577031e-05,-1.48898410056032,1.74892583902182,3.48339592977935e-05,1.3490393840364e-06,0.941,0.00526872849936301,0.941,0.00526872849936301,0.9395,0.0053310294503032,0.064,0.00547284204047586,1,0,0,0.0194993557503301,970.510960098439,842.674547691256,6.71444617211111,2000,2000
33,4000,70,"boundary",16,"heterogeneous","split","prognostic_high",NA,-0.00315230562673854,-0.000227638871880965,0.000367184981578896,0.0164210115825484,0.000259703924523203,0.0162101977736077,0.000116934070856931,-1.28380525085786,1.71596250471671,0.000269566616039482,1.03736258198921e-05,0.9415,0.0052477495176504,0.9415,0.0052477495176504,0.94,0.0053103672189407,0.07,0.00570526073023837,1,0,0,0.0561456555540882,487.731977219204,430.062954101527,6.3850290046566,2000,2000
34,8000,70,"boundary",16,"heterogeneous","split","prognostic_high",NA,-0.001602764582493,-0.000183616906715754,0.000190940456296808,0.00853911679868981,0.000135049057936149,0.0082621331009973,6.15823438683341e-05,-3.24370428725144,1.69166060413036,7.29137726122476e-05,2.98684730838557e-06,0.944,0.00514120608417908,0.944,0.00514120608417908,0.942,0.00522666241496426,0.0685,0.00564835152942874,1,0,0,0.0284022088931402,982.203768655695,860.275945722041,6.82130930089571,2000,2000
35,4000,140,"above",16,"heterogeneous","split","prognostic_high",NA,-0.00673667137422245,-0.000638811312260166,0.000495371447282043,0.022153684604702,0.000350368112559208,0.0219506815261178,0.000149820876442909,-0.916340022919393,1.7067439732006,0.000490948428586501,1.90793618720656e-05,0.9525,0.00475624589355933,0.9525,0.00475624589355933,0.953,0.00473238840333293,0.0955,0.00657190041007926,1,0,0,0.077691708714507,498.06877023118,432.873254909939,6.4174386596691,2000,2000
36,8000,140,"above",16,"heterogeneous","split","prognostic_high",NA,-0.00333681265347236,0.000101442202517863,0.000256435103635396,0.011468126470919,0.000181372349471535,0.0115938407606008,8.07331016221755e-05,1.09620599319897,1.74699001442522,0.000131462456311067,4.89509573790187e-06,0.955,0.00463546114210873,0.955,0.00463546114210873,0.9535,0.00470838348055891,0.09,0.00639921870231046,1,0,0,0.0406212303348713,985.45975680657,862.133086544046,6.82627925813653,2000,2000
1,4000,35,"below",4,"null","split","prognostic_low",NA,0,0.000128253885662327,0.000214630127792284,0.00959855111526027,0.000151804374647594,0.00943006500256872,4.16785922771211e-05,-1.75532859770554,1.61330587304211,9.21025664796957e-05,3.1405487471644e-06,0.939,0.00535158854920668,0.939,0.00535158854920668,0.9415,0.0052477495176504,0.061,0.00535158854920667,1,0,0,0.0358099075658073,583.977233122013,613.090427723,6.17839172743443,2000,2000
2,8000,35,"below",4,"null","split","prognostic_low",NA,0,-3.98266357411081e-05,0.000106576277415141,0.00476623602178261,7.5379655744004e-05,0.00477844393283969,2.14180702342836e-05,0.256133162547911,1.64803342322916,2.27072334733449e-05,7.50875531194049e-07,0.9475,0.00498717104178311,0.9475,0.00498717104178311,0.9475,0.00498717104178311,0.0525,0.00498717104178311,1,0,0,0.0180205070816059,1186.39182189265,1246.16138366565,6.61762168521864,2000,2000
3,4000,70,"boundary",4,"null","split","prognostic_low",NA,0,-0.000257203126299403,0.000289647578022406,0.0129534334795255,0.000204862988724654,0.0132342953851916,4.82036199420302e-05,2.16824293041753,1.65812354630718,0.000167773696637216,5.62862447148168e-06,0.95,0.00487339717240448,0.95,0.00487339717240448,0.95,0.00487339717240448,0.05,0.00487339717240448,1,0,0,0.0500853929457445,588.433761793498,623.19968319656,6.24214403420047,2000,2000
4,8000,70,"boundary",4,"null","split","prognostic_low",NA,0,-6.83265358696392e-05,0.00015065138994778,0.00673733497656127,0.000106553261073144,0.00675967787676029,2.49784657385812e-05,0.331628162719255,1.62951562039983,4.53736552606067e-05,1.47061510497026e-06,0.952,0.00477995815881269,0.952,0.00477995815881269,0.9515,0.00480352734977121,0.048,0.00477995815881269,1,0,0,0.0254512809524969,1194.56972618597,1256.82490015949,6.63156478329685,2000,2000
5,4000,140,"above",4,"null","split","prognostic_low",NA,0,-0.000249477257232234,0.000400678782625809,0.0179188999018634,0.000283393541515922,0.018053785458237,5.42093428462393e-05,0.752755789207593,1.62190350962929,0.00032098866910803,1.06480219123916e-05,0.954,0.00468422885862764,0.954,0.00468422885862764,0.9535,0.00470838348055891,0.046,0.00468422885862764,1,0,0,0.067481052887732,594.669727108389,626.36051305108,6.26717173968074,2000,2000
6,8000,140,"above",4,"null","split","prognostic_low",NA,0,-0.000144154565856181,0.000206907071987924,0.00925316555980881,0.000146341983748382,0.00936081976244073,2.838675349053e-05,1.16343106514292,1.62908044449823,8.55990428796504e-05,2.79339312593762e-06,0.946,0.00505390937789747,0.946,0.00505390937789747,0.946,0.00505390937789747,0.054,0.00505390937789747,1,0,0,0.0351811825502566,1202.78596094111,1265.42313789795,6.66753577484725,2000,2000
7,4000,35,"below",16,"null","split","prognostic_low",NA,0,0.000139745263137256,0.000247456821951919,0.011066605507611,0.00017502215786335,0.0106110176221222,8.79915211836045e-05,-4.11678075246755,1.71223398980033,0.000122428051320926,5.01835538730589e-06,0.938,0.00539240206216117,0.938,0.00539240206216117,0.9375,0.00541265877365274,0.062,0.00539240206216117,1,0,0,0.0351473928160199,507.753109610105,445.404380215532,6.53220616037173,2000,2000
8,8000,35,"below",16,"null","split","prognostic_low",NA,0,-4.11084270943994e-05,0.000121527213225731,0.0054348621977769,8.59542078093106e-05,0.00531717094239259,4.6010629026863e-05,-2.16548738682736,1.76374547104523,2.95246481480481e-05,1.45380592871692e-06,0.9545,0.00465992220965114,0.9545,0.00465992220965114,0.9545,0.00465992220965114,0.0455,0.00465992220965114,1,0,0,0.0174559385188377,1032.68863938858,914.427020938761,6.86195272876847,2000,2000
9,4000,70,"boundary",16,"null","split","prognostic_low",NA,0,-0.000361399311122272,0.00032189372614786,0.0143955250639463,0.000227670161237338,0.0142419437006165,0.000111106823035004,-1.06686878490108,1.74466718985851,0.000207258135757853,8.28876097920987e-06,0.947,0.0050095408971282,0.947,0.0050095408971282,0.946,0.00505390937789747,0.053,0.0050095408971282,1,0,0,0.0460016831123455,612.278783448005,650.458702606805,6.55610174449901,2000,2000
10,8000,70,"boundary",16,"null","split","prognostic_low",NA,0,1.06235436292086e-05,0.000164403481069042,0.00735234718815955,0.000116279889921729,0.00737974524137196,5.7850489787923e-05,0.372643626739189,1.77173041421649,5.40300935303294e-05,2.34387403401481e-06,0.957,0.00453602248671675,0.957,0.00453602248671675,0.957,0.00453602248671675,0.043,0.00453602248671675,1,0,0,0.0240484293062584,1225.46919636361,1290.46840868749,6.955150042698,2000,2000
11,4000,140,"above",16,"null","split","prognostic_low",NA,0,0.000538447691289704,0.000408574870232625,0.0182720236747661,0.000288978314975477,0.0184332085158538,0.000136958748146801,0.882140062626746,1.7627836099539,0.000333989841662882,1.33659356038547e-05,0.947,0.0050095408971282,0.947,0.0050095408971282,0.951,0.00482695556225661,0.053,0.0050095408971282,1,0,0,0.0598232772042661,644.609060756624,795.985023184783,6.73702817334416,2000,2000
12,8000,140,"above",16,"null","split","prognostic_low",NA,0,-0.000166346692663565,0.000218921644127375,0.00979047356029657,0.000154839693874394,0.00980103039201072,7.49874361762102e-05,0.107827590250142,1.7587736717565,9.58331170707587e-05,3.72657990601256e-06,0.939,0.00535158854920668,0.939,0.00535158854920668,0.9375,0.00541265877365274,0.061,0.00535158854920667,1,0,0,0.0314229623452538,1302.97653120059,1609.02935533909,7.15831188813572,2000,2000
13,4000,35,"below",4,"homogeneous","split","prognostic_low",NA,-0.00586768645648656,5.06377934212092e-05,0.000202372286850888,0.00905036380321346,0.000143134604481688,0.00893269189974441,4.03184401828633e-05,-1.30018976062898,1.62329681200668,8.1870694614154e-05,2.86685965407452e-06,0.942,0.00522666241496426,0.942,0.00522666241496426,0.9425,0.00520546587732549,0.088,0.00633466652634533,1,0,0,0.0339115188729597,577.780018104041,606.315642515709,6.18191158378459,2000,2000
14,8000,35,"below",4,"homogeneous","split","prognostic_low",NA,-0.00295487902295028,0.000132077716053659,0.000100754603460864,0.00450588284769054,7.1262081090708e-05,0.00452446026825023,2.12562392476938e-05,0.412292578117235,1.65664137275809,2.03102732700712e-05,6.6053426331203e-07,0.942,0.00522666241496426,0.942,0.00522666241496426,0.944,0.00514120608417908,0.082,0.00613498166256428,1,0,0,0.017085761861294,1172.43931201943,1238.8151436249,6.59009656862185,2000,2000
15,4000,70,"boundary",4,"homogeneous","split","prognostic_low",NA,-0.011881652623065,-0.000376157314984591,0.000281533812593184,0.0125905748584609,0.000199124255305958,0.0125285370513654,4.78914111624558e-05,-0.492732125362694,1.61905763781909,0.000158584808304491,5.33074783444028e-06,0.946,0.00505390937789747,0.946,0.00505390937789747,0.948,0.00496467521596328,0.1635,0.00826945433508161,1,0,0,0.0474277201148086,589.583267414004,621.789321376984,6.18362968565271,2000,2000
16,8000,70,"boundary",4,"homogeneous","split","prognostic_low",NA,-0.00604610645461409,1.18643293984297e-05,0.000139779938386184,0.00625114888244481,9.88640614123363e-05,0.00637314412935772,2.42536406837725e-05,1.95156521156477,1.65842219770651,3.90574646816278e-05,1.3313421056483e-06,0.9555,0.00461084319837489,0.9555,0.00461084319837489,0.956,0.00458606585212206,0.148,0.00794027707325129,1,0,0,0.0241930730080399,1191.82400901061,1253.97071787775,6.64867030951604,2000,2000
17,4000,140,"above",4,"homogeneous","split","prognostic_low",NA,-0.0233893243014593,0.000201847470833904,0.000385887344217725,0.0172574066665539,0.000272931799351511,0.0171161110012857,5.52093923051089e-05,-0.818753755985935,1.60087696990979,0.000297709918213873,1.00820514392704e-05,0.9385,0.00537204569973116,0.9385,0.00537204569973116,0.937,0.00543281694887652,0.2715,0.00994453995919369,1,0,0,0.0642699969873468,593.367775093871,625.220279309371,6.23313406610647,2000,2000
18,8000,140,"above",4,"homogeneous","split","prognostic_low",NA,-0.0122585877572018,-0.000186611220125141,0.000202475074161093,0.00905496059147031,0.000143207304262971,0.0089060611976006,2.98240924590286e-05,-1.6443958244277,1.59001539799463,8.19861389049005e-05,2.70968707204289e-06,0.9475,0.00498717104178311,0.9475,0.00498717104178311,0.9465,0.00503178646208283,0.2995,0.0102420640009717,1,0,0,0.0334136334696008,1198.22069805889,1263.84768437428,6.58165902875495,2000,2000
19,4000,35,"below",16,"homogeneous","split","prognostic_low",NA,-0.00553363665838446,-0.000188700004673117,0.000234576882249387,0.0104905970931919,0.000165912387431056,0.0102138336269794,8.91124510924633e-05,-2.63820508741226,1.75857379346225,0.000110033208749764,5.07873289315788e-06,0.937,0.00543281694887652,0.937,0.00543281694887652,0.937,0.00543281694887652,0.0915,0.00644700511865781,1,0,0,0.0334978399896926,492.992532413619,434.259774394766,6.33758947477227,2000,2000
20,8000,35,"below",16,"homogeneous","split","prognostic_low",NA,-0.00281283493386385,4.52212773921395e-05,0.000113977287657802,0.00509594479773445,8.06142791780501e-05,0.00520940674643722,4.57366954391802e-05,2.22651447781006,1.84951542549442,2.5957707523384e-05,1.04986056228846e-06,0.9485,0.00494205169944629,0.948974487243622,0.00492169345199202,0.948974487243622,0.00492169345199202,0.0740370185092546,0.00585618618710902,0.9995,0.000499874984371065,0.000499999999999945,0.0169534001685356,985.814044724811,862.766445153199,6.80571392032759,1999,2000
21,4000,70,"boundary",16,"homogeneous","split","prognostic_low",NA,-0.0113444185918525,-0.000119122567194537,0.000313117205983927,0.0140030271500973,0.000221462672247921,0.0139642618114859,0.000110210686200122,-0.276835417056043,1.76263077225861,0.000196000917167694,8.03753843622632e-06,0.9495,0.00489641450451246,0.9495,0.00489641450451246,0.9495,0.00489641450451246,0.1405,0.0077704488287357,1,0,0,0.0450939435019522,590.471051455681,623.301989278393,6.51073190356106,2000,2000
22,8000,70,"boundary",16,"homogeneous","split","prognostic_low",NA,-0.00576479877941038,4.58981159710615e-05,0.00016092297754545,0.00719669433866597,0.00011381818677552,0.00704520178009856,5.65843873236976e-05,-2.1050297739266,1.7364481420781,5.17686198365345e-05,2.14936295290541e-06,0.941,0.00526872849936301,0.941,0.00526872849936301,0.942,0.00522666241496426,0.145,0.00787321408320643,1,0,0,0.0229630812787507,1192.39954520201,1250.6814776932,6.93785903376291,2000,2000
23,4000,140,"above",16,"homogeneous","split","prognostic_low",NA,-0.0224496087343062,-0.000272320957780596,0.00041313027254189,0.0184757474593336,0.000292200276430466,0.0181809949070093,0.000136177852714937,-1.59534845869214,1.72201666713362,0.000341256726263027,1.56815849473495e-05,0.9495,0.00489641450451246,0.9495,0.00489641450451246,0.9495,0.00489641450451246,0.2655,0.00987445568120086,1,0,0,0.0583712985271447,626.595767992593,670.759957571532,6.61806383901864,2000,2000
24,8000,140,"above",16,"homogeneous","split","prognostic_low",NA,-0.0118020269256795,-2.25028897663455e-05,0.000212036838303638,0.0094825756836213,0.000149970183459463,0.00949276292548589,7.39552722336814e-05,0.107431168539862,1.76490302786896,8.98747883548559e-05,3.74441456504865e-06,0.951,0.00482695556225661,0.951,0.00482695556225661,0.9515,0.00480352734977121,0.2745,0.00997872111044296,1,0,0,0.0302134482121115,1268.75804975525,1361.61601238967,7.0765570926624,2000,2000
25,4000,35,"below",4,"heterogeneous","split","prognostic_low",NA,-0.00211120023844005,-0.000267006716516082,0.000216256296469396,0.00967127558935835,0.000152954537123104,0.00934605554209387,4.2640072440477e-05,-3.36274201122265,1.59067449331535,9.35580973262207e-05,3.06762644750866e-06,0.9365,0.005452877680638,0.9365,0.005452877680638,0.934,0.0055517564788092,0.061,0.00535158854920667,1,0,0,0.0352085572202536,582.466438610005,609.759041955512,6.21112645074332,2000,2000
26,8000,35,"below",4,"heterogeneous","split","prognostic_low",NA,-0.0010710334723408,6.98325698179074e-05,0.000103862517114716,0.00464487297165482,7.34602575235077e-05,0.00470986065397042,2.12845848775356e-05,1.3991272250542,1.66784708985945,2.15689340881554e-05,7.23454203128229e-07,0.953,0.00473238840333293,0.953,0.00473238840333293,0.9545,0.00465992220965114,0.049,0.00482695556225661,1,0,0,0.0177760320918302,1185.33878497688,1246.39659418637,6.6547805434124,2000,2000
27,4000,70,"boundary",4,"heterogeneous","split","prognostic_low",NA,-0.00447151558400796,-0.000150304715716379,0.000296128885221674,0.0132432863491379,0.00020944711117011,0.0130505264653146,4.79958147183226e-05,-1.45552907897252,1.60009786288754,0.000175319532516166,6.5681239762285e-06,0.9475,0.00498717104178311,0.9475,0.00498717104178311,0.9465,0.00503178646208283,0.066,0.00555175647880921,1,0,0,0.0490683608053218,591.158499509945,621.425459575555,6.20647017173873,2000,2000
28,8000,70,"boundary",4,"heterogeneous","split","prognostic_low",NA,-0.00224260466111804,7.6751163154653e-05,0.000146960039796291,0.0065722527792116,0.000103942429559805,0.00666558952514955,2.46081610546628e-05,1.42016366493356,1.64711654728508,4.31788000816034e-05,1.38313530866448e-06,0.952,0.00477995815881269,0.952,0.00477995815881269,0.954,0.00468422885862764,0.0595,0.00528960064655168,1,0,0,0.0250268874745818,1191.44426201038,1253.96614065885,6.678975273078,2000,2000
29,4000,140,"above",4,"heterogeneous","split","prognostic_low",NA,-0.00930748233746013,5.93186974603983e-05,0.000395179836476466,0.0176729795539726,0.00027950422695413,0.0176664571485045,5.56934428464406e-05,-0.0369060884623185,1.61205264562566,0.000312181557919844,1.02832837077328e-05,0.9485,0.00494205169944629,0.9485,0.00494205169944629,0.949,0.00491929873051028,0.086,0.00626913072124039,1,0,0,0.0658455125462906,596.115771195518,626.774953859791,6.25524465870475,2000,2000
30,8000,140,"above",4,"heterogeneous","split","prognostic_low",NA,-0.00473362767001987,-0.000236178940345464,0.000204787421108331,0.00915837189070206,0.000144842789392223,0.00926122094334964,2.87194366242688e-05,1.12300585600809,1.62974877572697,8.38896182924204e-05,2.99413633863883e-06,0.9505,0.0048502448391808,0.9505,0.0048502448391808,0.95,0.00487339717240448,0.076,0.00592553795026241,1,0,0,0.0344320075949099,1199.70782813359,1263.15137064823,6.6026206504952,2000,2000
31,4000,35,"below",16,"heterogeneous","split","prognostic_low",NA,-0.00159158505729014,0.00019323491009558,0.000233430377196434,0.0104393238284929,0.000165101483182039,0.0104965365990181,8.75647846379734e-05,0.548050539146394,1.79786628846058,0.00010896233198562,4.0345535759269e-06,0.952,0.00477995815881269,0.952,0.00477995815881269,0.9505,0.0048502448391808,0.0555,0.00511955808639769,1,0,0,0.0344140246363994,519.59827680036,455.256064389336,6.41167537025597,2000,2000
32,8000,35,"below",16,"heterogeneous","split","prognostic_low",NA,-0.000796641782324894,-0.000154473754182408,0.000117622449191403,0.00526023584143984,8.31924321514626e-05,0.00530034454900567,4.5213745347451e-05,0.762488769987413,1.81062027024642,2.76801082077457e-05,1.08668701912698e-06,0.953,0.00473238840333293,0.953,0.00473238840333293,0.952,0.00477995815881269,0.0555,0.00511955808639769,1,0,0,0.0173705593052693,1041.45692362592,918.513284575502,6.8320424314148,2000,2000
33,4000,70,"boundary",16,"heterogeneous","split","prognostic_low",NA,-0.00382696025996712,-3.05907662512765e-06,0.000317871656626543,0.0142156526467484,0.000224825417329514,0.0142149437424066,0.000113435621881255,-0.00498678716653878,1.77136834675578,0.000201983747140869,7.8650095067438e-06,0.944,0.00514120608417908,0.944,0.00514120608417908,0.944,0.00514120608417908,0.071,0.00574277807337181,1,0,0,0.0457651727308562,604.921450370392,639.534580353102,6.53103789961652,2000,2000
34,8000,70,"boundary",16,"heterogeneous","split","prognostic_low",NA,-0.00189460726868635,3.4802807502868e-06,0.000165943238183999,0.00742120721971722,0.000117368934914385,0.00729156591882915,5.89136259832839e-05,-1.746903125729,1.74494437305516,5.5046791552038e-05,2.2323856987969e-06,0.951,0.00482695556225661,0.951,0.00482695556225661,0.9515,0.00480352734977121,0.0695,0.00568637626261225,1,0,0,0.0232515681029963,1215.81142859392,1281.17567925032,6.9591400691533,2000,2000
35,4000,140,"above",16,"heterogeneous","split","prognostic_low",NA,-0.00877379839012157,-0.000316324757538247,0.00041859565963635,0.0187201670006649,0.000296065855222296,0.0185867316027243,0.000139265483110315,-0.712789570391181,1.73757203401411,0.000350369491558748,1.409309564945e-05,0.9545,0.00465992220965114,0.9545,0.00465992220965114,0.955,0.00463546114210873,0.1095,0.00698246911915835,1,0,0,0.0594805911912342,631.070684220263,688.21966261401,6.65154316127644,2000,2000
36,8000,140,"above",16,"heterogeneous","split","prognostic_low",NA,-0.00440486390701983,-2.6157696095763e-05,0.00021885711064072,0.00978758753503683,0.00015479405039607,0.00984688034022715,7.90893512938499e-05,0.605795912200735,1.7845460365045,9.57496555461954e-05,3.76622992111945e-06,0.9515,0.00480352734977121,0.9515,0.00480352734977121,0.9515,0.00480352734977121,0.106,0.00688345843308435,1,0,0,0.0307959133683405,1281.77601559371,1561.68688036154,7.09553700252273,2000,2000
1,4000,35,"below",4,"null","split","workability",NA,0,7.78546653165988e-05,0.000215244963239579,0.00962604739236286,0.000152239237691044,0.00935458639106037,3.23731199558059e-05,-2.82006715983824,1.57329865523524,9.26205193547273e-05,2.91903682557868e-06,0.9465,0.00503178646208283,0.9465,0.00503178646208283,0.9475,0.00498717104178311,0.0535,0.00503178646208283,1,0,0,0.0355955255987576,604.500332873654,637.105237860809,6.25649299855073,2000,2000
2,8000,35,"below",4,"null","split","workability",NA,0,-3.43293102644118e-06,0.000104881626817687,0.00469044894310228,7.41810571276833e-05,0.00473950136668647,1.60617585532997e-05,1.04579378603675,1.63435065012649,2.19893229172208e-05,7.0531331188137e-07,0.9485,0.00494205169944629,0.9485,0.00494205169944629,0.9485,0.00494205169944629,0.0515,0.00494205169944629,1,0,0,0.0180575015217287,1211.59718910333,1276.12756872291,6.69481829550221,2000,2000
3,4000,70,"boundary",4,"null","split","workability",NA,0,-0.000169976217738038,0.000306138992671052,0.0136909519635156,0.000216527096245545,0.0141650951541853,4.72182027079569e-05,3.46318643095958,1.67225684912407,0.000187377336499056,6.14169018487955e-06,0.9585,0.00445969449626317,0.9585,0.00445969449626317,0.9565,0.00456112650559048,0.0415,0.00445969449626317,1,0,0,0.0553210271526375,485.103838366816,423.17053400561,5.99242520884051,2000,2000
4,8000,70,"boundary",4,"null","split","workability",NA,0,-1.38610936333715e-05,0.000161113713335687,0.00720522430252022,0.000113953091076504,0.00721635295441224,2.50656501702632e-05,0.154452539223948,1.62172892175233,5.18894917509198e-05,1.71711875245306e-06,0.947,0.0050095408971282,0.947,0.0050095408971282,0.9465,0.00503178646208283,0.053,0.0050095408971282,1,0,0,0.0280095559430019,970.667944607393,844.186977594957,6.4380757435278,2000,2000
5,4000,140,"above",4,"null","split","workability",NA,0,-0.000110003456982412,0.000385734869671752,0.0172505877975612,0.000272823956602037,0.0171871374492168,2.84058288262662e-05,-0.367815572947361,1.58429774072328,0.000297446088732235,9.38510825802681e-06,0.951,0.00482695556225661,0.951,0.00482695556225661,0.9515,0.00480352734977121,0.049,0.00482695556225661,1,0,0,0.0671454004189374,484.657143639821,421.315313220561,6.05763920266034,2000,2000
6,8000,140,"above",4,"null","split","workability",NA,0,-0.000127490979041065,0.000197956489931287,0.00885288336147221,0.000140011383632658,0.00880372134237777,1.58504540200113e-05,-0.555322114695345,1.58291001111445,7.83506109896626e-05,2.55975013706254e-06,0.9475,0.00498717104178311,0.9475,0.00498717104178311,0.9465,0.00503178646208283,0.0525,0.00498717104178311,1,0,0,0.0342721108113469,971.136341627719,843.591326360276,6.44756708220016,2000,2000
7,4000,35,"below",16,"null","split","workability",NA,0,0.000352144178933286,0.000197744451186416,0.00884340070052429,0.000139861412100714,0.00886415225175706,3.82375594026523e-05,0.234655783849536,1.64315551695722,7.8290638604815e-05,2.87130444105447e-06,0.9435,0.00516273909857936,0.9435,0.00516273909857936,0.9475,0.00498717104178311,0.0565,0.00516273909857936,1,0,0,0.0332056949451422,625.57587534603,664.560212139506,6.69104241873622,2000,2000
8,8000,35,"below",16,"null","split","workability",NA,0,4.12181797727848e-05,9.96952649839721e-05,0.00445850779078032,7.05128283335168e-05,0.00448065855082492,1.99142538764709e-05,0.496820036748735,1.6509599035692,1.98700515129324e-05,7.00803958585841e-07,0.954,0.00468422885862764,0.954,0.00468422885862764,0.9535,0.00470838348055891,0.046,0.00468422885862764,1,0,0,0.0167481634468954,1245.25153196807,1317.13440495296,7.08738412040726,2000,2000
9,4000,70,"boundary",16,"null","split","workability",NA,0,-7.49094318019121e-05,0.000450827600678661,0.0201616232250123,0.000318862979297727,0.019966809672292,8.06000808112769e-05,-0.966259266657921,1.61646618191864,0.000406293416964796,1.35524339485702e-05,0.9425,0.00520546587732549,0.9425,0.00520546587732549,0.9425,0.00520546587732549,0.0575,0.00520546587732549,1,0,0,0.0797263813280159,329.218740849415,232.404535264719,5.93942435903824,2000,2000
10,8000,70,"boundary",16,"null","split","workability",NA,0,8.70677528539558e-05,0.000223616749134235,0.0100004450394333,0.000158160464759649,0.0102108416069754,4.09547893330536e-05,2.10387204481852,1.66592872665812,9.99664773298204e-05,3.47075041223147e-06,0.9475,0.00498717104178311,0.9475,0.00498717104178311,0.9475,0.00498717104178311,0.0525,0.00498717104178311,1,0,0,0.0403100731097454,654.753035699367,460.98019460301,6.41695718572253,2000,2000
11,4000,140,"above",16,"null","split","workability",NA,0,0.000804742443095405,0.000509076694841745,0.0227666019085412,0.000360061609723803,0.0227167768417136,6.5250032984101e-05,-0.218851574897949,1.60388793536464,0.000518706613780479,1.67221444299885e-05,0.943,0.00518415856238985,0.943,0.00518415856238985,0.9445,0.00511955808639769,0.057,0.00518415856238985,1,0,0,0.0887100984728278,324.540023126008,225.850753699953,5.99974385313007,2000,2000
12,8000,140,"above",16,"null","split","workability",NA,0,-0.000235414280311054,0.000259082060578588,0.0115865019840888,0.000183244498771419,0.011711337511181,3.59975610718757e-05,1.077422049067,1.62848530888079,0.000134235324596555,4.6281029559304e-06,0.9475,0.00498717104178311,0.9475,0.00498717104178311,0.9475,0.00498717104178311,0.0525,0.00498717104178311,1,0,0,0.0458136168591978,648.640485391733,455.973570890505,6.39852727713263,2000,2000
13,4000,35,"below",4,"homogeneous","split","workability",NA,-0.00634169239708761,0.000236580847359197,0.000194195501723564,0.00868468685557132,0.000137351298262523,0.00854539185720334,2.49216734527202e-05,-1.60391503671348,1.58240478054273,7.54420443837808e-05,2.56362776090057e-06,0.9405,0.00528960064655168,0.9405,0.00528960064655168,0.9415,0.0052477495176504,0.1035,0.00681130494105204,1,0,0,0.0330145331313153,607.84703046752,643.340245434097,6.30244927856259,2000,2000
14,8000,35,"below",4,"homogeneous","split","workability",NA,-0.00319801815433556,8.75653413366196e-05,9.78269229820434e-05,0.00437495299634971,6.91913806311462e-05,0.00432794020187482,1.30576837479802e-05,-1.07458970448647,1.59275364678335,1.91383113024126e-05,6.19610300143125e-07,0.943,0.00518415856238985,0.943,0.00518415856238985,0.945,0.00509779364038993,0.0965,0.00660256578914591,1,0,0,0.0167241714280865,1217.73881191205,1287.80557286615,6.70484139010707,2000,2000
15,4000,70,"boundary",4,"homogeneous","split","workability",NA,-0.0129480457634642,-0.000317836040053629,0.000320619358686537,0.0143385336185097,0.00022676882200073,0.0143968660362969,4.02844413700226e-05,0.406822757048975,1.6126306260277,0.000205591769304325,6.66383961277362e-06,0.947,0.0050095408971282,0.947,0.0050095408971282,0.9475,0.00498717104178311,0.136,0.00766498532288223,1,0,0,0.0567117765456618,484.769470097073,424.507132835747,5.97918787037221,2000,2000
16,8000,70,"boundary",4,"homogeneous","split","workability",NA,-0.00656772633119656,-7.26460319430382e-05,0.000162699204561748,0.00727612962570427,0.000115074483057011,0.00732471062946415,2.11826857513021e-05,0.667676446943122,1.61849215148015,5.29208687448433e-05,1.74496542218932e-06,0.9525,0.00475624589355933,0.9525,0.00475624589355933,0.9505,0.0048502448391808,0.1395,0.00774724951192357,1,0,0,0.0289704711640904,970.498617504083,843.769982964128,6.44276984553728,2000,2000
17,4000,140,"above",4,"homogeneous","split","workability",NA,-0.0169047267058082,0.000545737054898141,0.000364829506733843,0.0163156715450918,0.00025803793573808,0.0163494551889863,2.89966838860828e-05,0.207062539847813,1.59474295205213,0.000266365866331423,8.49225468215421e-06,0.9465,0.00503178646208283,0.9465,0.00503178646208283,0.949,0.00491929873051028,0.1605,0.00820791538699078,1,0,0,0.0639203055265099,484.565632693008,423.352658852132,5.98243861564328,2000,2000
18,8000,140,"above",4,"homogeneous","split","workability",NA,-0.00860621393419599,-2.47628292385938e-05,0.000189559586799611,0.00847736243741403,0.000134072391553623,0.0083551480093505,1.57960862221049e-05,-1.4416562812526,1.5698316555803,7.18303542560427e-05,2.19721925744618e-06,0.937,0.00543281694887652,0.937,0.00543281694887652,0.937,0.00543281694887652,0.1695,0.00838956941684137,1,0,0,0.032686566827504,969.018385835088,845.737336838682,6.39254648208193,2000,2000
19,4000,35,"below",16,"homogeneous","split","workability",NA,-0.00589009720218402,-0.000144925138086116,0.000174909171948058,0.00782217596728112,0.000123710393041372,0.00769201949474604,2.72864025935438e-05,-1.66394201663971,1.59385994577894,6.11768469403281e-05,2.02790900774789e-06,0.9475,0.00498717104178311,0.9475,0.00498717104178311,0.9475,0.00498717104178311,0.1155,0.00714701860918243,1,0,0,0.0293849055004025,665.904076451828,820.311545913985,6.95035521813775,2000,2000
20,8000,35,"below",16,"homogeneous","split","workability",NA,-0.00297713212363499,9.78749964838227e-05,8.76942602299643e-05,0.00392180654221513,6.20247141970518e-05,0.00390716190012108,1.52193089729254e-05,-0.373415718914494,1.62271463835595,1.53824557862208e-05,4.99339387907389e-07,0.948,0.00496467521596328,0.948,0.00496467521596328,0.949,0.00491929873051028,0.1095,0.00698246911915835,1,0,0,0.0147916522127013,1338.63785995511,1650.73630295555,7.3693063783592,2000,2000
21,4000,70,"boundary",16,"homogeneous","split","workability",NA,-0.0134743158383093,-5.17211573810491e-05,0.000395601839644857,0.0176918521093974,0.000279802702884494,0.0170784846963102,9.06781008402146e-05,-3.46694856646151,1.61044149287794,0.00031284780532338,1.13471278713141e-05,0.9365,0.005452877680638,0.9365,0.005452877680638,0.9365,0.005452877680638,0.125,0.00739509972887452,1,0,0,0.0609430200635083,462.987534349359,398.902656297133,5.97506117775372,2000,2000
22,8000,70,"boundary",16,"homogeneous","split","workability",NA,-0.00693315901079552,6.71074913572711e-05,0.000198655139831483,0.00888412793485845,0.000140505527266116,0.00881308447335112,4.74698056662588e-05,-0.799667249596725,1.65737945977626,7.88927687137472e-05,2.93885161797682e-06,0.941,0.00526872849936301,0.941,0.00526872849936301,0.9395,0.0053310294503032,0.1045,0.00684031249286171,1,0,0,0.0314712814367658,932.738706730858,802.34872764145,6.44142069344632,2000,2000
23,4000,140,"above",16,"homogeneous","split","workability",NA,-0.0198365888214248,-0.000148193731917553,0.000531390078481803,0.0237644867610852,0.000375843500572924,0.023321606650558,6.30710930721449e-05,-1.86362160891423,1.57458855612609,0.000564490416984464,1.82298036202971e-05,0.9425,0.00520546587732549,0.9425,0.00520546587732549,0.9425,0.00520546587732549,0.123,0.00734407924793844,1,0,0,0.0908360285996602,323.968640688772,226.371404505129,5.95176667227249,2000,2000
24,8000,140,"above",16,"homogeneous","split","workability",NA,-0.0101555636067873,-0.000100619183807162,0.000269077648635282,0.0120335182714859,0.000190314214518175,0.0119708518060674,3.49308666911103e-05,-0.520765947287349,1.59985295213333,0.00014474328342934,4.45481550451405e-06,0.948,0.00496467521596328,0.948,0.00496467521596328,0.948,0.00496467521596328,0.1175,0.00720047741472744,1,0,0,0.0465984154929089,649.613961049063,453.476283451473,6.40433044645808,2000,2000
25,4000,35,"below",4,"heterogeneous","split","workability",NA,-0.00261092729138962,-0.000111651628604569,0.00020862000647159,0.00932977031873842,0.000147553514258008,0.0090567600434387,3.12940295230605e-05,-2.92622718430045,1.57146913479505,8.70135579794823e-05,2.78252289523176e-06,0.939,0.00535158854920668,0.939,0.00535158854920668,0.937,0.00543281694887652,0.066,0.00555175647880921,1,0,0,0.0346005193626827,605.57974157243,639.144511682227,6.30177329914648,2000,2000
26,8000,35,"below",4,"heterogeneous","split","workability",NA,-0.00130312166021002,7.30943118118982e-05,0.000100000059046774,0.00447213859565161,7.07284041828905e-05,0.00456779021943936,1.54783891950441e-05,2.13883406656403,1.65202305544354,1.99953663853267e-05,6.81510122881654e-07,0.951,0.00482695556225661,0.951,0.00482695556225661,0.951,0.00482695556225661,0.0505,0.00489641450451246,1,0,0,0.0174637218768065,1212.00142229909,1280.38612260148,6.74816634839775,2000,2000
27,4000,70,"boundary",4,"heterogeneous","split","workability",NA,-0.00297154184092917,-0.000142932664771237,0.000315194320164029,0.014095918520172,0.000222931781093102,0.0140751746159818,4.67632671104558e-05,-0.147162486506414,1.61367672405898,0.000198616001214523,7.48238294194081e-06,0.952,0.00477995815881269,0.952,0.00477995815881269,0.9515,0.00480352734977121,0.0545,0.00507591124823908,1,0,0,0.0547588427157898,484.147732883157,422.714542542511,5.97774094093472,2000,2000
28,8000,70,"boundary",4,"heterogeneous","split","workability",NA,-0.00146678916986442,0.000144886956497965,0.000158211903783229,0.00707545143417914,0.000111900688699501,0.00712570936087002,2.42013121885547e-05,0.7103140648822,1.62908130315379,5.00579742210921e-05,1.5984458010565e-06,0.9465,0.00503178646208283,0.9465,0.00503178646208283,0.9475,0.00498717104178311,0.049,0.00482695556225661,1,0,0,0.0278150638276302,970.199051220094,843.504145232824,6.50265153256592,2000,2000
29,4000,140,"above",4,"heterogeneous","split","workability",NA,-0.00441329385288844,-9.16773885024319e-05,0.000373742137506708,0.0167142565104214,0.000264341693532275,0.016892109115315,2.89667407845586e-05,1.06407727309152,1.60773105284766,0.00027923509225438,8.68095046339652e-06,0.952,0.00477995815881269,0.952,0.00477995815881269,0.9515,0.00480352734977121,0.0495,0.0048502448391808,1,0,0,0.066004141217439,485.481424332172,420.767894341697,6.0356155491103,2000,2000
30,8000,140,"above",4,"heterogeneous","split","workability",NA,-0.00219331162708183,3.67798797798052e-05,0.000188100292042498,0.00841210079189179,0.000133040256269036,0.0086757893890921,1.55096003783004e-05,3.13463430507721,1.64149677904632,7.07294107726365e-05,2.41175498899457e-06,0.9535,0.00470838348055891,0.9535,0.00470838348055891,0.9535,0.00470838348055891,0.0465,0.00470838348055891,1,0,0,0.0338968329831268,970.755988524139,845.023634537437,6.41510318943109,2000,2000
31,4000,35,"below",16,"heterogeneous","split","workability",NA,-0.00281109214295382,0.000203281467517673,0.00019334042377243,0.00864644660707538,0.000136746515630271,0.00836796751299939,3.79244599404572e-05,-3.22073455988393,1.59220271837981,7.47649817645769e-05,2.78477782887574e-06,0.9415,0.0052477495176504,0.9415,0.0052477495176504,0.9415,0.0052477495176504,0.0575,0.00520546587732549,1,0,0,0.0312479410390603,643.669016081803,779.103490852374,6.6929264751919,2000,2000
32,8000,35,"below",16,"heterogeneous","split","workability",NA,-0.00139617662770082,-8.91157613092924e-05,9.44729482556124e-05,0.00422495868668739,6.68191692311584e-05,0.00422763603983566,1.89317296401872e-05,0.0633699249346531,1.64475187805889,1.78492923851769e-05,6.40165493192221e-07,0.953,0.00473238840333293,0.953,0.00473238840333293,0.9515,0.00480352734977121,0.0635,0.005452877680638,1,0,0,0.0157268215997719,1288.59565013137,1582.23606681399,7.15408105164927,2000,2000
33,4000,70,"boundary",16,"heterogeneous","split","workability",NA,-0.000744550304467755,-0.000223919030416714,0.000450500475293291,0.0201469937330353,0.000318631608869594,0.0199531508293349,7.83351779104801e-05,-0.962143068434829,1.61385579984321,0.000405748545532905,1.37748764228571e-05,0.944,0.00514120608417908,0.944,0.00514120608417908,0.9435,0.00516273909857936,0.0565,0.00516273909857936,1,0,0,0.078536638323823,328.061257458489,230.857638837148,5.9860065176301,2000,2000
34,8000,70,"boundary",16,"heterogeneous","split","workability",NA,-0.000339903463474559,-0.000339403126509846,0.000233826980936439,0.0104570604869485,0.000165381994512642,0.0102470361744777,4.05771503023825e-05,-2.00844503800028,1.59761039541907,0.000109410633452971,3.59279111940526e-06,0.9395,0.0053310294503032,0.9395,0.0053310294503032,0.938,0.00539240206216117,0.0575,0.00520546587732549,1,0,0,0.0404746556002769,655.07778017091,459.964825740513,6.40097708429358,2000,2000
35,4000,140,"above",16,"heterogeneous","split","workability",NA,-0.000291907029895431,-9.31809034586602e-05,0.00049820004349282,0.0222801832728659,0.000352368732338567,0.0226353898580739,6.57977152775267e-05,1.59427137944852,1.63366257019788,0.000496167046069929,1.65481710172744e-05,0.9495,0.00489641450451246,0.9495,0.00489641450451246,0.9495,0.00489641450451246,0.05,0.00487339717240448,1,0,0,0.088710757914681,323.919773960274,226.289146442311,5.92027052365753,2000,2000
36,8000,140,"above",16,"heterogeneous","split","workability",NA,-0.000106302387816437,0.000205609297939177,0.000260910474580921,0.0116682711440934,0.000184537706053529,0.0116655529596817,3.62990373723536e-05,-0.0232955197748463,1.61147867640071,0.000136122752399736,4.39827369635775e-06,0.9465,0.00503178646208283,0.9465,0.00503178646208283,0.948,0.00496467521596328,0.052,0.00496467521596328,1,0,0,0.0456361290691632,648.528746314445,452.915328507224,6.41644307392192,2000,2000
