"scenario","n","event_target","K","effect","method","selector","candidate","frequency","count","denominator"
7,4000,35,16,"null","bonferroni","effect_seeking","c45-h24",0.0945,189,2000
8,8000,35,16,"null","bonferroni","effect_seeking","c45-h24",0.1065,213,2000
9,4000,70,16,"null","bonferroni","effect_seeking","c45-h24",0.097,194,2000
10,8000,70,16,"null","bonferroni","effect_seeking","c45-h24",0.096,192,2000
11,4000,140,16,"null","bonferroni","effect_seeking","c45-h24",0.087,174,2000
12,8000,140,16,"null","bonferroni","effect_seeking","c45-h24",0.0805,161,2000
19,4000,35,16,"homogeneous","bonferroni","effect_seeking","c45-h24",0.078,156,2000
20,8000,35,16,"homogeneous","bonferroni","effect_seeking","c45-h24",0.075,150,2000
21,4000,70,16,"homogeneous","bonferroni","effect_seeking","c45-h24",0.0775,155,2000
22,8000,70,16,"homogeneous","bonferroni","effect_seeking","c45-h24",0.0715,143,2000
23,4000,140,16,"homogeneous","bonferroni","effect_seeking","c45-h24",0.054,108,2000
24,8000,140,16,"homogeneous","bonferroni","effect_seeking","c45-h24",0.0505,101,2000
31,4000,35,16,"heterogeneous","bonferroni","effect_seeking","c45-h24",0.108,216,2000
32,8000,35,16,"heterogeneous","bonferroni","effect_seeking","c45-h24",0.127,254,2000
33,4000,70,16,"heterogeneous","bonferroni","effect_seeking","c45-h24",0.124,248,2000
34,8000,70,16,"heterogeneous","bonferroni","effect_seeking","c45-h24",0.133,266,2000
35,4000,140,16,"heterogeneous","bonferroni","effect_seeking","c45-h24",0.11,220,2000
36,8000,140,16,"heterogeneous","bonferroni","effect_seeking","c45-h24",0.1145,229,2000
7,4000,35,16,"null","naive","effect_seeking","c45-h24",0.0945,189,2000
8,8000,35,16,"null","naive","effect_seeking","c45-h24",0.1065,213,2000
9,4000,70,16,"null","naive","effect_seeking","c45-h24",0.097,194,2000
10,8000,70,16,"null","naive","effect_seeking","c45-h24",0.096,192,2000
11,4000,140,16,"null","naive","effect_seeking","c45-h24",0.087,174,2000
12,8000,140,16,"null","naive","effect_seeking","c45-h24",0.0805,161,2000
19,4000,35,16,"homogeneous","naive","effect_seeking","c45-h24",0.078,156,2000
20,8000,35,16,"homogeneous","naive","effect_seeking","c45-h24",0.075,150,2000
21,4000,70,16,"homogeneous","naive","effect_seeking","c45-h24",0.0775,155,2000
22,8000,70,16,"homogeneous","naive","effect_seeking","c45-h24",0.0715,143,2000
23,4000,140,16,"homogeneous","naive","effect_seeking","c45-h24",0.054,108,2000
24,8000,140,16,"homogeneous","naive","effect_seeking","c45-h24",0.0505,101,2000
31,4000,35,16,"heterogeneous","naive","effect_seeking","c45-h24",0.108,216,2000
32,8000,35,16,"heterogeneous","naive","effect_seeking","c45-h24",0.127,254,2000
33,4000,70,16,"heterogeneous","naive","effect_seeking","c45-h24",0.124,248,2000
34,8000,70,16,"heterogeneous","naive","effect_seeking","c45-h24",0.133,266,2000
35,4000,140,16,"heterogeneous","naive","effect_seeking","c45-h24",0.11,220,2000
36,8000,140,16,"heterogeneous","naive","effect_seeking","c45-h24",0.1145,229,2000
7,4000,35,16,"null","bonferroni","prognostic_high","c45-h24",0.0015,3,2000
8,8000,35,16,"null","bonferroni","prognostic_high","c45-h24",0.0035,7,2000
19,4000,35,16,"homogeneous","bonferroni","prognostic_high","c45-h24",0.006,12,2000
20,8000,35,16,"homogeneous","bonferroni","prognostic_high","c45-h24",0.005,10,2000
21,4000,70,16,"homogeneous","bonferroni","prognostic_high","c45-h24",5e-04,1,2000
22,8000,70,16,"homogeneous","bonferroni","prognostic_high","c45-h24",5e-04,1,2000
31,4000,35,16,"heterogeneous","bonferroni","prognostic_high","c45-h24",0.003,6,2000
32,8000,35,16,"heterogeneous","bonferroni","prognostic_high","c45-h24",0.0015,3,2000
7,4000,35,16,"null","naive","prognostic_high","c45-h24",0.0015,3,2000
8,8000,35,16,"null","naive","prognostic_high","c45-h24",0.0035,7,2000
19,4000,35,16,"homogeneous","naive","prognostic_high","c45-h24",0.006,12,2000
20,8000,35,16,"homogeneous","naive","prognostic_high","c45-h24",0.005,10,2000
21,4000,70,16,"homogeneous","naive","prognostic_high","c45-h24",5e-04,1,2000
22,8000,70,16,"homogeneous","naive","prognostic_high","c45-h24",5e-04,1,2000
31,4000,35,16,"heterogeneous","naive","prognostic_high","c45-h24",0.003,6,2000
32,8000,35,16,"heterogeneous","naive","prognostic_high","c45-h24",0.0015,3,2000
7,4000,35,16,"null","split","prognostic_high","c45-h24",0.0055,11,2000
8,8000,35,16,"null","split","prognostic_high","c45-h24",0.011,22,2000
9,4000,70,16,"null","split","prognostic_high","c45-h24",0.0025,5,2000
10,8000,70,16,"null","split","prognostic_high","c45-h24",0.0035,7,2000
19,4000,35,16,"homogeneous","split","prognostic_high","c45-h24",0.0145,29,2000
20,8000,35,16,"homogeneous","split","prognostic_high","c45-h24",0.0125,25,2000
21,4000,70,16,"homogeneous","split","prognostic_high","c45-h24",0.0045,9,2000
22,8000,70,16,"homogeneous","split","prognostic_high","c45-h24",0.004,8,2000
23,4000,140,16,"homogeneous","split","prognostic_high","c45-h24",5e-04,1,2000
24,8000,140,16,"homogeneous","split","prognostic_high","c45-h24",0.001,2,2000
31,4000,35,16,"heterogeneous","split","prognostic_high","c45-h24",0.0085,17,2000
32,8000,35,16,"heterogeneous","split","prognostic_high","c45-h24",0.0055,11,2000
33,4000,70,16,"heterogeneous","split","prognostic_high","c45-h24",0.001,2,2000
34,8000,70,16,"heterogeneous","split","prognostic_high","c45-h24",0.003,6,2000
36,8000,140,16,"heterogeneous","split","prognostic_high","c45-h24",5e-04,1,2000
7,4000,35,16,"null","bonferroni","prognostic_low","c45-h24",0.013,26,2000
8,8000,35,16,"null","bonferroni","prognostic_low","c45-h24",0.0125,25,2000
9,4000,70,16,"null","bonferroni","prognostic_low","c45-h24",0.001,2,2000
10,8000,70,16,"null","bonferroni","prognostic_low","c45-h24",0.0015,3,2000
12,8000,140,16,"null","bonferroni","prognostic_low","c45-h24",5e-04,1,2000
19,4000,35,16,"homogeneous","bonferroni","prognostic_low","c45-h24",0.017,34,2000
20,8000,35,16,"homogeneous","bonferroni","prognostic_low","c45-h24",0.017,34,2000
21,4000,70,16,"homogeneous","bonferroni","prognostic_low","c45-h24",0.008,16,2000
22,8000,70,16,"homogeneous","bonferroni","prognostic_low","c45-h24",0.008,16,2000
23,4000,140,16,"homogeneous","bonferroni","prognostic_low","c45-h24",0.0015,3,2000
24,8000,140,16,"homogeneous","bonferroni","prognostic_low","c45-h24",0.002,4,2000
31,4000,35,16,"heterogeneous","bonferroni","prognostic_low","c45-h24",0.005,10,2000
32,8000,35,16,"heterogeneous","bonferroni","prognostic_low","c45-h24",0.0055,11,2000
33,4000,70,16,"heterogeneous","bonferroni","prognostic_low","c45-h24",0.001,2,2000
34,8000,70,16,"heterogeneous","bonferroni","prognostic_low","c45-h24",0.001,2,2000
35,4000,140,16,"heterogeneous","bonferroni","prognostic_low","c45-h24",5e-04,1,2000
7,4000,35,16,"null","naive","prognostic_low","c45-h24",0.013,26,2000
8,8000,35,16,"null","naive","prognostic_low","c45-h24",0.0125,25,2000
9,4000,70,16,"null","naive","prognostic_low","c45-h24",0.001,2,2000
10,8000,70,16,"null","naive","prognostic_low","c45-h24",0.0015,3,2000
12,8000,140,16,"null","naive","prognostic_low","c45-h24",5e-04,1,2000
19,4000,35,16,"homogeneous","naive","prognostic_low","c45-h24",0.017,34,2000
20,8000,35,16,"homogeneous","naive","prognostic_low","c45-h24",0.017,34,2000
21,4000,70,16,"homogeneous","naive","prognostic_low","c45-h24",0.008,16,2000
22,8000,70,16,"homogeneous","naive","prognostic_low","c45-h24",0.008,16,2000
23,4000,140,16,"homogeneous","naive","prognostic_low","c45-h24",0.0015,3,2000
24,8000,140,16,"homogeneous","naive","prognostic_low","c45-h24",0.002,4,2000
31,4000,35,16,"heterogeneous","naive","prognostic_low","c45-h24",0.005,10,2000
32,8000,35,16,"heterogeneous","naive","prognostic_low","c45-h24",0.0055,11,2000
33,4000,70,16,"heterogeneous","naive","prognostic_low","c45-h24",0.001,2,2000
34,8000,70,16,"heterogeneous","naive","prognostic_low","c45-h24",0.001,2,2000
35,4000,140,16,"heterogeneous","naive","prognostic_low","c45-h24",5e-04,1,2000
7,4000,35,16,"null","split","prognostic_low","c45-h24",0.0205,41,2000
8,8000,35,16,"null","split","prognostic_low","c45-h24",0.02,40,2000
9,4000,70,16,"null","split","prognostic_low","c45-h24",0.01,20,2000
10,8000,70,16,"null","split","prognostic_low","c45-h24",0.0085,17,2000
11,4000,140,16,"null","split","prognostic_low","c45-h24",0.0035,7,2000
12,8000,140,16,"null","split","prognostic_low","c45-h24",0.003,6,2000
19,4000,35,16,"homogeneous","split","prognostic_low","c45-h24",0.021,42,2000
20,8000,35,16,"homogeneous","split","prognostic_low","c45-h24",0.022,44,2000
21,4000,70,16,"homogeneous","split","prognostic_low","c45-h24",0.019,38,2000
22,8000,70,16,"homogeneous","split","prognostic_low","c45-h24",0.0135,27,2000
23,4000,140,16,"homogeneous","split","prognostic_low","c45-h24",0.0085,17,2000
24,8000,140,16,"homogeneous","split","prognostic_low","c45-h24",0.0025,5,2000
31,4000,35,16,"heterogeneous","split","prognostic_low","c45-h24",0.0145,29,2000
32,8000,35,16,"heterogeneous","split","prognostic_low","c45-h24",0.016,32,2000
33,4000,70,16,"heterogeneous","split","prognostic_low","c45-h24",0.0075,15,2000
34,8000,70,16,"heterogeneous","split","prognostic_low","c45-h24",0.005,10,2000
35,4000,140,16,"heterogeneous","split","prognostic_low","c45-h24",0.0015,3,2000
36,8000,140,16,"heterogeneous","split","prognostic_low","c45-h24",0.002,4,2000
7,4000,35,16,"null","bonferroni","effect_seeking","c45-h36",0.0725,145,2000
8,8000,35,16,"null","bonferroni","effect_seeking","c45-h36",0.0625,125,2000
9,4000,70,16,"null","bonferroni","effect_seeking","c45-h36",0.0545,109,2000
10,8000,70,16,"null","bonferroni","effect_seeking","c45-h36",0.0645,129,2000
11,4000,140,16,"null","bonferroni","effect_seeking","c45-h36",0.054,108,2000
12,8000,140,16,"null","bonferroni","effect_seeking","c45-h36",0.045,90,2000
19,4000,35,16,"homogeneous","bonferroni","effect_seeking","c45-h36",0.067,134,2000
20,8000,35,16,"homogeneous","bonferroni","effect_seeking","c45-h36",0.07,140,2000
21,4000,70,16,"homogeneous","bonferroni","effect_seeking","c45-h36",0.0695,139,2000
22,8000,70,16,"homogeneous","bonferroni","effect_seeking","c45-h36",0.052,104,2000
23,4000,140,16,"homogeneous","bonferroni","effect_seeking","c45-h36",0.0715,143,2000
24,8000,140,16,"homogeneous","bonferroni","effect_seeking","c45-h36",0.063,126,2000
31,4000,35,16,"heterogeneous","bonferroni","effect_seeking","c45-h36",0.0965,193,2000
32,8000,35,16,"heterogeneous","bonferroni","effect_seeking","c45-h36",0.0915,183,2000
33,4000,70,16,"heterogeneous","bonferroni","effect_seeking","c45-h36",0.1,200,2000
34,8000,70,16,"heterogeneous","bonferroni","effect_seeking","c45-h36",0.103,206,2000
35,4000,140,16,"heterogeneous","bonferroni","effect_seeking","c45-h36",0.095,190,2000
36,8000,140,16,"heterogeneous","bonferroni","effect_seeking","c45-h36",0.1225,245,2000
7,4000,35,16,"null","naive","effect_seeking","c45-h36",0.0725,145,2000
8,8000,35,16,"null","naive","effect_seeking","c45-h36",0.0625,125,2000
9,4000,70,16,"null","naive","effect_seeking","c45-h36",0.0545,109,2000
10,8000,70,16,"null","naive","effect_seeking","c45-h36",0.0645,129,2000
11,4000,140,16,"null","naive","effect_seeking","c45-h36",0.054,108,2000
12,8000,140,16,"null","naive","effect_seeking","c45-h36",0.045,90,2000
19,4000,35,16,"homogeneous","naive","effect_seeking","c45-h36",0.067,134,2000
20,8000,35,16,"homogeneous","naive","effect_seeking","c45-h36",0.07,140,2000
21,4000,70,16,"homogeneous","naive","effect_seeking","c45-h36",0.0695,139,2000
22,8000,70,16,"homogeneous","naive","effect_seeking","c45-h36",0.052,104,2000
23,4000,140,16,"homogeneous","naive","effect_seeking","c45-h36",0.0715,143,2000
24,8000,140,16,"homogeneous","naive","effect_seeking","c45-h36",0.063,126,2000
31,4000,35,16,"heterogeneous","naive","effect_seeking","c45-h36",0.0965,193,2000
32,8000,35,16,"heterogeneous","naive","effect_seeking","c45-h36",0.0915,183,2000
33,4000,70,16,"heterogeneous","naive","effect_seeking","c45-h36",0.1,200,2000
34,8000,70,16,"heterogeneous","naive","effect_seeking","c45-h36",0.103,206,2000
35,4000,140,16,"heterogeneous","naive","effect_seeking","c45-h36",0.095,190,2000
36,8000,140,16,"heterogeneous","naive","effect_seeking","c45-h36",0.1225,245,2000
7,4000,35,16,"null","bonferroni","prognostic_high","c45-h36",0.0055,11,2000
8,8000,35,16,"null","bonferroni","prognostic_high","c45-h36",0.0085,17,2000
9,4000,70,16,"null","bonferroni","prognostic_high","c45-h36",0.0015,3,2000
10,8000,70,16,"null","bonferroni","prognostic_high","c45-h36",0.002,4,2000
19,4000,35,16,"homogeneous","bonferroni","prognostic_high","c45-h36",0.0095,19,2000
20,8000,35,16,"homogeneous","bonferroni","prognostic_high","c45-h36",0.014,28,2000
21,4000,70,16,"homogeneous","bonferroni","prognostic_high","c45-h36",0.0045,9,2000
22,8000,70,16,"homogeneous","bonferroni","prognostic_high","c45-h36",0.0065,13,2000
23,4000,140,16,"homogeneous","bonferroni","prognostic_high","c45-h36",0.0015,3,2000
31,4000,35,16,"heterogeneous","bonferroni","prognostic_high","c45-h36",0.0055,11,2000
32,8000,35,16,"heterogeneous","bonferroni","prognostic_high","c45-h36",0.006,12,2000
33,4000,70,16,"heterogeneous","bonferroni","prognostic_high","c45-h36",0.0015,3,2000
34,8000,70,16,"heterogeneous","bonferroni","prognostic_high","c45-h36",5e-04,1,2000
7,4000,35,16,"null","naive","prognostic_high","c45-h36",0.0055,11,2000
8,8000,35,16,"null","naive","prognostic_high","c45-h36",0.0085,17,2000
9,4000,70,16,"null","naive","prognostic_high","c45-h36",0.0015,3,2000
10,8000,70,16,"null","naive","prognostic_high","c45-h36",0.002,4,2000
19,4000,35,16,"homogeneous","naive","prognostic_high","c45-h36",0.0095,19,2000
20,8000,35,16,"homogeneous","naive","prognostic_high","c45-h36",0.014,28,2000
21,4000,70,16,"homogeneous","naive","prognostic_high","c45-h36",0.0045,9,2000
22,8000,70,16,"homogeneous","naive","prognostic_high","c45-h36",0.0065,13,2000
23,4000,140,16,"homogeneous","naive","prognostic_high","c45-h36",0.0015,3,2000
31,4000,35,16,"heterogeneous","naive","prognostic_high","c45-h36",0.0055,11,2000
32,8000,35,16,"heterogeneous","naive","prognostic_high","c45-h36",0.006,12,2000
33,4000,70,16,"heterogeneous","naive","prognostic_high","c45-h36",0.0015,3,2000
34,8000,70,16,"heterogeneous","naive","prognostic_high","c45-h36",5e-04,1,2000
7,4000,35,16,"null","split","prognostic_high","c45-h36",0.0145,29,2000
8,8000,35,16,"null","split","prognostic_high","c45-h36",0.013,26,2000
9,4000,70,16,"null","split","prognostic_high","c45-h36",0.008,16,2000
10,8000,70,16,"null","split","prognostic_high","c45-h36",0.01,20,2000
11,4000,140,16,"null","split","prognostic_high","c45-h36",0.0025,5,2000
12,8000,140,16,"null","split","prognostic_high","c45-h36",0.0025,5,2000
19,4000,35,16,"homogeneous","split","prognostic_high","c45-h36",0.02,40,2000
20,8000,35,16,"homogeneous","split","prognostic_high","c45-h36",0.0205,41,2000
21,4000,70,16,"homogeneous","split","prognostic_high","c45-h36",0.0085,17,2000
22,8000,70,16,"homogeneous","split","prognostic_high","c45-h36",0.015,30,2000
23,4000,140,16,"homogeneous","split","prognostic_high","c45-h36",0.002,4,2000
24,8000,140,16,"homogeneous","split","prognostic_high","c45-h36",0.0025,5,2000
31,4000,35,16,"heterogeneous","split","prognostic_high","c45-h36",0.017,34,2000
32,8000,35,16,"heterogeneous","split","prognostic_high","c45-h36",0.01,20,2000
33,4000,70,16,"heterogeneous","split","prognostic_high","c45-h36",0.007,14,2000
34,8000,70,16,"heterogeneous","split","prognostic_high","c45-h36",0.004,8,2000
35,4000,140,16,"heterogeneous","split","prognostic_high","c45-h36",0.002,4,2000
36,8000,140,16,"heterogeneous","split","prognostic_high","c45-h36",0.0015,3,2000
7,4000,35,16,"null","bonferroni","prognostic_low","c45-h36",0.026,52,2000
8,8000,35,16,"null","bonferroni","prognostic_low","c45-h36",0.0305,61,2000
9,4000,70,16,"null","bonferroni","prognostic_low","c45-h36",0.0095,19,2000
10,8000,70,16,"null","bonferroni","prognostic_low","c45-h36",0.0125,25,2000
11,4000,140,16,"null","bonferroni","prognostic_low","c45-h36",0.0055,11,2000
12,8000,140,16,"null","bonferroni","prognostic_low","c45-h36",0.0035,7,2000
19,4000,35,16,"homogeneous","bonferroni","prognostic_low","c45-h36",0.0245,49,2000
20,8000,35,16,"homogeneous","bonferroni","prognostic_low","c45-h36",0.0265,53,2000
21,4000,70,16,"homogeneous","bonferroni","prognostic_low","c45-h36",0.0215,43,2000
22,8000,70,16,"homogeneous","bonferroni","prognostic_low","c45-h36",0.022,44,2000
23,4000,140,16,"homogeneous","bonferroni","prognostic_low","c45-h36",0.008,16,2000
24,8000,140,16,"homogeneous","bonferroni","prognostic_low","c45-h36",0.008,16,2000
31,4000,35,16,"heterogeneous","bonferroni","prognostic_low","c45-h36",0.0175,35,2000
32,8000,35,16,"heterogeneous","bonferroni","prognostic_low","c45-h36",0.017,34,2000
33,4000,70,16,"heterogeneous","bonferroni","prognostic_low","c45-h36",0.0065,13,2000
34,8000,70,16,"heterogeneous","bonferroni","prognostic_low","c45-h36",0.009,18,2000
35,4000,140,16,"heterogeneous","bonferroni","prognostic_low","c45-h36",0.0015,3,2000
36,8000,140,16,"heterogeneous","bonferroni","prognostic_low","c45-h36",0.001,2,2000
7,4000,35,16,"null","naive","prognostic_low","c45-h36",0.026,52,2000
8,8000,35,16,"null","naive","prognostic_low","c45-h36",0.0305,61,2000
9,4000,70,16,"null","naive","prognostic_low","c45-h36",0.0095,19,2000
10,8000,70,16,"null","naive","prognostic_low","c45-h36",0.0125,25,2000
11,4000,140,16,"null","naive","prognostic_low","c45-h36",0.0055,11,2000
12,8000,140,16,"null","naive","prognostic_low","c45-h36",0.0035,7,2000
19,4000,35,16,"homogeneous","naive","prognostic_low","c45-h36",0.0245,49,2000
20,8000,35,16,"homogeneous","naive","prognostic_low","c45-h36",0.0265,53,2000
21,4000,70,16,"homogeneous","naive","prognostic_low","c45-h36",0.0215,43,2000
22,8000,70,16,"homogeneous","naive","prognostic_low","c45-h36",0.022,44,2000
23,4000,140,16,"homogeneous","naive","prognostic_low","c45-h36",0.008,16,2000
24,8000,140,16,"homogeneous","naive","prognostic_low","c45-h36",0.008,16,2000
31,4000,35,16,"heterogeneous","naive","prognostic_low","c45-h36",0.0175,35,2000
32,8000,35,16,"heterogeneous","naive","prognostic_low","c45-h36",0.017,34,2000
33,4000,70,16,"heterogeneous","naive","prognostic_low","c45-h36",0.0065,13,2000
34,8000,70,16,"heterogeneous","naive","prognostic_low","c45-h36",0.009,18,2000
35,4000,140,16,"heterogeneous","naive","prognostic_low","c45-h36",0.0015,3,2000
36,8000,140,16,"heterogeneous","naive","prognostic_low","c45-h36",0.001,2,2000
7,4000,35,16,"null","split","prognostic_low","c45-h36",0.0295,59,2000
8,8000,35,16,"null","split","prognostic_low","c45-h36",0.0345,69,2000
9,4000,70,16,"null","split","prognostic_low","c45-h36",0.0175,35,2000
10,8000,70,16,"null","split","prognostic_low","c45-h36",0.0245,49,2000
11,4000,140,16,"null","split","prognostic_low","c45-h36",0.0185,37,2000
12,8000,140,16,"null","split","prognostic_low","c45-h36",0.014,28,2000
19,4000,35,16,"homogeneous","split","prognostic_low","c45-h36",0.0325,65,2000
20,8000,35,16,"homogeneous","split","prognostic_low","c45-h36",0.038,76,2000
21,4000,70,16,"homogeneous","split","prognostic_low","c45-h36",0.02,40,2000
22,8000,70,16,"homogeneous","split","prognostic_low","c45-h36",0.0295,59,2000
23,4000,140,16,"homogeneous","split","prognostic_low","c45-h36",0.02,40,2000
24,8000,140,16,"homogeneous","split","prognostic_low","c45-h36",0.0225,45,2000
31,4000,35,16,"heterogeneous","split","prognostic_low","c45-h36",0.022,44,2000
32,8000,35,16,"heterogeneous","split","prognostic_low","c45-h36",0.022,44,2000
33,4000,70,16,"heterogeneous","split","prognostic_low","c45-h36",0.0175,35,2000
34,8000,70,16,"heterogeneous","split","prognostic_low","c45-h36",0.016,32,2000
35,4000,140,16,"heterogeneous","split","prognostic_low","c45-h36",0.01,20,2000
36,8000,140,16,"heterogeneous","split","prognostic_low","c45-h36",0.009,18,2000
7,4000,35,16,"null","bonferroni","effect_seeking","c45-h48",0.0455,91,2000
8,8000,35,16,"null","bonferroni","effect_seeking","c45-h48",0.0575,115,2000
9,4000,70,16,"null","bonferroni","effect_seeking","c45-h48",0.0585,117,2000
10,8000,70,16,"null","bonferroni","effect_seeking","c45-h48",0.051,102,2000
11,4000,140,16,"null","bonferroni","effect_seeking","c45-h48",0.051,102,2000
12,8000,140,16,"null","bonferroni","effect_seeking","c45-h48",0.057,114,2000
19,4000,35,16,"homogeneous","bonferroni","effect_seeking","c45-h48",0.0905,181,2000
20,8000,35,16,"homogeneous","bonferroni","effect_seeking","c45-h48",0.0855,171,2000
21,4000,70,16,"homogeneous","bonferroni","effect_seeking","c45-h48",0.099,198,2000
22,8000,70,16,"homogeneous","bonferroni","effect_seeking","c45-h48",0.089,178,2000
23,4000,140,16,"homogeneous","bonferroni","effect_seeking","c45-h48",0.095,190,2000
24,8000,140,16,"homogeneous","bonferroni","effect_seeking","c45-h48",0.1025,205,2000
31,4000,35,16,"heterogeneous","bonferroni","effect_seeking","c45-h48",0.118,236,2000
32,8000,35,16,"heterogeneous","bonferroni","effect_seeking","c45-h48",0.1045,209,2000
33,4000,70,16,"heterogeneous","bonferroni","effect_seeking","c45-h48",0.1275,255,2000
34,8000,70,16,"heterogeneous","bonferroni","effect_seeking","c45-h48",0.1205,241,2000
35,4000,140,16,"heterogeneous","bonferroni","effect_seeking","c45-h48",0.1375,275,2000
36,8000,140,16,"heterogeneous","bonferroni","effect_seeking","c45-h48",0.1625,325,2000
7,4000,35,16,"null","naive","effect_seeking","c45-h48",0.0455,91,2000
8,8000,35,16,"null","naive","effect_seeking","c45-h48",0.0575,115,2000
9,4000,70,16,"null","naive","effect_seeking","c45-h48",0.0585,117,2000
10,8000,70,16,"null","naive","effect_seeking","c45-h48",0.051,102,2000
11,4000,140,16,"null","naive","effect_seeking","c45-h48",0.051,102,2000
12,8000,140,16,"null","naive","effect_seeking","c45-h48",0.057,114,2000
19,4000,35,16,"homogeneous","naive","effect_seeking","c45-h48",0.0905,181,2000
20,8000,35,16,"homogeneous","naive","effect_seeking","c45-h48",0.0855,171,2000
21,4000,70,16,"homogeneous","naive","effect_seeking","c45-h48",0.099,198,2000
22,8000,70,16,"homogeneous","naive","effect_seeking","c45-h48",0.089,178,2000
23,4000,140,16,"homogeneous","naive","effect_seeking","c45-h48",0.095,190,2000
24,8000,140,16,"homogeneous","naive","effect_seeking","c45-h48",0.1025,205,2000
31,4000,35,16,"heterogeneous","naive","effect_seeking","c45-h48",0.118,236,2000
32,8000,35,16,"heterogeneous","naive","effect_seeking","c45-h48",0.1045,209,2000
33,4000,70,16,"heterogeneous","naive","effect_seeking","c45-h48",0.1275,255,2000
34,8000,70,16,"heterogeneous","naive","effect_seeking","c45-h48",0.1205,241,2000
35,4000,140,16,"heterogeneous","naive","effect_seeking","c45-h48",0.1375,275,2000
36,8000,140,16,"heterogeneous","naive","effect_seeking","c45-h48",0.1625,325,2000
7,4000,35,16,"null","bonferroni","prognostic_high","c45-h48",0.029,58,2000
8,8000,35,16,"null","bonferroni","prognostic_high","c45-h48",0.0325,65,2000
9,4000,70,16,"null","bonferroni","prognostic_high","c45-h48",0.019,38,2000
10,8000,70,16,"null","bonferroni","prognostic_high","c45-h48",0.017,34,2000
11,4000,140,16,"null","bonferroni","prognostic_high","c45-h48",0.006,12,2000
12,8000,140,16,"null","bonferroni","prognostic_high","c45-h48",0.0075,15,2000
19,4000,35,16,"homogeneous","bonferroni","prognostic_high","c45-h48",0.0345,69,2000
20,8000,35,16,"homogeneous","bonferroni","prognostic_high","c45-h48",0.0325,65,2000
21,4000,70,16,"homogeneous","bonferroni","prognostic_high","c45-h48",0.0215,43,2000
22,8000,70,16,"homogeneous","bonferroni","prognostic_high","c45-h48",0.022,44,2000
23,4000,140,16,"homogeneous","bonferroni","prognostic_high","c45-h48",0.008,16,2000
24,8000,140,16,"homogeneous","bonferroni","prognostic_high","c45-h48",0.005,10,2000
31,4000,35,16,"heterogeneous","bonferroni","prognostic_high","c45-h48",0.0185,37,2000
32,8000,35,16,"heterogeneous","bonferroni","prognostic_high","c45-h48",0.0305,61,2000
33,4000,70,16,"heterogeneous","bonferroni","prognostic_high","c45-h48",0.0175,35,2000
34,8000,70,16,"heterogeneous","bonferroni","prognostic_high","c45-h48",0.016,32,2000
35,4000,140,16,"heterogeneous","bonferroni","prognostic_high","c45-h48",0.003,6,2000
36,8000,140,16,"heterogeneous","bonferroni","prognostic_high","c45-h48",0.0045,9,2000
7,4000,35,16,"null","naive","prognostic_high","c45-h48",0.029,58,2000
8,8000,35,16,"null","naive","prognostic_high","c45-h48",0.0325,65,2000
9,4000,70,16,"null","naive","prognostic_high","c45-h48",0.019,38,2000
10,8000,70,16,"null","naive","prognostic_high","c45-h48",0.017,34,2000
11,4000,140,16,"null","naive","prognostic_high","c45-h48",0.006,12,2000
12,8000,140,16,"null","naive","prognostic_high","c45-h48",0.0075,15,2000
19,4000,35,16,"homogeneous","naive","prognostic_high","c45-h48",0.0345,69,2000
20,8000,35,16,"homogeneous","naive","prognostic_high","c45-h48",0.0325,65,2000
21,4000,70,16,"homogeneous","naive","prognostic_high","c45-h48",0.0215,43,2000
22,8000,70,16,"homogeneous","naive","prognostic_high","c45-h48",0.022,44,2000
23,4000,140,16,"homogeneous","naive","prognostic_high","c45-h48",0.008,16,2000
24,8000,140,16,"homogeneous","naive","prognostic_high","c45-h48",0.005,10,2000
31,4000,35,16,"heterogeneous","naive","prognostic_high","c45-h48",0.0185,37,2000
32,8000,35,16,"heterogeneous","naive","prognostic_high","c45-h48",0.0305,61,2000
33,4000,70,16,"heterogeneous","naive","prognostic_high","c45-h48",0.0175,35,2000
34,8000,70,16,"heterogeneous","naive","prognostic_high","c45-h48",0.016,32,2000
35,4000,140,16,"heterogeneous","naive","prognostic_high","c45-h48",0.003,6,2000
36,8000,140,16,"heterogeneous","naive","prognostic_high","c45-h48",0.0045,9,2000
7,4000,35,16,"null","split","prognostic_high","c45-h48",0.0395,79,2000
8,8000,35,16,"null","split","prognostic_high","c45-h48",0.04,80,2000
9,4000,70,16,"null","split","prognostic_high","c45-h48",0.0305,61,2000
10,8000,70,16,"null","split","prognostic_high","c45-h48",0.027,54,2000
11,4000,140,16,"null","split","prognostic_high","c45-h48",0.021,42,2000
12,8000,140,16,"null","split","prognostic_high","c45-h48",0.0235,47,2000
19,4000,35,16,"homogeneous","split","prognostic_high","c45-h48",0.0405,81,2000
20,8000,35,16,"homogeneous","split","prognostic_high","c45-h48",0.0505,101,2000
21,4000,70,16,"homogeneous","split","prognostic_high","c45-h48",0.0345,69,2000
22,8000,70,16,"homogeneous","split","prognostic_high","c45-h48",0.032,64,2000
23,4000,140,16,"homogeneous","split","prognostic_high","c45-h48",0.026,52,2000
24,8000,140,16,"homogeneous","split","prognostic_high","c45-h48",0.02,40,2000
31,4000,35,16,"heterogeneous","split","prognostic_high","c45-h48",0.038,76,2000
32,8000,35,16,"heterogeneous","split","prognostic_high","c45-h48",0.036,72,2000
33,4000,70,16,"heterogeneous","split","prognostic_high","c45-h48",0.0225,45,2000
34,8000,70,16,"heterogeneous","split","prognostic_high","c45-h48",0.032,64,2000
35,4000,140,16,"heterogeneous","split","prognostic_high","c45-h48",0.0165,33,2000
36,8000,140,16,"heterogeneous","split","prognostic_high","c45-h48",0.013,26,2000
7,4000,35,16,"null","bonferroni","prognostic_low","c45-h48",0.065,130,2000
8,8000,35,16,"null","bonferroni","prognostic_low","c45-h48",0.063,126,2000
9,4000,70,16,"null","bonferroni","prognostic_low","c45-h48",0.06,120,2000
10,8000,70,16,"null","bonferroni","prognostic_low","c45-h48",0.0535,107,2000
11,4000,140,16,"null","bonferroni","prognostic_low","c45-h48",0.0425,85,2000
12,8000,140,16,"null","bonferroni","prognostic_low","c45-h48",0.0345,69,2000
19,4000,35,16,"homogeneous","bonferroni","prognostic_low","c45-h48",0.0645,129,2000
20,8000,35,16,"homogeneous","bonferroni","prognostic_low","c45-h48",0.0575,115,2000
21,4000,70,16,"homogeneous","bonferroni","prognostic_low","c45-h48",0.069,138,2000
22,8000,70,16,"homogeneous","bonferroni","prognostic_low","c45-h48",0.055,110,2000
23,4000,140,16,"homogeneous","bonferroni","prognostic_low","c45-h48",0.0525,105,2000
24,8000,140,16,"homogeneous","bonferroni","prognostic_low","c45-h48",0.0415,83,2000
31,4000,35,16,"heterogeneous","bonferroni","prognostic_low","c45-h48",0.046,92,2000
32,8000,35,16,"heterogeneous","bonferroni","prognostic_low","c45-h48",0.0545,109,2000
33,4000,70,16,"heterogeneous","bonferroni","prognostic_low","c45-h48",0.0475,95,2000
34,8000,70,16,"heterogeneous","bonferroni","prognostic_low","c45-h48",0.0415,83,2000
35,4000,140,16,"heterogeneous","bonferroni","prognostic_low","c45-h48",0.028,56,2000
36,8000,140,16,"heterogeneous","bonferroni","prognostic_low","c45-h48",0.022,44,2000
7,4000,35,16,"null","naive","prognostic_low","c45-h48",0.065,130,2000
8,8000,35,16,"null","naive","prognostic_low","c45-h48",0.063,126,2000
9,4000,70,16,"null","naive","prognostic_low","c45-h48",0.06,120,2000
10,8000,70,16,"null","naive","prognostic_low","c45-h48",0.0535,107,2000
11,4000,140,16,"null","naive","prognostic_low","c45-h48",0.0425,85,2000
12,8000,140,16,"null","naive","prognostic_low","c45-h48",0.0345,69,2000
19,4000,35,16,"homogeneous","naive","prognostic_low","c45-h48",0.0645,129,2000
20,8000,35,16,"homogeneous","naive","prognostic_low","c45-h48",0.0575,115,2000
21,4000,70,16,"homogeneous","naive","prognostic_low","c45-h48",0.069,138,2000
22,8000,70,16,"homogeneous","naive","prognostic_low","c45-h48",0.055,110,2000
23,4000,140,16,"homogeneous","naive","prognostic_low","c45-h48",0.0525,105,2000
24,8000,140,16,"homogeneous","naive","prognostic_low","c45-h48",0.0415,83,2000
31,4000,35,16,"heterogeneous","naive","prognostic_low","c45-h48",0.046,92,2000
32,8000,35,16,"heterogeneous","naive","prognostic_low","c45-h48",0.0545,109,2000
33,4000,70,16,"heterogeneous","naive","prognostic_low","c45-h48",0.0475,95,2000
34,8000,70,16,"heterogeneous","naive","prognostic_low","c45-h48",0.0415,83,2000
35,4000,140,16,"heterogeneous","naive","prognostic_low","c45-h48",0.028,56,2000
36,8000,140,16,"heterogeneous","naive","prognostic_low","c45-h48",0.022,44,2000
7,4000,35,16,"null","split","prognostic_low","c45-h48",0.0635,127,2000
8,8000,35,16,"null","split","prognostic_low","c45-h48",0.062,124,2000
9,4000,70,16,"null","split","prognostic_low","c45-h48",0.0635,127,2000
10,8000,70,16,"null","split","prognostic_low","c45-h48",0.0635,127,2000
11,4000,140,16,"null","split","prognostic_low","c45-h48",0.062,124,2000
12,8000,140,16,"null","split","prognostic_low","c45-h48",0.0585,117,2000
19,4000,35,16,"homogeneous","split","prognostic_low","c45-h48",0.0555,111,2000
20,8000,35,16,"homogeneous","split","prognostic_low","c45-h48",0.062,124,2000
21,4000,70,16,"homogeneous","split","prognostic_low","c45-h48",0.06,120,2000
22,8000,70,16,"homogeneous","split","prognostic_low","c45-h48",0.0705,141,2000
23,4000,140,16,"homogeneous","split","prognostic_low","c45-h48",0.07,140,2000
24,8000,140,16,"homogeneous","split","prognostic_low","c45-h48",0.0535,107,2000
31,4000,35,16,"heterogeneous","split","prognostic_low","c45-h48",0.0595,119,2000
32,8000,35,16,"heterogeneous","split","prognostic_low","c45-h48",0.066,132,2000
33,4000,70,16,"heterogeneous","split","prognostic_low","c45-h48",0.059,118,2000
34,8000,70,16,"heterogeneous","split","prognostic_low","c45-h48",0.0535,107,2000
35,4000,140,16,"heterogeneous","split","prognostic_low","c45-h48",0.0465,93,2000
36,8000,140,16,"heterogeneous","split","prognostic_low","c45-h48",0.036,72,2000
7,4000,35,16,"null","bonferroni","workability","c45-h48",0.003,6,2000
8,8000,35,16,"null","bonferroni","workability","c45-h48",0.002,4,2000
19,4000,35,16,"homogeneous","bonferroni","workability","c45-h48",0.002,4,2000
20,8000,35,16,"homogeneous","bonferroni","workability","c45-h48",0.002,4,2000
31,4000,35,16,"heterogeneous","bonferroni","workability","c45-h48",0.0015,3,2000
32,8000,35,16,"heterogeneous","bonferroni","workability","c45-h48",0.0035,7,2000
7,4000,35,16,"null","naive","workability","c45-h48",0.003,6,2000
8,8000,35,16,"null","naive","workability","c45-h48",0.002,4,2000
19,4000,35,16,"homogeneous","naive","workability","c45-h48",0.002,4,2000
20,8000,35,16,"homogeneous","naive","workability","c45-h48",0.002,4,2000
31,4000,35,16,"heterogeneous","naive","workability","c45-h48",0.0015,3,2000
32,8000,35,16,"heterogeneous","naive","workability","c45-h48",0.0035,7,2000
7,4000,35,16,"null","split","workability","c45-h48",0.0125,25,2000
8,8000,35,16,"null","split","workability","c45-h48",0.009,18,2000
19,4000,35,16,"homogeneous","split","workability","c45-h48",0.01,20,2000
20,8000,35,16,"homogeneous","split","workability","c45-h48",0.0105,21,2000
31,4000,35,16,"heterogeneous","split","workability","c45-h48",0.008,16,2000
32,8000,35,16,"heterogeneous","split","workability","c45-h48",0.006,12,2000
7,4000,35,16,"null","bonferroni","effect_seeking","c45-h60",0.0715,143,2000
8,8000,35,16,"null","bonferroni","effect_seeking","c45-h60",0.073,146,2000
9,4000,70,16,"null","bonferroni","effect_seeking","c45-h60",0.0675,135,2000
10,8000,70,16,"null","bonferroni","effect_seeking","c45-h60",0.0915,183,2000
11,4000,140,16,"null","bonferroni","effect_seeking","c45-h60",0.0855,171,2000
12,8000,140,16,"null","bonferroni","effect_seeking","c45-h60",0.081,162,2000
19,4000,35,16,"homogeneous","bonferroni","effect_seeking","c45-h60",0.1905,381,2000
20,8000,35,16,"homogeneous","bonferroni","effect_seeking","c45-h60",0.18,360,2000
21,4000,70,16,"homogeneous","bonferroni","effect_seeking","c45-h60",0.229,458,2000
22,8000,70,16,"homogeneous","bonferroni","effect_seeking","c45-h60",0.2325,465,2000
23,4000,140,16,"homogeneous","bonferroni","effect_seeking","c45-h60",0.2985,597,2000
24,8000,140,16,"homogeneous","bonferroni","effect_seeking","c45-h60",0.29,580,2000
31,4000,35,16,"heterogeneous","bonferroni","effect_seeking","c45-h60",0.1835,367,2000
32,8000,35,16,"heterogeneous","bonferroni","effect_seeking","c45-h60",0.2015,403,2000
33,4000,70,16,"heterogeneous","bonferroni","effect_seeking","c45-h60",0.252,504,2000
34,8000,70,16,"heterogeneous","bonferroni","effect_seeking","c45-h60",0.2555,511,2000
35,4000,140,16,"heterogeneous","bonferroni","effect_seeking","c45-h60",0.38,760,2000
36,8000,140,16,"heterogeneous","bonferroni","effect_seeking","c45-h60",0.3375,675,2000
7,4000,35,16,"null","naive","effect_seeking","c45-h60",0.0715,143,2000
8,8000,35,16,"null","naive","effect_seeking","c45-h60",0.073,146,2000
9,4000,70,16,"null","naive","effect_seeking","c45-h60",0.0675,135,2000
10,8000,70,16,"null","naive","effect_seeking","c45-h60",0.0915,183,2000
11,4000,140,16,"null","naive","effect_seeking","c45-h60",0.0855,171,2000
12,8000,140,16,"null","naive","effect_seeking","c45-h60",0.081,162,2000
19,4000,35,16,"homogeneous","naive","effect_seeking","c45-h60",0.1905,381,2000
20,8000,35,16,"homogeneous","naive","effect_seeking","c45-h60",0.18,360,2000
21,4000,70,16,"homogeneous","naive","effect_seeking","c45-h60",0.229,458,2000
22,8000,70,16,"homogeneous","naive","effect_seeking","c45-h60",0.2325,465,2000
23,4000,140,16,"homogeneous","naive","effect_seeking","c45-h60",0.2985,597,2000
24,8000,140,16,"homogeneous","naive","effect_seeking","c45-h60",0.29,580,2000
31,4000,35,16,"heterogeneous","naive","effect_seeking","c45-h60",0.1835,367,2000
32,8000,35,16,"heterogeneous","naive","effect_seeking","c45-h60",0.2015,403,2000
33,4000,70,16,"heterogeneous","naive","effect_seeking","c45-h60",0.252,504,2000
34,8000,70,16,"heterogeneous","naive","effect_seeking","c45-h60",0.2555,511,2000
35,4000,140,16,"heterogeneous","naive","effect_seeking","c45-h60",0.38,760,2000
36,8000,140,16,"heterogeneous","naive","effect_seeking","c45-h60",0.3375,675,2000
7,4000,35,16,"null","bonferroni","outcome_blinded","c45-h60",0.704,1408,2000
8,8000,35,16,"null","bonferroni","outcome_blinded","c45-h60",0.7265,1453,2000
9,4000,70,16,"null","bonferroni","outcome_blinded","c45-h60",0.707,1414,2000
10,8000,70,16,"null","bonferroni","outcome_blinded","c45-h60",0.712,1424,2000
11,4000,140,16,"null","bonferroni","outcome_blinded","c45-h60",0.7055,1411,2000
12,8000,140,16,"null","bonferroni","outcome_blinded","c45-h60",0.7055,1411,2000
19,4000,35,16,"homogeneous","bonferroni","outcome_blinded","c45-h60",0.7145,1429,2000
20,8000,35,16,"homogeneous","bonferroni","outcome_blinded","c45-h60",0.703,1406,2000
21,4000,70,16,"homogeneous","bonferroni","outcome_blinded","c45-h60",0.6985,1397,2000
22,8000,70,16,"homogeneous","bonferroni","outcome_blinded","c45-h60",0.7035,1407,2000
23,4000,140,16,"homogeneous","bonferroni","outcome_blinded","c45-h60",0.7305,1461,2000
24,8000,140,16,"homogeneous","bonferroni","outcome_blinded","c45-h60",0.6945,1389,2000
31,4000,35,16,"heterogeneous","bonferroni","outcome_blinded","c45-h60",0.7165,1433,2000
32,8000,35,16,"heterogeneous","bonferroni","outcome_blinded","c45-h60",0.706,1412,2000
33,4000,70,16,"heterogeneous","bonferroni","outcome_blinded","c45-h60",0.686,1372,2000
34,8000,70,16,"heterogeneous","bonferroni","outcome_blinded","c45-h60",0.714,1428,2000
35,4000,140,16,"heterogeneous","bonferroni","outcome_blinded","c45-h60",0.706,1412,2000
36,8000,140,16,"heterogeneous","bonferroni","outcome_blinded","c45-h60",0.7105,1421,2000
7,4000,35,16,"null","naive","outcome_blinded","c45-h60",0.704,1408,2000
8,8000,35,16,"null","naive","outcome_blinded","c45-h60",0.7265,1453,2000
9,4000,70,16,"null","naive","outcome_blinded","c45-h60",0.707,1414,2000
10,8000,70,16,"null","naive","outcome_blinded","c45-h60",0.712,1424,2000
11,4000,140,16,"null","naive","outcome_blinded","c45-h60",0.7055,1411,2000
12,8000,140,16,"null","naive","outcome_blinded","c45-h60",0.7055,1411,2000
19,4000,35,16,"homogeneous","naive","outcome_blinded","c45-h60",0.7145,1429,2000
20,8000,35,16,"homogeneous","naive","outcome_blinded","c45-h60",0.703,1406,2000
21,4000,70,16,"homogeneous","naive","outcome_blinded","c45-h60",0.6985,1397,2000
22,8000,70,16,"homogeneous","naive","outcome_blinded","c45-h60",0.7035,1407,2000
23,4000,140,16,"homogeneous","naive","outcome_blinded","c45-h60",0.7305,1461,2000
24,8000,140,16,"homogeneous","naive","outcome_blinded","c45-h60",0.6945,1389,2000
31,4000,35,16,"heterogeneous","naive","outcome_blinded","c45-h60",0.7165,1433,2000
32,8000,35,16,"heterogeneous","naive","outcome_blinded","c45-h60",0.706,1412,2000
33,4000,70,16,"heterogeneous","naive","outcome_blinded","c45-h60",0.686,1372,2000
34,8000,70,16,"heterogeneous","naive","outcome_blinded","c45-h60",0.714,1428,2000
35,4000,140,16,"heterogeneous","naive","outcome_blinded","c45-h60",0.706,1412,2000
36,8000,140,16,"heterogeneous","naive","outcome_blinded","c45-h60",0.7105,1421,2000
7,4000,35,16,"null","bonferroni","prognostic_high","c45-h60",0.2985,597,2000
8,8000,35,16,"null","bonferroni","prognostic_high","c45-h60",0.2715,543,2000
9,4000,70,16,"null","bonferroni","prognostic_high","c45-h60",0.348,696,2000
10,8000,70,16,"null","bonferroni","prognostic_high","c45-h60",0.3395,679,2000
11,4000,140,16,"null","bonferroni","prognostic_high","c45-h60",0.4205,841,2000
12,8000,140,16,"null","bonferroni","prognostic_high","c45-h60",0.411,822,2000
19,4000,35,16,"homogeneous","bonferroni","prognostic_high","c45-h60",0.254,508,2000
20,8000,35,16,"homogeneous","bonferroni","prognostic_high","c45-h60",0.2415,483,2000
21,4000,70,16,"homogeneous","bonferroni","prognostic_high","c45-h60",0.321,642,2000
22,8000,70,16,"homogeneous","bonferroni","prognostic_high","c45-h60",0.335,670,2000
23,4000,140,16,"homogeneous","bonferroni","prognostic_high","c45-h60",0.3875,775,2000
24,8000,140,16,"homogeneous","bonferroni","prognostic_high","c45-h60",0.4,800,2000
31,4000,35,16,"heterogeneous","bonferroni","prognostic_high","c45-h60",0.2495,499,2000
32,8000,35,16,"heterogeneous","bonferroni","prognostic_high","c45-h60",0.2535,507,2000
33,4000,70,16,"heterogeneous","bonferroni","prognostic_high","c45-h60",0.32,640,2000
34,8000,70,16,"heterogeneous","bonferroni","prognostic_high","c45-h60",0.3265,653,2000
35,4000,140,16,"heterogeneous","bonferroni","prognostic_high","c45-h60",0.3525,705,2000
36,8000,140,16,"heterogeneous","bonferroni","prognostic_high","c45-h60",0.3525,705,2000
7,4000,35,16,"null","naive","prognostic_high","c45-h60",0.2985,597,2000
8,8000,35,16,"null","naive","prognostic_high","c45-h60",0.2715,543,2000
9,4000,70,16,"null","naive","prognostic_high","c45-h60",0.348,696,2000
10,8000,70,16,"null","naive","prognostic_high","c45-h60",0.3395,679,2000
11,4000,140,16,"null","naive","prognostic_high","c45-h60",0.4205,841,2000
12,8000,140,16,"null","naive","prognostic_high","c45-h60",0.411,822,2000
19,4000,35,16,"homogeneous","naive","prognostic_high","c45-h60",0.254,508,2000
20,8000,35,16,"homogeneous","naive","prognostic_high","c45-h60",0.2415,483,2000
21,4000,70,16,"homogeneous","naive","prognostic_high","c45-h60",0.321,642,2000
22,8000,70,16,"homogeneous","naive","prognostic_high","c45-h60",0.335,670,2000
23,4000,140,16,"homogeneous","naive","prognostic_high","c45-h60",0.3875,775,2000
24,8000,140,16,"homogeneous","naive","prognostic_high","c45-h60",0.4,800,2000
31,4000,35,16,"heterogeneous","naive","prognostic_high","c45-h60",0.2495,499,2000
32,8000,35,16,"heterogeneous","naive","prognostic_high","c45-h60",0.2535,507,2000
33,4000,70,16,"heterogeneous","naive","prognostic_high","c45-h60",0.32,640,2000
34,8000,70,16,"heterogeneous","naive","prognostic_high","c45-h60",0.3265,653,2000
35,4000,140,16,"heterogeneous","naive","prognostic_high","c45-h60",0.3525,705,2000
36,8000,140,16,"heterogeneous","naive","prognostic_high","c45-h60",0.3525,705,2000
7,4000,35,16,"null","split","prognostic_high","c45-h60",0.2135,427,2000
8,8000,35,16,"null","split","prognostic_high","c45-h60",0.214,428,2000
9,4000,70,16,"null","split","prognostic_high","c45-h60",0.2695,539,2000
10,8000,70,16,"null","split","prognostic_high","c45-h60",0.291,582,2000
11,4000,140,16,"null","split","prognostic_high","c45-h60",0.357,714,2000
12,8000,140,16,"null","split","prognostic_high","c45-h60",0.3245,649,2000
19,4000,35,16,"homogeneous","split","prognostic_high","c45-h60",0.1925,385,2000
20,8000,35,16,"homogeneous","split","prognostic_high","c45-h60",0.177,354,2000
21,4000,70,16,"homogeneous","split","prognostic_high","c45-h60",0.268,536,2000
22,8000,70,16,"homogeneous","split","prognostic_high","c45-h60",0.25,500,2000
23,4000,140,16,"homogeneous","split","prognostic_high","c45-h60",0.313,626,2000
24,8000,140,16,"homogeneous","split","prognostic_high","c45-h60",0.3335,667,2000
31,4000,35,16,"heterogeneous","split","prognostic_high","c45-h60",0.1915,383,2000
32,8000,35,16,"heterogeneous","split","prognostic_high","c45-h60",0.2065,413,2000
33,4000,70,16,"heterogeneous","split","prognostic_high","c45-h60",0.263,526,2000
34,8000,70,16,"heterogeneous","split","prognostic_high","c45-h60",0.2625,525,2000
35,4000,140,16,"heterogeneous","split","prognostic_high","c45-h60",0.2975,595,2000
36,8000,140,16,"heterogeneous","split","prognostic_high","c45-h60",0.2975,595,2000
7,4000,35,16,"null","bonferroni","prognostic_low","c45-h60",0.333,666,2000
8,8000,35,16,"null","bonferroni","prognostic_low","c45-h60",0.315,630,2000
9,4000,70,16,"null","bonferroni","prognostic_low","c45-h60",0.4795,959,2000
10,8000,70,16,"null","bonferroni","prognostic_low","c45-h60",0.483,966,2000
11,4000,140,16,"null","bonferroni","prognostic_low","c45-h60",0.637,1274,2000
12,8000,140,16,"null","bonferroni","prognostic_low","c45-h60",0.655,1310,2000
19,4000,35,16,"homogeneous","bonferroni","prognostic_low","c45-h60",0.2805,561,2000
20,8000,35,16,"homogeneous","bonferroni","prognostic_low","c45-h60",0.2835,567,2000
21,4000,70,16,"homogeneous","bonferroni","prognostic_low","c45-h60",0.4155,831,2000
22,8000,70,16,"homogeneous","bonferroni","prognostic_low","c45-h60",0.411,822,2000
23,4000,140,16,"homogeneous","bonferroni","prognostic_low","c45-h60",0.552,1104,2000
24,8000,140,16,"homogeneous","bonferroni","prognostic_low","c45-h60",0.569,1138,2000
31,4000,35,16,"heterogeneous","bonferroni","prognostic_low","c45-h60",0.351,702,2000
32,8000,35,16,"heterogeneous","bonferroni","prognostic_low","c45-h60",0.315,630,2000
33,4000,70,16,"heterogeneous","bonferroni","prognostic_low","c45-h60",0.4585,917,2000
34,8000,70,16,"heterogeneous","bonferroni","prognostic_low","c45-h60",0.4495,899,2000
35,4000,140,16,"heterogeneous","bonferroni","prognostic_low","c45-h60",0.618,1236,2000
36,8000,140,16,"heterogeneous","bonferroni","prognostic_low","c45-h60",0.6225,1245,2000
7,4000,35,16,"null","naive","prognostic_low","c45-h60",0.333,666,2000
8,8000,35,16,"null","naive","prognostic_low","c45-h60",0.315,630,2000
9,4000,70,16,"null","naive","prognostic_low","c45-h60",0.4795,959,2000
10,8000,70,16,"null","naive","prognostic_low","c45-h60",0.483,966,2000
11,4000,140,16,"null","naive","prognostic_low","c45-h60",0.637,1274,2000
12,8000,140,16,"null","naive","prognostic_low","c45-h60",0.655,1310,2000
19,4000,35,16,"homogeneous","naive","prognostic_low","c45-h60",0.2805,561,2000
20,8000,35,16,"homogeneous","naive","prognostic_low","c45-h60",0.2835,567,2000
21,4000,70,16,"homogeneous","naive","prognostic_low","c45-h60",0.4155,831,2000
22,8000,70,16,"homogeneous","naive","prognostic_low","c45-h60",0.411,822,2000
23,4000,140,16,"homogeneous","naive","prognostic_low","c45-h60",0.552,1104,2000
24,8000,140,16,"homogeneous","naive","prognostic_low","c45-h60",0.569,1138,2000
31,4000,35,16,"heterogeneous","naive","prognostic_low","c45-h60",0.351,702,2000
32,8000,35,16,"heterogeneous","naive","prognostic_low","c45-h60",0.315,630,2000
33,4000,70,16,"heterogeneous","naive","prognostic_low","c45-h60",0.4585,917,2000
34,8000,70,16,"heterogeneous","naive","prognostic_low","c45-h60",0.4495,899,2000
35,4000,140,16,"heterogeneous","naive","prognostic_low","c45-h60",0.618,1236,2000
36,8000,140,16,"heterogeneous","naive","prognostic_low","c45-h60",0.6225,1245,2000
7,4000,35,16,"null","split","prognostic_low","c45-h60",0.2165,433,2000
8,8000,35,16,"null","split","prognostic_low","c45-h60",0.208,416,2000
9,4000,70,16,"null","split","prognostic_low","c45-h60",0.3315,663,2000
10,8000,70,16,"null","split","prognostic_low","c45-h60",0.324,648,2000
11,4000,140,16,"null","split","prognostic_low","c45-h60",0.4715,943,2000
12,8000,140,16,"null","split","prognostic_low","c45-h60",0.47,940,2000
19,4000,35,16,"homogeneous","split","prognostic_low","c45-h60",0.1765,353,2000
20,8000,35,16,"homogeneous","split","prognostic_low","c45-h60",0.1795,359,2000
21,4000,70,16,"homogeneous","split","prognostic_low","c45-h60",0.275,550,2000
22,8000,70,16,"homogeneous","split","prognostic_low","c45-h60",0.25,500,2000
23,4000,140,16,"homogeneous","split","prognostic_low","c45-h60",0.3825,765,2000
24,8000,140,16,"homogeneous","split","prognostic_low","c45-h60",0.417,834,2000
31,4000,35,16,"heterogeneous","split","prognostic_low","c45-h60",0.229,458,2000
32,8000,35,16,"heterogeneous","split","prognostic_low","c45-h60",0.217,434,2000
33,4000,70,16,"heterogeneous","split","prognostic_low","c45-h60",0.3255,651,2000
34,8000,70,16,"heterogeneous","split","prognostic_low","c45-h60",0.326,652,2000
35,4000,140,16,"heterogeneous","split","prognostic_low","c45-h60",0.435,870,2000
36,8000,140,16,"heterogeneous","split","prognostic_low","c45-h60",0.459,918,2000
7,4000,35,16,"null","bonferroni","workability","c45-h60",0.392,784,2000
8,8000,35,16,"null","bonferroni","workability","c45-h60",0.397,794,2000
19,4000,35,16,"homogeneous","bonferroni","workability","c45-h60",0.8395,1679,2000
20,8000,35,16,"homogeneous","bonferroni","workability","c45-h60",0.8345,1669,2000
31,4000,35,16,"heterogeneous","bonferroni","workability","c45-h60",0.5805,1161,2000
32,8000,35,16,"heterogeneous","bonferroni","workability","c45-h60",0.5535,1107,2000
7,4000,35,16,"null","naive","workability","c45-h60",0.392,784,2000
8,8000,35,16,"null","naive","workability","c45-h60",0.397,794,2000
19,4000,35,16,"homogeneous","naive","workability","c45-h60",0.8395,1679,2000
20,8000,35,16,"homogeneous","naive","workability","c45-h60",0.8345,1669,2000
31,4000,35,16,"heterogeneous","naive","workability","c45-h60",0.5805,1161,2000
32,8000,35,16,"heterogeneous","naive","workability","c45-h60",0.5535,1107,2000
7,4000,35,16,"null","split","workability","c45-h60",0.399,798,2000
8,8000,35,16,"null","split","workability","c45-h60",0.3975,795,2000
19,4000,35,16,"homogeneous","split","workability","c45-h60",0.7355,1471,2000
20,8000,35,16,"homogeneous","split","workability","c45-h60",0.726,1452,2000
31,4000,35,16,"heterogeneous","split","workability","c45-h60",0.5105,1021,2000
32,8000,35,16,"heterogeneous","split","workability","c45-h60",0.506,1012,2000
7,4000,35,16,"null","bonferroni","effect_seeking","c50-h24",0.0585,117,2000
8,8000,35,16,"null","bonferroni","effect_seeking","c50-h24",0.0635,127,2000
9,4000,70,16,"null","bonferroni","effect_seeking","c50-h24",0.0685,137,2000
10,8000,70,16,"null","bonferroni","effect_seeking","c50-h24",0.0565,113,2000
11,4000,140,16,"null","bonferroni","effect_seeking","c50-h24",0.058,116,2000
12,8000,140,16,"null","bonferroni","effect_seeking","c50-h24",0.0555,111,2000
19,4000,35,16,"homogeneous","bonferroni","effect_seeking","c50-h24",0.037,74,2000
20,8000,35,16,"homogeneous","bonferroni","effect_seeking","c50-h24",0.0415,83,2000
21,4000,70,16,"homogeneous","bonferroni","effect_seeking","c50-h24",0.0335,67,2000
22,8000,70,16,"homogeneous","bonferroni","effect_seeking","c50-h24",0.032,64,2000
23,4000,140,16,"homogeneous","bonferroni","effect_seeking","c50-h24",0.0225,45,2000
24,8000,140,16,"homogeneous","bonferroni","effect_seeking","c50-h24",0.026,52,2000
31,4000,35,16,"heterogeneous","bonferroni","effect_seeking","c50-h24",0.044,88,2000
32,8000,35,16,"heterogeneous","bonferroni","effect_seeking","c50-h24",0.0585,117,2000
33,4000,70,16,"heterogeneous","bonferroni","effect_seeking","c50-h24",0.0435,87,2000
34,8000,70,16,"heterogeneous","bonferroni","effect_seeking","c50-h24",0.0495,99,2000
35,4000,140,16,"heterogeneous","bonferroni","effect_seeking","c50-h24",0.037,74,2000
36,8000,140,16,"heterogeneous","bonferroni","effect_seeking","c50-h24",0.0325,65,2000
7,4000,35,16,"null","naive","effect_seeking","c50-h24",0.0585,117,2000
8,8000,35,16,"null","naive","effect_seeking","c50-h24",0.0635,127,2000
9,4000,70,16,"null","naive","effect_seeking","c50-h24",0.0685,137,2000
10,8000,70,16,"null","naive","effect_seeking","c50-h24",0.0565,113,2000
11,4000,140,16,"null","naive","effect_seeking","c50-h24",0.058,116,2000
12,8000,140,16,"null","naive","effect_seeking","c50-h24",0.0555,111,2000
19,4000,35,16,"homogeneous","naive","effect_seeking","c50-h24",0.037,74,2000
20,8000,35,16,"homogeneous","naive","effect_seeking","c50-h24",0.0415,83,2000
21,4000,70,16,"homogeneous","naive","effect_seeking","c50-h24",0.0335,67,2000
22,8000,70,16,"homogeneous","naive","effect_seeking","c50-h24",0.032,64,2000
23,4000,140,16,"homogeneous","naive","effect_seeking","c50-h24",0.0225,45,2000
24,8000,140,16,"homogeneous","naive","effect_seeking","c50-h24",0.026,52,2000
31,4000,35,16,"heterogeneous","naive","effect_seeking","c50-h24",0.044,88,2000
32,8000,35,16,"heterogeneous","naive","effect_seeking","c50-h24",0.0585,117,2000
33,4000,70,16,"heterogeneous","naive","effect_seeking","c50-h24",0.0435,87,2000
34,8000,70,16,"heterogeneous","naive","effect_seeking","c50-h24",0.0495,99,2000
35,4000,140,16,"heterogeneous","naive","effect_seeking","c50-h24",0.037,74,2000
36,8000,140,16,"heterogeneous","naive","effect_seeking","c50-h24",0.0325,65,2000
7,4000,35,16,"null","bonferroni","prognostic_high","c50-h24",0.0015,3,2000
8,8000,35,16,"null","bonferroni","prognostic_high","c50-h24",0.0035,7,2000
10,8000,70,16,"null","bonferroni","prognostic_high","c50-h24",5e-04,1,2000
19,4000,35,16,"homogeneous","bonferroni","prognostic_high","c50-h24",0.0025,5,2000
20,8000,35,16,"homogeneous","bonferroni","prognostic_high","c50-h24",0.004,8,2000
21,4000,70,16,"homogeneous","bonferroni","prognostic_high","c50-h24",5e-04,1,2000
22,8000,70,16,"homogeneous","bonferroni","prognostic_high","c50-h24",5e-04,1,2000
31,4000,35,16,"heterogeneous","bonferroni","prognostic_high","c50-h24",0.0015,3,2000
32,8000,35,16,"heterogeneous","bonferroni","prognostic_high","c50-h24",0.003,6,2000
33,4000,70,16,"heterogeneous","bonferroni","prognostic_high","c50-h24",5e-04,1,2000
7,4000,35,16,"null","naive","prognostic_high","c50-h24",0.0015,3,2000
8,8000,35,16,"null","naive","prognostic_high","c50-h24",0.0035,7,2000
10,8000,70,16,"null","naive","prognostic_high","c50-h24",5e-04,1,2000
19,4000,35,16,"homogeneous","naive","prognostic_high","c50-h24",0.0025,5,2000
20,8000,35,16,"homogeneous","naive","prognostic_high","c50-h24",0.004,8,2000
21,4000,70,16,"homogeneous","naive","prognostic_high","c50-h24",5e-04,1,2000
22,8000,70,16,"homogeneous","naive","prognostic_high","c50-h24",5e-04,1,2000
31,4000,35,16,"heterogeneous","naive","prognostic_high","c50-h24",0.0015,3,2000
32,8000,35,16,"heterogeneous","naive","prognostic_high","c50-h24",0.003,6,2000
33,4000,70,16,"heterogeneous","naive","prognostic_high","c50-h24",5e-04,1,2000
7,4000,35,16,"null","split","prognostic_high","c50-h24",0.0055,11,2000
8,8000,35,16,"null","split","prognostic_high","c50-h24",0.004,8,2000
9,4000,70,16,"null","split","prognostic_high","c50-h24",0.002,4,2000
11,4000,140,16,"null","split","prognostic_high","c50-h24",5e-04,1,2000
12,8000,140,16,"null","split","prognostic_high","c50-h24",5e-04,1,2000
19,4000,35,16,"homogeneous","split","prognostic_high","c50-h24",0.0085,17,2000
20,8000,35,16,"homogeneous","split","prognostic_high","c50-h24",0.0075,15,2000
21,4000,70,16,"homogeneous","split","prognostic_high","c50-h24",0.0045,9,2000
22,8000,70,16,"homogeneous","split","prognostic_high","c50-h24",0.0025,5,2000
23,4000,140,16,"homogeneous","split","prognostic_high","c50-h24",0.001,2,2000
31,4000,35,16,"heterogeneous","split","prognostic_high","c50-h24",0.0055,11,2000
32,8000,35,16,"heterogeneous","split","prognostic_high","c50-h24",0.004,8,2000
33,4000,70,16,"heterogeneous","split","prognostic_high","c50-h24",0.0015,3,2000
34,8000,70,16,"heterogeneous","split","prognostic_high","c50-h24",0.002,4,2000
7,4000,35,16,"null","bonferroni","prognostic_low","c50-h24",0.0115,23,2000
8,8000,35,16,"null","bonferroni","prognostic_low","c50-h24",0.0075,15,2000
9,4000,70,16,"null","bonferroni","prognostic_low","c50-h24",0.0025,5,2000
10,8000,70,16,"null","bonferroni","prognostic_low","c50-h24",0.0015,3,2000
11,4000,140,16,"null","bonferroni","prognostic_low","c50-h24",5e-04,1,2000
19,4000,35,16,"homogeneous","bonferroni","prognostic_low","c50-h24",0.01,20,2000
20,8000,35,16,"homogeneous","bonferroni","prognostic_low","c50-h24",0.0105,21,2000
21,4000,70,16,"homogeneous","bonferroni","prognostic_low","c50-h24",0.005,10,2000
22,8000,70,16,"homogeneous","bonferroni","prognostic_low","c50-h24",0.0035,7,2000
23,4000,140,16,"homogeneous","bonferroni","prognostic_low","c50-h24",0.0015,3,2000
24,8000,140,16,"homogeneous","bonferroni","prognostic_low","c50-h24",5e-04,1,2000
31,4000,35,16,"heterogeneous","bonferroni","prognostic_low","c50-h24",0.0045,9,2000
32,8000,35,16,"heterogeneous","bonferroni","prognostic_low","c50-h24",0.008,16,2000
33,4000,70,16,"heterogeneous","bonferroni","prognostic_low","c50-h24",0.0035,7,2000
34,8000,70,16,"heterogeneous","bonferroni","prognostic_low","c50-h24",0.001,2,2000
7,4000,35,16,"null","naive","prognostic_low","c50-h24",0.0115,23,2000
8,8000,35,16,"null","naive","prognostic_low","c50-h24",0.0075,15,2000
9,4000,70,16,"null","naive","prognostic_low","c50-h24",0.0025,5,2000
10,8000,70,16,"null","naive","prognostic_low","c50-h24",0.0015,3,2000
11,4000,140,16,"null","naive","prognostic_low","c50-h24",5e-04,1,2000
19,4000,35,16,"homogeneous","naive","prognostic_low","c50-h24",0.01,20,2000
20,8000,35,16,"homogeneous","naive","prognostic_low","c50-h24",0.0105,21,2000
21,4000,70,16,"homogeneous","naive","prognostic_low","c50-h24",0.005,10,2000
22,8000,70,16,"homogeneous","naive","prognostic_low","c50-h24",0.0035,7,2000
23,4000,140,16,"homogeneous","naive","prognostic_low","c50-h24",0.0015,3,2000
24,8000,140,16,"homogeneous","naive","prognostic_low","c50-h24",5e-04,1,2000
31,4000,35,16,"heterogeneous","naive","prognostic_low","c50-h24",0.0045,9,2000
32,8000,35,16,"heterogeneous","naive","prognostic_low","c50-h24",0.008,16,2000
33,4000,70,16,"heterogeneous","naive","prognostic_low","c50-h24",0.0035,7,2000
34,8000,70,16,"heterogeneous","naive","prognostic_low","c50-h24",0.001,2,2000
7,4000,35,16,"null","split","prognostic_low","c50-h24",0.0135,27,2000
8,8000,35,16,"null","split","prognostic_low","c50-h24",0.015,30,2000
9,4000,70,16,"null","split","prognostic_low","c50-h24",0.0065,13,2000
10,8000,70,16,"null","split","prognostic_low","c50-h24",0.006,12,2000
11,4000,140,16,"null","split","prognostic_low","c50-h24",0.004,8,2000
12,8000,140,16,"null","split","prognostic_low","c50-h24",0.003,6,2000
19,4000,35,16,"homogeneous","split","prognostic_low","c50-h24",0.0175,35,2000
20,8000,35,16,"homogeneous","split","prognostic_low","c50-h24",0.0205,41,2000
21,4000,70,16,"homogeneous","split","prognostic_low","c50-h24",0.0115,23,2000
22,8000,70,16,"homogeneous","split","prognostic_low","c50-h24",0.014,28,2000
23,4000,140,16,"homogeneous","split","prognostic_low","c50-h24",0.0045,9,2000
24,8000,140,16,"homogeneous","split","prognostic_low","c50-h24",0.007,14,2000
31,4000,35,16,"heterogeneous","split","prognostic_low","c50-h24",0.0125,25,2000
32,8000,35,16,"heterogeneous","split","prognostic_low","c50-h24",0.013,26,2000
33,4000,70,16,"heterogeneous","split","prognostic_low","c50-h24",0.004,8,2000
34,8000,70,16,"heterogeneous","split","prognostic_low","c50-h24",0.011,22,2000
35,4000,140,16,"heterogeneous","split","prognostic_low","c50-h24",0.001,2,2000
36,8000,140,16,"heterogeneous","split","prognostic_low","c50-h24",0.0025,5,2000
1,4000,35,4,"null","bonferroni","effect_seeking","c50-h36",0.2265,453,2000
2,8000,35,4,"null","bonferroni","effect_seeking","c50-h36",0.264,528,2000
3,4000,70,4,"null","bonferroni","effect_seeking","c50-h36",0.251,502,2000
4,8000,70,4,"null","bonferroni","effect_seeking","c50-h36",0.251,502,2000
5,4000,140,4,"null","bonferroni","effect_seeking","c50-h36",0.2605,521,2000
6,8000,140,4,"null","bonferroni","effect_seeking","c50-h36",0.264,528,2000
7,4000,35,16,"null","bonferroni","effect_seeking","c50-h36",0.038,76,2000
8,8000,35,16,"null","bonferroni","effect_seeking","c50-h36",0.0445,89,2000
9,4000,70,16,"null","bonferroni","effect_seeking","c50-h36",0.035,70,2000
10,8000,70,16,"null","bonferroni","effect_seeking","c50-h36",0.0335,67,2000
11,4000,140,16,"null","bonferroni","effect_seeking","c50-h36",0.0345,69,2000
12,8000,140,16,"null","bonferroni","effect_seeking","c50-h36",0.0395,79,2000
13,4000,35,4,"homogeneous","bonferroni","effect_seeking","c50-h36",0.2205,441,2000
14,8000,35,4,"homogeneous","bonferroni","effect_seeking","c50-h36",0.2235,447,2000
15,4000,70,4,"homogeneous","bonferroni","effect_seeking","c50-h36",0.2035,407,2000
16,8000,70,4,"homogeneous","bonferroni","effect_seeking","c50-h36",0.1855,371,2000
17,4000,140,4,"homogeneous","bonferroni","effect_seeking","c50-h36",0.161,322,2000
18,8000,140,4,"homogeneous","bonferroni","effect_seeking","c50-h36",0.1575,315,2000
19,4000,35,16,"homogeneous","bonferroni","effect_seeking","c50-h36",0.0355,71,2000
20,8000,35,16,"homogeneous","bonferroni","effect_seeking","c50-h36",0.0325,65,2000
21,4000,70,16,"homogeneous","bonferroni","effect_seeking","c50-h36",0.0295,59,2000
22,8000,70,16,"homogeneous","bonferroni","effect_seeking","c50-h36",0.031,62,2000
23,4000,140,16,"homogeneous","bonferroni","effect_seeking","c50-h36",0.03,60,2000
24,8000,140,16,"homogeneous","bonferroni","effect_seeking","c50-h36",0.0275,55,2000
25,4000,35,4,"heterogeneous","bonferroni","effect_seeking","c50-h36",0.2945,589,2000
26,8000,35,4,"heterogeneous","bonferroni","effect_seeking","c50-h36",0.297,594,2000
27,4000,70,4,"heterogeneous","bonferroni","effect_seeking","c50-h36",0.313,626,2000
28,8000,70,4,"heterogeneous","bonferroni","effect_seeking","c50-h36",0.3,600,2000
29,4000,140,4,"heterogeneous","bonferroni","effect_seeking","c50-h36",0.293,586,2000
30,8000,140,4,"heterogeneous","bonferroni","effect_seeking","c50-h36",0.304,608,2000
31,4000,35,16,"heterogeneous","bonferroni","effect_seeking","c50-h36",0.041,82,2000
32,8000,35,16,"heterogeneous","bonferroni","effect_seeking","c50-h36",0.039,78,2000
33,4000,70,16,"heterogeneous","bonferroni","effect_seeking","c50-h36",0.035,70,2000
34,8000,70,16,"heterogeneous","bonferroni","effect_seeking","c50-h36",0.032,64,2000
35,4000,140,16,"heterogeneous","bonferroni","effect_seeking","c50-h36",0.0275,55,2000
36,8000,140,16,"heterogeneous","bonferroni","effect_seeking","c50-h36",0.031,62,2000
1,4000,35,4,"null","naive","effect_seeking","c50-h36",0.2265,453,2000
2,8000,35,4,"null","naive","effect_seeking","c50-h36",0.264,528,2000
3,4000,70,4,"null","naive","effect_seeking","c50-h36",0.251,502,2000
4,8000,70,4,"null","naive","effect_seeking","c50-h36",0.251,502,2000
5,4000,140,4,"null","naive","effect_seeking","c50-h36",0.2605,521,2000
6,8000,140,4,"null","naive","effect_seeking","c50-h36",0.264,528,2000
7,4000,35,16,"null","naive","effect_seeking","c50-h36",0.038,76,2000
8,8000,35,16,"null","naive","effect_seeking","c50-h36",0.0445,89,2000
9,4000,70,16,"null","naive","effect_seeking","c50-h36",0.035,70,2000
10,8000,70,16,"null","naive","effect_seeking","c50-h36",0.0335,67,2000
11,4000,140,16,"null","naive","effect_seeking","c50-h36",0.0345,69,2000
12,8000,140,16,"null","naive","effect_seeking","c50-h36",0.0395,79,2000
13,4000,35,4,"homogeneous","naive","effect_seeking","c50-h36",0.2205,441,2000
14,8000,35,4,"homogeneous","naive","effect_seeking","c50-h36",0.2235,447,2000
15,4000,70,4,"homogeneous","naive","effect_seeking","c50-h36",0.2035,407,2000
16,8000,70,4,"homogeneous","naive","effect_seeking","c50-h36",0.1855,371,2000
17,4000,140,4,"homogeneous","naive","effect_seeking","c50-h36",0.161,322,2000
18,8000,140,4,"homogeneous","naive","effect_seeking","c50-h36",0.1575,315,2000
19,4000,35,16,"homogeneous","naive","effect_seeking","c50-h36",0.0355,71,2000
20,8000,35,16,"homogeneous","naive","effect_seeking","c50-h36",0.0325,65,2000
21,4000,70,16,"homogeneous","naive","effect_seeking","c50-h36",0.0295,59,2000
22,8000,70,16,"homogeneous","naive","effect_seeking","c50-h36",0.031,62,2000
23,4000,140,16,"homogeneous","naive","effect_seeking","c50-h36",0.03,60,2000
24,8000,140,16,"homogeneous","naive","effect_seeking","c50-h36",0.0275,55,2000
25,4000,35,4,"heterogeneous","naive","effect_seeking","c50-h36",0.2945,589,2000
26,8000,35,4,"heterogeneous","naive","effect_seeking","c50-h36",0.297,594,2000
27,4000,70,4,"heterogeneous","naive","effect_seeking","c50-h36",0.313,626,2000
28,8000,70,4,"heterogeneous","naive","effect_seeking","c50-h36",0.3,600,2000
29,4000,140,4,"heterogeneous","naive","effect_seeking","c50-h36",0.293,586,2000
30,8000,140,4,"heterogeneous","naive","effect_seeking","c50-h36",0.304,608,2000
31,4000,35,16,"heterogeneous","naive","effect_seeking","c50-h36",0.041,82,2000
32,8000,35,16,"heterogeneous","naive","effect_seeking","c50-h36",0.039,78,2000
33,4000,70,16,"heterogeneous","naive","effect_seeking","c50-h36",0.035,70,2000
34,8000,70,16,"heterogeneous","naive","effect_seeking","c50-h36",0.032,64,2000
35,4000,140,16,"heterogeneous","naive","effect_seeking","c50-h36",0.0275,55,2000
36,8000,140,16,"heterogeneous","naive","effect_seeking","c50-h36",0.031,62,2000
1,4000,35,4,"null","bonferroni","prognostic_high","c50-h36",0.034,68,2000
2,8000,35,4,"null","bonferroni","prognostic_high","c50-h36",0.0355,71,2000
3,4000,70,4,"null","bonferroni","prognostic_high","c50-h36",0.014,28,2000
4,8000,70,4,"null","bonferroni","prognostic_high","c50-h36",0.0135,27,2000
5,4000,140,4,"null","bonferroni","prognostic_high","c50-h36",0.001,2,2000
6,8000,140,4,"null","bonferroni","prognostic_high","c50-h36",0.001,2,2000
7,4000,35,16,"null","bonferroni","prognostic_high","c50-h36",0.003,6,2000
8,8000,35,16,"null","bonferroni","prognostic_high","c50-h36",0.002,4,2000
9,4000,70,16,"null","bonferroni","prognostic_high","c50-h36",0.0015,3,2000
10,8000,70,16,"null","bonferroni","prognostic_high","c50-h36",5e-04,1,2000
11,4000,140,16,"null","bonferroni","prognostic_high","c50-h36",5e-04,1,2000
13,4000,35,4,"homogeneous","bonferroni","prognostic_high","c50-h36",0.0505,101,2000
14,8000,35,4,"homogeneous","bonferroni","prognostic_high","c50-h36",0.043,86,2000
15,4000,70,4,"homogeneous","bonferroni","prognostic_high","c50-h36",0.023,46,2000
16,8000,70,4,"homogeneous","bonferroni","prognostic_high","c50-h36",0.0215,43,2000
17,4000,140,4,"homogeneous","bonferroni","prognostic_high","c50-h36",0.0055,11,2000
18,8000,140,4,"homogeneous","bonferroni","prognostic_high","c50-h36",0.0035,7,2000
19,4000,35,16,"homogeneous","bonferroni","prognostic_high","c50-h36",0.008,16,2000
20,8000,35,16,"homogeneous","bonferroni","prognostic_high","c50-h36",0.0075,15,2000
21,4000,70,16,"homogeneous","bonferroni","prognostic_high","c50-h36",0.002,4,2000
22,8000,70,16,"homogeneous","bonferroni","prognostic_high","c50-h36",0.0045,9,2000
23,4000,140,16,"homogeneous","bonferroni","prognostic_high","c50-h36",5e-04,1,2000
25,4000,35,4,"heterogeneous","bonferroni","prognostic_high","c50-h36",0.041,82,2000
26,8000,35,4,"heterogeneous","bonferroni","prognostic_high","c50-h36",0.0235,47,2000
27,4000,70,4,"heterogeneous","bonferroni","prognostic_high","c50-h36",0.01,20,2000
28,8000,70,4,"heterogeneous","bonferroni","prognostic_high","c50-h36",0.007,14,2000
29,4000,140,4,"heterogeneous","bonferroni","prognostic_high","c50-h36",5e-04,1,2000
30,8000,140,4,"heterogeneous","bonferroni","prognostic_high","c50-h36",0.0015,3,2000
31,4000,35,16,"heterogeneous","bonferroni","prognostic_high","c50-h36",0.0045,9,2000
32,8000,35,16,"heterogeneous","bonferroni","prognostic_high","c50-h36",0.007,14,2000
33,4000,70,16,"heterogeneous","bonferroni","prognostic_high","c50-h36",0.0025,5,2000
34,8000,70,16,"heterogeneous","bonferroni","prognostic_high","c50-h36",5e-04,1,2000
1,4000,35,4,"null","naive","prognostic_high","c50-h36",0.034,68,2000
2,8000,35,4,"null","naive","prognostic_high","c50-h36",0.0355,71,2000
3,4000,70,4,"null","naive","prognostic_high","c50-h36",0.014,28,2000
4,8000,70,4,"null","naive","prognostic_high","c50-h36",0.0135,27,2000
5,4000,140,4,"null","naive","prognostic_high","c50-h36",0.001,2,2000
6,8000,140,4,"null","naive","prognostic_high","c50-h36",0.001,2,2000
7,4000,35,16,"null","naive","prognostic_high","c50-h36",0.003,6,2000
8,8000,35,16,"null","naive","prognostic_high","c50-h36",0.002,4,2000
9,4000,70,16,"null","naive","prognostic_high","c50-h36",0.0015,3,2000
10,8000,70,16,"null","naive","prognostic_high","c50-h36",5e-04,1,2000
11,4000,140,16,"null","naive","prognostic_high","c50-h36",5e-04,1,2000
13,4000,35,4,"homogeneous","naive","prognostic_high","c50-h36",0.0505,101,2000
14,8000,35,4,"homogeneous","naive","prognostic_high","c50-h36",0.043,86,2000
15,4000,70,4,"homogeneous","naive","prognostic_high","c50-h36",0.023,46,2000
16,8000,70,4,"homogeneous","naive","prognostic_high","c50-h36",0.0215,43,2000
17,4000,140,4,"homogeneous","naive","prognostic_high","c50-h36",0.0055,11,2000
18,8000,140,4,"homogeneous","naive","prognostic_high","c50-h36",0.0035,7,2000
19,4000,35,16,"homogeneous","naive","prognostic_high","c50-h36",0.008,16,2000
20,8000,35,16,"homogeneous","naive","prognostic_high","c50-h36",0.0075,15,2000
21,4000,70,16,"homogeneous","naive","prognostic_high","c50-h36",0.002,4,2000
22,8000,70,16,"homogeneous","naive","prognostic_high","c50-h36",0.0045,9,2000
23,4000,140,16,"homogeneous","naive","prognostic_high","c50-h36",5e-04,1,2000
25,4000,35,4,"heterogeneous","naive","prognostic_high","c50-h36",0.041,82,2000
26,8000,35,4,"heterogeneous","naive","prognostic_high","c50-h36",0.0235,47,2000
27,4000,70,4,"heterogeneous","naive","prognostic_high","c50-h36",0.01,20,2000
28,8000,70,4,"heterogeneous","naive","prognostic_high","c50-h36",0.007,14,2000
29,4000,140,4,"heterogeneous","naive","prognostic_high","c50-h36",5e-04,1,2000
30,8000,140,4,"heterogeneous","naive","prognostic_high","c50-h36",0.0015,3,2000
31,4000,35,16,"heterogeneous","naive","prognostic_high","c50-h36",0.0045,9,2000
32,8000,35,16,"heterogeneous","naive","prognostic_high","c50-h36",0.007,14,2000
33,4000,70,16,"heterogeneous","naive","prognostic_high","c50-h36",0.0025,5,2000
34,8000,70,16,"heterogeneous","naive","prognostic_high","c50-h36",5e-04,1,2000
1,4000,35,4,"null","split","prognostic_high","c50-h36",0.0745,149,2000
2,8000,35,4,"null","split","prognostic_high","c50-h36",0.075,150,2000
3,4000,70,4,"null","split","prognostic_high","c50-h36",0.039,78,2000
4,8000,70,4,"null","split","prognostic_high","c50-h36",0.0395,79,2000
5,4000,140,4,"null","split","prognostic_high","c50-h36",0.009,18,2000
6,8000,140,4,"null","split","prognostic_high","c50-h36",0.0085,17,2000
7,4000,35,16,"null","split","prognostic_high","c50-h36",0.0125,25,2000
8,8000,35,16,"null","split","prognostic_high","c50-h36",0.007,14,2000
9,4000,70,16,"null","split","prognostic_high","c50-h36",0.007,14,2000
10,8000,70,16,"null","split","prognostic_high","c50-h36",0.0055,11,2000
11,4000,140,16,"null","split","prognostic_high","c50-h36",0.0015,3,2000
12,8000,140,16,"null","split","prognostic_high","c50-h36",0.0015,3,2000
13,4000,35,4,"homogeneous","split","prognostic_high","c50-h36",0.104,208,2000
14,8000,35,4,"homogeneous","split","prognostic_high","c50-h36",0.095,190,2000
15,4000,70,4,"homogeneous","split","prognostic_high","c50-h36",0.0565,113,2000
16,8000,70,4,"homogeneous","split","prognostic_high","c50-h36",0.0385,77,2000
17,4000,140,4,"homogeneous","split","prognostic_high","c50-h36",0.0265,53,2000
18,8000,140,4,"homogeneous","split","prognostic_high","c50-h36",0.0155,31,2000
19,4000,35,16,"homogeneous","split","prognostic_high","c50-h36",0.0165,33,2000
20,8000,35,16,"homogeneous","split","prognostic_high","c50-h36",0.0125,25,2000
21,4000,70,16,"homogeneous","split","prognostic_high","c50-h36",0.0105,21,2000
22,8000,70,16,"homogeneous","split","prognostic_high","c50-h36",0.005,10,2000
23,4000,140,16,"homogeneous","split","prognostic_high","c50-h36",0.0025,5,2000
24,8000,140,16,"homogeneous","split","prognostic_high","c50-h36",0.002,4,2000
25,4000,35,4,"heterogeneous","split","prognostic_high","c50-h36",0.062,124,2000
26,8000,35,4,"heterogeneous","split","prognostic_high","c50-h36",0.064,128,2000
27,4000,70,4,"heterogeneous","split","prognostic_high","c50-h36",0.034,68,2000
28,8000,70,4,"heterogeneous","split","prognostic_high","c50-h36",0.026,52,2000
29,4000,140,4,"heterogeneous","split","prognostic_high","c50-h36",0.013,26,2000
30,8000,140,4,"heterogeneous","split","prognostic_high","c50-h36",0.004,8,2000
31,4000,35,16,"heterogeneous","split","prognostic_high","c50-h36",0.0055,11,2000
32,8000,35,16,"heterogeneous","split","prognostic_high","c50-h36",0.011,22,2000
33,4000,70,16,"heterogeneous","split","prognostic_high","c50-h36",0.0055,11,2000
34,8000,70,16,"heterogeneous","split","prognostic_high","c50-h36",0.0035,7,2000
35,4000,140,16,"heterogeneous","split","prognostic_high","c50-h36",0.0015,3,2000
36,8000,140,16,"heterogeneous","split","prognostic_high","c50-h36",0.001,2,2000
1,4000,35,4,"null","bonferroni","prognostic_low","c50-h36",0.1015,203,2000
2,8000,35,4,"null","bonferroni","prognostic_low","c50-h36",0.08,160,2000
3,4000,70,4,"null","bonferroni","prognostic_low","c50-h36",0.053,106,2000
4,8000,70,4,"null","bonferroni","prognostic_low","c50-h36",0.0455,91,2000
5,4000,140,4,"null","bonferroni","prognostic_low","c50-h36",0.016,32,2000
6,8000,140,4,"null","bonferroni","prognostic_low","c50-h36",0.0185,37,2000
7,4000,35,16,"null","bonferroni","prognostic_low","c50-h36",0.0125,25,2000
8,8000,35,16,"null","bonferroni","prognostic_low","c50-h36",0.019,38,2000
9,4000,70,16,"null","bonferroni","prognostic_low","c50-h36",0.009,18,2000
10,8000,70,16,"null","bonferroni","prognostic_low","c50-h36",0.005,10,2000
11,4000,140,16,"null","bonferroni","prognostic_low","c50-h36",0.0015,3,2000
12,8000,140,16,"null","bonferroni","prognostic_low","c50-h36",0.004,8,2000
13,4000,35,4,"homogeneous","bonferroni","prognostic_low","c50-h36",0.0995,199,2000
14,8000,35,4,"homogeneous","bonferroni","prognostic_low","c50-h36",0.1095,219,2000
15,4000,70,4,"homogeneous","bonferroni","prognostic_low","c50-h36",0.079,158,2000
16,8000,70,4,"homogeneous","bonferroni","prognostic_low","c50-h36",0.0765,153,2000
17,4000,140,4,"homogeneous","bonferroni","prognostic_low","c50-h36",0.036,72,2000
18,8000,140,4,"homogeneous","bonferroni","prognostic_low","c50-h36",0.028,56,2000
19,4000,35,16,"homogeneous","bonferroni","prognostic_low","c50-h36",0.018,36,2000
20,8000,35,16,"homogeneous","bonferroni","prognostic_low","c50-h36",0.0195,39,2000
21,4000,70,16,"homogeneous","bonferroni","prognostic_low","c50-h36",0.013,26,2000
22,8000,70,16,"homogeneous","bonferroni","prognostic_low","c50-h36",0.0065,13,2000
23,4000,140,16,"homogeneous","bonferroni","prognostic_low","c50-h36",0.007,14,2000
24,8000,140,16,"homogeneous","bonferroni","prognostic_low","c50-h36",0.0035,7,2000
25,4000,35,4,"heterogeneous","bonferroni","prognostic_low","c50-h36",0.0805,161,2000
26,8000,35,4,"heterogeneous","bonferroni","prognostic_low","c50-h36",0.0645,129,2000
27,4000,70,4,"heterogeneous","bonferroni","prognostic_low","c50-h36",0.036,72,2000
28,8000,70,4,"heterogeneous","bonferroni","prognostic_low","c50-h36",0.034,68,2000
29,4000,140,4,"heterogeneous","bonferroni","prognostic_low","c50-h36",0.0135,27,2000
30,8000,140,4,"heterogeneous","bonferroni","prognostic_low","c50-h36",0.0075,15,2000
31,4000,35,16,"heterogeneous","bonferroni","prognostic_low","c50-h36",0.0145,29,2000
32,8000,35,16,"heterogeneous","bonferroni","prognostic_low","c50-h36",0.0125,25,2000
33,4000,70,16,"heterogeneous","bonferroni","prognostic_low","c50-h36",0.006,12,2000
34,8000,70,16,"heterogeneous","bonferroni","prognostic_low","c50-h36",0.0045,9,2000
36,8000,140,16,"heterogeneous","bonferroni","prognostic_low","c50-h36",5e-04,1,2000
1,4000,35,4,"null","naive","prognostic_low","c50-h36",0.1015,203,2000
2,8000,35,4,"null","naive","prognostic_low","c50-h36",0.08,160,2000
3,4000,70,4,"null","naive","prognostic_low","c50-h36",0.053,106,2000
4,8000,70,4,"null","naive","prognostic_low","c50-h36",0.0455,91,2000
5,4000,140,4,"null","naive","prognostic_low","c50-h36",0.016,32,2000
6,8000,140,4,"null","naive","prognostic_low","c50-h36",0.0185,37,2000
7,4000,35,16,"null","naive","prognostic_low","c50-h36",0.0125,25,2000
8,8000,35,16,"null","naive","prognostic_low","c50-h36",0.019,38,2000
9,4000,70,16,"null","naive","prognostic_low","c50-h36",0.009,18,2000
10,8000,70,16,"null","naive","prognostic_low","c50-h36",0.005,10,2000
11,4000,140,16,"null","naive","prognostic_low","c50-h36",0.0015,3,2000
12,8000,140,16,"null","naive","prognostic_low","c50-h36",0.004,8,2000
13,4000,35,4,"homogeneous","naive","prognostic_low","c50-h36",0.0995,199,2000
14,8000,35,4,"homogeneous","naive","prognostic_low","c50-h36",0.1095,219,2000
15,4000,70,4,"homogeneous","naive","prognostic_low","c50-h36",0.079,158,2000
16,8000,70,4,"homogeneous","naive","prognostic_low","c50-h36",0.0765,153,2000
17,4000,140,4,"homogeneous","naive","prognostic_low","c50-h36",0.036,72,2000
18,8000,140,4,"homogeneous","naive","prognostic_low","c50-h36",0.028,56,2000
19,4000,35,16,"homogeneous","naive","prognostic_low","c50-h36",0.018,36,2000
20,8000,35,16,"homogeneous","naive","prognostic_low","c50-h36",0.0195,39,2000
21,4000,70,16,"homogeneous","naive","prognostic_low","c50-h36",0.013,26,2000
22,8000,70,16,"homogeneous","naive","prognostic_low","c50-h36",0.0065,13,2000
23,4000,140,16,"homogeneous","naive","prognostic_low","c50-h36",0.007,14,2000
24,8000,140,16,"homogeneous","naive","prognostic_low","c50-h36",0.0035,7,2000
25,4000,35,4,"heterogeneous","naive","prognostic_low","c50-h36",0.0805,161,2000
26,8000,35,4,"heterogeneous","naive","prognostic_low","c50-h36",0.0645,129,2000
27,4000,70,4,"heterogeneous","naive","prognostic_low","c50-h36",0.036,72,2000
28,8000,70,4,"heterogeneous","naive","prognostic_low","c50-h36",0.034,68,2000
29,4000,140,4,"heterogeneous","naive","prognostic_low","c50-h36",0.0135,27,2000
30,8000,140,4,"heterogeneous","naive","prognostic_low","c50-h36",0.0075,15,2000
31,4000,35,16,"heterogeneous","naive","prognostic_low","c50-h36",0.0145,29,2000
32,8000,35,16,"heterogeneous","naive","prognostic_low","c50-h36",0.0125,25,2000
33,4000,70,16,"heterogeneous","naive","prognostic_low","c50-h36",0.006,12,2000
34,8000,70,16,"heterogeneous","naive","prognostic_low","c50-h36",0.0045,9,2000
36,8000,140,16,"heterogeneous","naive","prognostic_low","c50-h36",5e-04,1,2000
1,4000,35,4,"null","split","prognostic_low","c50-h36",0.1415,283,2000
2,8000,35,4,"null","split","prognostic_low","c50-h36",0.1355,271,2000
3,4000,70,4,"null","split","prognostic_low","c50-h36",0.1015,203,2000
4,8000,70,4,"null","split","prognostic_low","c50-h36",0.092,184,2000
5,4000,140,4,"null","split","prognostic_low","c50-h36",0.0525,105,2000
6,8000,140,4,"null","split","prognostic_low","c50-h36",0.0495,99,2000
7,4000,35,16,"null","split","prognostic_low","c50-h36",0.018,36,2000
8,8000,35,16,"null","split","prognostic_low","c50-h36",0.019,38,2000
9,4000,70,16,"null","split","prognostic_low","c50-h36",0.019,38,2000
10,8000,70,16,"null","split","prognostic_low","c50-h36",0.01,20,2000
11,4000,140,16,"null","split","prognostic_low","c50-h36",0.011,22,2000
12,8000,140,16,"null","split","prognostic_low","c50-h36",0.006,12,2000
13,4000,35,4,"homogeneous","split","prognostic_low","c50-h36",0.1375,275,2000
14,8000,35,4,"homogeneous","split","prognostic_low","c50-h36",0.153,306,2000
15,4000,70,4,"homogeneous","split","prognostic_low","c50-h36",0.1105,221,2000
16,8000,70,4,"homogeneous","split","prognostic_low","c50-h36",0.114,228,2000
17,4000,140,4,"homogeneous","split","prognostic_low","c50-h36",0.085,170,2000
18,8000,140,4,"homogeneous","split","prognostic_low","c50-h36",0.077,154,2000
19,4000,35,16,"homogeneous","split","prognostic_low","c50-h36",0.0285,57,2000
20,8000,35,16,"homogeneous","split","prognostic_low","c50-h36",0.0255,51,2000
21,4000,70,16,"homogeneous","split","prognostic_low","c50-h36",0.023,46,2000
22,8000,70,16,"homogeneous","split","prognostic_low","c50-h36",0.0175,35,2000
23,4000,140,16,"homogeneous","split","prognostic_low","c50-h36",0.009,18,2000
24,8000,140,16,"homogeneous","split","prognostic_low","c50-h36",0.0055,11,2000
25,4000,35,4,"heterogeneous","split","prognostic_low","c50-h36",0.113,226,2000
26,8000,35,4,"heterogeneous","split","prognostic_low","c50-h36",0.112,224,2000
27,4000,70,4,"heterogeneous","split","prognostic_low","c50-h36",0.075,150,2000
28,8000,70,4,"heterogeneous","split","prognostic_low","c50-h36",0.074,148,2000
29,4000,140,4,"heterogeneous","split","prognostic_low","c50-h36",0.0505,101,2000
30,8000,140,4,"heterogeneous","split","prognostic_low","c50-h36",0.0255,51,2000
31,4000,35,16,"heterogeneous","split","prognostic_low","c50-h36",0.016,32,2000
32,8000,35,16,"heterogeneous","split","prognostic_low","c50-h36",0.0185,37,2000
33,4000,70,16,"heterogeneous","split","prognostic_low","c50-h36",0.019,38,2000
34,8000,70,16,"heterogeneous","split","prognostic_low","c50-h36",0.0155,31,2000
35,4000,140,16,"heterogeneous","split","prognostic_low","c50-h36",0.0055,11,2000
36,8000,140,16,"heterogeneous","split","prognostic_low","c50-h36",0.003,6,2000
7,4000,35,16,"null","split","workability","c50-h36",0.001,2,2000
14,8000,35,4,"homogeneous","split","workability","c50-h36",5e-04,1,2000
16,8000,70,4,"homogeneous","split","workability","c50-h36",5e-04,1,2000
7,4000,35,16,"null","bonferroni","effect_seeking","c50-h48",0.031,62,2000
8,8000,35,16,"null","bonferroni","effect_seeking","c50-h48",0.036,72,2000
9,4000,70,16,"null","bonferroni","effect_seeking","c50-h48",0.024,48,2000
10,8000,70,16,"null","bonferroni","effect_seeking","c50-h48",0.038,76,2000
11,4000,140,16,"null","bonferroni","effect_seeking","c50-h48",0.0395,79,2000
12,8000,140,16,"null","bonferroni","effect_seeking","c50-h48",0.03,60,2000
19,4000,35,16,"homogeneous","bonferroni","effect_seeking","c50-h48",0.0415,83,2000
20,8000,35,16,"homogeneous","bonferroni","effect_seeking","c50-h48",0.0365,73,2000
21,4000,70,16,"homogeneous","bonferroni","effect_seeking","c50-h48",0.053,106,2000
22,8000,70,16,"homogeneous","bonferroni","effect_seeking","c50-h48",0.0505,101,2000
23,4000,140,16,"homogeneous","bonferroni","effect_seeking","c50-h48",0.0485,97,2000
24,8000,140,16,"homogeneous","bonferroni","effect_seeking","c50-h48",0.049,98,2000
31,4000,35,16,"heterogeneous","bonferroni","effect_seeking","c50-h48",0.051,102,2000
32,8000,35,16,"heterogeneous","bonferroni","effect_seeking","c50-h48",0.0375,75,2000
33,4000,70,16,"heterogeneous","bonferroni","effect_seeking","c50-h48",0.0415,83,2000
34,8000,70,16,"heterogeneous","bonferroni","effect_seeking","c50-h48",0.0395,79,2000
35,4000,140,16,"heterogeneous","bonferroni","effect_seeking","c50-h48",0.0285,57,2000
36,8000,140,16,"heterogeneous","bonferroni","effect_seeking","c50-h48",0.037,74,2000
7,4000,35,16,"null","naive","effect_seeking","c50-h48",0.031,62,2000
8,8000,35,16,"null","naive","effect_seeking","c50-h48",0.036,72,2000
9,4000,70,16,"null","naive","effect_seeking","c50-h48",0.024,48,2000
10,8000,70,16,"null","naive","effect_seeking","c50-h48",0.038,76,2000
11,4000,140,16,"null","naive","effect_seeking","c50-h48",0.0395,79,2000
12,8000,140,16,"null","naive","effect_seeking","c50-h48",0.03,60,2000
19,4000,35,16,"homogeneous","naive","effect_seeking","c50-h48",0.0415,83,2000
20,8000,35,16,"homogeneous","naive","effect_seeking","c50-h48",0.0365,73,2000
21,4000,70,16,"homogeneous","naive","effect_seeking","c50-h48",0.053,106,2000
22,8000,70,16,"homogeneous","naive","effect_seeking","c50-h48",0.0505,101,2000
23,4000,140,16,"homogeneous","naive","effect_seeking","c50-h48",0.0485,97,2000
24,8000,140,16,"homogeneous","naive","effect_seeking","c50-h48",0.049,98,2000
31,4000,35,16,"heterogeneous","naive","effect_seeking","c50-h48",0.051,102,2000
32,8000,35,16,"heterogeneous","naive","effect_seeking","c50-h48",0.0375,75,2000
33,4000,70,16,"heterogeneous","naive","effect_seeking","c50-h48",0.0415,83,2000
34,8000,70,16,"heterogeneous","naive","effect_seeking","c50-h48",0.0395,79,2000
35,4000,140,16,"heterogeneous","naive","effect_seeking","c50-h48",0.0285,57,2000
36,8000,140,16,"heterogeneous","naive","effect_seeking","c50-h48",0.037,74,2000
7,4000,35,16,"null","bonferroni","prognostic_high","c50-h48",0.018,36,2000
8,8000,35,16,"null","bonferroni","prognostic_high","c50-h48",0.02,40,2000
9,4000,70,16,"null","bonferroni","prognostic_high","c50-h48",0.0095,19,2000
10,8000,70,16,"null","bonferroni","prognostic_high","c50-h48",0.009,18,2000
11,4000,140,16,"null","bonferroni","prognostic_high","c50-h48",0.006,12,2000
12,8000,140,16,"null","bonferroni","prognostic_high","c50-h48",0.003,6,2000
19,4000,35,16,"homogeneous","bonferroni","prognostic_high","c50-h48",0.03,60,2000
20,8000,35,16,"homogeneous","bonferroni","prognostic_high","c50-h48",0.0225,45,2000
21,4000,70,16,"homogeneous","bonferroni","prognostic_high","c50-h48",0.0135,27,2000
22,8000,70,16,"homogeneous","bonferroni","prognostic_high","c50-h48",0.0185,37,2000
23,4000,140,16,"homogeneous","bonferroni","prognostic_high","c50-h48",0.009,18,2000
24,8000,140,16,"homogeneous","bonferroni","prognostic_high","c50-h48",0.0045,9,2000
31,4000,35,16,"heterogeneous","bonferroni","prognostic_high","c50-h48",0.0175,35,2000
32,8000,35,16,"heterogeneous","bonferroni","prognostic_high","c50-h48",0.016,32,2000
33,4000,70,16,"heterogeneous","bonferroni","prognostic_high","c50-h48",0.0115,23,2000
34,8000,70,16,"heterogeneous","bonferroni","prognostic_high","c50-h48",0.005,10,2000
35,4000,140,16,"heterogeneous","bonferroni","prognostic_high","c50-h48",0.0065,13,2000
36,8000,140,16,"heterogeneous","bonferroni","prognostic_high","c50-h48",0.003,6,2000
7,4000,35,16,"null","naive","prognostic_high","c50-h48",0.018,36,2000
8,8000,35,16,"null","naive","prognostic_high","c50-h48",0.02,40,2000
9,4000,70,16,"null","naive","prognostic_high","c50-h48",0.0095,19,2000
10,8000,70,16,"null","naive","prognostic_high","c50-h48",0.009,18,2000
11,4000,140,16,"null","naive","prognostic_high","c50-h48",0.006,12,2000
12,8000,140,16,"null","naive","prognostic_high","c50-h48",0.003,6,2000
19,4000,35,16,"homogeneous","naive","prognostic_high","c50-h48",0.03,60,2000
20,8000,35,16,"homogeneous","naive","prognostic_high","c50-h48",0.0225,45,2000
21,4000,70,16,"homogeneous","naive","prognostic_high","c50-h48",0.0135,27,2000
22,8000,70,16,"homogeneous","naive","prognostic_high","c50-h48",0.0185,37,2000
23,4000,140,16,"homogeneous","naive","prognostic_high","c50-h48",0.009,18,2000
24,8000,140,16,"homogeneous","naive","prognostic_high","c50-h48",0.0045,9,2000
31,4000,35,16,"heterogeneous","naive","prognostic_high","c50-h48",0.0175,35,2000
32,8000,35,16,"heterogeneous","naive","prognostic_high","c50-h48",0.016,32,2000
33,4000,70,16,"heterogeneous","naive","prognostic_high","c50-h48",0.0115,23,2000
34,8000,70,16,"heterogeneous","naive","prognostic_high","c50-h48",0.005,10,2000
35,4000,140,16,"heterogeneous","naive","prognostic_high","c50-h48",0.0065,13,2000
36,8000,140,16,"heterogeneous","naive","prognostic_high","c50-h48",0.003,6,2000
7,4000,35,16,"null","split","prognostic_high","c50-h48",0.026,52,2000
8,8000,35,16,"null","split","prognostic_high","c50-h48",0.023,46,2000
9,4000,70,16,"null","split","prognostic_high","c50-h48",0.0205,41,2000
10,8000,70,16,"null","split","prognostic_high","c50-h48",0.0215,43,2000
11,4000,140,16,"null","split","prognostic_high","c50-h48",0.0105,21,2000
12,8000,140,16,"null","split","prognostic_high","c50-h48",0.0095,19,2000
19,4000,35,16,"homogeneous","split","prognostic_high","c50-h48",0.032,64,2000
20,8000,35,16,"homogeneous","split","prognostic_high","c50-h48",0.0265,53,2000
21,4000,70,16,"homogeneous","split","prognostic_high","c50-h48",0.016,32,2000
22,8000,70,16,"homogeneous","split","prognostic_high","c50-h48",0.022,44,2000
23,4000,140,16,"homogeneous","split","prognostic_high","c50-h48",0.011,22,2000
24,8000,140,16,"homogeneous","split","prognostic_high","c50-h48",0.0125,25,2000
31,4000,35,16,"heterogeneous","split","prognostic_high","c50-h48",0.024,48,2000
32,8000,35,16,"heterogeneous","split","prognostic_high","c50-h48",0.025,50,2000
33,4000,70,16,"heterogeneous","split","prognostic_high","c50-h48",0.017,34,2000
34,8000,70,16,"heterogeneous","split","prognostic_high","c50-h48",0.0145,29,2000
35,4000,140,16,"heterogeneous","split","prognostic_high","c50-h48",0.0095,19,2000
36,8000,140,16,"heterogeneous","split","prognostic_high","c50-h48",0.011,22,2000
7,4000,35,16,"null","bonferroni","prognostic_low","c50-h48",0.0255,51,2000
8,8000,35,16,"null","bonferroni","prognostic_low","c50-h48",0.026,52,2000
9,4000,70,16,"null","bonferroni","prognostic_low","c50-h48",0.026,52,2000
10,8000,70,16,"null","bonferroni","prognostic_low","c50-h48",0.018,36,2000
11,4000,140,16,"null","bonferroni","prognostic_low","c50-h48",0.0135,27,2000
12,8000,140,16,"null","bonferroni","prognostic_low","c50-h48",0.0105,21,2000
19,4000,35,16,"homogeneous","bonferroni","prognostic_low","c50-h48",0.032,64,2000
20,8000,35,16,"homogeneous","bonferroni","prognostic_low","c50-h48",0.0375,75,2000
21,4000,70,16,"homogeneous","bonferroni","prognostic_low","c50-h48",0.023,46,2000
22,8000,70,16,"homogeneous","bonferroni","prognostic_low","c50-h48",0.0295,59,2000
23,4000,140,16,"homogeneous","bonferroni","prognostic_low","c50-h48",0.016,32,2000
24,8000,140,16,"homogeneous","bonferroni","prognostic_low","c50-h48",0.014,28,2000
31,4000,35,16,"heterogeneous","bonferroni","prognostic_low","c50-h48",0.031,62,2000
32,8000,35,16,"heterogeneous","bonferroni","prognostic_low","c50-h48",0.0315,63,2000
33,4000,70,16,"heterogeneous","bonferroni","prognostic_low","c50-h48",0.0175,35,2000
34,8000,70,16,"heterogeneous","bonferroni","prognostic_low","c50-h48",0.019,38,2000
35,4000,140,16,"heterogeneous","bonferroni","prognostic_low","c50-h48",0.0075,15,2000
36,8000,140,16,"heterogeneous","bonferroni","prognostic_low","c50-h48",0.0075,15,2000
7,4000,35,16,"null","naive","prognostic_low","c50-h48",0.0255,51,2000
8,8000,35,16,"null","naive","prognostic_low","c50-h48",0.026,52,2000
9,4000,70,16,"null","naive","prognostic_low","c50-h48",0.026,52,2000
10,8000,70,16,"null","naive","prognostic_low","c50-h48",0.018,36,2000
11,4000,140,16,"null","naive","prognostic_low","c50-h48",0.0135,27,2000
12,8000,140,16,"null","naive","prognostic_low","c50-h48",0.0105,21,2000
19,4000,35,16,"homogeneous","naive","prognostic_low","c50-h48",0.032,64,2000
20,8000,35,16,"homogeneous","naive","prognostic_low","c50-h48",0.0375,75,2000
21,4000,70,16,"homogeneous","naive","prognostic_low","c50-h48",0.023,46,2000
22,8000,70,16,"homogeneous","naive","prognostic_low","c50-h48",0.0295,59,2000
23,4000,140,16,"homogeneous","naive","prognostic_low","c50-h48",0.016,32,2000
24,8000,140,16,"homogeneous","naive","prognostic_low","c50-h48",0.014,28,2000
31,4000,35,16,"heterogeneous","naive","prognostic_low","c50-h48",0.031,62,2000
32,8000,35,16,"heterogeneous","naive","prognostic_low","c50-h48",0.0315,63,2000
33,4000,70,16,"heterogeneous","naive","prognostic_low","c50-h48",0.0175,35,2000
34,8000,70,16,"heterogeneous","naive","prognostic_low","c50-h48",0.019,38,2000
35,4000,140,16,"heterogeneous","naive","prognostic_low","c50-h48",0.0075,15,2000
36,8000,140,16,"heterogeneous","naive","prognostic_low","c50-h48",0.0075,15,2000
7,4000,35,16,"null","split","prognostic_low","c50-h48",0.0385,77,2000
8,8000,35,16,"null","split","prognostic_low","c50-h48",0.0375,75,2000
9,4000,70,16,"null","split","prognostic_low","c50-h48",0.033,66,2000
10,8000,70,16,"null","split","prognostic_low","c50-h48",0.021,42,2000
11,4000,140,16,"null","split","prognostic_low","c50-h48",0.0185,37,2000
12,8000,140,16,"null","split","prognostic_low","c50-h48",0.0145,29,2000
19,4000,35,16,"homogeneous","split","prognostic_low","c50-h48",0.0315,63,2000
20,8000,35,16,"homogeneous","split","prognostic_low","c50-h48",0.032,64,2000
21,4000,70,16,"homogeneous","split","prognostic_low","c50-h48",0.028,56,2000
22,8000,70,16,"homogeneous","split","prognostic_low","c50-h48",0.032,64,2000
23,4000,140,16,"homogeneous","split","prognostic_low","c50-h48",0.029,58,2000
24,8000,140,16,"homogeneous","split","prognostic_low","c50-h48",0.021,42,2000
31,4000,35,16,"heterogeneous","split","prognostic_low","c50-h48",0.041,82,2000
32,8000,35,16,"heterogeneous","split","prognostic_low","c50-h48",0.0345,69,2000
33,4000,70,16,"heterogeneous","split","prognostic_low","c50-h48",0.027,54,2000
34,8000,70,16,"heterogeneous","split","prognostic_low","c50-h48",0.026,52,2000
35,4000,140,16,"heterogeneous","split","prognostic_low","c50-h48",0.021,42,2000
36,8000,140,16,"heterogeneous","split","prognostic_low","c50-h48",0.018,36,2000
7,4000,35,16,"null","bonferroni","workability","c50-h48",0.0305,61,2000
8,8000,35,16,"null","bonferroni","workability","c50-h48",0.0255,51,2000
19,4000,35,16,"homogeneous","bonferroni","workability","c50-h48",0.0035,7,2000
20,8000,35,16,"homogeneous","bonferroni","workability","c50-h48",0.0025,5,2000
21,4000,70,16,"homogeneous","bonferroni","workability","c50-h48",0.001,2,2000
22,8000,70,16,"homogeneous","bonferroni","workability","c50-h48",0.0015,3,2000
31,4000,35,16,"heterogeneous","bonferroni","workability","c50-h48",0.0095,19,2000
32,8000,35,16,"heterogeneous","bonferroni","workability","c50-h48",0.01,20,2000
7,4000,35,16,"null","naive","workability","c50-h48",0.0305,61,2000
8,8000,35,16,"null","naive","workability","c50-h48",0.0255,51,2000
19,4000,35,16,"homogeneous","naive","workability","c50-h48",0.0035,7,2000
20,8000,35,16,"homogeneous","naive","workability","c50-h48",0.0025,5,2000
21,4000,70,16,"homogeneous","naive","workability","c50-h48",0.001,2,2000
22,8000,70,16,"homogeneous","naive","workability","c50-h48",0.0015,3,2000
31,4000,35,16,"heterogeneous","naive","workability","c50-h48",0.0095,19,2000
32,8000,35,16,"heterogeneous","naive","workability","c50-h48",0.01,20,2000
7,4000,35,16,"null","split","workability","c50-h48",0.054,108,2000
8,8000,35,16,"null","split","workability","c50-h48",0.05,100,2000
19,4000,35,16,"homogeneous","split","workability","c50-h48",0.02,40,2000
20,8000,35,16,"homogeneous","split","workability","c50-h48",0.019,38,2000
21,4000,70,16,"homogeneous","split","workability","c50-h48",0.008,16,2000
22,8000,70,16,"homogeneous","split","workability","c50-h48",0.009,18,2000
31,4000,35,16,"heterogeneous","split","workability","c50-h48",0.031,62,2000
32,8000,35,16,"heterogeneous","split","workability","c50-h48",0.035,70,2000
34,8000,70,16,"heterogeneous","split","workability","c50-h48",5e-04,1,2000
1,4000,35,4,"null","bonferroni","effect_seeking","c50-h60",0.2775,555,2000
2,8000,35,4,"null","bonferroni","effect_seeking","c50-h60",0.253,506,2000
3,4000,70,4,"null","bonferroni","effect_seeking","c50-h60",0.2555,511,2000
4,8000,70,4,"null","bonferroni","effect_seeking","c50-h60",0.27,540,2000
5,4000,140,4,"null","bonferroni","effect_seeking","c50-h60",0.2545,509,2000
6,8000,140,4,"null","bonferroni","effect_seeking","c50-h60",0.259,518,2000
7,4000,35,16,"null","bonferroni","effect_seeking","c50-h60",0.0545,109,2000
8,8000,35,16,"null","bonferroni","effect_seeking","c50-h60",0.0495,99,2000
9,4000,70,16,"null","bonferroni","effect_seeking","c50-h60",0.053,106,2000
10,8000,70,16,"null","bonferroni","effect_seeking","c50-h60",0.0435,87,2000
11,4000,140,16,"null","bonferroni","effect_seeking","c50-h60",0.0625,125,2000
12,8000,140,16,"null","bonferroni","effect_seeking","c50-h60",0.062,124,2000
13,4000,35,4,"homogeneous","bonferroni","effect_seeking","c50-h60",0.3915,783,2000
14,8000,35,4,"homogeneous","bonferroni","effect_seeking","c50-h60",0.407,814,2000
15,4000,70,4,"homogeneous","bonferroni","effect_seeking","c50-h60",0.45,900,2000
16,8000,70,4,"homogeneous","bonferroni","effect_seeking","c50-h60",0.4565,913,2000
17,4000,140,4,"homogeneous","bonferroni","effect_seeking","c50-h60",0.544,1088,2000
18,8000,140,4,"homogeneous","bonferroni","effect_seeking","c50-h60",0.56,1120,2000
19,4000,35,16,"homogeneous","bonferroni","effect_seeking","c50-h60",0.082,164,2000
20,8000,35,16,"homogeneous","bonferroni","effect_seeking","c50-h60",0.096,192,2000
21,4000,70,16,"homogeneous","bonferroni","effect_seeking","c50-h60",0.099,198,2000
22,8000,70,16,"homogeneous","bonferroni","effect_seeking","c50-h60",0.1225,245,2000
23,4000,140,16,"homogeneous","bonferroni","effect_seeking","c50-h60",0.126,252,2000
24,8000,140,16,"homogeneous","bonferroni","effect_seeking","c50-h60",0.143,286,2000
25,4000,35,4,"heterogeneous","bonferroni","effect_seeking","c50-h60",0.401,802,2000
26,8000,35,4,"heterogeneous","bonferroni","effect_seeking","c50-h60",0.389,778,2000
27,4000,70,4,"heterogeneous","bonferroni","effect_seeking","c50-h60",0.434,868,2000
28,8000,70,4,"heterogeneous","bonferroni","effect_seeking","c50-h60",0.4515,903,2000
29,4000,140,4,"heterogeneous","bonferroni","effect_seeking","c50-h60",0.538,1076,2000
30,8000,140,4,"heterogeneous","bonferroni","effect_seeking","c50-h60",0.5415,1083,2000
31,4000,35,16,"heterogeneous","bonferroni","effect_seeking","c50-h60",0.062,124,2000
32,8000,35,16,"heterogeneous","bonferroni","effect_seeking","c50-h60",0.062,124,2000
33,4000,70,16,"heterogeneous","bonferroni","effect_seeking","c50-h60",0.067,134,2000
34,8000,70,16,"heterogeneous","bonferroni","effect_seeking","c50-h60",0.0515,103,2000
35,4000,140,16,"heterogeneous","bonferroni","effect_seeking","c50-h60",0.056,112,2000
36,8000,140,16,"heterogeneous","bonferroni","effect_seeking","c50-h60",0.0495,99,2000
1,4000,35,4,"null","naive","effect_seeking","c50-h60",0.2775,555,2000
2,8000,35,4,"null","naive","effect_seeking","c50-h60",0.253,506,2000
3,4000,70,4,"null","naive","effect_seeking","c50-h60",0.2555,511,2000
4,8000,70,4,"null","naive","effect_seeking","c50-h60",0.27,540,2000
5,4000,140,4,"null","naive","effect_seeking","c50-h60",0.2545,509,2000
6,8000,140,4,"null","naive","effect_seeking","c50-h60",0.259,518,2000
7,4000,35,16,"null","naive","effect_seeking","c50-h60",0.0545,109,2000
8,8000,35,16,"null","naive","effect_seeking","c50-h60",0.0495,99,2000
9,4000,70,16,"null","naive","effect_seeking","c50-h60",0.053,106,2000
10,8000,70,16,"null","naive","effect_seeking","c50-h60",0.0435,87,2000
11,4000,140,16,"null","naive","effect_seeking","c50-h60",0.0625,125,2000
12,8000,140,16,"null","naive","effect_seeking","c50-h60",0.062,124,2000
13,4000,35,4,"homogeneous","naive","effect_seeking","c50-h60",0.3915,783,2000
14,8000,35,4,"homogeneous","naive","effect_seeking","c50-h60",0.407,814,2000
15,4000,70,4,"homogeneous","naive","effect_seeking","c50-h60",0.45,900,2000
16,8000,70,4,"homogeneous","naive","effect_seeking","c50-h60",0.4565,913,2000
17,4000,140,4,"homogeneous","naive","effect_seeking","c50-h60",0.544,1088,2000
18,8000,140,4,"homogeneous","naive","effect_seeking","c50-h60",0.56,1120,2000
19,4000,35,16,"homogeneous","naive","effect_seeking","c50-h60",0.082,164,2000
20,8000,35,16,"homogeneous","naive","effect_seeking","c50-h60",0.096,192,2000
21,4000,70,16,"homogeneous","naive","effect_seeking","c50-h60",0.099,198,2000
22,8000,70,16,"homogeneous","naive","effect_seeking","c50-h60",0.1225,245,2000
23,4000,140,16,"homogeneous","naive","effect_seeking","c50-h60",0.126,252,2000
24,8000,140,16,"homogeneous","naive","effect_seeking","c50-h60",0.143,286,2000
25,4000,35,4,"heterogeneous","naive","effect_seeking","c50-h60",0.401,802,2000
26,8000,35,4,"heterogeneous","naive","effect_seeking","c50-h60",0.389,778,2000
27,4000,70,4,"heterogeneous","naive","effect_seeking","c50-h60",0.434,868,2000
28,8000,70,4,"heterogeneous","naive","effect_seeking","c50-h60",0.4515,903,2000
29,4000,140,4,"heterogeneous","naive","effect_seeking","c50-h60",0.538,1076,2000
30,8000,140,4,"heterogeneous","naive","effect_seeking","c50-h60",0.5415,1083,2000
31,4000,35,16,"heterogeneous","naive","effect_seeking","c50-h60",0.062,124,2000
32,8000,35,16,"heterogeneous","naive","effect_seeking","c50-h60",0.062,124,2000
33,4000,70,16,"heterogeneous","naive","effect_seeking","c50-h60",0.067,134,2000
34,8000,70,16,"heterogeneous","naive","effect_seeking","c50-h60",0.0515,103,2000
35,4000,140,16,"heterogeneous","naive","effect_seeking","c50-h60",0.056,112,2000
36,8000,140,16,"heterogeneous","naive","effect_seeking","c50-h60",0.0495,99,2000
1,4000,35,4,"null","bonferroni","outcome_blinded","c50-h60",0.7865,1573,2000
2,8000,35,4,"null","bonferroni","outcome_blinded","c50-h60",0.78,1560,2000
3,4000,70,4,"null","bonferroni","outcome_blinded","c50-h60",0.7775,1555,2000
4,8000,70,4,"null","bonferroni","outcome_blinded","c50-h60",0.784,1568,2000
5,4000,140,4,"null","bonferroni","outcome_blinded","c50-h60",0.7835,1567,2000
6,8000,140,4,"null","bonferroni","outcome_blinded","c50-h60",0.7665,1533,2000
7,4000,35,16,"null","bonferroni","outcome_blinded","c50-h60",0.2105,421,2000
8,8000,35,16,"null","bonferroni","outcome_blinded","c50-h60",0.1845,369,2000
9,4000,70,16,"null","bonferroni","outcome_blinded","c50-h60",0.2185,437,2000
10,8000,70,16,"null","bonferroni","outcome_blinded","c50-h60",0.214,428,2000
11,4000,140,16,"null","bonferroni","outcome_blinded","c50-h60",0.2155,431,2000
12,8000,140,16,"null","bonferroni","outcome_blinded","c50-h60",0.2195,439,2000
13,4000,35,4,"homogeneous","bonferroni","outcome_blinded","c50-h60",0.776,1552,2000
14,8000,35,4,"homogeneous","bonferroni","outcome_blinded","c50-h60",0.781,1562,2000
15,4000,70,4,"homogeneous","bonferroni","outcome_blinded","c50-h60",0.776,1552,2000
16,8000,70,4,"homogeneous","bonferroni","outcome_blinded","c50-h60",0.7675,1535,2000
17,4000,140,4,"homogeneous","bonferroni","outcome_blinded","c50-h60",0.759,1518,2000
18,8000,140,4,"homogeneous","bonferroni","outcome_blinded","c50-h60",0.778,1556,2000
19,4000,35,16,"homogeneous","bonferroni","outcome_blinded","c50-h60",0.2055,411,2000
20,8000,35,16,"homogeneous","bonferroni","outcome_blinded","c50-h60",0.214,428,2000
21,4000,70,16,"homogeneous","bonferroni","outcome_blinded","c50-h60",0.219,438,2000
22,8000,70,16,"homogeneous","bonferroni","outcome_blinded","c50-h60",0.212,424,2000
23,4000,140,16,"homogeneous","bonferroni","outcome_blinded","c50-h60",0.1975,395,2000
24,8000,140,16,"homogeneous","bonferroni","outcome_blinded","c50-h60",0.221,442,2000
25,4000,35,4,"heterogeneous","bonferroni","outcome_blinded","c50-h60",0.7765,1553,2000
26,8000,35,4,"heterogeneous","bonferroni","outcome_blinded","c50-h60",0.771,1542,2000
27,4000,70,4,"heterogeneous","bonferroni","outcome_blinded","c50-h60",0.777,1554,2000
28,8000,70,4,"heterogeneous","bonferroni","outcome_blinded","c50-h60",0.795,1590,2000
29,4000,140,4,"heterogeneous","bonferroni","outcome_blinded","c50-h60",0.7885,1577,2000
30,8000,140,4,"heterogeneous","bonferroni","outcome_blinded","c50-h60",0.7755,1551,2000
31,4000,35,16,"heterogeneous","bonferroni","outcome_blinded","c50-h60",0.2015,403,2000
32,8000,35,16,"heterogeneous","bonferroni","outcome_blinded","c50-h60",0.204,408,2000
33,4000,70,16,"heterogeneous","bonferroni","outcome_blinded","c50-h60",0.2285,457,2000
34,8000,70,16,"heterogeneous","bonferroni","outcome_blinded","c50-h60",0.204,408,2000
35,4000,140,16,"heterogeneous","bonferroni","outcome_blinded","c50-h60",0.2165,433,2000
36,8000,140,16,"heterogeneous","bonferroni","outcome_blinded","c50-h60",0.213,426,2000
1,4000,35,4,"null","naive","outcome_blinded","c50-h60",0.7865,1573,2000
2,8000,35,4,"null","naive","outcome_blinded","c50-h60",0.78,1560,2000
3,4000,70,4,"null","naive","outcome_blinded","c50-h60",0.7775,1555,2000
4,8000,70,4,"null","naive","outcome_blinded","c50-h60",0.784,1568,2000
5,4000,140,4,"null","naive","outcome_blinded","c50-h60",0.7835,1567,2000
6,8000,140,4,"null","naive","outcome_blinded","c50-h60",0.7665,1533,2000
7,4000,35,16,"null","naive","outcome_blinded","c50-h60",0.2105,421,2000
8,8000,35,16,"null","naive","outcome_blinded","c50-h60",0.1845,369,2000
9,4000,70,16,"null","naive","outcome_blinded","c50-h60",0.2185,437,2000
10,8000,70,16,"null","naive","outcome_blinded","c50-h60",0.214,428,2000
11,4000,140,16,"null","naive","outcome_blinded","c50-h60",0.2155,431,2000
12,8000,140,16,"null","naive","outcome_blinded","c50-h60",0.2195,439,2000
13,4000,35,4,"homogeneous","naive","outcome_blinded","c50-h60",0.776,1552,2000
14,8000,35,4,"homogeneous","naive","outcome_blinded","c50-h60",0.781,1562,2000
15,4000,70,4,"homogeneous","naive","outcome_blinded","c50-h60",0.776,1552,2000
16,8000,70,4,"homogeneous","naive","outcome_blinded","c50-h60",0.7675,1535,2000
17,4000,140,4,"homogeneous","naive","outcome_blinded","c50-h60",0.759,1518,2000
18,8000,140,4,"homogeneous","naive","outcome_blinded","c50-h60",0.778,1556,2000
19,4000,35,16,"homogeneous","naive","outcome_blinded","c50-h60",0.2055,411,2000
20,8000,35,16,"homogeneous","naive","outcome_blinded","c50-h60",0.214,428,2000
21,4000,70,16,"homogeneous","naive","outcome_blinded","c50-h60",0.219,438,2000
22,8000,70,16,"homogeneous","naive","outcome_blinded","c50-h60",0.212,424,2000
23,4000,140,16,"homogeneous","naive","outcome_blinded","c50-h60",0.1975,395,2000
24,8000,140,16,"homogeneous","naive","outcome_blinded","c50-h60",0.221,442,2000
25,4000,35,4,"heterogeneous","naive","outcome_blinded","c50-h60",0.7765,1553,2000
26,8000,35,4,"heterogeneous","naive","outcome_blinded","c50-h60",0.771,1542,2000
27,4000,70,4,"heterogeneous","naive","outcome_blinded","c50-h60",0.777,1554,2000
28,8000,70,4,"heterogeneous","naive","outcome_blinded","c50-h60",0.795,1590,2000
29,4000,140,4,"heterogeneous","naive","outcome_blinded","c50-h60",0.7885,1577,2000
30,8000,140,4,"heterogeneous","naive","outcome_blinded","c50-h60",0.7755,1551,2000
31,4000,35,16,"heterogeneous","naive","outcome_blinded","c50-h60",0.2015,403,2000
32,8000,35,16,"heterogeneous","naive","outcome_blinded","c50-h60",0.204,408,2000
33,4000,70,16,"heterogeneous","naive","outcome_blinded","c50-h60",0.2285,457,2000
34,8000,70,16,"heterogeneous","naive","outcome_blinded","c50-h60",0.204,408,2000
35,4000,140,16,"heterogeneous","naive","outcome_blinded","c50-h60",0.2165,433,2000
36,8000,140,16,"heterogeneous","naive","outcome_blinded","c50-h60",0.213,426,2000
1,4000,35,4,"null","bonferroni","prognostic_high","c50-h60",0.517,1034,2000
2,8000,35,4,"null","bonferroni","prognostic_high","c50-h60",0.5045,1009,2000
3,4000,70,4,"null","bonferroni","prognostic_high","c50-h60",0.561,1122,2000
4,8000,70,4,"null","bonferroni","prognostic_high","c50-h60",0.562,1124,2000
5,4000,140,4,"null","bonferroni","prognostic_high","c50-h60",0.5895,1179,2000
6,8000,140,4,"null","bonferroni","prognostic_high","c50-h60",0.5895,1179,2000
7,4000,35,16,"null","bonferroni","prognostic_high","c50-h60",0.1155,231,2000
8,8000,35,16,"null","bonferroni","prognostic_high","c50-h60",0.1225,245,2000
9,4000,70,16,"null","bonferroni","prognostic_high","c50-h60",0.1165,233,2000
10,8000,70,16,"null","bonferroni","prognostic_high","c50-h60",0.1335,267,2000
11,4000,140,16,"null","bonferroni","prognostic_high","c50-h60",0.118,236,2000
12,8000,140,16,"null","bonferroni","prognostic_high","c50-h60",0.1275,255,2000
13,4000,35,4,"homogeneous","bonferroni","prognostic_high","c50-h60",0.492,984,2000
14,8000,35,4,"homogeneous","bonferroni","prognostic_high","c50-h60",0.5055,1011,2000
15,4000,70,4,"homogeneous","bonferroni","prognostic_high","c50-h60",0.5385,1077,2000
16,8000,70,4,"homogeneous","bonferroni","prognostic_high","c50-h60",0.547,1094,2000
17,4000,140,4,"homogeneous","bonferroni","prognostic_high","c50-h60",0.582,1164,2000
18,8000,140,4,"homogeneous","bonferroni","prognostic_high","c50-h60",0.5795,1159,2000
19,4000,35,16,"homogeneous","bonferroni","prognostic_high","c50-h60",0.109,218,2000
20,8000,35,16,"homogeneous","bonferroni","prognostic_high","c50-h60",0.1175,235,2000
21,4000,70,16,"homogeneous","bonferroni","prognostic_high","c50-h60",0.1375,275,2000
22,8000,70,16,"homogeneous","bonferroni","prognostic_high","c50-h60",0.1305,261,2000
23,4000,140,16,"homogeneous","bonferroni","prognostic_high","c50-h60",0.1255,251,2000
24,8000,140,16,"homogeneous","bonferroni","prognostic_high","c50-h60",0.117,234,2000
25,4000,35,4,"heterogeneous","bonferroni","prognostic_high","c50-h60",0.503,1006,2000
26,8000,35,4,"heterogeneous","bonferroni","prognostic_high","c50-h60",0.5105,1021,2000
27,4000,70,4,"heterogeneous","bonferroni","prognostic_high","c50-h60",0.5335,1067,2000
28,8000,70,4,"heterogeneous","bonferroni","prognostic_high","c50-h60",0.547,1094,2000
29,4000,140,4,"heterogeneous","bonferroni","prognostic_high","c50-h60",0.5675,1135,2000
30,8000,140,4,"heterogeneous","bonferroni","prognostic_high","c50-h60",0.546,1092,2000
31,4000,35,16,"heterogeneous","bonferroni","prognostic_high","c50-h60",0.1195,239,2000
32,8000,35,16,"heterogeneous","bonferroni","prognostic_high","c50-h60",0.121,242,2000
33,4000,70,16,"heterogeneous","bonferroni","prognostic_high","c50-h60",0.118,236,2000
34,8000,70,16,"heterogeneous","bonferroni","prognostic_high","c50-h60",0.13,260,2000
35,4000,140,16,"heterogeneous","bonferroni","prognostic_high","c50-h60",0.1335,267,2000
36,8000,140,16,"heterogeneous","bonferroni","prognostic_high","c50-h60",0.132,264,2000
1,4000,35,4,"null","naive","prognostic_high","c50-h60",0.517,1034,2000
2,8000,35,4,"null","naive","prognostic_high","c50-h60",0.5045,1009,2000
3,4000,70,4,"null","naive","prognostic_high","c50-h60",0.561,1122,2000
4,8000,70,4,"null","naive","prognostic_high","c50-h60",0.562,1124,2000
5,4000,140,4,"null","naive","prognostic_high","c50-h60",0.5895,1179,2000
6,8000,140,4,"null","naive","prognostic_high","c50-h60",0.5895,1179,2000
7,4000,35,16,"null","naive","prognostic_high","c50-h60",0.1155,231,2000
8,8000,35,16,"null","naive","prognostic_high","c50-h60",0.1225,245,2000
9,4000,70,16,"null","naive","prognostic_high","c50-h60",0.1165,233,2000
10,8000,70,16,"null","naive","prognostic_high","c50-h60",0.1335,267,2000
11,4000,140,16,"null","naive","prognostic_high","c50-h60",0.118,236,2000
12,8000,140,16,"null","naive","prognostic_high","c50-h60",0.1275,255,2000
13,4000,35,4,"homogeneous","naive","prognostic_high","c50-h60",0.492,984,2000
14,8000,35,4,"homogeneous","naive","prognostic_high","c50-h60",0.5055,1011,2000
15,4000,70,4,"homogeneous","naive","prognostic_high","c50-h60",0.5385,1077,2000
16,8000,70,4,"homogeneous","naive","prognostic_high","c50-h60",0.547,1094,2000
17,4000,140,4,"homogeneous","naive","prognostic_high","c50-h60",0.582,1164,2000
18,8000,140,4,"homogeneous","naive","prognostic_high","c50-h60",0.5795,1159,2000
19,4000,35,16,"homogeneous","naive","prognostic_high","c50-h60",0.109,218,2000
20,8000,35,16,"homogeneous","naive","prognostic_high","c50-h60",0.1175,235,2000
21,4000,70,16,"homogeneous","naive","prognostic_high","c50-h60",0.1375,275,2000
22,8000,70,16,"homogeneous","naive","prognostic_high","c50-h60",0.1305,261,2000
23,4000,140,16,"homogeneous","naive","prognostic_high","c50-h60",0.1255,251,2000
24,8000,140,16,"homogeneous","naive","prognostic_high","c50-h60",0.117,234,2000
25,4000,35,4,"heterogeneous","naive","prognostic_high","c50-h60",0.503,1006,2000
26,8000,35,4,"heterogeneous","naive","prognostic_high","c50-h60",0.5105,1021,2000
27,4000,70,4,"heterogeneous","naive","prognostic_high","c50-h60",0.5335,1067,2000
28,8000,70,4,"heterogeneous","naive","prognostic_high","c50-h60",0.547,1094,2000
29,4000,140,4,"heterogeneous","naive","prognostic_high","c50-h60",0.5675,1135,2000
30,8000,140,4,"heterogeneous","naive","prognostic_high","c50-h60",0.546,1092,2000
31,4000,35,16,"heterogeneous","naive","prognostic_high","c50-h60",0.1195,239,2000
32,8000,35,16,"heterogeneous","naive","prognostic_high","c50-h60",0.121,242,2000
33,4000,70,16,"heterogeneous","naive","prognostic_high","c50-h60",0.118,236,2000
34,8000,70,16,"heterogeneous","naive","prognostic_high","c50-h60",0.13,260,2000
35,4000,140,16,"heterogeneous","naive","prognostic_high","c50-h60",0.1335,267,2000
36,8000,140,16,"heterogeneous","naive","prognostic_high","c50-h60",0.132,264,2000
1,4000,35,4,"null","split","prognostic_high","c50-h60",0.464,928,2000
2,8000,35,4,"null","split","prognostic_high","c50-h60",0.4585,917,2000
3,4000,70,4,"null","split","prognostic_high","c50-h60",0.507,1014,2000
4,8000,70,4,"null","split","prognostic_high","c50-h60",0.5075,1015,2000
5,4000,140,4,"null","split","prognostic_high","c50-h60",0.553,1106,2000
6,8000,140,4,"null","split","prognostic_high","c50-h60",0.559,1118,2000
7,4000,35,16,"null","split","prognostic_high","c50-h60",0.097,194,2000
8,8000,35,16,"null","split","prognostic_high","c50-h60",0.111,222,2000
9,4000,70,16,"null","split","prognostic_high","c50-h60",0.122,244,2000
10,8000,70,16,"null","split","prognostic_high","c50-h60",0.1195,239,2000
11,4000,140,16,"null","split","prognostic_high","c50-h60",0.119,238,2000
12,8000,140,16,"null","split","prognostic_high","c50-h60",0.121,242,2000
13,4000,35,4,"homogeneous","split","prognostic_high","c50-h60",0.4525,905,2000
14,8000,35,4,"homogeneous","split","prognostic_high","c50-h60",0.4315,863,2000
15,4000,70,4,"homogeneous","split","prognostic_high","c50-h60",0.5025,1005,2000
16,8000,70,4,"homogeneous","split","prognostic_high","c50-h60",0.5135,1027,2000
17,4000,140,4,"homogeneous","split","prognostic_high","c50-h60",0.5425,1085,2000
18,8000,140,4,"homogeneous","split","prognostic_high","c50-h60",0.5275,1055,2000
19,4000,35,16,"homogeneous","split","prognostic_high","c50-h60",0.097,194,2000
20,8000,35,16,"homogeneous","split","prognostic_high","c50-h60",0.097,194,2000
21,4000,70,16,"homogeneous","split","prognostic_high","c50-h60",0.1135,227,2000
22,8000,70,16,"homogeneous","split","prognostic_high","c50-h60",0.117,234,2000
23,4000,140,16,"homogeneous","split","prognostic_high","c50-h60",0.123,246,2000
24,8000,140,16,"homogeneous","split","prognostic_high","c50-h60",0.1285,257,2000
25,4000,35,4,"heterogeneous","split","prognostic_high","c50-h60",0.459,918,2000
26,8000,35,4,"heterogeneous","split","prognostic_high","c50-h60",0.4475,895,2000
27,4000,70,4,"heterogeneous","split","prognostic_high","c50-h60",0.4835,967,2000
28,8000,70,4,"heterogeneous","split","prognostic_high","c50-h60",0.5135,1027,2000
29,4000,140,4,"heterogeneous","split","prognostic_high","c50-h60",0.541,1082,2000
30,8000,140,4,"heterogeneous","split","prognostic_high","c50-h60",0.5215,1043,2000
31,4000,35,16,"heterogeneous","split","prognostic_high","c50-h60",0.095,190,2000
32,8000,35,16,"heterogeneous","split","prognostic_high","c50-h60",0.1125,225,2000
33,4000,70,16,"heterogeneous","split","prognostic_high","c50-h60",0.1175,235,2000
34,8000,70,16,"heterogeneous","split","prognostic_high","c50-h60",0.1185,237,2000
35,4000,140,16,"heterogeneous","split","prognostic_high","c50-h60",0.1275,255,2000
36,8000,140,16,"heterogeneous","split","prognostic_high","c50-h60",0.132,264,2000
1,4000,35,4,"null","bonferroni","prognostic_low","c50-h60",0.5315,1063,2000
2,8000,35,4,"null","bonferroni","prognostic_low","c50-h60",0.5485,1097,2000
3,4000,70,4,"null","bonferroni","prognostic_low","c50-h60",0.6365,1273,2000
4,8000,70,4,"null","bonferroni","prognostic_low","c50-h60",0.661,1322,2000
5,4000,140,4,"null","bonferroni","prognostic_low","c50-h60",0.747,1494,2000
6,8000,140,4,"null","bonferroni","prognostic_low","c50-h60",0.761,1522,2000
7,4000,35,16,"null","bonferroni","prognostic_low","c50-h60",0.113,226,2000
8,8000,35,16,"null","bonferroni","prognostic_low","c50-h60",0.1155,231,2000
9,4000,70,16,"null","bonferroni","prognostic_low","c50-h60",0.112,224,2000
10,8000,70,16,"null","bonferroni","prognostic_low","c50-h60",0.132,264,2000
11,4000,140,16,"null","bonferroni","prognostic_low","c50-h60",0.1085,217,2000
12,8000,140,16,"null","bonferroni","prognostic_low","c50-h60",0.104,208,2000
13,4000,35,4,"homogeneous","bonferroni","prognostic_low","c50-h60",0.491,982,2000
14,8000,35,4,"homogeneous","bonferroni","prognostic_low","c50-h60",0.496,992,2000
15,4000,70,4,"homogeneous","bonferroni","prognostic_low","c50-h60",0.5875,1175,2000
16,8000,70,4,"homogeneous","bonferroni","prognostic_low","c50-h60",0.5985,1197,2000
17,4000,140,4,"homogeneous","bonferroni","prognostic_low","c50-h60",0.696,1392,2000
18,8000,140,4,"homogeneous","bonferroni","prognostic_low","c50-h60",0.69,1380,2000
19,4000,35,16,"homogeneous","bonferroni","prognostic_low","c50-h60",0.1035,207,2000
20,8000,35,16,"homogeneous","bonferroni","prognostic_low","c50-h60",0.088,176,2000
21,4000,70,16,"homogeneous","bonferroni","prognostic_low","c50-h60",0.1165,233,2000
22,8000,70,16,"homogeneous","bonferroni","prognostic_low","c50-h60",0.1215,243,2000
23,4000,140,16,"homogeneous","bonferroni","prognostic_low","c50-h60",0.1135,227,2000
24,8000,140,16,"homogeneous","bonferroni","prognostic_low","c50-h60",0.107,214,2000
25,4000,35,4,"heterogeneous","bonferroni","prognostic_low","c50-h60",0.554,1108,2000
26,8000,35,4,"heterogeneous","bonferroni","prognostic_low","c50-h60",0.5495,1099,2000
27,4000,70,4,"heterogeneous","bonferroni","prognostic_low","c50-h60",0.642,1284,2000
28,8000,70,4,"heterogeneous","bonferroni","prognostic_low","c50-h60",0.6515,1303,2000
29,4000,140,4,"heterogeneous","bonferroni","prognostic_low","c50-h60",0.7315,1463,2000
30,8000,140,4,"heterogeneous","bonferroni","prognostic_low","c50-h60",0.7285,1457,2000
31,4000,35,16,"heterogeneous","bonferroni","prognostic_low","c50-h60",0.117,234,2000
32,8000,35,16,"heterogeneous","bonferroni","prognostic_low","c50-h60",0.1305,261,2000
33,4000,70,16,"heterogeneous","bonferroni","prognostic_low","c50-h60",0.141,282,2000
34,8000,70,16,"heterogeneous","bonferroni","prognostic_low","c50-h60",0.1445,289,2000
35,4000,140,16,"heterogeneous","bonferroni","prognostic_low","c50-h60",0.1455,291,2000
36,8000,140,16,"heterogeneous","bonferroni","prognostic_low","c50-h60",0.1415,283,2000
1,4000,35,4,"null","naive","prognostic_low","c50-h60",0.5315,1063,2000
2,8000,35,4,"null","naive","prognostic_low","c50-h60",0.5485,1097,2000
3,4000,70,4,"null","naive","prognostic_low","c50-h60",0.6365,1273,2000
4,8000,70,4,"null","naive","prognostic_low","c50-h60",0.661,1322,2000
5,4000,140,4,"null","naive","prognostic_low","c50-h60",0.747,1494,2000
6,8000,140,4,"null","naive","prognostic_low","c50-h60",0.761,1522,2000
7,4000,35,16,"null","naive","prognostic_low","c50-h60",0.113,226,2000
8,8000,35,16,"null","naive","prognostic_low","c50-h60",0.1155,231,2000
9,4000,70,16,"null","naive","prognostic_low","c50-h60",0.112,224,2000
10,8000,70,16,"null","naive","prognostic_low","c50-h60",0.132,264,2000
11,4000,140,16,"null","naive","prognostic_low","c50-h60",0.1085,217,2000
12,8000,140,16,"null","naive","prognostic_low","c50-h60",0.104,208,2000
13,4000,35,4,"homogeneous","naive","prognostic_low","c50-h60",0.491,982,2000
14,8000,35,4,"homogeneous","naive","prognostic_low","c50-h60",0.496,992,2000
15,4000,70,4,"homogeneous","naive","prognostic_low","c50-h60",0.5875,1175,2000
16,8000,70,4,"homogeneous","naive","prognostic_low","c50-h60",0.5985,1197,2000
17,4000,140,4,"homogeneous","naive","prognostic_low","c50-h60",0.696,1392,2000
18,8000,140,4,"homogeneous","naive","prognostic_low","c50-h60",0.69,1380,2000
19,4000,35,16,"homogeneous","naive","prognostic_low","c50-h60",0.1035,207,2000
20,8000,35,16,"homogeneous","naive","prognostic_low","c50-h60",0.088,176,2000
21,4000,70,16,"homogeneous","naive","prognostic_low","c50-h60",0.1165,233,2000
22,8000,70,16,"homogeneous","naive","prognostic_low","c50-h60",0.1215,243,2000
23,4000,140,16,"homogeneous","naive","prognostic_low","c50-h60",0.1135,227,2000
24,8000,140,16,"homogeneous","naive","prognostic_low","c50-h60",0.107,214,2000
25,4000,35,4,"heterogeneous","naive","prognostic_low","c50-h60",0.554,1108,2000
26,8000,35,4,"heterogeneous","naive","prognostic_low","c50-h60",0.5495,1099,2000
27,4000,70,4,"heterogeneous","naive","prognostic_low","c50-h60",0.642,1284,2000
28,8000,70,4,"heterogeneous","naive","prognostic_low","c50-h60",0.6515,1303,2000
29,4000,140,4,"heterogeneous","naive","prognostic_low","c50-h60",0.7315,1463,2000
30,8000,140,4,"heterogeneous","naive","prognostic_low","c50-h60",0.7285,1457,2000
31,4000,35,16,"heterogeneous","naive","prognostic_low","c50-h60",0.117,234,2000
32,8000,35,16,"heterogeneous","naive","prognostic_low","c50-h60",0.1305,261,2000
33,4000,70,16,"heterogeneous","naive","prognostic_low","c50-h60",0.141,282,2000
34,8000,70,16,"heterogeneous","naive","prognostic_low","c50-h60",0.1445,289,2000
35,4000,140,16,"heterogeneous","naive","prognostic_low","c50-h60",0.1455,291,2000
36,8000,140,16,"heterogeneous","naive","prognostic_low","c50-h60",0.1415,283,2000
1,4000,35,4,"null","split","prognostic_low","c50-h60",0.4435,887,2000
2,8000,35,4,"null","split","prognostic_low","c50-h60",0.4445,889,2000
3,4000,70,4,"null","split","prognostic_low","c50-h60",0.5315,1063,2000
4,8000,70,4,"null","split","prognostic_low","c50-h60",0.545,1090,2000
5,4000,140,4,"null","split","prognostic_low","c50-h60",0.632,1264,2000
6,8000,140,4,"null","split","prognostic_low","c50-h60",0.6555,1311,2000
7,4000,35,16,"null","split","prognostic_low","c50-h60",0.0785,157,2000
8,8000,35,16,"null","split","prognostic_low","c50-h60",0.102,204,2000
9,4000,70,16,"null","split","prognostic_low","c50-h60",0.1155,231,2000
10,8000,70,16,"null","split","prognostic_low","c50-h60",0.1255,251,2000
11,4000,140,16,"null","split","prognostic_low","c50-h60",0.106,212,2000
12,8000,140,16,"null","split","prognostic_low","c50-h60",0.112,224,2000
13,4000,35,4,"homogeneous","split","prognostic_low","c50-h60",0.4135,827,2000
14,8000,35,4,"homogeneous","split","prognostic_low","c50-h60",0.4,800,2000
15,4000,70,4,"homogeneous","split","prognostic_low","c50-h60",0.506,1012,2000
16,8000,70,4,"homogeneous","split","prognostic_low","c50-h60",0.5035,1007,2000
17,4000,140,4,"homogeneous","split","prognostic_low","c50-h60",0.574,1148,2000
18,8000,140,4,"homogeneous","split","prognostic_low","c50-h60",0.5875,1175,2000
19,4000,35,16,"homogeneous","split","prognostic_low","c50-h60",0.077,154,2000
20,8000,35,16,"homogeneous","split","prognostic_low","c50-h60",0.0745,149,2000
21,4000,70,16,"homogeneous","split","prognostic_low","c50-h60",0.099,198,2000
22,8000,70,16,"homogeneous","split","prognostic_low","c50-h60",0.1035,207,2000
23,4000,140,16,"homogeneous","split","prognostic_low","c50-h60",0.1165,233,2000
24,8000,140,16,"homogeneous","split","prognostic_low","c50-h60",0.111,222,2000
25,4000,35,4,"heterogeneous","split","prognostic_low","c50-h60",0.46,920,2000
26,8000,35,4,"heterogeneous","split","prognostic_low","c50-h60",0.476,952,2000
27,4000,70,4,"heterogeneous","split","prognostic_low","c50-h60",0.5505,1101,2000
28,8000,70,4,"heterogeneous","split","prognostic_low","c50-h60",0.549,1098,2000
29,4000,140,4,"heterogeneous","split","prognostic_low","c50-h60",0.637,1274,2000
30,8000,140,4,"heterogeneous","split","prognostic_low","c50-h60",0.654,1308,2000
31,4000,35,16,"heterogeneous","split","prognostic_low","c50-h60",0.0965,193,2000
32,8000,35,16,"heterogeneous","split","prognostic_low","c50-h60",0.1115,223,2000
33,4000,70,16,"heterogeneous","split","prognostic_low","c50-h60",0.12,240,2000
34,8000,70,16,"heterogeneous","split","prognostic_low","c50-h60",0.123,246,2000
35,4000,140,16,"heterogeneous","split","prognostic_low","c50-h60",0.149,298,2000
36,8000,140,16,"heterogeneous","split","prognostic_low","c50-h60",0.14,280,2000
1,4000,35,4,"null","bonferroni","workability","c50-h60",0.942,1884,2000
2,8000,35,4,"null","bonferroni","workability","c50-h60",0.9335,1867,2000
7,4000,35,16,"null","bonferroni","workability","c50-h60",0.5105,1021,2000
8,8000,35,16,"null","bonferroni","workability","c50-h60",0.5045,1009,2000
13,4000,35,4,"homogeneous","bonferroni","workability","c50-h60",0.997,1994,2000
14,8000,35,4,"homogeneous","bonferroni","workability","c50-h60",0.9955,1991,2000
16,8000,70,4,"homogeneous","bonferroni","workability","c50-h60",0.001,2,2000
19,4000,35,16,"homogeneous","bonferroni","workability","c50-h60",0.153,306,2000
20,8000,35,16,"homogeneous","bonferroni","workability","c50-h60",0.1575,315,2000
25,4000,35,4,"heterogeneous","bonferroni","workability","c50-h60",0.951,1902,2000
26,8000,35,4,"heterogeneous","bonferroni","workability","c50-h60",0.9635,1927,2000
31,4000,35,16,"heterogeneous","bonferroni","workability","c50-h60",0.3645,729,2000
32,8000,35,16,"heterogeneous","bonferroni","workability","c50-h60",0.3945,789,2000
1,4000,35,4,"null","naive","workability","c50-h60",0.942,1884,2000
2,8000,35,4,"null","naive","workability","c50-h60",0.9335,1867,2000
7,4000,35,16,"null","naive","workability","c50-h60",0.5105,1021,2000
8,8000,35,16,"null","naive","workability","c50-h60",0.5045,1009,2000
13,4000,35,4,"homogeneous","naive","workability","c50-h60",0.997,1994,2000
14,8000,35,4,"homogeneous","naive","workability","c50-h60",0.9955,1991,2000
16,8000,70,4,"homogeneous","naive","workability","c50-h60",0.001,2,2000
19,4000,35,16,"homogeneous","naive","workability","c50-h60",0.153,306,2000
20,8000,35,16,"homogeneous","naive","workability","c50-h60",0.1575,315,2000
25,4000,35,4,"heterogeneous","naive","workability","c50-h60",0.951,1902,2000
26,8000,35,4,"heterogeneous","naive","workability","c50-h60",0.9635,1927,2000
31,4000,35,16,"heterogeneous","naive","workability","c50-h60",0.3645,729,2000
32,8000,35,16,"heterogeneous","naive","workability","c50-h60",0.3945,789,2000
1,4000,35,4,"null","split","workability","c50-h60",0.853,1706,2000
2,8000,35,4,"null","split","workability","c50-h60",0.8365,1673,2000
4,8000,70,4,"null","split","workability","c50-h60",5e-04,1,2000
7,4000,35,16,"null","split","workability","c50-h60",0.373,746,2000
8,8000,35,16,"null","split","workability","c50-h60",0.38,760,2000
9,4000,70,16,"null","split","workability","c50-h60",5e-04,1,2000
10,8000,70,16,"null","split","workability","c50-h60",5e-04,1,2000
13,4000,35,4,"homogeneous","split","workability","c50-h60",0.969,1938,2000
14,8000,35,4,"homogeneous","split","workability","c50-h60",0.9735,1947,2000
15,4000,70,4,"homogeneous","split","workability","c50-h60",0.012,24,2000
16,8000,70,4,"homogeneous","split","workability","c50-h60",0.0125,25,2000
19,4000,35,16,"homogeneous","split","workability","c50-h60",0.2115,423,2000
20,8000,35,16,"homogeneous","split","workability","c50-h60",0.215,430,2000
21,4000,70,16,"homogeneous","split","workability","c50-h60",0.0045,9,2000
22,8000,70,16,"homogeneous","split","workability","c50-h60",0.0045,9,2000
25,4000,35,4,"heterogeneous","split","workability","c50-h60",0.882,1764,2000
26,8000,35,4,"heterogeneous","split","workability","c50-h60",0.874,1748,2000
27,4000,70,4,"heterogeneous","split","workability","c50-h60",0.0015,3,2000
28,8000,70,4,"heterogeneous","split","workability","c50-h60",5e-04,1,2000
31,4000,35,16,"heterogeneous","split","workability","c50-h60",0.3455,691,2000
32,8000,35,16,"heterogeneous","split","workability","c50-h60",0.3305,661,2000
7,4000,35,16,"null","bonferroni","effect_seeking","c55-h24",0.0635,127,2000
8,8000,35,16,"null","bonferroni","effect_seeking","c55-h24",0.058,116,2000
9,4000,70,16,"null","bonferroni","effect_seeking","c55-h24",0.0695,139,2000
10,8000,70,16,"null","bonferroni","effect_seeking","c55-h24",0.0595,119,2000
11,4000,140,16,"null","bonferroni","effect_seeking","c55-h24",0.066,132,2000
12,8000,140,16,"null","bonferroni","effect_seeking","c55-h24",0.058,116,2000
19,4000,35,16,"homogeneous","bonferroni","effect_seeking","c55-h24",0.0325,65,2000
20,8000,35,16,"homogeneous","bonferroni","effect_seeking","c55-h24",0.0295,59,2000
21,4000,70,16,"homogeneous","bonferroni","effect_seeking","c55-h24",0.0335,67,2000
22,8000,70,16,"homogeneous","bonferroni","effect_seeking","c55-h24",0.033,66,2000
23,4000,140,16,"homogeneous","bonferroni","effect_seeking","c55-h24",0.0205,41,2000
24,8000,140,16,"homogeneous","bonferroni","effect_seeking","c55-h24",0.022,44,2000
31,4000,35,16,"heterogeneous","bonferroni","effect_seeking","c55-h24",0.043,86,2000
32,8000,35,16,"heterogeneous","bonferroni","effect_seeking","c55-h24",0.039,78,2000
33,4000,70,16,"heterogeneous","bonferroni","effect_seeking","c55-h24",0.0305,61,2000
34,8000,70,16,"heterogeneous","bonferroni","effect_seeking","c55-h24",0.0405,81,2000
35,4000,140,16,"heterogeneous","bonferroni","effect_seeking","c55-h24",0.023,46,2000
36,8000,140,16,"heterogeneous","bonferroni","effect_seeking","c55-h24",0.023,46,2000
7,4000,35,16,"null","naive","effect_seeking","c55-h24",0.0635,127,2000
8,8000,35,16,"null","naive","effect_seeking","c55-h24",0.058,116,2000
9,4000,70,16,"null","naive","effect_seeking","c55-h24",0.0695,139,2000
10,8000,70,16,"null","naive","effect_seeking","c55-h24",0.0595,119,2000
11,4000,140,16,"null","naive","effect_seeking","c55-h24",0.066,132,2000
12,8000,140,16,"null","naive","effect_seeking","c55-h24",0.058,116,2000
19,4000,35,16,"homogeneous","naive","effect_seeking","c55-h24",0.0325,65,2000
20,8000,35,16,"homogeneous","naive","effect_seeking","c55-h24",0.0295,59,2000
21,4000,70,16,"homogeneous","naive","effect_seeking","c55-h24",0.0335,67,2000
22,8000,70,16,"homogeneous","naive","effect_seeking","c55-h24",0.033,66,2000
23,4000,140,16,"homogeneous","naive","effect_seeking","c55-h24",0.0205,41,2000
24,8000,140,16,"homogeneous","naive","effect_seeking","c55-h24",0.022,44,2000
31,4000,35,16,"heterogeneous","naive","effect_seeking","c55-h24",0.043,86,2000
32,8000,35,16,"heterogeneous","naive","effect_seeking","c55-h24",0.039,78,2000
33,4000,70,16,"heterogeneous","naive","effect_seeking","c55-h24",0.0305,61,2000
34,8000,70,16,"heterogeneous","naive","effect_seeking","c55-h24",0.0405,81,2000
35,4000,140,16,"heterogeneous","naive","effect_seeking","c55-h24",0.023,46,2000
36,8000,140,16,"heterogeneous","naive","effect_seeking","c55-h24",0.023,46,2000
7,4000,35,16,"null","bonferroni","prognostic_high","c55-h24",0.0035,7,2000
8,8000,35,16,"null","bonferroni","prognostic_high","c55-h24",0.0035,7,2000
9,4000,70,16,"null","bonferroni","prognostic_high","c55-h24",5e-04,1,2000
10,8000,70,16,"null","bonferroni","prognostic_high","c55-h24",5e-04,1,2000
19,4000,35,16,"homogeneous","bonferroni","prognostic_high","c55-h24",0.007,14,2000
20,8000,35,16,"homogeneous","bonferroni","prognostic_high","c55-h24",0.007,14,2000
21,4000,70,16,"homogeneous","bonferroni","prognostic_high","c55-h24",0.001,2,2000
22,8000,70,16,"homogeneous","bonferroni","prognostic_high","c55-h24",0.0015,3,2000
31,4000,35,16,"heterogeneous","bonferroni","prognostic_high","c55-h24",0.0035,7,2000
32,8000,35,16,"heterogeneous","bonferroni","prognostic_high","c55-h24",0.0035,7,2000
33,4000,70,16,"heterogeneous","bonferroni","prognostic_high","c55-h24",5e-04,1,2000
34,8000,70,16,"heterogeneous","bonferroni","prognostic_high","c55-h24",0.001,2,2000
35,4000,140,16,"heterogeneous","bonferroni","prognostic_high","c55-h24",5e-04,1,2000
7,4000,35,16,"null","naive","prognostic_high","c55-h24",0.0035,7,2000
8,8000,35,16,"null","naive","prognostic_high","c55-h24",0.0035,7,2000
9,4000,70,16,"null","naive","prognostic_high","c55-h24",5e-04,1,2000
10,8000,70,16,"null","naive","prognostic_high","c55-h24",5e-04,1,2000
19,4000,35,16,"homogeneous","naive","prognostic_high","c55-h24",0.007,14,2000
20,8000,35,16,"homogeneous","naive","prognostic_high","c55-h24",0.007,14,2000
21,4000,70,16,"homogeneous","naive","prognostic_high","c55-h24",0.001,2,2000
22,8000,70,16,"homogeneous","naive","prognostic_high","c55-h24",0.0015,3,2000
31,4000,35,16,"heterogeneous","naive","prognostic_high","c55-h24",0.0035,7,2000
32,8000,35,16,"heterogeneous","naive","prognostic_high","c55-h24",0.0035,7,2000
33,4000,70,16,"heterogeneous","naive","prognostic_high","c55-h24",5e-04,1,2000
34,8000,70,16,"heterogeneous","naive","prognostic_high","c55-h24",0.001,2,2000
35,4000,140,16,"heterogeneous","naive","prognostic_high","c55-h24",5e-04,1,2000
7,4000,35,16,"null","split","prognostic_high","c55-h24",0.012,24,2000
8,8000,35,16,"null","split","prognostic_high","c55-h24",0.012,24,2000
9,4000,70,16,"null","split","prognostic_high","c55-h24",0.0055,11,2000
10,8000,70,16,"null","split","prognostic_high","c55-h24",0.005,10,2000
11,4000,140,16,"null","split","prognostic_high","c55-h24",0.0015,3,2000
19,4000,35,16,"homogeneous","split","prognostic_high","c55-h24",0.0145,29,2000
20,8000,35,16,"homogeneous","split","prognostic_high","c55-h24",0.018,36,2000
21,4000,70,16,"homogeneous","split","prognostic_high","c55-h24",0.0065,13,2000
22,8000,70,16,"homogeneous","split","prognostic_high","c55-h24",0.01,20,2000
23,4000,140,16,"homogeneous","split","prognostic_high","c55-h24",0.002,4,2000
24,8000,140,16,"homogeneous","split","prognostic_high","c55-h24",0.001,2,2000
31,4000,35,16,"heterogeneous","split","prognostic_high","c55-h24",0.01,20,2000
32,8000,35,16,"heterogeneous","split","prognostic_high","c55-h24",0.0085,17,2000
33,4000,70,16,"heterogeneous","split","prognostic_high","c55-h24",0.0035,7,2000
34,8000,70,16,"heterogeneous","split","prognostic_high","c55-h24",0.0015,3,2000
7,4000,35,16,"null","bonferroni","prognostic_low","c55-h24",0.0115,23,2000
8,8000,35,16,"null","bonferroni","prognostic_low","c55-h24",0.013,26,2000
9,4000,70,16,"null","bonferroni","prognostic_low","c55-h24",0.0045,9,2000
10,8000,70,16,"null","bonferroni","prognostic_low","c55-h24",0.004,8,2000
11,4000,140,16,"null","bonferroni","prognostic_low","c55-h24",0.001,2,2000
12,8000,140,16,"null","bonferroni","prognostic_low","c55-h24",0.001,2,2000
19,4000,35,16,"homogeneous","bonferroni","prognostic_low","c55-h24",0.02,40,2000
20,8000,35,16,"homogeneous","bonferroni","prognostic_low","c55-h24",0.018,36,2000
21,4000,70,16,"homogeneous","bonferroni","prognostic_low","c55-h24",0.0055,11,2000
22,8000,70,16,"homogeneous","bonferroni","prognostic_low","c55-h24",0.0065,13,2000
23,4000,140,16,"homogeneous","bonferroni","prognostic_low","c55-h24",0.0015,3,2000
24,8000,140,16,"homogeneous","bonferroni","prognostic_low","c55-h24",0.002,4,2000
31,4000,35,16,"heterogeneous","bonferroni","prognostic_low","c55-h24",0.009,18,2000
32,8000,35,16,"heterogeneous","bonferroni","prognostic_low","c55-h24",0.012,24,2000
33,4000,70,16,"heterogeneous","bonferroni","prognostic_low","c55-h24",0.001,2,2000
34,8000,70,16,"heterogeneous","bonferroni","prognostic_low","c55-h24",0.001,2,2000
35,4000,140,16,"heterogeneous","bonferroni","prognostic_low","c55-h24",0.002,4,2000
36,8000,140,16,"heterogeneous","bonferroni","prognostic_low","c55-h24",5e-04,1,2000
7,4000,35,16,"null","naive","prognostic_low","c55-h24",0.0115,23,2000
8,8000,35,16,"null","naive","prognostic_low","c55-h24",0.013,26,2000
9,4000,70,16,"null","naive","prognostic_low","c55-h24",0.0045,9,2000
10,8000,70,16,"null","naive","prognostic_low","c55-h24",0.004,8,2000
11,4000,140,16,"null","naive","prognostic_low","c55-h24",0.001,2,2000
12,8000,140,16,"null","naive","prognostic_low","c55-h24",0.001,2,2000
19,4000,35,16,"homogeneous","naive","prognostic_low","c55-h24",0.02,40,2000
20,8000,35,16,"homogeneous","naive","prognostic_low","c55-h24",0.018,36,2000
21,4000,70,16,"homogeneous","naive","prognostic_low","c55-h24",0.0055,11,2000
22,8000,70,16,"homogeneous","naive","prognostic_low","c55-h24",0.0065,13,2000
23,4000,140,16,"homogeneous","naive","prognostic_low","c55-h24",0.0015,3,2000
24,8000,140,16,"homogeneous","naive","prognostic_low","c55-h24",0.002,4,2000
31,4000,35,16,"heterogeneous","naive","prognostic_low","c55-h24",0.009,18,2000
32,8000,35,16,"heterogeneous","naive","prognostic_low","c55-h24",0.012,24,2000
33,4000,70,16,"heterogeneous","naive","prognostic_low","c55-h24",0.001,2,2000
34,8000,70,16,"heterogeneous","naive","prognostic_low","c55-h24",0.001,2,2000
35,4000,140,16,"heterogeneous","naive","prognostic_low","c55-h24",0.002,4,2000
36,8000,140,16,"heterogeneous","naive","prognostic_low","c55-h24",5e-04,1,2000
7,4000,35,16,"null","split","prognostic_low","c55-h24",0.0215,43,2000
8,8000,35,16,"null","split","prognostic_low","c55-h24",0.0265,53,2000
9,4000,70,16,"null","split","prognostic_low","c55-h24",0.016,32,2000
10,8000,70,16,"null","split","prognostic_low","c55-h24",0.0125,25,2000
11,4000,140,16,"null","split","prognostic_low","c55-h24",0.007,14,2000
12,8000,140,16,"null","split","prognostic_low","c55-h24",0.0055,11,2000
19,4000,35,16,"homogeneous","split","prognostic_low","c55-h24",0.0385,77,2000
20,8000,35,16,"homogeneous","split","prognostic_low","c55-h24",0.024,48,2000
21,4000,70,16,"homogeneous","split","prognostic_low","c55-h24",0.019,38,2000
22,8000,70,16,"homogeneous","split","prognostic_low","c55-h24",0.0205,41,2000
23,4000,140,16,"homogeneous","split","prognostic_low","c55-h24",0.009,18,2000
24,8000,140,16,"homogeneous","split","prognostic_low","c55-h24",0.01,20,2000
31,4000,35,16,"heterogeneous","split","prognostic_low","c55-h24",0.0215,43,2000
32,8000,35,16,"heterogeneous","split","prognostic_low","c55-h24",0.0195,39,2000
33,4000,70,16,"heterogeneous","split","prognostic_low","c55-h24",0.0075,15,2000
34,8000,70,16,"heterogeneous","split","prognostic_low","c55-h24",0.008,16,2000
35,4000,140,16,"heterogeneous","split","prognostic_low","c55-h24",0.004,8,2000
36,8000,140,16,"heterogeneous","split","prognostic_low","c55-h24",0.001,2,2000
9,4000,70,16,"null","split","workability","c55-h24",5e-04,1,2000
22,8000,70,16,"homogeneous","split","workability","c55-h24",5e-04,1,2000
1,4000,35,4,"null","bonferroni","effect_seeking","c55-h36",0.2315,463,2000
2,8000,35,4,"null","bonferroni","effect_seeking","c55-h36",0.2475,495,2000
3,4000,70,4,"null","bonferroni","effect_seeking","c55-h36",0.2605,521,2000
4,8000,70,4,"null","bonferroni","effect_seeking","c55-h36",0.2405,481,2000
5,4000,140,4,"null","bonferroni","effect_seeking","c55-h36",0.247,494,2000
6,8000,140,4,"null","bonferroni","effect_seeking","c55-h36",0.2355,471,2000
7,4000,35,16,"null","bonferroni","effect_seeking","c55-h36",0.0445,89,2000
8,8000,35,16,"null","bonferroni","effect_seeking","c55-h36",0.0415,83,2000
9,4000,70,16,"null","bonferroni","effect_seeking","c55-h36",0.043,86,2000
10,8000,70,16,"null","bonferroni","effect_seeking","c55-h36",0.0465,93,2000
11,4000,140,16,"null","bonferroni","effect_seeking","c55-h36",0.051,102,2000
12,8000,140,16,"null","bonferroni","effect_seeking","c55-h36",0.045,90,2000
13,4000,35,4,"homogeneous","bonferroni","effect_seeking","c55-h36",0.1465,293,2000
14,8000,35,4,"homogeneous","bonferroni","effect_seeking","c55-h36",0.133,266,2000
15,4000,70,4,"homogeneous","bonferroni","effect_seeking","c55-h36",0.1125,225,2000
16,8000,70,4,"homogeneous","bonferroni","effect_seeking","c55-h36",0.1155,231,2000
17,4000,140,4,"homogeneous","bonferroni","effect_seeking","c55-h36",0.0885,177,2000
18,8000,140,4,"homogeneous","bonferroni","effect_seeking","c55-h36",0.0875,175,2000
19,4000,35,16,"homogeneous","bonferroni","effect_seeking","c55-h36",0.036,72,2000
20,8000,35,16,"homogeneous","bonferroni","effect_seeking","c55-h36",0.031,62,2000
21,4000,70,16,"homogeneous","bonferroni","effect_seeking","c55-h36",0.027,54,2000
22,8000,70,16,"homogeneous","bonferroni","effect_seeking","c55-h36",0.026,52,2000
23,4000,140,16,"homogeneous","bonferroni","effect_seeking","c55-h36",0.0245,49,2000
24,8000,140,16,"homogeneous","bonferroni","effect_seeking","c55-h36",0.02,40,2000
25,4000,35,4,"heterogeneous","bonferroni","effect_seeking","c55-h36",0.15,300,2000
26,8000,35,4,"heterogeneous","bonferroni","effect_seeking","c55-h36",0.155,310,2000
27,4000,70,4,"heterogeneous","bonferroni","effect_seeking","c55-h36",0.13,260,2000
28,8000,70,4,"heterogeneous","bonferroni","effect_seeking","c55-h36",0.123,246,2000
29,4000,140,4,"heterogeneous","bonferroni","effect_seeking","c55-h36",0.0815,163,2000
30,8000,140,4,"heterogeneous","bonferroni","effect_seeking","c55-h36",0.076,152,2000
31,4000,35,16,"heterogeneous","bonferroni","effect_seeking","c55-h36",0.0335,67,2000
32,8000,35,16,"heterogeneous","bonferroni","effect_seeking","c55-h36",0.029,58,2000
33,4000,70,16,"heterogeneous","bonferroni","effect_seeking","c55-h36",0.0205,41,2000
34,8000,70,16,"heterogeneous","bonferroni","effect_seeking","c55-h36",0.0235,47,2000
35,4000,140,16,"heterogeneous","bonferroni","effect_seeking","c55-h36",0.016,32,2000
36,8000,140,16,"heterogeneous","bonferroni","effect_seeking","c55-h36",0.0135,27,2000
1,4000,35,4,"null","naive","effect_seeking","c55-h36",0.2315,463,2000
2,8000,35,4,"null","naive","effect_seeking","c55-h36",0.2475,495,2000
3,4000,70,4,"null","naive","effect_seeking","c55-h36",0.2605,521,2000
4,8000,70,4,"null","naive","effect_seeking","c55-h36",0.2405,481,2000
5,4000,140,4,"null","naive","effect_seeking","c55-h36",0.247,494,2000
6,8000,140,4,"null","naive","effect_seeking","c55-h36",0.2355,471,2000
7,4000,35,16,"null","naive","effect_seeking","c55-h36",0.0445,89,2000
8,8000,35,16,"null","naive","effect_seeking","c55-h36",0.0415,83,2000
9,4000,70,16,"null","naive","effect_seeking","c55-h36",0.043,86,2000
10,8000,70,16,"null","naive","effect_seeking","c55-h36",0.0465,93,2000
11,4000,140,16,"null","naive","effect_seeking","c55-h36",0.051,102,2000
12,8000,140,16,"null","naive","effect_seeking","c55-h36",0.045,90,2000
13,4000,35,4,"homogeneous","naive","effect_seeking","c55-h36",0.1465,293,2000
14,8000,35,4,"homogeneous","naive","effect_seeking","c55-h36",0.133,266,2000
15,4000,70,4,"homogeneous","naive","effect_seeking","c55-h36",0.1125,225,2000
16,8000,70,4,"homogeneous","naive","effect_seeking","c55-h36",0.1155,231,2000
17,4000,140,4,"homogeneous","naive","effect_seeking","c55-h36",0.0885,177,2000
18,8000,140,4,"homogeneous","naive","effect_seeking","c55-h36",0.0875,175,2000
19,4000,35,16,"homogeneous","naive","effect_seeking","c55-h36",0.036,72,2000
20,8000,35,16,"homogeneous","naive","effect_seeking","c55-h36",0.031,62,2000
21,4000,70,16,"homogeneous","naive","effect_seeking","c55-h36",0.027,54,2000
22,8000,70,16,"homogeneous","naive","effect_seeking","c55-h36",0.026,52,2000
23,4000,140,16,"homogeneous","naive","effect_seeking","c55-h36",0.0245,49,2000
24,8000,140,16,"homogeneous","naive","effect_seeking","c55-h36",0.02,40,2000
25,4000,35,4,"heterogeneous","naive","effect_seeking","c55-h36",0.15,300,2000
26,8000,35,4,"heterogeneous","naive","effect_seeking","c55-h36",0.155,310,2000
27,4000,70,4,"heterogeneous","naive","effect_seeking","c55-h36",0.13,260,2000
28,8000,70,4,"heterogeneous","naive","effect_seeking","c55-h36",0.123,246,2000
29,4000,140,4,"heterogeneous","naive","effect_seeking","c55-h36",0.0815,163,2000
30,8000,140,4,"heterogeneous","naive","effect_seeking","c55-h36",0.076,152,2000
31,4000,35,16,"heterogeneous","naive","effect_seeking","c55-h36",0.0335,67,2000
32,8000,35,16,"heterogeneous","naive","effect_seeking","c55-h36",0.029,58,2000
33,4000,70,16,"heterogeneous","naive","effect_seeking","c55-h36",0.0205,41,2000
34,8000,70,16,"heterogeneous","naive","effect_seeking","c55-h36",0.0235,47,2000
35,4000,140,16,"heterogeneous","naive","effect_seeking","c55-h36",0.016,32,2000
36,8000,140,16,"heterogeneous","naive","effect_seeking","c55-h36",0.0135,27,2000
1,4000,35,4,"null","bonferroni","prognostic_high","c55-h36",0.048,96,2000
2,8000,35,4,"null","bonferroni","prognostic_high","c55-h36",0.0475,95,2000
3,4000,70,4,"null","bonferroni","prognostic_high","c55-h36",0.0185,37,2000
4,8000,70,4,"null","bonferroni","prognostic_high","c55-h36",0.013,26,2000
5,4000,140,4,"null","bonferroni","prognostic_high","c55-h36",0.004,8,2000
6,8000,140,4,"null","bonferroni","prognostic_high","c55-h36",0.0025,5,2000
7,4000,35,16,"null","bonferroni","prognostic_high","c55-h36",0.009,18,2000
8,8000,35,16,"null","bonferroni","prognostic_high","c55-h36",0.009,18,2000
9,4000,70,16,"null","bonferroni","prognostic_high","c55-h36",0.002,4,2000
10,8000,70,16,"null","bonferroni","prognostic_high","c55-h36",0.0025,5,2000
11,4000,140,16,"null","bonferroni","prognostic_high","c55-h36",5e-04,1,2000
12,8000,140,16,"null","bonferroni","prognostic_high","c55-h36",5e-04,1,2000
13,4000,35,4,"homogeneous","bonferroni","prognostic_high","c55-h36",0.077,154,2000
14,8000,35,4,"homogeneous","bonferroni","prognostic_high","c55-h36",0.0595,119,2000
15,4000,70,4,"homogeneous","bonferroni","prognostic_high","c55-h36",0.0305,61,2000
16,8000,70,4,"homogeneous","bonferroni","prognostic_high","c55-h36",0.0255,51,2000
17,4000,140,4,"homogeneous","bonferroni","prognostic_high","c55-h36",0.0125,25,2000
18,8000,140,4,"homogeneous","bonferroni","prognostic_high","c55-h36",0.005,10,2000
19,4000,35,16,"homogeneous","bonferroni","prognostic_high","c55-h36",0.0115,23,2000
20,8000,35,16,"homogeneous","bonferroni","prognostic_high","c55-h36",0.0155,31,2000
21,4000,70,16,"homogeneous","bonferroni","prognostic_high","c55-h36",0.0075,15,2000
22,8000,70,16,"homogeneous","bonferroni","prognostic_high","c55-h36",0.0025,5,2000
23,4000,140,16,"homogeneous","bonferroni","prognostic_high","c55-h36",5e-04,1,2000
24,8000,140,16,"homogeneous","bonferroni","prognostic_high","c55-h36",0.0015,3,2000
25,4000,35,4,"heterogeneous","bonferroni","prognostic_high","c55-h36",0.042,84,2000
26,8000,35,4,"heterogeneous","bonferroni","prognostic_high","c55-h36",0.044,88,2000
27,4000,70,4,"heterogeneous","bonferroni","prognostic_high","c55-h36",0.0145,29,2000
28,8000,70,4,"heterogeneous","bonferroni","prognostic_high","c55-h36",0.0095,19,2000
29,4000,140,4,"heterogeneous","bonferroni","prognostic_high","c55-h36",0.004,8,2000
30,8000,140,4,"heterogeneous","bonferroni","prognostic_high","c55-h36",0.0025,5,2000
31,4000,35,16,"heterogeneous","bonferroni","prognostic_high","c55-h36",0.0115,23,2000
32,8000,35,16,"heterogeneous","bonferroni","prognostic_high","c55-h36",0.0065,13,2000
33,4000,70,16,"heterogeneous","bonferroni","prognostic_high","c55-h36",0.0025,5,2000
34,8000,70,16,"heterogeneous","bonferroni","prognostic_high","c55-h36",5e-04,1,2000
35,4000,140,16,"heterogeneous","bonferroni","prognostic_high","c55-h36",5e-04,1,2000
1,4000,35,4,"null","naive","prognostic_high","c55-h36",0.048,96,2000
2,8000,35,4,"null","naive","prognostic_high","c55-h36",0.0475,95,2000
3,4000,70,4,"null","naive","prognostic_high","c55-h36",0.0185,37,2000
4,8000,70,4,"null","naive","prognostic_high","c55-h36",0.013,26,2000
5,4000,140,4,"null","naive","prognostic_high","c55-h36",0.004,8,2000
6,8000,140,4,"null","naive","prognostic_high","c55-h36",0.0025,5,2000
7,4000,35,16,"null","naive","prognostic_high","c55-h36",0.009,18,2000
8,8000,35,16,"null","naive","prognostic_high","c55-h36",0.009,18,2000
9,4000,70,16,"null","naive","prognostic_high","c55-h36",0.002,4,2000
10,8000,70,16,"null","naive","prognostic_high","c55-h36",0.0025,5,2000
11,4000,140,16,"null","naive","prognostic_high","c55-h36",5e-04,1,2000
12,8000,140,16,"null","naive","prognostic_high","c55-h36",5e-04,1,2000
13,4000,35,4,"homogeneous","naive","prognostic_high","c55-h36",0.077,154,2000
14,8000,35,4,"homogeneous","naive","prognostic_high","c55-h36",0.0595,119,2000
15,4000,70,4,"homogeneous","naive","prognostic_high","c55-h36",0.0305,61,2000
16,8000,70,4,"homogeneous","naive","prognostic_high","c55-h36",0.0255,51,2000
17,4000,140,4,"homogeneous","naive","prognostic_high","c55-h36",0.0125,25,2000
18,8000,140,4,"homogeneous","naive","prognostic_high","c55-h36",0.005,10,2000
19,4000,35,16,"homogeneous","naive","prognostic_high","c55-h36",0.0115,23,2000
20,8000,35,16,"homogeneous","naive","prognostic_high","c55-h36",0.0155,31,2000
21,4000,70,16,"homogeneous","naive","prognostic_high","c55-h36",0.0075,15,2000
22,8000,70,16,"homogeneous","naive","prognostic_high","c55-h36",0.0025,5,2000
23,4000,140,16,"homogeneous","naive","prognostic_high","c55-h36",5e-04,1,2000
24,8000,140,16,"homogeneous","naive","prognostic_high","c55-h36",0.0015,3,2000
25,4000,35,4,"heterogeneous","naive","prognostic_high","c55-h36",0.042,84,2000
26,8000,35,4,"heterogeneous","naive","prognostic_high","c55-h36",0.044,88,2000
27,4000,70,4,"heterogeneous","naive","prognostic_high","c55-h36",0.0145,29,2000
28,8000,70,4,"heterogeneous","naive","prognostic_high","c55-h36",0.0095,19,2000
29,4000,140,4,"heterogeneous","naive","prognostic_high","c55-h36",0.004,8,2000
30,8000,140,4,"heterogeneous","naive","prognostic_high","c55-h36",0.0025,5,2000
31,4000,35,16,"heterogeneous","naive","prognostic_high","c55-h36",0.0115,23,2000
32,8000,35,16,"heterogeneous","naive","prognostic_high","c55-h36",0.0065,13,2000
33,4000,70,16,"heterogeneous","naive","prognostic_high","c55-h36",0.0025,5,2000
34,8000,70,16,"heterogeneous","naive","prognostic_high","c55-h36",5e-04,1,2000
35,4000,140,16,"heterogeneous","naive","prognostic_high","c55-h36",5e-04,1,2000
1,4000,35,4,"null","split","prognostic_high","c55-h36",0.0905,181,2000
2,8000,35,4,"null","split","prognostic_high","c55-h36",0.0885,177,2000
3,4000,70,4,"null","split","prognostic_high","c55-h36",0.0465,93,2000
4,8000,70,4,"null","split","prognostic_high","c55-h36",0.046,92,2000
5,4000,140,4,"null","split","prognostic_high","c55-h36",0.0275,55,2000
6,8000,140,4,"null","split","prognostic_high","c55-h36",0.019,38,2000
7,4000,35,16,"null","split","prognostic_high","c55-h36",0.0155,31,2000
8,8000,35,16,"null","split","prognostic_high","c55-h36",0.019,38,2000
9,4000,70,16,"null","split","prognostic_high","c55-h36",0.011,22,2000
10,8000,70,16,"null","split","prognostic_high","c55-h36",0.009,18,2000
11,4000,140,16,"null","split","prognostic_high","c55-h36",0.0045,9,2000
12,8000,140,16,"null","split","prognostic_high","c55-h36",0.004,8,2000
13,4000,35,4,"homogeneous","split","prognostic_high","c55-h36",0.1165,233,2000
14,8000,35,4,"homogeneous","split","prognostic_high","c55-h36",0.111,222,2000
15,4000,70,4,"homogeneous","split","prognostic_high","c55-h36",0.0675,135,2000
16,8000,70,4,"homogeneous","split","prognostic_high","c55-h36",0.076,152,2000
17,4000,140,4,"homogeneous","split","prognostic_high","c55-h36",0.0345,69,2000
18,8000,140,4,"homogeneous","split","prognostic_high","c55-h36",0.026,52,2000
19,4000,35,16,"homogeneous","split","prognostic_high","c55-h36",0.019,38,2000
20,8000,35,16,"homogeneous","split","prognostic_high","c55-h36",0.018,36,2000
21,4000,70,16,"homogeneous","split","prognostic_high","c55-h36",0.011,22,2000
22,8000,70,16,"homogeneous","split","prognostic_high","c55-h36",0.014,28,2000
23,4000,140,16,"homogeneous","split","prognostic_high","c55-h36",0.007,14,2000
24,8000,140,16,"homogeneous","split","prognostic_high","c55-h36",0.0025,5,2000
25,4000,35,4,"heterogeneous","split","prognostic_high","c55-h36",0.091,182,2000
26,8000,35,4,"heterogeneous","split","prognostic_high","c55-h36",0.0845,169,2000
27,4000,70,4,"heterogeneous","split","prognostic_high","c55-h36",0.0435,87,2000
28,8000,70,4,"heterogeneous","split","prognostic_high","c55-h36",0.0565,113,2000
29,4000,140,4,"heterogeneous","split","prognostic_high","c55-h36",0.016,32,2000
30,8000,140,4,"heterogeneous","split","prognostic_high","c55-h36",0.022,44,2000
31,4000,35,16,"heterogeneous","split","prognostic_high","c55-h36",0.0215,43,2000
32,8000,35,16,"heterogeneous","split","prognostic_high","c55-h36",0.016,32,2000
33,4000,70,16,"heterogeneous","split","prognostic_high","c55-h36",0.0105,21,2000
34,8000,70,16,"heterogeneous","split","prognostic_high","c55-h36",0.0115,23,2000
35,4000,140,16,"heterogeneous","split","prognostic_high","c55-h36",0.0045,9,2000
36,8000,140,16,"heterogeneous","split","prognostic_high","c55-h36",0.001,2,2000
1,4000,35,4,"null","bonferroni","prognostic_low","c55-h36",0.088,176,2000
2,8000,35,4,"null","bonferroni","prognostic_low","c55-h36",0.09,180,2000
3,4000,70,4,"null","bonferroni","prognostic_low","c55-h36",0.046,92,2000
4,8000,70,4,"null","bonferroni","prognostic_low","c55-h36",0.0355,71,2000
5,4000,140,4,"null","bonferroni","prognostic_low","c55-h36",0.019,38,2000
6,8000,140,4,"null","bonferroni","prognostic_low","c55-h36",0.012,24,2000
7,4000,35,16,"null","bonferroni","prognostic_low","c55-h36",0.02,40,2000
8,8000,35,16,"null","bonferroni","prognostic_low","c55-h36",0.0155,31,2000
9,4000,70,16,"null","bonferroni","prognostic_low","c55-h36",0.008,16,2000
10,8000,70,16,"null","bonferroni","prognostic_low","c55-h36",0.0055,11,2000
11,4000,140,16,"null","bonferroni","prognostic_low","c55-h36",0.0015,3,2000
12,8000,140,16,"null","bonferroni","prognostic_low","c55-h36",0.004,8,2000
13,4000,35,4,"homogeneous","bonferroni","prognostic_low","c55-h36",0.12,240,2000
14,8000,35,4,"homogeneous","bonferroni","prognostic_low","c55-h36",0.104,208,2000
15,4000,70,4,"homogeneous","bonferroni","prognostic_low","c55-h36",0.055,110,2000
16,8000,70,4,"homogeneous","bonferroni","prognostic_low","c55-h36",0.0675,135,2000
17,4000,140,4,"homogeneous","bonferroni","prognostic_low","c55-h36",0.037,74,2000
18,8000,140,4,"homogeneous","bonferroni","prognostic_low","c55-h36",0.029,58,2000
19,4000,35,16,"homogeneous","bonferroni","prognostic_low","c55-h36",0.0205,41,2000
20,8000,35,16,"homogeneous","bonferroni","prognostic_low","c55-h36",0.0255,51,2000
21,4000,70,16,"homogeneous","bonferroni","prognostic_low","c55-h36",0.011,22,2000
22,8000,70,16,"homogeneous","bonferroni","prognostic_low","c55-h36",0.007,14,2000
23,4000,140,16,"homogeneous","bonferroni","prognostic_low","c55-h36",0.0065,13,2000
24,8000,140,16,"homogeneous","bonferroni","prognostic_low","c55-h36",0.0035,7,2000
25,4000,35,4,"heterogeneous","bonferroni","prognostic_low","c55-h36",0.078,156,2000
26,8000,35,4,"heterogeneous","bonferroni","prognostic_low","c55-h36",0.075,150,2000
27,4000,70,4,"heterogeneous","bonferroni","prognostic_low","c55-h36",0.0315,63,2000
28,8000,70,4,"heterogeneous","bonferroni","prognostic_low","c55-h36",0.0365,73,2000
29,4000,140,4,"heterogeneous","bonferroni","prognostic_low","c55-h36",0.012,24,2000
30,8000,140,4,"heterogeneous","bonferroni","prognostic_low","c55-h36",0.0105,21,2000
31,4000,35,16,"heterogeneous","bonferroni","prognostic_low","c55-h36",0.014,28,2000
32,8000,35,16,"heterogeneous","bonferroni","prognostic_low","c55-h36",0.017,34,2000
33,4000,70,16,"heterogeneous","bonferroni","prognostic_low","c55-h36",0.0095,19,2000
34,8000,70,16,"heterogeneous","bonferroni","prognostic_low","c55-h36",0.01,20,2000
35,4000,140,16,"heterogeneous","bonferroni","prognostic_low","c55-h36",0.0015,3,2000
36,8000,140,16,"heterogeneous","bonferroni","prognostic_low","c55-h36",0.003,6,2000
1,4000,35,4,"null","naive","prognostic_low","c55-h36",0.088,176,2000
2,8000,35,4,"null","naive","prognostic_low","c55-h36",0.09,180,2000
3,4000,70,4,"null","naive","prognostic_low","c55-h36",0.046,92,2000
4,8000,70,4,"null","naive","prognostic_low","c55-h36",0.0355,71,2000
5,4000,140,4,"null","naive","prognostic_low","c55-h36",0.019,38,2000
6,8000,140,4,"null","naive","prognostic_low","c55-h36",0.012,24,2000
7,4000,35,16,"null","naive","prognostic_low","c55-h36",0.02,40,2000
8,8000,35,16,"null","naive","prognostic_low","c55-h36",0.0155,31,2000
9,4000,70,16,"null","naive","prognostic_low","c55-h36",0.008,16,2000
10,8000,70,16,"null","naive","prognostic_low","c55-h36",0.0055,11,2000
11,4000,140,16,"null","naive","prognostic_low","c55-h36",0.0015,3,2000
12,8000,140,16,"null","naive","prognostic_low","c55-h36",0.004,8,2000
13,4000,35,4,"homogeneous","naive","prognostic_low","c55-h36",0.12,240,2000
14,8000,35,4,"homogeneous","naive","prognostic_low","c55-h36",0.104,208,2000
15,4000,70,4,"homogeneous","naive","prognostic_low","c55-h36",0.055,110,2000
16,8000,70,4,"homogeneous","naive","prognostic_low","c55-h36",0.0675,135,2000
17,4000,140,4,"homogeneous","naive","prognostic_low","c55-h36",0.037,74,2000
18,8000,140,4,"homogeneous","naive","prognostic_low","c55-h36",0.029,58,2000
19,4000,35,16,"homogeneous","naive","prognostic_low","c55-h36",0.0205,41,2000
20,8000,35,16,"homogeneous","naive","prognostic_low","c55-h36",0.0255,51,2000
21,4000,70,16,"homogeneous","naive","prognostic_low","c55-h36",0.011,22,2000
22,8000,70,16,"homogeneous","naive","prognostic_low","c55-h36",0.007,14,2000
23,4000,140,16,"homogeneous","naive","prognostic_low","c55-h36",0.0065,13,2000
24,8000,140,16,"homogeneous","naive","prognostic_low","c55-h36",0.0035,7,2000
25,4000,35,4,"heterogeneous","naive","prognostic_low","c55-h36",0.078,156,2000
26,8000,35,4,"heterogeneous","naive","prognostic_low","c55-h36",0.075,150,2000
27,4000,70,4,"heterogeneous","naive","prognostic_low","c55-h36",0.0315,63,2000
28,8000,70,4,"heterogeneous","naive","prognostic_low","c55-h36",0.0365,73,2000
29,4000,140,4,"heterogeneous","naive","prognostic_low","c55-h36",0.012,24,2000
30,8000,140,4,"heterogeneous","naive","prognostic_low","c55-h36",0.0105,21,2000
31,4000,35,16,"heterogeneous","naive","prognostic_low","c55-h36",0.014,28,2000
32,8000,35,16,"heterogeneous","naive","prognostic_low","c55-h36",0.017,34,2000
33,4000,70,16,"heterogeneous","naive","prognostic_low","c55-h36",0.0095,19,2000
34,8000,70,16,"heterogeneous","naive","prognostic_low","c55-h36",0.01,20,2000
35,4000,140,16,"heterogeneous","naive","prognostic_low","c55-h36",0.0015,3,2000
36,8000,140,16,"heterogeneous","naive","prognostic_low","c55-h36",0.003,6,2000
1,4000,35,4,"null","split","prognostic_low","c55-h36",0.132,264,2000
2,8000,35,4,"null","split","prognostic_low","c55-h36",0.131,262,2000
3,4000,70,4,"null","split","prognostic_low","c55-h36",0.086,172,2000
4,8000,70,4,"null","split","prognostic_low","c55-h36",0.0825,165,2000
5,4000,140,4,"null","split","prognostic_low","c55-h36",0.0505,101,2000
6,8000,140,4,"null","split","prognostic_low","c55-h36",0.043,86,2000
7,4000,35,16,"null","split","prognostic_low","c55-h36",0.0305,61,2000
8,8000,35,16,"null","split","prognostic_low","c55-h36",0.028,56,2000
9,4000,70,16,"null","split","prognostic_low","c55-h36",0.0145,29,2000
10,8000,70,16,"null","split","prognostic_low","c55-h36",0.0185,37,2000
11,4000,140,16,"null","split","prognostic_low","c55-h36",0.011,22,2000
12,8000,140,16,"null","split","prognostic_low","c55-h36",0.008,16,2000
13,4000,35,4,"homogeneous","split","prognostic_low","c55-h36",0.17,340,2000
14,8000,35,4,"homogeneous","split","prognostic_low","c55-h36",0.159,318,2000
15,4000,70,4,"homogeneous","split","prognostic_low","c55-h36",0.108,216,2000
16,8000,70,4,"homogeneous","split","prognostic_low","c55-h36",0.106,212,2000
17,4000,140,4,"homogeneous","split","prognostic_low","c55-h36",0.07,140,2000
18,8000,140,4,"homogeneous","split","prognostic_low","c55-h36",0.056,112,2000
19,4000,35,16,"homogeneous","split","prognostic_low","c55-h36",0.0315,63,2000
20,8000,35,16,"homogeneous","split","prognostic_low","c55-h36",0.025,50,2000
21,4000,70,16,"homogeneous","split","prognostic_low","c55-h36",0.0175,35,2000
22,8000,70,16,"homogeneous","split","prognostic_low","c55-h36",0.0225,45,2000
23,4000,140,16,"homogeneous","split","prognostic_low","c55-h36",0.018,36,2000
24,8000,140,16,"homogeneous","split","prognostic_low","c55-h36",0.0155,31,2000
25,4000,35,4,"heterogeneous","split","prognostic_low","c55-h36",0.1345,269,2000
26,8000,35,4,"heterogeneous","split","prognostic_low","c55-h36",0.1125,225,2000
27,4000,70,4,"heterogeneous","split","prognostic_low","c55-h36",0.0815,163,2000
28,8000,70,4,"heterogeneous","split","prognostic_low","c55-h36",0.074,148,2000
29,4000,140,4,"heterogeneous","split","prognostic_low","c55-h36",0.038,76,2000
30,8000,140,4,"heterogeneous","split","prognostic_low","c55-h36",0.038,76,2000
31,4000,35,16,"heterogeneous","split","prognostic_low","c55-h36",0.027,54,2000
32,8000,35,16,"heterogeneous","split","prognostic_low","c55-h36",0.023,46,2000
33,4000,70,16,"heterogeneous","split","prognostic_low","c55-h36",0.015,30,2000
34,8000,70,16,"heterogeneous","split","prognostic_low","c55-h36",0.0205,41,2000
35,4000,140,16,"heterogeneous","split","prognostic_low","c55-h36",0.008,16,2000
36,8000,140,16,"heterogeneous","split","prognostic_low","c55-h36",0.006,12,2000
3,4000,70,4,"null","bonferroni","workability","c55-h36",0.5215,1043,2000
4,8000,70,4,"null","bonferroni","workability","c55-h36",0.506,1012,2000
5,4000,140,4,"null","bonferroni","workability","c55-h36",1,2000,2000
6,8000,140,4,"null","bonferroni","workability","c55-h36",1,2000,2000
9,4000,70,16,"null","bonferroni","workability","c55-h36",0.014,28,2000
10,8000,70,16,"null","bonferroni","workability","c55-h36",0.0095,19,2000
15,4000,70,4,"homogeneous","bonferroni","workability","c55-h36",0.1075,215,2000
16,8000,70,4,"homogeneous","bonferroni","workability","c55-h36",0.0945,189,2000
17,4000,140,4,"homogeneous","bonferroni","workability","c55-h36",1,2000,2000
18,8000,140,4,"homogeneous","bonferroni","workability","c55-h36",1,2000,2000
21,4000,70,16,"homogeneous","bonferroni","workability","c55-h36",0.0135,27,2000
22,8000,70,16,"homogeneous","bonferroni","workability","c55-h36",0.0145,29,2000
27,4000,70,4,"heterogeneous","bonferroni","workability","c55-h36",0.4305,861,2000
28,8000,70,4,"heterogeneous","bonferroni","workability","c55-h36",0.437,874,2000
29,4000,140,4,"heterogeneous","bonferroni","workability","c55-h36",1,2000,2000
30,8000,140,4,"heterogeneous","bonferroni","workability","c55-h36",1,2000,2000
33,4000,70,16,"heterogeneous","bonferroni","workability","c55-h36",0.0085,17,2000
34,8000,70,16,"heterogeneous","bonferroni","workability","c55-h36",0.003,6,2000
3,4000,70,4,"null","naive","workability","c55-h36",0.5215,1043,2000
4,8000,70,4,"null","naive","workability","c55-h36",0.506,1012,2000
5,4000,140,4,"null","naive","workability","c55-h36",1,2000,2000
6,8000,140,4,"null","naive","workability","c55-h36",1,2000,2000
9,4000,70,16,"null","naive","workability","c55-h36",0.014,28,2000
10,8000,70,16,"null","naive","workability","c55-h36",0.0095,19,2000
15,4000,70,4,"homogeneous","naive","workability","c55-h36",0.1075,215,2000
16,8000,70,4,"homogeneous","naive","workability","c55-h36",0.0945,189,2000
17,4000,140,4,"homogeneous","naive","workability","c55-h36",1,2000,2000
18,8000,140,4,"homogeneous","naive","workability","c55-h36",1,2000,2000
21,4000,70,16,"homogeneous","naive","workability","c55-h36",0.0135,27,2000
22,8000,70,16,"homogeneous","naive","workability","c55-h36",0.0145,29,2000
27,4000,70,4,"heterogeneous","naive","workability","c55-h36",0.4305,861,2000
28,8000,70,4,"heterogeneous","naive","workability","c55-h36",0.437,874,2000
29,4000,140,4,"heterogeneous","naive","workability","c55-h36",1,2000,2000
30,8000,140,4,"heterogeneous","naive","workability","c55-h36",1,2000,2000
33,4000,70,16,"heterogeneous","naive","workability","c55-h36",0.0085,17,2000
34,8000,70,16,"heterogeneous","naive","workability","c55-h36",0.003,6,2000
3,4000,70,4,"null","split","workability","c55-h36",0.503,1006,2000
4,8000,70,4,"null","split","workability","c55-h36",0.505,1010,2000
5,4000,140,4,"null","split","workability","c55-h36",1,2000,2000
6,8000,140,4,"null","split","workability","c55-h36",1,2000,2000
8,8000,35,16,"null","split","workability","c55-h36",5e-04,1,2000
9,4000,70,16,"null","split","workability","c55-h36",0.029,58,2000
10,8000,70,16,"null","split","workability","c55-h36",0.0215,43,2000
15,4000,70,4,"homogeneous","split","workability","c55-h36",0.1845,369,2000
16,8000,70,4,"homogeneous","split","workability","c55-h36",0.1975,395,2000
17,4000,140,4,"homogeneous","split","workability","c55-h36",1,2000,2000
18,8000,140,4,"homogeneous","split","workability","c55-h36",1,2000,2000
21,4000,70,16,"homogeneous","split","workability","c55-h36",0.0375,75,2000
22,8000,70,16,"homogeneous","split","workability","c55-h36",0.031,62,2000
26,8000,35,4,"heterogeneous","split","workability","c55-h36",5e-04,1,2000
27,4000,70,4,"heterogeneous","split","workability","c55-h36",0.459,918,2000
28,8000,70,4,"heterogeneous","split","workability","c55-h36",0.474,948,2000
29,4000,140,4,"heterogeneous","split","workability","c55-h36",1,2000,2000
30,8000,140,4,"heterogeneous","split","workability","c55-h36",1,2000,2000
33,4000,70,16,"heterogeneous","split","workability","c55-h36",0.0185,37,2000
34,8000,70,16,"heterogeneous","split","workability","c55-h36",0.0125,25,2000
7,4000,35,16,"null","bonferroni","effect_seeking","c55-h48",0.0385,77,2000
8,8000,35,16,"null","bonferroni","effect_seeking","c55-h48",0.0445,89,2000
9,4000,70,16,"null","bonferroni","effect_seeking","c55-h48",0.0385,77,2000
10,8000,70,16,"null","bonferroni","effect_seeking","c55-h48",0.0465,93,2000
11,4000,140,16,"null","bonferroni","effect_seeking","c55-h48",0.0465,93,2000
12,8000,140,16,"null","bonferroni","effect_seeking","c55-h48",0.0395,79,2000
19,4000,35,16,"homogeneous","bonferroni","effect_seeking","c55-h48",0.034,68,2000
20,8000,35,16,"homogeneous","bonferroni","effect_seeking","c55-h48",0.046,92,2000
21,4000,70,16,"homogeneous","bonferroni","effect_seeking","c55-h48",0.0385,77,2000
22,8000,70,16,"homogeneous","bonferroni","effect_seeking","c55-h48",0.033,66,2000
23,4000,140,16,"homogeneous","bonferroni","effect_seeking","c55-h48",0.0255,51,2000
24,8000,140,16,"homogeneous","bonferroni","effect_seeking","c55-h48",0.031,62,2000
31,4000,35,16,"heterogeneous","bonferroni","effect_seeking","c55-h48",0.0255,51,2000
32,8000,35,16,"heterogeneous","bonferroni","effect_seeking","c55-h48",0.0295,59,2000
33,4000,70,16,"heterogeneous","bonferroni","effect_seeking","c55-h48",0.0235,47,2000
34,8000,70,16,"heterogeneous","bonferroni","effect_seeking","c55-h48",0.0255,51,2000
35,4000,140,16,"heterogeneous","bonferroni","effect_seeking","c55-h48",0.014,28,2000
36,8000,140,16,"heterogeneous","bonferroni","effect_seeking","c55-h48",0.0075,15,2000
7,4000,35,16,"null","naive","effect_seeking","c55-h48",0.0385,77,2000
8,8000,35,16,"null","naive","effect_seeking","c55-h48",0.0445,89,2000
9,4000,70,16,"null","naive","effect_seeking","c55-h48",0.0385,77,2000
10,8000,70,16,"null","naive","effect_seeking","c55-h48",0.0465,93,2000
11,4000,140,16,"null","naive","effect_seeking","c55-h48",0.0465,93,2000
12,8000,140,16,"null","naive","effect_seeking","c55-h48",0.0395,79,2000
19,4000,35,16,"homogeneous","naive","effect_seeking","c55-h48",0.034,68,2000
20,8000,35,16,"homogeneous","naive","effect_seeking","c55-h48",0.046,92,2000
21,4000,70,16,"homogeneous","naive","effect_seeking","c55-h48",0.0385,77,2000
22,8000,70,16,"homogeneous","naive","effect_seeking","c55-h48",0.033,66,2000
23,4000,140,16,"homogeneous","naive","effect_seeking","c55-h48",0.0255,51,2000
24,8000,140,16,"homogeneous","naive","effect_seeking","c55-h48",0.031,62,2000
31,4000,35,16,"heterogeneous","naive","effect_seeking","c55-h48",0.0255,51,2000
32,8000,35,16,"heterogeneous","naive","effect_seeking","c55-h48",0.0295,59,2000
33,4000,70,16,"heterogeneous","naive","effect_seeking","c55-h48",0.0235,47,2000
34,8000,70,16,"heterogeneous","naive","effect_seeking","c55-h48",0.0255,51,2000
35,4000,140,16,"heterogeneous","naive","effect_seeking","c55-h48",0.014,28,2000
36,8000,140,16,"heterogeneous","naive","effect_seeking","c55-h48",0.0075,15,2000
7,4000,35,16,"null","bonferroni","prognostic_high","c55-h48",0.024,48,2000
8,8000,35,16,"null","bonferroni","prognostic_high","c55-h48",0.0295,59,2000
9,4000,70,16,"null","bonferroni","prognostic_high","c55-h48",0.019,38,2000
10,8000,70,16,"null","bonferroni","prognostic_high","c55-h48",0.015,30,2000
11,4000,140,16,"null","bonferroni","prognostic_high","c55-h48",0.007,14,2000
12,8000,140,16,"null","bonferroni","prognostic_high","c55-h48",0.004,8,2000
19,4000,35,16,"homogeneous","bonferroni","prognostic_high","c55-h48",0.031,62,2000
20,8000,35,16,"homogeneous","bonferroni","prognostic_high","c55-h48",0.0295,59,2000
21,4000,70,16,"homogeneous","bonferroni","prognostic_high","c55-h48",0.019,38,2000
22,8000,70,16,"homogeneous","bonferroni","prognostic_high","c55-h48",0.0235,47,2000
23,4000,140,16,"homogeneous","bonferroni","prognostic_high","c55-h48",0.009,18,2000
24,8000,140,16,"homogeneous","bonferroni","prognostic_high","c55-h48",0.0135,27,2000
31,4000,35,16,"heterogeneous","bonferroni","prognostic_high","c55-h48",0.033,66,2000
32,8000,35,16,"heterogeneous","bonferroni","prognostic_high","c55-h48",0.0215,43,2000
33,4000,70,16,"heterogeneous","bonferroni","prognostic_high","c55-h48",0.0165,33,2000
34,8000,70,16,"heterogeneous","bonferroni","prognostic_high","c55-h48",0.013,26,2000
35,4000,140,16,"heterogeneous","bonferroni","prognostic_high","c55-h48",0.008,16,2000
36,8000,140,16,"heterogeneous","bonferroni","prognostic_high","c55-h48",0.005,10,2000
7,4000,35,16,"null","naive","prognostic_high","c55-h48",0.024,48,2000
8,8000,35,16,"null","naive","prognostic_high","c55-h48",0.0295,59,2000
9,4000,70,16,"null","naive","prognostic_high","c55-h48",0.019,38,2000
10,8000,70,16,"null","naive","prognostic_high","c55-h48",0.015,30,2000
11,4000,140,16,"null","naive","prognostic_high","c55-h48",0.007,14,2000
12,8000,140,16,"null","naive","prognostic_high","c55-h48",0.004,8,2000
19,4000,35,16,"homogeneous","naive","prognostic_high","c55-h48",0.031,62,2000
20,8000,35,16,"homogeneous","naive","prognostic_high","c55-h48",0.0295,59,2000
21,4000,70,16,"homogeneous","naive","prognostic_high","c55-h48",0.019,38,2000
22,8000,70,16,"homogeneous","naive","prognostic_high","c55-h48",0.0235,47,2000
23,4000,140,16,"homogeneous","naive","prognostic_high","c55-h48",0.009,18,2000
24,8000,140,16,"homogeneous","naive","prognostic_high","c55-h48",0.0135,27,2000
31,4000,35,16,"heterogeneous","naive","prognostic_high","c55-h48",0.033,66,2000
32,8000,35,16,"heterogeneous","naive","prognostic_high","c55-h48",0.0215,43,2000
33,4000,70,16,"heterogeneous","naive","prognostic_high","c55-h48",0.0165,33,2000
34,8000,70,16,"heterogeneous","naive","prognostic_high","c55-h48",0.013,26,2000
35,4000,140,16,"heterogeneous","naive","prognostic_high","c55-h48",0.008,16,2000
36,8000,140,16,"heterogeneous","naive","prognostic_high","c55-h48",0.005,10,2000
7,4000,35,16,"null","split","prognostic_high","c55-h48",0.044,88,2000
8,8000,35,16,"null","split","prognostic_high","c55-h48",0.0325,65,2000
9,4000,70,16,"null","split","prognostic_high","c55-h48",0.031,62,2000
10,8000,70,16,"null","split","prognostic_high","c55-h48",0.021,42,2000
11,4000,140,16,"null","split","prognostic_high","c55-h48",0.0175,35,2000
12,8000,140,16,"null","split","prognostic_high","c55-h48",0.0115,23,2000
19,4000,35,16,"homogeneous","split","prognostic_high","c55-h48",0.038,76,2000
20,8000,35,16,"homogeneous","split","prognostic_high","c55-h48",0.0425,85,2000
21,4000,70,16,"homogeneous","split","prognostic_high","c55-h48",0.024,48,2000
22,8000,70,16,"homogeneous","split","prognostic_high","c55-h48",0.0375,75,2000
23,4000,140,16,"homogeneous","split","prognostic_high","c55-h48",0.0215,43,2000
24,8000,140,16,"homogeneous","split","prognostic_high","c55-h48",0.02,40,2000
31,4000,35,16,"heterogeneous","split","prognostic_high","c55-h48",0.038,76,2000
32,8000,35,16,"heterogeneous","split","prognostic_high","c55-h48",0.031,62,2000
33,4000,70,16,"heterogeneous","split","prognostic_high","c55-h48",0.023,46,2000
34,8000,70,16,"heterogeneous","split","prognostic_high","c55-h48",0.0205,41,2000
35,4000,140,16,"heterogeneous","split","prognostic_high","c55-h48",0.022,44,2000
36,8000,140,16,"heterogeneous","split","prognostic_high","c55-h48",0.01,20,2000
7,4000,35,16,"null","bonferroni","prognostic_low","c55-h48",0.024,48,2000
8,8000,35,16,"null","bonferroni","prognostic_low","c55-h48",0.033,66,2000
9,4000,70,16,"null","bonferroni","prognostic_low","c55-h48",0.0205,41,2000
10,8000,70,16,"null","bonferroni","prognostic_low","c55-h48",0.0195,39,2000
11,4000,140,16,"null","bonferroni","prognostic_low","c55-h48",0.0095,19,2000
12,8000,140,16,"null","bonferroni","prognostic_low","c55-h48",0.0105,21,2000
19,4000,35,16,"homogeneous","bonferroni","prognostic_low","c55-h48",0.0375,75,2000
20,8000,35,16,"homogeneous","bonferroni","prognostic_low","c55-h48",0.032,64,2000
21,4000,70,16,"homogeneous","bonferroni","prognostic_low","c55-h48",0.0265,53,2000
22,8000,70,16,"homogeneous","bonferroni","prognostic_low","c55-h48",0.027,54,2000
23,4000,140,16,"homogeneous","bonferroni","prognostic_low","c55-h48",0.0135,27,2000
24,8000,140,16,"homogeneous","bonferroni","prognostic_low","c55-h48",0.022,44,2000
31,4000,35,16,"heterogeneous","bonferroni","prognostic_low","c55-h48",0.0355,71,2000
32,8000,35,16,"heterogeneous","bonferroni","prognostic_low","c55-h48",0.026,52,2000
33,4000,70,16,"heterogeneous","bonferroni","prognostic_low","c55-h48",0.0205,41,2000
34,8000,70,16,"heterogeneous","bonferroni","prognostic_low","c55-h48",0.018,36,2000
35,4000,140,16,"heterogeneous","bonferroni","prognostic_low","c55-h48",0.015,30,2000
36,8000,140,16,"heterogeneous","bonferroni","prognostic_low","c55-h48",0.008,16,2000
7,4000,35,16,"null","naive","prognostic_low","c55-h48",0.024,48,2000
8,8000,35,16,"null","naive","prognostic_low","c55-h48",0.033,66,2000
9,4000,70,16,"null","naive","prognostic_low","c55-h48",0.0205,41,2000
10,8000,70,16,"null","naive","prognostic_low","c55-h48",0.0195,39,2000
11,4000,140,16,"null","naive","prognostic_low","c55-h48",0.0095,19,2000
12,8000,140,16,"null","naive","prognostic_low","c55-h48",0.0105,21,2000
19,4000,35,16,"homogeneous","naive","prognostic_low","c55-h48",0.0375,75,2000
20,8000,35,16,"homogeneous","naive","prognostic_low","c55-h48",0.032,64,2000
21,4000,70,16,"homogeneous","naive","prognostic_low","c55-h48",0.0265,53,2000
22,8000,70,16,"homogeneous","naive","prognostic_low","c55-h48",0.027,54,2000
23,4000,140,16,"homogeneous","naive","prognostic_low","c55-h48",0.0135,27,2000
24,8000,140,16,"homogeneous","naive","prognostic_low","c55-h48",0.022,44,2000
31,4000,35,16,"heterogeneous","naive","prognostic_low","c55-h48",0.0355,71,2000
32,8000,35,16,"heterogeneous","naive","prognostic_low","c55-h48",0.026,52,2000
33,4000,70,16,"heterogeneous","naive","prognostic_low","c55-h48",0.0205,41,2000
34,8000,70,16,"heterogeneous","naive","prognostic_low","c55-h48",0.018,36,2000
35,4000,140,16,"heterogeneous","naive","prognostic_low","c55-h48",0.015,30,2000
36,8000,140,16,"heterogeneous","naive","prognostic_low","c55-h48",0.008,16,2000
7,4000,35,16,"null","split","prognostic_low","c55-h48",0.037,74,2000
8,8000,35,16,"null","split","prognostic_low","c55-h48",0.034,68,2000
9,4000,70,16,"null","split","prognostic_low","c55-h48",0.031,62,2000
10,8000,70,16,"null","split","prognostic_low","c55-h48",0.0285,57,2000
11,4000,140,16,"null","split","prognostic_low","c55-h48",0.0205,41,2000
12,8000,140,16,"null","split","prognostic_low","c55-h48",0.0205,41,2000
19,4000,35,16,"homogeneous","split","prognostic_low","c55-h48",0.036,72,2000
20,8000,35,16,"homogeneous","split","prognostic_low","c55-h48",0.0455,91,2000
21,4000,70,16,"homogeneous","split","prognostic_low","c55-h48",0.03,60,2000
22,8000,70,16,"homogeneous","split","prognostic_low","c55-h48",0.039,78,2000
23,4000,140,16,"homogeneous","split","prognostic_low","c55-h48",0.0255,51,2000
24,8000,140,16,"homogeneous","split","prognostic_low","c55-h48",0.03,60,2000
31,4000,35,16,"heterogeneous","split","prognostic_low","c55-h48",0.0345,69,2000
32,8000,35,16,"heterogeneous","split","prognostic_low","c55-h48",0.038,76,2000
33,4000,70,16,"heterogeneous","split","prognostic_low","c55-h48",0.033,66,2000
34,8000,70,16,"heterogeneous","split","prognostic_low","c55-h48",0.028,56,2000
35,4000,140,16,"heterogeneous","split","prognostic_low","c55-h48",0.0225,45,2000
36,8000,140,16,"heterogeneous","split","prognostic_low","c55-h48",0.0235,47,2000
7,4000,35,16,"null","bonferroni","workability","c55-h48",5e-04,1,2000
8,8000,35,16,"null","bonferroni","workability","c55-h48",0.0015,3,2000
9,4000,70,16,"null","bonferroni","workability","c55-h48",0.113,226,2000
10,8000,70,16,"null","bonferroni","workability","c55-h48",0.0805,161,2000
21,4000,70,16,"homogeneous","bonferroni","workability","c55-h48",0.4755,951,2000
22,8000,70,16,"homogeneous","bonferroni","workability","c55-h48",0.46,920,2000
32,8000,35,16,"heterogeneous","bonferroni","workability","c55-h48",5e-04,1,2000
33,4000,70,16,"heterogeneous","bonferroni","workability","c55-h48",0.1025,205,2000
34,8000,70,16,"heterogeneous","bonferroni","workability","c55-h48",0.089,178,2000
7,4000,35,16,"null","naive","workability","c55-h48",5e-04,1,2000
8,8000,35,16,"null","naive","workability","c55-h48",0.0015,3,2000
9,4000,70,16,"null","naive","workability","c55-h48",0.113,226,2000
10,8000,70,16,"null","naive","workability","c55-h48",0.0805,161,2000
21,4000,70,16,"homogeneous","naive","workability","c55-h48",0.4755,951,2000
22,8000,70,16,"homogeneous","naive","workability","c55-h48",0.46,920,2000
32,8000,35,16,"heterogeneous","naive","workability","c55-h48",5e-04,1,2000
33,4000,70,16,"heterogeneous","naive","workability","c55-h48",0.1025,205,2000
34,8000,70,16,"heterogeneous","naive","workability","c55-h48",0.089,178,2000
7,4000,35,16,"null","split","workability","c55-h48",0.013,26,2000
8,8000,35,16,"null","split","workability","c55-h48",0.018,36,2000
9,4000,70,16,"null","split","workability","c55-h48",0.1445,289,2000
10,8000,70,16,"null","split","workability","c55-h48",0.1375,275,2000
19,4000,35,16,"homogeneous","split","workability","c55-h48",0.001,2,2000
21,4000,70,16,"homogeneous","split","workability","c55-h48",0.3405,681,2000
22,8000,70,16,"homogeneous","split","workability","c55-h48",0.3255,651,2000
31,4000,35,16,"heterogeneous","split","workability","c55-h48",0.006,12,2000
32,8000,35,16,"heterogeneous","split","workability","c55-h48",0.0085,17,2000
33,4000,70,16,"heterogeneous","split","workability","c55-h48",0.125,250,2000
34,8000,70,16,"heterogeneous","split","workability","c55-h48",0.1325,265,2000
1,4000,35,4,"null","bonferroni","effect_seeking","c55-h60",0.2645,529,2000
2,8000,35,4,"null","bonferroni","effect_seeking","c55-h60",0.2355,471,2000
3,4000,70,4,"null","bonferroni","effect_seeking","c55-h60",0.233,466,2000
4,8000,70,4,"null","bonferroni","effect_seeking","c55-h60",0.2385,477,2000
5,4000,140,4,"null","bonferroni","effect_seeking","c55-h60",0.238,476,2000
6,8000,140,4,"null","bonferroni","effect_seeking","c55-h60",0.2415,483,2000
7,4000,35,16,"null","bonferroni","effect_seeking","c55-h60",0.055,110,2000
8,8000,35,16,"null","bonferroni","effect_seeking","c55-h60",0.0565,113,2000
9,4000,70,16,"null","bonferroni","effect_seeking","c55-h60",0.0625,125,2000
10,8000,70,16,"null","bonferroni","effect_seeking","c55-h60",0.056,112,2000
11,4000,140,16,"null","bonferroni","effect_seeking","c55-h60",0.0575,115,2000
12,8000,140,16,"null","bonferroni","effect_seeking","c55-h60",0.06,120,2000
13,4000,35,4,"homogeneous","bonferroni","effect_seeking","c55-h60",0.2415,483,2000
14,8000,35,4,"homogeneous","bonferroni","effect_seeking","c55-h60",0.2365,473,2000
15,4000,70,4,"homogeneous","bonferroni","effect_seeking","c55-h60",0.234,468,2000
16,8000,70,4,"homogeneous","bonferroni","effect_seeking","c55-h60",0.2425,485,2000
17,4000,140,4,"homogeneous","bonferroni","effect_seeking","c55-h60",0.2065,413,2000
18,8000,140,4,"homogeneous","bonferroni","effect_seeking","c55-h60",0.195,390,2000
19,4000,35,16,"homogeneous","bonferroni","effect_seeking","c55-h60",0.071,142,2000
20,8000,35,16,"homogeneous","bonferroni","effect_seeking","c55-h60",0.083,166,2000
21,4000,70,16,"homogeneous","bonferroni","effect_seeking","c55-h60",0.0795,159,2000
22,8000,70,16,"homogeneous","bonferroni","effect_seeking","c55-h60",0.0795,159,2000
23,4000,140,16,"homogeneous","bonferroni","effect_seeking","c55-h60",0.085,170,2000
24,8000,140,16,"homogeneous","bonferroni","effect_seeking","c55-h60",0.0805,161,2000
25,4000,35,4,"heterogeneous","bonferroni","effect_seeking","c55-h60",0.1545,309,2000
26,8000,35,4,"heterogeneous","bonferroni","effect_seeking","c55-h60",0.159,318,2000
27,4000,70,4,"heterogeneous","bonferroni","effect_seeking","c55-h60",0.123,246,2000
28,8000,70,4,"heterogeneous","bonferroni","effect_seeking","c55-h60",0.1255,251,2000
29,4000,140,4,"heterogeneous","bonferroni","effect_seeking","c55-h60",0.0875,175,2000
30,8000,140,4,"heterogeneous","bonferroni","effect_seeking","c55-h60",0.0785,157,2000
31,4000,35,16,"heterogeneous","bonferroni","effect_seeking","c55-h60",0.0435,87,2000
32,8000,35,16,"heterogeneous","bonferroni","effect_seeking","c55-h60",0.033,66,2000
33,4000,70,16,"heterogeneous","bonferroni","effect_seeking","c55-h60",0.025,50,2000
34,8000,70,16,"heterogeneous","bonferroni","effect_seeking","c55-h60",0.032,64,2000
35,4000,140,16,"heterogeneous","bonferroni","effect_seeking","c55-h60",0.017,34,2000
36,8000,140,16,"heterogeneous","bonferroni","effect_seeking","c55-h60",0.0205,41,2000
1,4000,35,4,"null","naive","effect_seeking","c55-h60",0.2645,529,2000
2,8000,35,4,"null","naive","effect_seeking","c55-h60",0.2355,471,2000
3,4000,70,4,"null","naive","effect_seeking","c55-h60",0.233,466,2000
4,8000,70,4,"null","naive","effect_seeking","c55-h60",0.2385,477,2000
5,4000,140,4,"null","naive","effect_seeking","c55-h60",0.238,476,2000
6,8000,140,4,"null","naive","effect_seeking","c55-h60",0.2415,483,2000
7,4000,35,16,"null","naive","effect_seeking","c55-h60",0.055,110,2000
8,8000,35,16,"null","naive","effect_seeking","c55-h60",0.0565,113,2000
9,4000,70,16,"null","naive","effect_seeking","c55-h60",0.0625,125,2000
10,8000,70,16,"null","naive","effect_seeking","c55-h60",0.056,112,2000
11,4000,140,16,"null","naive","effect_seeking","c55-h60",0.0575,115,2000
12,8000,140,16,"null","naive","effect_seeking","c55-h60",0.06,120,2000
13,4000,35,4,"homogeneous","naive","effect_seeking","c55-h60",0.2415,483,2000
14,8000,35,4,"homogeneous","naive","effect_seeking","c55-h60",0.2365,473,2000
15,4000,70,4,"homogeneous","naive","effect_seeking","c55-h60",0.234,468,2000
16,8000,70,4,"homogeneous","naive","effect_seeking","c55-h60",0.2425,485,2000
17,4000,140,4,"homogeneous","naive","effect_seeking","c55-h60",0.2065,413,2000
18,8000,140,4,"homogeneous","naive","effect_seeking","c55-h60",0.195,390,2000
19,4000,35,16,"homogeneous","naive","effect_seeking","c55-h60",0.071,142,2000
20,8000,35,16,"homogeneous","naive","effect_seeking","c55-h60",0.083,166,2000
21,4000,70,16,"homogeneous","naive","effect_seeking","c55-h60",0.0795,159,2000
22,8000,70,16,"homogeneous","naive","effect_seeking","c55-h60",0.0795,159,2000
23,4000,140,16,"homogeneous","naive","effect_seeking","c55-h60",0.085,170,2000
24,8000,140,16,"homogeneous","naive","effect_seeking","c55-h60",0.0805,161,2000
25,4000,35,4,"heterogeneous","naive","effect_seeking","c55-h60",0.1545,309,2000
26,8000,35,4,"heterogeneous","naive","effect_seeking","c55-h60",0.159,318,2000
27,4000,70,4,"heterogeneous","naive","effect_seeking","c55-h60",0.123,246,2000
28,8000,70,4,"heterogeneous","naive","effect_seeking","c55-h60",0.1255,251,2000
29,4000,140,4,"heterogeneous","naive","effect_seeking","c55-h60",0.0875,175,2000
30,8000,140,4,"heterogeneous","naive","effect_seeking","c55-h60",0.0785,157,2000
31,4000,35,16,"heterogeneous","naive","effect_seeking","c55-h60",0.0435,87,2000
32,8000,35,16,"heterogeneous","naive","effect_seeking","c55-h60",0.033,66,2000
33,4000,70,16,"heterogeneous","naive","effect_seeking","c55-h60",0.025,50,2000
34,8000,70,16,"heterogeneous","naive","effect_seeking","c55-h60",0.032,64,2000
35,4000,140,16,"heterogeneous","naive","effect_seeking","c55-h60",0.017,34,2000
36,8000,140,16,"heterogeneous","naive","effect_seeking","c55-h60",0.0205,41,2000
1,4000,35,4,"null","bonferroni","outcome_blinded","c55-h60",0.2135,427,2000
2,8000,35,4,"null","bonferroni","outcome_blinded","c55-h60",0.22,440,2000
3,4000,70,4,"null","bonferroni","outcome_blinded","c55-h60",0.2225,445,2000
4,8000,70,4,"null","bonferroni","outcome_blinded","c55-h60",0.216,432,2000
5,4000,140,4,"null","bonferroni","outcome_blinded","c55-h60",0.2165,433,2000
6,8000,140,4,"null","bonferroni","outcome_blinded","c55-h60",0.2335,467,2000
7,4000,35,16,"null","bonferroni","outcome_blinded","c55-h60",0.0665,133,2000
8,8000,35,16,"null","bonferroni","outcome_blinded","c55-h60",0.071,142,2000
9,4000,70,16,"null","bonferroni","outcome_blinded","c55-h60",0.057,114,2000
10,8000,70,16,"null","bonferroni","outcome_blinded","c55-h60",0.059,118,2000
11,4000,140,16,"null","bonferroni","outcome_blinded","c55-h60",0.0605,121,2000
12,8000,140,16,"null","bonferroni","outcome_blinded","c55-h60",0.061,122,2000
13,4000,35,4,"homogeneous","bonferroni","outcome_blinded","c55-h60",0.224,448,2000
14,8000,35,4,"homogeneous","bonferroni","outcome_blinded","c55-h60",0.219,438,2000
15,4000,70,4,"homogeneous","bonferroni","outcome_blinded","c55-h60",0.224,448,2000
16,8000,70,4,"homogeneous","bonferroni","outcome_blinded","c55-h60",0.2325,465,2000
17,4000,140,4,"homogeneous","bonferroni","outcome_blinded","c55-h60",0.241,482,2000
18,8000,140,4,"homogeneous","bonferroni","outcome_blinded","c55-h60",0.222,444,2000
19,4000,35,16,"homogeneous","bonferroni","outcome_blinded","c55-h60",0.065,130,2000
20,8000,35,16,"homogeneous","bonferroni","outcome_blinded","c55-h60",0.066,132,2000
21,4000,70,16,"homogeneous","bonferroni","outcome_blinded","c55-h60",0.067,134,2000
22,8000,70,16,"homogeneous","bonferroni","outcome_blinded","c55-h60",0.063,126,2000
23,4000,140,16,"homogeneous","bonferroni","outcome_blinded","c55-h60",0.0545,109,2000
24,8000,140,16,"homogeneous","bonferroni","outcome_blinded","c55-h60",0.0735,147,2000
25,4000,35,4,"heterogeneous","bonferroni","outcome_blinded","c55-h60",0.2235,447,2000
26,8000,35,4,"heterogeneous","bonferroni","outcome_blinded","c55-h60",0.229,458,2000
27,4000,70,4,"heterogeneous","bonferroni","outcome_blinded","c55-h60",0.223,446,2000
28,8000,70,4,"heterogeneous","bonferroni","outcome_blinded","c55-h60",0.205,410,2000
29,4000,140,4,"heterogeneous","bonferroni","outcome_blinded","c55-h60",0.2115,423,2000
30,8000,140,4,"heterogeneous","bonferroni","outcome_blinded","c55-h60",0.2245,449,2000
31,4000,35,16,"heterogeneous","bonferroni","outcome_blinded","c55-h60",0.0655,131,2000
32,8000,35,16,"heterogeneous","bonferroni","outcome_blinded","c55-h60",0.0675,135,2000
33,4000,70,16,"heterogeneous","bonferroni","outcome_blinded","c55-h60",0.0695,139,2000
34,8000,70,16,"heterogeneous","bonferroni","outcome_blinded","c55-h60",0.0665,133,2000
35,4000,140,16,"heterogeneous","bonferroni","outcome_blinded","c55-h60",0.062,124,2000
36,8000,140,16,"heterogeneous","bonferroni","outcome_blinded","c55-h60",0.0655,131,2000
1,4000,35,4,"null","naive","outcome_blinded","c55-h60",0.2135,427,2000
2,8000,35,4,"null","naive","outcome_blinded","c55-h60",0.22,440,2000
3,4000,70,4,"null","naive","outcome_blinded","c55-h60",0.2225,445,2000
4,8000,70,4,"null","naive","outcome_blinded","c55-h60",0.216,432,2000
5,4000,140,4,"null","naive","outcome_blinded","c55-h60",0.2165,433,2000
6,8000,140,4,"null","naive","outcome_blinded","c55-h60",0.2335,467,2000
7,4000,35,16,"null","naive","outcome_blinded","c55-h60",0.0665,133,2000
8,8000,35,16,"null","naive","outcome_blinded","c55-h60",0.071,142,2000
9,4000,70,16,"null","naive","outcome_blinded","c55-h60",0.057,114,2000
10,8000,70,16,"null","naive","outcome_blinded","c55-h60",0.059,118,2000
11,4000,140,16,"null","naive","outcome_blinded","c55-h60",0.0605,121,2000
12,8000,140,16,"null","naive","outcome_blinded","c55-h60",0.061,122,2000
13,4000,35,4,"homogeneous","naive","outcome_blinded","c55-h60",0.224,448,2000
14,8000,35,4,"homogeneous","naive","outcome_blinded","c55-h60",0.219,438,2000
15,4000,70,4,"homogeneous","naive","outcome_blinded","c55-h60",0.224,448,2000
16,8000,70,4,"homogeneous","naive","outcome_blinded","c55-h60",0.2325,465,2000
17,4000,140,4,"homogeneous","naive","outcome_blinded","c55-h60",0.241,482,2000
18,8000,140,4,"homogeneous","naive","outcome_blinded","c55-h60",0.222,444,2000
19,4000,35,16,"homogeneous","naive","outcome_blinded","c55-h60",0.065,130,2000
20,8000,35,16,"homogeneous","naive","outcome_blinded","c55-h60",0.066,132,2000
21,4000,70,16,"homogeneous","naive","outcome_blinded","c55-h60",0.067,134,2000
22,8000,70,16,"homogeneous","naive","outcome_blinded","c55-h60",0.063,126,2000
23,4000,140,16,"homogeneous","naive","outcome_blinded","c55-h60",0.0545,109,2000
24,8000,140,16,"homogeneous","naive","outcome_blinded","c55-h60",0.0735,147,2000
25,4000,35,4,"heterogeneous","naive","outcome_blinded","c55-h60",0.2235,447,2000
26,8000,35,4,"heterogeneous","naive","outcome_blinded","c55-h60",0.229,458,2000
27,4000,70,4,"heterogeneous","naive","outcome_blinded","c55-h60",0.223,446,2000
28,8000,70,4,"heterogeneous","naive","outcome_blinded","c55-h60",0.205,410,2000
29,4000,140,4,"heterogeneous","naive","outcome_blinded","c55-h60",0.2115,423,2000
30,8000,140,4,"heterogeneous","naive","outcome_blinded","c55-h60",0.2245,449,2000
31,4000,35,16,"heterogeneous","naive","outcome_blinded","c55-h60",0.0655,131,2000
32,8000,35,16,"heterogeneous","naive","outcome_blinded","c55-h60",0.0675,135,2000
33,4000,70,16,"heterogeneous","naive","outcome_blinded","c55-h60",0.0695,139,2000
34,8000,70,16,"heterogeneous","naive","outcome_blinded","c55-h60",0.0665,133,2000
35,4000,140,16,"heterogeneous","naive","outcome_blinded","c55-h60",0.062,124,2000
36,8000,140,16,"heterogeneous","naive","outcome_blinded","c55-h60",0.0655,131,2000
1,4000,35,4,"null","bonferroni","prognostic_high","c55-h60",0.401,802,2000
2,8000,35,4,"null","bonferroni","prognostic_high","c55-h60",0.4125,825,2000
3,4000,70,4,"null","bonferroni","prognostic_high","c55-h60",0.4065,813,2000
4,8000,70,4,"null","bonferroni","prognostic_high","c55-h60",0.4115,823,2000
5,4000,140,4,"null","bonferroni","prognostic_high","c55-h60",0.4055,811,2000
6,8000,140,4,"null","bonferroni","prognostic_high","c55-h60",0.407,814,2000
7,4000,35,16,"null","bonferroni","prognostic_high","c55-h60",0.134,268,2000
8,8000,35,16,"null","bonferroni","prognostic_high","c55-h60",0.123,246,2000
9,4000,70,16,"null","bonferroni","prognostic_high","c55-h60",0.134,268,2000
10,8000,70,16,"null","bonferroni","prognostic_high","c55-h60",0.1385,277,2000
11,4000,140,16,"null","bonferroni","prognostic_high","c55-h60",0.136,272,2000
12,8000,140,16,"null","bonferroni","prognostic_high","c55-h60",0.1265,253,2000
13,4000,35,4,"homogeneous","bonferroni","prognostic_high","c55-h60",0.3805,761,2000
14,8000,35,4,"homogeneous","bonferroni","prognostic_high","c55-h60",0.392,784,2000
15,4000,70,4,"homogeneous","bonferroni","prognostic_high","c55-h60",0.408,816,2000
16,8000,70,4,"homogeneous","bonferroni","prognostic_high","c55-h60",0.406,812,2000
17,4000,140,4,"homogeneous","bonferroni","prognostic_high","c55-h60",0.4,800,2000
18,8000,140,4,"homogeneous","bonferroni","prognostic_high","c55-h60",0.412,824,2000
19,4000,35,16,"homogeneous","bonferroni","prognostic_high","c55-h60",0.137,274,2000
20,8000,35,16,"homogeneous","bonferroni","prognostic_high","c55-h60",0.131,262,2000
21,4000,70,16,"homogeneous","bonferroni","prognostic_high","c55-h60",0.139,278,2000
22,8000,70,16,"homogeneous","bonferroni","prognostic_high","c55-h60",0.123,246,2000
23,4000,140,16,"homogeneous","bonferroni","prognostic_high","c55-h60",0.142,284,2000
24,8000,140,16,"homogeneous","bonferroni","prognostic_high","c55-h60",0.136,272,2000
25,4000,35,4,"heterogeneous","bonferroni","prognostic_high","c55-h60",0.414,828,2000
26,8000,35,4,"heterogeneous","bonferroni","prognostic_high","c55-h60",0.422,844,2000
27,4000,70,4,"heterogeneous","bonferroni","prognostic_high","c55-h60",0.442,884,2000
28,8000,70,4,"heterogeneous","bonferroni","prognostic_high","c55-h60",0.4365,873,2000
29,4000,140,4,"heterogeneous","bonferroni","prognostic_high","c55-h60",0.428,856,2000
30,8000,140,4,"heterogeneous","bonferroni","prognostic_high","c55-h60",0.45,900,2000
31,4000,35,16,"heterogeneous","bonferroni","prognostic_high","c55-h60",0.1385,277,2000
32,8000,35,16,"heterogeneous","bonferroni","prognostic_high","c55-h60",0.1295,259,2000
33,4000,70,16,"heterogeneous","bonferroni","prognostic_high","c55-h60",0.1415,283,2000
34,8000,70,16,"heterogeneous","bonferroni","prognostic_high","c55-h60",0.149,298,2000
35,4000,140,16,"heterogeneous","bonferroni","prognostic_high","c55-h60",0.139,278,2000
36,8000,140,16,"heterogeneous","bonferroni","prognostic_high","c55-h60",0.1335,267,2000
1,4000,35,4,"null","naive","prognostic_high","c55-h60",0.401,802,2000
2,8000,35,4,"null","naive","prognostic_high","c55-h60",0.4125,825,2000
3,4000,70,4,"null","naive","prognostic_high","c55-h60",0.4065,813,2000
4,8000,70,4,"null","naive","prognostic_high","c55-h60",0.4115,823,2000
5,4000,140,4,"null","naive","prognostic_high","c55-h60",0.4055,811,2000
6,8000,140,4,"null","naive","prognostic_high","c55-h60",0.407,814,2000
7,4000,35,16,"null","naive","prognostic_high","c55-h60",0.134,268,2000
8,8000,35,16,"null","naive","prognostic_high","c55-h60",0.123,246,2000
9,4000,70,16,"null","naive","prognostic_high","c55-h60",0.134,268,2000
10,8000,70,16,"null","naive","prognostic_high","c55-h60",0.1385,277,2000
11,4000,140,16,"null","naive","prognostic_high","c55-h60",0.136,272,2000
12,8000,140,16,"null","naive","prognostic_high","c55-h60",0.1265,253,2000
13,4000,35,4,"homogeneous","naive","prognostic_high","c55-h60",0.3805,761,2000
14,8000,35,4,"homogeneous","naive","prognostic_high","c55-h60",0.392,784,2000
15,4000,70,4,"homogeneous","naive","prognostic_high","c55-h60",0.408,816,2000
16,8000,70,4,"homogeneous","naive","prognostic_high","c55-h60",0.406,812,2000
17,4000,140,4,"homogeneous","naive","prognostic_high","c55-h60",0.4,800,2000
18,8000,140,4,"homogeneous","naive","prognostic_high","c55-h60",0.412,824,2000
19,4000,35,16,"homogeneous","naive","prognostic_high","c55-h60",0.137,274,2000
20,8000,35,16,"homogeneous","naive","prognostic_high","c55-h60",0.131,262,2000
21,4000,70,16,"homogeneous","naive","prognostic_high","c55-h60",0.139,278,2000
22,8000,70,16,"homogeneous","naive","prognostic_high","c55-h60",0.123,246,2000
23,4000,140,16,"homogeneous","naive","prognostic_high","c55-h60",0.142,284,2000
24,8000,140,16,"homogeneous","naive","prognostic_high","c55-h60",0.136,272,2000
25,4000,35,4,"heterogeneous","naive","prognostic_high","c55-h60",0.414,828,2000
26,8000,35,4,"heterogeneous","naive","prognostic_high","c55-h60",0.422,844,2000
27,4000,70,4,"heterogeneous","naive","prognostic_high","c55-h60",0.442,884,2000
28,8000,70,4,"heterogeneous","naive","prognostic_high","c55-h60",0.4365,873,2000
29,4000,140,4,"heterogeneous","naive","prognostic_high","c55-h60",0.428,856,2000
30,8000,140,4,"heterogeneous","naive","prognostic_high","c55-h60",0.45,900,2000
31,4000,35,16,"heterogeneous","naive","prognostic_high","c55-h60",0.1385,277,2000
32,8000,35,16,"heterogeneous","naive","prognostic_high","c55-h60",0.1295,259,2000
33,4000,70,16,"heterogeneous","naive","prognostic_high","c55-h60",0.1415,283,2000
34,8000,70,16,"heterogeneous","naive","prognostic_high","c55-h60",0.149,298,2000
35,4000,140,16,"heterogeneous","naive","prognostic_high","c55-h60",0.139,278,2000
36,8000,140,16,"heterogeneous","naive","prognostic_high","c55-h60",0.1335,267,2000
1,4000,35,4,"null","split","prognostic_high","c55-h60",0.371,742,2000
2,8000,35,4,"null","split","prognostic_high","c55-h60",0.378,756,2000
3,4000,70,4,"null","split","prognostic_high","c55-h60",0.4075,815,2000
4,8000,70,4,"null","split","prognostic_high","c55-h60",0.407,814,2000
5,4000,140,4,"null","split","prognostic_high","c55-h60",0.4105,821,2000
6,8000,140,4,"null","split","prognostic_high","c55-h60",0.4135,827,2000
7,4000,35,16,"null","split","prognostic_high","c55-h60",0.1055,211,2000
8,8000,35,16,"null","split","prognostic_high","c55-h60",0.123,246,2000
9,4000,70,16,"null","split","prognostic_high","c55-h60",0.127,254,2000
10,8000,70,16,"null","split","prognostic_high","c55-h60",0.128,256,2000
11,4000,140,16,"null","split","prognostic_high","c55-h60",0.1425,285,2000
12,8000,140,16,"null","split","prognostic_high","c55-h60",0.135,270,2000
13,4000,35,4,"homogeneous","split","prognostic_high","c55-h60",0.327,654,2000
14,8000,35,4,"homogeneous","split","prognostic_high","c55-h60",0.3625,725,2000
15,4000,70,4,"homogeneous","split","prognostic_high","c55-h60",0.3735,747,2000
16,8000,70,4,"homogeneous","split","prognostic_high","c55-h60",0.372,744,2000
17,4000,140,4,"homogeneous","split","prognostic_high","c55-h60",0.3965,793,2000
18,8000,140,4,"homogeneous","split","prognostic_high","c55-h60",0.431,862,2000
19,4000,35,16,"homogeneous","split","prognostic_high","c55-h60",0.115,230,2000
20,8000,35,16,"homogeneous","split","prognostic_high","c55-h60",0.1105,221,2000
21,4000,70,16,"homogeneous","split","prognostic_high","c55-h60",0.128,256,2000
22,8000,70,16,"homogeneous","split","prognostic_high","c55-h60",0.1155,231,2000
23,4000,140,16,"homogeneous","split","prognostic_high","c55-h60",0.123,246,2000
24,8000,140,16,"homogeneous","split","prognostic_high","c55-h60",0.1355,271,2000
25,4000,35,4,"heterogeneous","split","prognostic_high","c55-h60",0.388,776,2000
26,8000,35,4,"heterogeneous","split","prognostic_high","c55-h60",0.404,808,2000
27,4000,70,4,"heterogeneous","split","prognostic_high","c55-h60",0.439,878,2000
28,8000,70,4,"heterogeneous","split","prognostic_high","c55-h60",0.404,808,2000
29,4000,140,4,"heterogeneous","split","prognostic_high","c55-h60",0.43,860,2000
30,8000,140,4,"heterogeneous","split","prognostic_high","c55-h60",0.4525,905,2000
31,4000,35,16,"heterogeneous","split","prognostic_high","c55-h60",0.112,224,2000
32,8000,35,16,"heterogeneous","split","prognostic_high","c55-h60",0.1155,231,2000
33,4000,70,16,"heterogeneous","split","prognostic_high","c55-h60",0.1235,247,2000
34,8000,70,16,"heterogeneous","split","prognostic_high","c55-h60",0.14,280,2000
35,4000,140,16,"heterogeneous","split","prognostic_high","c55-h60",0.14,280,2000
36,8000,140,16,"heterogeneous","split","prognostic_high","c55-h60",0.1425,285,2000
1,4000,35,4,"null","bonferroni","prognostic_low","c55-h60",0.279,558,2000
2,8000,35,4,"null","bonferroni","prognostic_low","c55-h60",0.2815,563,2000
3,4000,70,4,"null","bonferroni","prognostic_low","c55-h60",0.2645,529,2000
4,8000,70,4,"null","bonferroni","prognostic_low","c55-h60",0.258,516,2000
5,4000,140,4,"null","bonferroni","prognostic_low","c55-h60",0.218,436,2000
6,8000,140,4,"null","bonferroni","prognostic_low","c55-h60",0.2085,417,2000
7,4000,35,16,"null","bonferroni","prognostic_low","c55-h60",0.088,176,2000
8,8000,35,16,"null","bonferroni","prognostic_low","c55-h60",0.078,156,2000
9,4000,70,16,"null","bonferroni","prognostic_low","c55-h60",0.083,166,2000
10,8000,70,16,"null","bonferroni","prognostic_low","c55-h60",0.0875,175,2000
11,4000,140,16,"null","bonferroni","prognostic_low","c55-h60",0.07,140,2000
12,8000,140,16,"null","bonferroni","prognostic_low","c55-h60",0.0595,119,2000
13,4000,35,4,"homogeneous","bonferroni","prognostic_low","c55-h60",0.2895,579,2000
14,8000,35,4,"homogeneous","bonferroni","prognostic_low","c55-h60",0.2905,581,2000
15,4000,70,4,"homogeneous","bonferroni","prognostic_low","c55-h60",0.2785,557,2000
16,8000,70,4,"homogeneous","bonferroni","prognostic_low","c55-h60",0.2575,515,2000
17,4000,140,4,"homogeneous","bonferroni","prognostic_low","c55-h60",0.231,462,2000
18,8000,140,4,"homogeneous","bonferroni","prognostic_low","c55-h60",0.253,506,2000
19,4000,35,16,"homogeneous","bonferroni","prognostic_low","c55-h60",0.09,180,2000
20,8000,35,16,"homogeneous","bonferroni","prognostic_low","c55-h60",0.0795,159,2000
21,4000,70,16,"homogeneous","bonferroni","prognostic_low","c55-h60",0.0765,153,2000
22,8000,70,16,"homogeneous","bonferroni","prognostic_low","c55-h60",0.09,180,2000
23,4000,140,16,"homogeneous","bonferroni","prognostic_low","c55-h60",0.075,150,2000
24,8000,140,16,"homogeneous","bonferroni","prognostic_low","c55-h60",0.085,170,2000
25,4000,35,4,"heterogeneous","bonferroni","prognostic_low","c55-h60",0.2875,575,2000
26,8000,35,4,"heterogeneous","bonferroni","prognostic_low","c55-h60",0.311,622,2000
27,4000,70,4,"heterogeneous","bonferroni","prognostic_low","c55-h60",0.2905,581,2000
28,8000,70,4,"heterogeneous","bonferroni","prognostic_low","c55-h60",0.278,556,2000
29,4000,140,4,"heterogeneous","bonferroni","prognostic_low","c55-h60",0.243,486,2000
30,8000,140,4,"heterogeneous","bonferroni","prognostic_low","c55-h60",0.2535,507,2000
31,4000,35,16,"heterogeneous","bonferroni","prognostic_low","c55-h60",0.098,196,2000
32,8000,35,16,"heterogeneous","bonferroni","prognostic_low","c55-h60",0.0985,197,2000
33,4000,70,16,"heterogeneous","bonferroni","prognostic_low","c55-h60",0.0995,199,2000
34,8000,70,16,"heterogeneous","bonferroni","prognostic_low","c55-h60",0.109,218,2000
35,4000,140,16,"heterogeneous","bonferroni","prognostic_low","c55-h60",0.0735,147,2000
36,8000,140,16,"heterogeneous","bonferroni","prognostic_low","c55-h60",0.079,158,2000
1,4000,35,4,"null","naive","prognostic_low","c55-h60",0.279,558,2000
2,8000,35,4,"null","naive","prognostic_low","c55-h60",0.2815,563,2000
3,4000,70,4,"null","naive","prognostic_low","c55-h60",0.2645,529,2000
4,8000,70,4,"null","naive","prognostic_low","c55-h60",0.258,516,2000
5,4000,140,4,"null","naive","prognostic_low","c55-h60",0.218,436,2000
6,8000,140,4,"null","naive","prognostic_low","c55-h60",0.2085,417,2000
7,4000,35,16,"null","naive","prognostic_low","c55-h60",0.088,176,2000
8,8000,35,16,"null","naive","prognostic_low","c55-h60",0.078,156,2000
9,4000,70,16,"null","naive","prognostic_low","c55-h60",0.083,166,2000
10,8000,70,16,"null","naive","prognostic_low","c55-h60",0.0875,175,2000
11,4000,140,16,"null","naive","prognostic_low","c55-h60",0.07,140,2000
12,8000,140,16,"null","naive","prognostic_low","c55-h60",0.0595,119,2000
13,4000,35,4,"homogeneous","naive","prognostic_low","c55-h60",0.2895,579,2000
14,8000,35,4,"homogeneous","naive","prognostic_low","c55-h60",0.2905,581,2000
15,4000,70,4,"homogeneous","naive","prognostic_low","c55-h60",0.2785,557,2000
16,8000,70,4,"homogeneous","naive","prognostic_low","c55-h60",0.2575,515,2000
17,4000,140,4,"homogeneous","naive","prognostic_low","c55-h60",0.231,462,2000
18,8000,140,4,"homogeneous","naive","prognostic_low","c55-h60",0.253,506,2000
19,4000,35,16,"homogeneous","naive","prognostic_low","c55-h60",0.09,180,2000
20,8000,35,16,"homogeneous","naive","prognostic_low","c55-h60",0.0795,159,2000
21,4000,70,16,"homogeneous","naive","prognostic_low","c55-h60",0.0765,153,2000
22,8000,70,16,"homogeneous","naive","prognostic_low","c55-h60",0.09,180,2000
23,4000,140,16,"homogeneous","naive","prognostic_low","c55-h60",0.075,150,2000
24,8000,140,16,"homogeneous","naive","prognostic_low","c55-h60",0.085,170,2000
25,4000,35,4,"heterogeneous","naive","prognostic_low","c55-h60",0.2875,575,2000
26,8000,35,4,"heterogeneous","naive","prognostic_low","c55-h60",0.311,622,2000
27,4000,70,4,"heterogeneous","naive","prognostic_low","c55-h60",0.2905,581,2000
28,8000,70,4,"heterogeneous","naive","prognostic_low","c55-h60",0.278,556,2000
29,4000,140,4,"heterogeneous","naive","prognostic_low","c55-h60",0.243,486,2000
30,8000,140,4,"heterogeneous","naive","prognostic_low","c55-h60",0.2535,507,2000
31,4000,35,16,"heterogeneous","naive","prognostic_low","c55-h60",0.098,196,2000
32,8000,35,16,"heterogeneous","naive","prognostic_low","c55-h60",0.0985,197,2000
33,4000,70,16,"heterogeneous","naive","prognostic_low","c55-h60",0.0995,199,2000
34,8000,70,16,"heterogeneous","naive","prognostic_low","c55-h60",0.109,218,2000
35,4000,140,16,"heterogeneous","naive","prognostic_low","c55-h60",0.0735,147,2000
36,8000,140,16,"heterogeneous","naive","prognostic_low","c55-h60",0.079,158,2000
1,4000,35,4,"null","split","prognostic_low","c55-h60",0.283,566,2000
2,8000,35,4,"null","split","prognostic_low","c55-h60",0.289,578,2000
3,4000,70,4,"null","split","prognostic_low","c55-h60",0.281,562,2000
4,8000,70,4,"null","split","prognostic_low","c55-h60",0.2805,561,2000
5,4000,140,4,"null","split","prognostic_low","c55-h60",0.265,530,2000
6,8000,140,4,"null","split","prognostic_low","c55-h60",0.252,504,2000
7,4000,35,16,"null","split","prognostic_low","c55-h60",0.0835,167,2000
8,8000,35,16,"null","split","prognostic_low","c55-h60",0.0835,167,2000
9,4000,70,16,"null","split","prognostic_low","c55-h60",0.083,166,2000
10,8000,70,16,"null","split","prognostic_low","c55-h60",0.092,184,2000
11,4000,140,16,"null","split","prognostic_low","c55-h60",0.089,178,2000
12,8000,140,16,"null","split","prognostic_low","c55-h60",0.0865,173,2000
13,4000,35,4,"homogeneous","split","prognostic_low","c55-h60",0.279,558,2000
14,8000,35,4,"homogeneous","split","prognostic_low","c55-h60",0.288,576,2000
15,4000,70,4,"homogeneous","split","prognostic_low","c55-h60",0.2755,551,2000
16,8000,70,4,"homogeneous","split","prognostic_low","c55-h60",0.2765,553,2000
17,4000,140,4,"homogeneous","split","prognostic_low","c55-h60",0.271,542,2000
18,8000,140,4,"homogeneous","split","prognostic_low","c55-h60",0.2795,559,2000
19,4000,35,16,"homogeneous","split","prognostic_low","c55-h60",0.0825,165,2000
20,8000,35,16,"homogeneous","split","prognostic_low","c55-h60",0.069,138,2000
21,4000,70,16,"homogeneous","split","prognostic_low","c55-h60",0.0845,169,2000
22,8000,70,16,"homogeneous","split","prognostic_low","c55-h60",0.0895,179,2000
23,4000,140,16,"homogeneous","split","prognostic_low","c55-h60",0.088,176,2000
24,8000,140,16,"homogeneous","split","prognostic_low","c55-h60",0.087,174,2000
25,4000,35,4,"heterogeneous","split","prognostic_low","c55-h60",0.2925,585,2000
26,8000,35,4,"heterogeneous","split","prognostic_low","c55-h60",0.2995,599,2000
27,4000,70,4,"heterogeneous","split","prognostic_low","c55-h60",0.293,586,2000
28,8000,70,4,"heterogeneous","split","prognostic_low","c55-h60",0.303,606,2000
29,4000,140,4,"heterogeneous","split","prognostic_low","c55-h60",0.2745,549,2000
30,8000,140,4,"heterogeneous","split","prognostic_low","c55-h60",0.2825,565,2000
31,4000,35,16,"heterogeneous","split","prognostic_low","c55-h60",0.0865,173,2000
32,8000,35,16,"heterogeneous","split","prognostic_low","c55-h60",0.084,168,2000
33,4000,70,16,"heterogeneous","split","prognostic_low","c55-h60",0.105,210,2000
34,8000,70,16,"heterogeneous","split","prognostic_low","c55-h60",0.103,206,2000
35,4000,140,16,"heterogeneous","split","prognostic_low","c55-h60",0.1,200,2000
36,8000,140,16,"heterogeneous","split","prognostic_low","c55-h60",0.093,186,2000
1,4000,35,4,"null","bonferroni","workability","c55-h60",0.058,116,2000
2,8000,35,4,"null","bonferroni","workability","c55-h60",0.0665,133,2000
3,4000,70,4,"null","bonferroni","workability","c55-h60",0.4785,957,2000
4,8000,70,4,"null","bonferroni","workability","c55-h60",0.494,988,2000
7,4000,35,16,"null","bonferroni","workability","c55-h60",0.0635,127,2000
8,8000,35,16,"null","bonferroni","workability","c55-h60",0.0695,139,2000
9,4000,70,16,"null","bonferroni","workability","c55-h60",0.007,14,2000
10,8000,70,16,"null","bonferroni","workability","c55-h60",0.0075,15,2000
13,4000,35,4,"homogeneous","bonferroni","workability","c55-h60",0.003,6,2000
14,8000,35,4,"homogeneous","bonferroni","workability","c55-h60",0.0045,9,2000
15,4000,70,4,"homogeneous","bonferroni","workability","c55-h60",0.8925,1785,2000
16,8000,70,4,"homogeneous","bonferroni","workability","c55-h60",0.9045,1809,2000
19,4000,35,16,"homogeneous","bonferroni","workability","c55-h60",0.002,4,2000
20,8000,35,16,"homogeneous","bonferroni","workability","c55-h60",0.0035,7,2000
21,4000,70,16,"homogeneous","bonferroni","workability","c55-h60",0.1245,249,2000
22,8000,70,16,"homogeneous","bonferroni","workability","c55-h60",0.1215,243,2000
25,4000,35,4,"heterogeneous","bonferroni","workability","c55-h60",0.049,98,2000
26,8000,35,4,"heterogeneous","bonferroni","workability","c55-h60",0.0365,73,2000
27,4000,70,4,"heterogeneous","bonferroni","workability","c55-h60",0.5695,1139,2000
28,8000,70,4,"heterogeneous","bonferroni","workability","c55-h60",0.563,1126,2000
31,4000,35,16,"heterogeneous","bonferroni","workability","c55-h60",0.044,88,2000
32,8000,35,16,"heterogeneous","bonferroni","workability","c55-h60",0.038,76,2000
33,4000,70,16,"heterogeneous","bonferroni","workability","c55-h60",0.01,20,2000
34,8000,70,16,"heterogeneous","bonferroni","workability","c55-h60",0.009,18,2000
1,4000,35,4,"null","naive","workability","c55-h60",0.058,116,2000
2,8000,35,4,"null","naive","workability","c55-h60",0.0665,133,2000
3,4000,70,4,"null","naive","workability","c55-h60",0.4785,957,2000
4,8000,70,4,"null","naive","workability","c55-h60",0.494,988,2000
7,4000,35,16,"null","naive","workability","c55-h60",0.0635,127,2000
8,8000,35,16,"null","naive","workability","c55-h60",0.0695,139,2000
9,4000,70,16,"null","naive","workability","c55-h60",0.007,14,2000
10,8000,70,16,"null","naive","workability","c55-h60",0.0075,15,2000
13,4000,35,4,"homogeneous","naive","workability","c55-h60",0.003,6,2000
14,8000,35,4,"homogeneous","naive","workability","c55-h60",0.0045,9,2000
15,4000,70,4,"homogeneous","naive","workability","c55-h60",0.8925,1785,2000
16,8000,70,4,"homogeneous","naive","workability","c55-h60",0.9045,1809,2000
19,4000,35,16,"homogeneous","naive","workability","c55-h60",0.002,4,2000
20,8000,35,16,"homogeneous","naive","workability","c55-h60",0.0035,7,2000
21,4000,70,16,"homogeneous","naive","workability","c55-h60",0.1245,249,2000
22,8000,70,16,"homogeneous","naive","workability","c55-h60",0.1215,243,2000
25,4000,35,4,"heterogeneous","naive","workability","c55-h60",0.049,98,2000
26,8000,35,4,"heterogeneous","naive","workability","c55-h60",0.0365,73,2000
27,4000,70,4,"heterogeneous","naive","workability","c55-h60",0.5695,1139,2000
28,8000,70,4,"heterogeneous","naive","workability","c55-h60",0.563,1126,2000
31,4000,35,16,"heterogeneous","naive","workability","c55-h60",0.044,88,2000
32,8000,35,16,"heterogeneous","naive","workability","c55-h60",0.038,76,2000
33,4000,70,16,"heterogeneous","naive","workability","c55-h60",0.01,20,2000
34,8000,70,16,"heterogeneous","naive","workability","c55-h60",0.009,18,2000
1,4000,35,4,"null","split","workability","c55-h60",0.147,294,2000
2,8000,35,4,"null","split","workability","c55-h60",0.1635,327,2000
3,4000,70,4,"null","split","workability","c55-h60",0.497,994,2000
4,8000,70,4,"null","split","workability","c55-h60",0.4945,989,2000
7,4000,35,16,"null","split","workability","c55-h60",0.1455,291,2000
8,8000,35,16,"null","split","workability","c55-h60",0.142,284,2000
9,4000,70,16,"null","split","workability","c55-h60",0.028,56,2000
10,8000,70,16,"null","split","workability","c55-h60",0.031,62,2000
13,4000,35,4,"homogeneous","split","workability","c55-h60",0.031,62,2000
14,8000,35,4,"homogeneous","split","workability","c55-h60",0.026,52,2000
15,4000,70,4,"homogeneous","split","workability","c55-h60",0.8035,1607,2000
16,8000,70,4,"homogeneous","split","workability","c55-h60",0.7895,1579,2000
19,4000,35,16,"homogeneous","split","workability","c55-h60",0.022,44,2000
20,8000,35,16,"homogeneous","split","workability","c55-h60",0.0295,59,2000
21,4000,70,16,"homogeneous","split","workability","c55-h60",0.1865,373,2000
22,8000,70,16,"homogeneous","split","workability","c55-h60",0.1785,357,2000
25,4000,35,4,"heterogeneous","split","workability","c55-h60",0.118,236,2000
26,8000,35,4,"heterogeneous","split","workability","c55-h60",0.1255,251,2000
27,4000,70,4,"heterogeneous","split","workability","c55-h60",0.5395,1079,2000
28,8000,70,4,"heterogeneous","split","workability","c55-h60",0.5255,1051,2000
31,4000,35,16,"heterogeneous","split","workability","c55-h60",0.0975,195,2000
32,8000,35,16,"heterogeneous","split","workability","c55-h60",0.112,224,2000
33,4000,70,16,"heterogeneous","split","workability","c55-h60",0.0415,83,2000
34,8000,70,16,"heterogeneous","split","workability","c55-h60",0.038,76,2000
7,4000,35,16,"null","bonferroni","effect_seeking","c60-h24",0.1045,209,2000
8,8000,35,16,"null","bonferroni","effect_seeking","c60-h24",0.093,186,2000
9,4000,70,16,"null","bonferroni","effect_seeking","c60-h24",0.109,218,2000
10,8000,70,16,"null","bonferroni","effect_seeking","c60-h24",0.104,208,2000
11,4000,140,16,"null","bonferroni","effect_seeking","c60-h24",0.102,204,2000
12,8000,140,16,"null","bonferroni","effect_seeking","c60-h24",0.1165,233,2000
19,4000,35,16,"homogeneous","bonferroni","effect_seeking","c60-h24",0.0515,103,2000
20,8000,35,16,"homogeneous","bonferroni","effect_seeking","c60-h24",0.045,90,2000
21,4000,70,16,"homogeneous","bonferroni","effect_seeking","c60-h24",0.0285,57,2000
22,8000,70,16,"homogeneous","bonferroni","effect_seeking","c60-h24",0.0295,59,2000
23,4000,140,16,"homogeneous","bonferroni","effect_seeking","c60-h24",0.016,32,2000
24,8000,140,16,"homogeneous","bonferroni","effect_seeking","c60-h24",0.0135,27,2000
31,4000,35,16,"heterogeneous","bonferroni","effect_seeking","c60-h24",0.0505,101,2000
32,8000,35,16,"heterogeneous","bonferroni","effect_seeking","c60-h24",0.0525,105,2000
33,4000,70,16,"heterogeneous","bonferroni","effect_seeking","c60-h24",0.037,74,2000
34,8000,70,16,"heterogeneous","bonferroni","effect_seeking","c60-h24",0.0345,69,2000
35,4000,140,16,"heterogeneous","bonferroni","effect_seeking","c60-h24",0.0255,51,2000
36,8000,140,16,"heterogeneous","bonferroni","effect_seeking","c60-h24",0.0185,37,2000
7,4000,35,16,"null","naive","effect_seeking","c60-h24",0.1045,209,2000
8,8000,35,16,"null","naive","effect_seeking","c60-h24",0.093,186,2000
9,4000,70,16,"null","naive","effect_seeking","c60-h24",0.109,218,2000
10,8000,70,16,"null","naive","effect_seeking","c60-h24",0.104,208,2000
11,4000,140,16,"null","naive","effect_seeking","c60-h24",0.102,204,2000
12,8000,140,16,"null","naive","effect_seeking","c60-h24",0.1165,233,2000
19,4000,35,16,"homogeneous","naive","effect_seeking","c60-h24",0.0515,103,2000
20,8000,35,16,"homogeneous","naive","effect_seeking","c60-h24",0.045,90,2000
21,4000,70,16,"homogeneous","naive","effect_seeking","c60-h24",0.0285,57,2000
22,8000,70,16,"homogeneous","naive","effect_seeking","c60-h24",0.0295,59,2000
23,4000,140,16,"homogeneous","naive","effect_seeking","c60-h24",0.016,32,2000
24,8000,140,16,"homogeneous","naive","effect_seeking","c60-h24",0.0135,27,2000
31,4000,35,16,"heterogeneous","naive","effect_seeking","c60-h24",0.0505,101,2000
32,8000,35,16,"heterogeneous","naive","effect_seeking","c60-h24",0.0525,105,2000
33,4000,70,16,"heterogeneous","naive","effect_seeking","c60-h24",0.037,74,2000
34,8000,70,16,"heterogeneous","naive","effect_seeking","c60-h24",0.0345,69,2000
35,4000,140,16,"heterogeneous","naive","effect_seeking","c60-h24",0.0255,51,2000
36,8000,140,16,"heterogeneous","naive","effect_seeking","c60-h24",0.0185,37,2000
7,4000,35,16,"null","bonferroni","prognostic_high","c60-h24",0.0195,39,2000
8,8000,35,16,"null","bonferroni","prognostic_high","c60-h24",0.0185,37,2000
9,4000,70,16,"null","bonferroni","prognostic_high","c60-h24",0.0045,9,2000
10,8000,70,16,"null","bonferroni","prognostic_high","c60-h24",0.0055,11,2000
11,4000,140,16,"null","bonferroni","prognostic_high","c60-h24",0.0015,3,2000
19,4000,35,16,"homogeneous","bonferroni","prognostic_high","c60-h24",0.0265,53,2000
20,8000,35,16,"homogeneous","bonferroni","prognostic_high","c60-h24",0.034,68,2000
21,4000,70,16,"homogeneous","bonferroni","prognostic_high","c60-h24",0.01,20,2000
22,8000,70,16,"homogeneous","bonferroni","prognostic_high","c60-h24",0.006,12,2000
23,4000,140,16,"homogeneous","bonferroni","prognostic_high","c60-h24",0.0015,3,2000
24,8000,140,16,"homogeneous","bonferroni","prognostic_high","c60-h24",0.003,6,2000
31,4000,35,16,"heterogeneous","bonferroni","prognostic_high","c60-h24",0.015,30,2000
32,8000,35,16,"heterogeneous","bonferroni","prognostic_high","c60-h24",0.024,48,2000
33,4000,70,16,"heterogeneous","bonferroni","prognostic_high","c60-h24",0.004,8,2000
34,8000,70,16,"heterogeneous","bonferroni","prognostic_high","c60-h24",0.0055,11,2000
35,4000,140,16,"heterogeneous","bonferroni","prognostic_high","c60-h24",5e-04,1,2000
36,8000,140,16,"heterogeneous","bonferroni","prognostic_high","c60-h24",0.001,2,2000
7,4000,35,16,"null","naive","prognostic_high","c60-h24",0.0195,39,2000
8,8000,35,16,"null","naive","prognostic_high","c60-h24",0.0185,37,2000
9,4000,70,16,"null","naive","prognostic_high","c60-h24",0.0045,9,2000
10,8000,70,16,"null","naive","prognostic_high","c60-h24",0.0055,11,2000
11,4000,140,16,"null","naive","prognostic_high","c60-h24",0.0015,3,2000
19,4000,35,16,"homogeneous","naive","prognostic_high","c60-h24",0.0265,53,2000
20,8000,35,16,"homogeneous","naive","prognostic_high","c60-h24",0.034,68,2000
21,4000,70,16,"homogeneous","naive","prognostic_high","c60-h24",0.01,20,2000
22,8000,70,16,"homogeneous","naive","prognostic_high","c60-h24",0.006,12,2000
23,4000,140,16,"homogeneous","naive","prognostic_high","c60-h24",0.0015,3,2000
24,8000,140,16,"homogeneous","naive","prognostic_high","c60-h24",0.003,6,2000
31,4000,35,16,"heterogeneous","naive","prognostic_high","c60-h24",0.015,30,2000
32,8000,35,16,"heterogeneous","naive","prognostic_high","c60-h24",0.024,48,2000
33,4000,70,16,"heterogeneous","naive","prognostic_high","c60-h24",0.004,8,2000
34,8000,70,16,"heterogeneous","naive","prognostic_high","c60-h24",0.0055,11,2000
35,4000,140,16,"heterogeneous","naive","prognostic_high","c60-h24",5e-04,1,2000
36,8000,140,16,"heterogeneous","naive","prognostic_high","c60-h24",0.001,2,2000
7,4000,35,16,"null","split","prognostic_high","c60-h24",0.0505,101,2000
8,8000,35,16,"null","split","prognostic_high","c60-h24",0.0435,87,2000
9,4000,70,16,"null","split","prognostic_high","c60-h24",0.014,28,2000
10,8000,70,16,"null","split","prognostic_high","c60-h24",0.0185,37,2000
11,4000,140,16,"null","split","prognostic_high","c60-h24",0.008,16,2000
12,8000,140,16,"null","split","prognostic_high","c60-h24",0.0065,13,2000
19,4000,35,16,"homogeneous","split","prognostic_high","c60-h24",0.0535,107,2000
20,8000,35,16,"homogeneous","split","prognostic_high","c60-h24",0.062,124,2000
21,4000,70,16,"homogeneous","split","prognostic_high","c60-h24",0.025,50,2000
22,8000,70,16,"homogeneous","split","prognostic_high","c60-h24",0.0275,55,2000
23,4000,140,16,"homogeneous","split","prognostic_high","c60-h24",0.009,18,2000
24,8000,140,16,"homogeneous","split","prognostic_high","c60-h24",0.0105,21,2000
31,4000,35,16,"heterogeneous","split","prognostic_high","c60-h24",0.0435,87,2000
32,8000,35,16,"heterogeneous","split","prognostic_high","c60-h24",0.0445,89,2000
33,4000,70,16,"heterogeneous","split","prognostic_high","c60-h24",0.02,40,2000
34,8000,70,16,"heterogeneous","split","prognostic_high","c60-h24",0.0195,39,2000
35,4000,140,16,"heterogeneous","split","prognostic_high","c60-h24",0.01,20,2000
36,8000,140,16,"heterogeneous","split","prognostic_high","c60-h24",0.0045,9,2000
7,4000,35,16,"null","bonferroni","prognostic_low","c60-h24",0.0305,61,2000
8,8000,35,16,"null","bonferroni","prognostic_low","c60-h24",0.0355,71,2000
9,4000,70,16,"null","bonferroni","prognostic_low","c60-h24",0.0185,37,2000
10,8000,70,16,"null","bonferroni","prognostic_low","c60-h24",0.016,32,2000
11,4000,140,16,"null","bonferroni","prognostic_low","c60-h24",0.0035,7,2000
12,8000,140,16,"null","bonferroni","prognostic_low","c60-h24",0.0035,7,2000
19,4000,35,16,"homogeneous","bonferroni","prognostic_low","c60-h24",0.057,114,2000
20,8000,35,16,"homogeneous","bonferroni","prognostic_low","c60-h24",0.0585,117,2000
21,4000,70,16,"homogeneous","bonferroni","prognostic_low","c60-h24",0.027,54,2000
22,8000,70,16,"homogeneous","bonferroni","prognostic_low","c60-h24",0.023,46,2000
23,4000,140,16,"homogeneous","bonferroni","prognostic_low","c60-h24",0.0095,19,2000
24,8000,140,16,"homogeneous","bonferroni","prognostic_low","c60-h24",0.0045,9,2000
31,4000,35,16,"heterogeneous","bonferroni","prognostic_low","c60-h24",0.0365,73,2000
32,8000,35,16,"heterogeneous","bonferroni","prognostic_low","c60-h24",0.034,68,2000
33,4000,70,16,"heterogeneous","bonferroni","prognostic_low","c60-h24",0.012,24,2000
34,8000,70,16,"heterogeneous","bonferroni","prognostic_low","c60-h24",0.011,22,2000
35,4000,140,16,"heterogeneous","bonferroni","prognostic_low","c60-h24",0.0025,5,2000
36,8000,140,16,"heterogeneous","bonferroni","prognostic_low","c60-h24",0.0025,5,2000
7,4000,35,16,"null","naive","prognostic_low","c60-h24",0.0305,61,2000
8,8000,35,16,"null","naive","prognostic_low","c60-h24",0.0355,71,2000
9,4000,70,16,"null","naive","prognostic_low","c60-h24",0.0185,37,2000
10,8000,70,16,"null","naive","prognostic_low","c60-h24",0.016,32,2000
11,4000,140,16,"null","naive","prognostic_low","c60-h24",0.0035,7,2000
12,8000,140,16,"null","naive","prognostic_low","c60-h24",0.0035,7,2000
19,4000,35,16,"homogeneous","naive","prognostic_low","c60-h24",0.057,114,2000
20,8000,35,16,"homogeneous","naive","prognostic_low","c60-h24",0.0585,117,2000
21,4000,70,16,"homogeneous","naive","prognostic_low","c60-h24",0.027,54,2000
22,8000,70,16,"homogeneous","naive","prognostic_low","c60-h24",0.023,46,2000
23,4000,140,16,"homogeneous","naive","prognostic_low","c60-h24",0.0095,19,2000
24,8000,140,16,"homogeneous","naive","prognostic_low","c60-h24",0.0045,9,2000
31,4000,35,16,"heterogeneous","naive","prognostic_low","c60-h24",0.0365,73,2000
32,8000,35,16,"heterogeneous","naive","prognostic_low","c60-h24",0.034,68,2000
33,4000,70,16,"heterogeneous","naive","prognostic_low","c60-h24",0.012,24,2000
34,8000,70,16,"heterogeneous","naive","prognostic_low","c60-h24",0.011,22,2000
35,4000,140,16,"heterogeneous","naive","prognostic_low","c60-h24",0.0025,5,2000
36,8000,140,16,"heterogeneous","naive","prognostic_low","c60-h24",0.0025,5,2000
7,4000,35,16,"null","split","prognostic_low","c60-h24",0.071,142,2000
8,8000,35,16,"null","split","prognostic_low","c60-h24",0.0835,167,2000
9,4000,70,16,"null","split","prognostic_low","c60-h24",0.0455,91,2000
10,8000,70,16,"null","split","prognostic_low","c60-h24",0.037,74,2000
11,4000,140,16,"null","split","prognostic_low","c60-h24",0.0195,39,2000
12,8000,140,16,"null","split","prognostic_low","c60-h24",0.0165,33,2000
19,4000,35,16,"homogeneous","split","prognostic_low","c60-h24",0.094,188,2000
20,8000,35,16,"homogeneous","split","prognostic_low","c60-h24",0.092,184,2000
21,4000,70,16,"homogeneous","split","prognostic_low","c60-h24",0.058,116,2000
22,8000,70,16,"homogeneous","split","prognostic_low","c60-h24",0.054,108,2000
23,4000,140,16,"homogeneous","split","prognostic_low","c60-h24",0.027,54,2000
24,8000,140,16,"homogeneous","split","prognostic_low","c60-h24",0.022,44,2000
31,4000,35,16,"heterogeneous","split","prognostic_low","c60-h24",0.068,136,2000
32,8000,35,16,"heterogeneous","split","prognostic_low","c60-h24",0.068,136,2000
33,4000,70,16,"heterogeneous","split","prognostic_low","c60-h24",0.0325,65,2000
34,8000,70,16,"heterogeneous","split","prognostic_low","c60-h24",0.0365,73,2000
35,4000,140,16,"heterogeneous","split","prognostic_low","c60-h24",0.0185,37,2000
36,8000,140,16,"heterogeneous","split","prognostic_low","c60-h24",0.0095,19,2000
11,4000,140,16,"null","bonferroni","workability","c60-h24",0.3185,637,2000
12,8000,140,16,"null","bonferroni","workability","c60-h24",0.297,594,2000
23,4000,140,16,"homogeneous","bonferroni","workability","c60-h24",0.024,48,2000
24,8000,140,16,"homogeneous","bonferroni","workability","c60-h24",0.025,50,2000
35,4000,140,16,"heterogeneous","bonferroni","workability","c60-h24",0.307,614,2000
36,8000,140,16,"heterogeneous","bonferroni","workability","c60-h24",0.313,626,2000
11,4000,140,16,"null","naive","workability","c60-h24",0.3185,637,2000
12,8000,140,16,"null","naive","workability","c60-h24",0.297,594,2000
23,4000,140,16,"homogeneous","naive","workability","c60-h24",0.024,48,2000
24,8000,140,16,"homogeneous","naive","workability","c60-h24",0.025,50,2000
35,4000,140,16,"heterogeneous","naive","workability","c60-h24",0.307,614,2000
36,8000,140,16,"heterogeneous","naive","workability","c60-h24",0.313,626,2000
11,4000,140,16,"null","split","workability","c60-h24",0.372,744,2000
12,8000,140,16,"null","split","workability","c60-h24",0.3585,717,2000
23,4000,140,16,"homogeneous","split","workability","c60-h24",0.084,168,2000
24,8000,140,16,"homogeneous","split","workability","c60-h24",0.089,178,2000
35,4000,140,16,"heterogeneous","split","workability","c60-h24",0.3685,737,2000
36,8000,140,16,"heterogeneous","split","workability","c60-h24",0.3605,721,2000
7,4000,35,16,"null","bonferroni","effect_seeking","c60-h36",0.0755,151,2000
8,8000,35,16,"null","bonferroni","effect_seeking","c60-h36",0.059,118,2000
9,4000,70,16,"null","bonferroni","effect_seeking","c60-h36",0.0685,137,2000
10,8000,70,16,"null","bonferroni","effect_seeking","c60-h36",0.0645,129,2000
11,4000,140,16,"null","bonferroni","effect_seeking","c60-h36",0.061,122,2000
12,8000,140,16,"null","bonferroni","effect_seeking","c60-h36",0.0725,145,2000
19,4000,35,16,"homogeneous","bonferroni","effect_seeking","c60-h36",0.0345,69,2000
20,8000,35,16,"homogeneous","bonferroni","effect_seeking","c60-h36",0.0345,69,2000
21,4000,70,16,"homogeneous","bonferroni","effect_seeking","c60-h36",0.0185,37,2000
22,8000,70,16,"homogeneous","bonferroni","effect_seeking","c60-h36",0.021,42,2000
23,4000,140,16,"homogeneous","bonferroni","effect_seeking","c60-h36",0.0165,33,2000
24,8000,140,16,"homogeneous","bonferroni","effect_seeking","c60-h36",0.0145,29,2000
31,4000,35,16,"heterogeneous","bonferroni","effect_seeking","c60-h36",0.026,52,2000
32,8000,35,16,"heterogeneous","bonferroni","effect_seeking","c60-h36",0.0355,71,2000
33,4000,70,16,"heterogeneous","bonferroni","effect_seeking","c60-h36",0.025,50,2000
34,8000,70,16,"heterogeneous","bonferroni","effect_seeking","c60-h36",0.0185,37,2000
35,4000,140,16,"heterogeneous","bonferroni","effect_seeking","c60-h36",0.0095,19,2000
36,8000,140,16,"heterogeneous","bonferroni","effect_seeking","c60-h36",0.009,18,2000
7,4000,35,16,"null","naive","effect_seeking","c60-h36",0.0755,151,2000
8,8000,35,16,"null","naive","effect_seeking","c60-h36",0.059,118,2000
9,4000,70,16,"null","naive","effect_seeking","c60-h36",0.0685,137,2000
10,8000,70,16,"null","naive","effect_seeking","c60-h36",0.0645,129,2000
11,4000,140,16,"null","naive","effect_seeking","c60-h36",0.061,122,2000
12,8000,140,16,"null","naive","effect_seeking","c60-h36",0.0725,145,2000
19,4000,35,16,"homogeneous","naive","effect_seeking","c60-h36",0.0345,69,2000
20,8000,35,16,"homogeneous","naive","effect_seeking","c60-h36",0.0345,69,2000
21,4000,70,16,"homogeneous","naive","effect_seeking","c60-h36",0.0185,37,2000
22,8000,70,16,"homogeneous","naive","effect_seeking","c60-h36",0.021,42,2000
23,4000,140,16,"homogeneous","naive","effect_seeking","c60-h36",0.0165,33,2000
24,8000,140,16,"homogeneous","naive","effect_seeking","c60-h36",0.0145,29,2000
31,4000,35,16,"heterogeneous","naive","effect_seeking","c60-h36",0.026,52,2000
32,8000,35,16,"heterogeneous","naive","effect_seeking","c60-h36",0.0355,71,2000
33,4000,70,16,"heterogeneous","naive","effect_seeking","c60-h36",0.025,50,2000
34,8000,70,16,"heterogeneous","naive","effect_seeking","c60-h36",0.0185,37,2000
35,4000,140,16,"heterogeneous","naive","effect_seeking","c60-h36",0.0095,19,2000
36,8000,140,16,"heterogeneous","naive","effect_seeking","c60-h36",0.009,18,2000
7,4000,35,16,"null","bonferroni","prognostic_high","c60-h36",0.0395,79,2000
8,8000,35,16,"null","bonferroni","prognostic_high","c60-h36",0.0315,63,2000
9,4000,70,16,"null","bonferroni","prognostic_high","c60-h36",0.0185,37,2000
10,8000,70,16,"null","bonferroni","prognostic_high","c60-h36",0.011,22,2000
11,4000,140,16,"null","bonferroni","prognostic_high","c60-h36",0.007,14,2000
12,8000,140,16,"null","bonferroni","prognostic_high","c60-h36",0.005,10,2000
19,4000,35,16,"homogeneous","bonferroni","prognostic_high","c60-h36",0.0395,79,2000
20,8000,35,16,"homogeneous","bonferroni","prognostic_high","c60-h36",0.0345,69,2000
21,4000,70,16,"homogeneous","bonferroni","prognostic_high","c60-h36",0.0245,49,2000
22,8000,70,16,"homogeneous","bonferroni","prognostic_high","c60-h36",0.022,44,2000
23,4000,140,16,"homogeneous","bonferroni","prognostic_high","c60-h36",0.0095,19,2000
24,8000,140,16,"homogeneous","bonferroni","prognostic_high","c60-h36",0.011,22,2000
31,4000,35,16,"heterogeneous","bonferroni","prognostic_high","c60-h36",0.0455,91,2000
32,8000,35,16,"heterogeneous","bonferroni","prognostic_high","c60-h36",0.0425,85,2000
33,4000,70,16,"heterogeneous","bonferroni","prognostic_high","c60-h36",0.018,36,2000
34,8000,70,16,"heterogeneous","bonferroni","prognostic_high","c60-h36",0.015,30,2000
35,4000,140,16,"heterogeneous","bonferroni","prognostic_high","c60-h36",0.0065,13,2000
36,8000,140,16,"heterogeneous","bonferroni","prognostic_high","c60-h36",0.005,10,2000
7,4000,35,16,"null","naive","prognostic_high","c60-h36",0.0395,79,2000
8,8000,35,16,"null","naive","prognostic_high","c60-h36",0.0315,63,2000
9,4000,70,16,"null","naive","prognostic_high","c60-h36",0.0185,37,2000
10,8000,70,16,"null","naive","prognostic_high","c60-h36",0.011,22,2000
11,4000,140,16,"null","naive","prognostic_high","c60-h36",0.007,14,2000
12,8000,140,16,"null","naive","prognostic_high","c60-h36",0.005,10,2000
19,4000,35,16,"homogeneous","naive","prognostic_high","c60-h36",0.0395,79,2000
20,8000,35,16,"homogeneous","naive","prognostic_high","c60-h36",0.0345,69,2000
21,4000,70,16,"homogeneous","naive","prognostic_high","c60-h36",0.0245,49,2000
22,8000,70,16,"homogeneous","naive","prognostic_high","c60-h36",0.022,44,2000
23,4000,140,16,"homogeneous","naive","prognostic_high","c60-h36",0.0095,19,2000
24,8000,140,16,"homogeneous","naive","prognostic_high","c60-h36",0.011,22,2000
31,4000,35,16,"heterogeneous","naive","prognostic_high","c60-h36",0.0455,91,2000
32,8000,35,16,"heterogeneous","naive","prognostic_high","c60-h36",0.0425,85,2000
33,4000,70,16,"heterogeneous","naive","prognostic_high","c60-h36",0.018,36,2000
34,8000,70,16,"heterogeneous","naive","prognostic_high","c60-h36",0.015,30,2000
35,4000,140,16,"heterogeneous","naive","prognostic_high","c60-h36",0.0065,13,2000
36,8000,140,16,"heterogeneous","naive","prognostic_high","c60-h36",0.005,10,2000
7,4000,35,16,"null","split","prognostic_high","c60-h36",0.0535,107,2000
8,8000,35,16,"null","split","prognostic_high","c60-h36",0.0515,103,2000
9,4000,70,16,"null","split","prognostic_high","c60-h36",0.0315,63,2000
10,8000,70,16,"null","split","prognostic_high","c60-h36",0.03,60,2000
11,4000,140,16,"null","split","prognostic_high","c60-h36",0.0185,37,2000
12,8000,140,16,"null","split","prognostic_high","c60-h36",0.0205,41,2000
19,4000,35,16,"homogeneous","split","prognostic_high","c60-h36",0.0585,117,2000
20,8000,35,16,"homogeneous","split","prognostic_high","c60-h36",0.0625,125,2000
21,4000,70,16,"homogeneous","split","prognostic_high","c60-h36",0.0395,79,2000
22,8000,70,16,"homogeneous","split","prognostic_high","c60-h36",0.048,96,2000
23,4000,140,16,"homogeneous","split","prognostic_high","c60-h36",0.034,68,2000
24,8000,140,16,"homogeneous","split","prognostic_high","c60-h36",0.022,44,2000
31,4000,35,16,"heterogeneous","split","prognostic_high","c60-h36",0.0645,129,2000
32,8000,35,16,"heterogeneous","split","prognostic_high","c60-h36",0.059,118,2000
33,4000,70,16,"heterogeneous","split","prognostic_high","c60-h36",0.033,66,2000
34,8000,70,16,"heterogeneous","split","prognostic_high","c60-h36",0.0305,61,2000
35,4000,140,16,"heterogeneous","split","prognostic_high","c60-h36",0.0205,41,2000
36,8000,140,16,"heterogeneous","split","prognostic_high","c60-h36",0.018,36,2000
7,4000,35,16,"null","bonferroni","prognostic_low","c60-h36",0.0425,85,2000
8,8000,35,16,"null","bonferroni","prognostic_low","c60-h36",0.046,92,2000
9,4000,70,16,"null","bonferroni","prognostic_low","c60-h36",0.0195,39,2000
10,8000,70,16,"null","bonferroni","prognostic_low","c60-h36",0.0205,41,2000
11,4000,140,16,"null","bonferroni","prognostic_low","c60-h36",0.011,22,2000
12,8000,140,16,"null","bonferroni","prognostic_low","c60-h36",0.011,22,2000
19,4000,35,16,"homogeneous","bonferroni","prognostic_low","c60-h36",0.039,78,2000
20,8000,35,16,"homogeneous","bonferroni","prognostic_low","c60-h36",0.0495,99,2000
21,4000,70,16,"homogeneous","bonferroni","prognostic_low","c60-h36",0.029,58,2000
22,8000,70,16,"homogeneous","bonferroni","prognostic_low","c60-h36",0.031,62,2000
23,4000,140,16,"homogeneous","bonferroni","prognostic_low","c60-h36",0.0175,35,2000
24,8000,140,16,"homogeneous","bonferroni","prognostic_low","c60-h36",0.013,26,2000
31,4000,35,16,"heterogeneous","bonferroni","prognostic_low","c60-h36",0.0395,79,2000
32,8000,35,16,"heterogeneous","bonferroni","prognostic_low","c60-h36",0.038,76,2000
33,4000,70,16,"heterogeneous","bonferroni","prognostic_low","c60-h36",0.0175,35,2000
34,8000,70,16,"heterogeneous","bonferroni","prognostic_low","c60-h36",0.0225,45,2000
35,4000,140,16,"heterogeneous","bonferroni","prognostic_low","c60-h36",0.009,18,2000
36,8000,140,16,"heterogeneous","bonferroni","prognostic_low","c60-h36",0.008,16,2000
7,4000,35,16,"null","naive","prognostic_low","c60-h36",0.0425,85,2000
8,8000,35,16,"null","naive","prognostic_low","c60-h36",0.046,92,2000
9,4000,70,16,"null","naive","prognostic_low","c60-h36",0.0195,39,2000
10,8000,70,16,"null","naive","prognostic_low","c60-h36",0.0205,41,2000
11,4000,140,16,"null","naive","prognostic_low","c60-h36",0.011,22,2000
12,8000,140,16,"null","naive","prognostic_low","c60-h36",0.011,22,2000
19,4000,35,16,"homogeneous","naive","prognostic_low","c60-h36",0.039,78,2000
20,8000,35,16,"homogeneous","naive","prognostic_low","c60-h36",0.0495,99,2000
21,4000,70,16,"homogeneous","naive","prognostic_low","c60-h36",0.029,58,2000
22,8000,70,16,"homogeneous","naive","prognostic_low","c60-h36",0.031,62,2000
23,4000,140,16,"homogeneous","naive","prognostic_low","c60-h36",0.0175,35,2000
24,8000,140,16,"homogeneous","naive","prognostic_low","c60-h36",0.013,26,2000
31,4000,35,16,"heterogeneous","naive","prognostic_low","c60-h36",0.0395,79,2000
32,8000,35,16,"heterogeneous","naive","prognostic_low","c60-h36",0.038,76,2000
33,4000,70,16,"heterogeneous","naive","prognostic_low","c60-h36",0.0175,35,2000
34,8000,70,16,"heterogeneous","naive","prognostic_low","c60-h36",0.0225,45,2000
35,4000,140,16,"heterogeneous","naive","prognostic_low","c60-h36",0.009,18,2000
36,8000,140,16,"heterogeneous","naive","prognostic_low","c60-h36",0.008,16,2000
7,4000,35,16,"null","split","prognostic_low","c60-h36",0.07,140,2000
8,8000,35,16,"null","split","prognostic_low","c60-h36",0.051,102,2000
9,4000,70,16,"null","split","prognostic_low","c60-h36",0.0385,77,2000
10,8000,70,16,"null","split","prognostic_low","c60-h36",0.0345,69,2000
11,4000,140,16,"null","split","prognostic_low","c60-h36",0.023,46,2000
12,8000,140,16,"null","split","prognostic_low","c60-h36",0.0285,57,2000
19,4000,35,16,"homogeneous","split","prognostic_low","c60-h36",0.07,140,2000
20,8000,35,16,"homogeneous","split","prognostic_low","c60-h36",0.0695,139,2000
21,4000,70,16,"homogeneous","split","prognostic_low","c60-h36",0.0605,121,2000
22,8000,70,16,"homogeneous","split","prognostic_low","c60-h36",0.05,100,2000
23,4000,140,16,"homogeneous","split","prognostic_low","c60-h36",0.034,68,2000
24,8000,140,16,"homogeneous","split","prognostic_low","c60-h36",0.027,54,2000
31,4000,35,16,"heterogeneous","split","prognostic_low","c60-h36",0.057,114,2000
32,8000,35,16,"heterogeneous","split","prognostic_low","c60-h36",0.054,108,2000
33,4000,70,16,"heterogeneous","split","prognostic_low","c60-h36",0.046,92,2000
34,8000,70,16,"heterogeneous","split","prognostic_low","c60-h36",0.0365,73,2000
35,4000,140,16,"heterogeneous","split","prognostic_low","c60-h36",0.024,48,2000
36,8000,140,16,"heterogeneous","split","prognostic_low","c60-h36",0.021,42,2000
9,4000,70,16,"null","bonferroni","workability","c60-h36",0.0015,3,2000
11,4000,140,16,"null","bonferroni","workability","c60-h36",0.6815,1363,2000
12,8000,140,16,"null","bonferroni","workability","c60-h36",0.7015,1403,2000
23,4000,140,16,"homogeneous","bonferroni","workability","c60-h36",0.904,1808,2000
24,8000,140,16,"homogeneous","bonferroni","workability","c60-h36",0.9015,1803,2000
33,4000,70,16,"heterogeneous","bonferroni","workability","c60-h36",0.001,2,2000
34,8000,70,16,"heterogeneous","bonferroni","workability","c60-h36",0.0035,7,2000
35,4000,140,16,"heterogeneous","bonferroni","workability","c60-h36",0.6915,1383,2000
36,8000,140,16,"heterogeneous","bonferroni","workability","c60-h36",0.684,1368,2000
9,4000,70,16,"null","naive","workability","c60-h36",0.0015,3,2000
11,4000,140,16,"null","naive","workability","c60-h36",0.6815,1363,2000
12,8000,140,16,"null","naive","workability","c60-h36",0.7015,1403,2000
23,4000,140,16,"homogeneous","naive","workability","c60-h36",0.904,1808,2000
24,8000,140,16,"homogeneous","naive","workability","c60-h36",0.9015,1803,2000
33,4000,70,16,"heterogeneous","naive","workability","c60-h36",0.001,2,2000
34,8000,70,16,"heterogeneous","naive","workability","c60-h36",0.0035,7,2000
35,4000,140,16,"heterogeneous","naive","workability","c60-h36",0.6915,1383,2000
36,8000,140,16,"heterogeneous","naive","workability","c60-h36",0.684,1368,2000
9,4000,70,16,"null","split","workability","c60-h36",0.0215,43,2000
10,8000,70,16,"null","split","workability","c60-h36",0.021,42,2000
11,4000,140,16,"null","split","workability","c60-h36",0.611,1222,2000
12,8000,140,16,"null","split","workability","c60-h36",0.6245,1249,2000
21,4000,70,16,"homogeneous","split","workability","c60-h36",0.003,6,2000
22,8000,70,16,"homogeneous","split","workability","c60-h36",5e-04,1,2000
23,4000,140,16,"homogeneous","split","workability","c60-h36",0.7595,1519,2000
24,8000,140,16,"homogeneous","split","workability","c60-h36",0.7545,1509,2000
33,4000,70,16,"heterogeneous","split","workability","c60-h36",0.0265,53,2000
34,8000,70,16,"heterogeneous","split","workability","c60-h36",0.0275,55,2000
35,4000,140,16,"heterogeneous","split","workability","c60-h36",0.6145,1229,2000
36,8000,140,16,"heterogeneous","split","workability","c60-h36",0.6225,1245,2000
7,4000,35,16,"null","bonferroni","effect_seeking","c60-h48",0.0665,133,2000
8,8000,35,16,"null","bonferroni","effect_seeking","c60-h48",0.0585,117,2000
9,4000,70,16,"null","bonferroni","effect_seeking","c60-h48",0.06,120,2000
10,8000,70,16,"null","bonferroni","effect_seeking","c60-h48",0.0535,107,2000
11,4000,140,16,"null","bonferroni","effect_seeking","c60-h48",0.0535,107,2000
12,8000,140,16,"null","bonferroni","effect_seeking","c60-h48",0.06,120,2000
19,4000,35,16,"homogeneous","bonferroni","effect_seeking","c60-h48",0.0375,75,2000
20,8000,35,16,"homogeneous","bonferroni","effect_seeking","c60-h48",0.042,84,2000
21,4000,70,16,"homogeneous","bonferroni","effect_seeking","c60-h48",0.029,58,2000
22,8000,70,16,"homogeneous","bonferroni","effect_seeking","c60-h48",0.032,64,2000
23,4000,140,16,"homogeneous","bonferroni","effect_seeking","c60-h48",0.025,50,2000
24,8000,140,16,"homogeneous","bonferroni","effect_seeking","c60-h48",0.0225,45,2000
31,4000,35,16,"heterogeneous","bonferroni","effect_seeking","c60-h48",0.0325,65,2000
32,8000,35,16,"heterogeneous","bonferroni","effect_seeking","c60-h48",0.0285,57,2000
33,4000,70,16,"heterogeneous","bonferroni","effect_seeking","c60-h48",0.0205,41,2000
34,8000,70,16,"heterogeneous","bonferroni","effect_seeking","c60-h48",0.0205,41,2000
35,4000,140,16,"heterogeneous","bonferroni","effect_seeking","c60-h48",0.0065,13,2000
36,8000,140,16,"heterogeneous","bonferroni","effect_seeking","c60-h48",0.008,16,2000
7,4000,35,16,"null","naive","effect_seeking","c60-h48",0.0665,133,2000
8,8000,35,16,"null","naive","effect_seeking","c60-h48",0.0585,117,2000
9,4000,70,16,"null","naive","effect_seeking","c60-h48",0.06,120,2000
10,8000,70,16,"null","naive","effect_seeking","c60-h48",0.0535,107,2000
11,4000,140,16,"null","naive","effect_seeking","c60-h48",0.0535,107,2000
12,8000,140,16,"null","naive","effect_seeking","c60-h48",0.06,120,2000
19,4000,35,16,"homogeneous","naive","effect_seeking","c60-h48",0.0375,75,2000
20,8000,35,16,"homogeneous","naive","effect_seeking","c60-h48",0.042,84,2000
21,4000,70,16,"homogeneous","naive","effect_seeking","c60-h48",0.029,58,2000
22,8000,70,16,"homogeneous","naive","effect_seeking","c60-h48",0.032,64,2000
23,4000,140,16,"homogeneous","naive","effect_seeking","c60-h48",0.025,50,2000
24,8000,140,16,"homogeneous","naive","effect_seeking","c60-h48",0.0225,45,2000
31,4000,35,16,"heterogeneous","naive","effect_seeking","c60-h48",0.0325,65,2000
32,8000,35,16,"heterogeneous","naive","effect_seeking","c60-h48",0.0285,57,2000
33,4000,70,16,"heterogeneous","naive","effect_seeking","c60-h48",0.0205,41,2000
34,8000,70,16,"heterogeneous","naive","effect_seeking","c60-h48",0.0205,41,2000
35,4000,140,16,"heterogeneous","naive","effect_seeking","c60-h48",0.0065,13,2000
36,8000,140,16,"heterogeneous","naive","effect_seeking","c60-h48",0.008,16,2000
7,4000,35,16,"null","bonferroni","prognostic_high","c60-h48",0.0735,147,2000
8,8000,35,16,"null","bonferroni","prognostic_high","c60-h48",0.081,162,2000
9,4000,70,16,"null","bonferroni","prognostic_high","c60-h48",0.0455,91,2000
10,8000,70,16,"null","bonferroni","prognostic_high","c60-h48",0.044,88,2000
11,4000,140,16,"null","bonferroni","prognostic_high","c60-h48",0.0275,55,2000
12,8000,140,16,"null","bonferroni","prognostic_high","c60-h48",0.024,48,2000
19,4000,35,16,"homogeneous","bonferroni","prognostic_high","c60-h48",0.082,164,2000
20,8000,35,16,"homogeneous","bonferroni","prognostic_high","c60-h48",0.0765,153,2000
21,4000,70,16,"homogeneous","bonferroni","prognostic_high","c60-h48",0.062,124,2000
22,8000,70,16,"homogeneous","bonferroni","prognostic_high","c60-h48",0.053,106,2000
23,4000,140,16,"homogeneous","bonferroni","prognostic_high","c60-h48",0.042,84,2000
24,8000,140,16,"homogeneous","bonferroni","prognostic_high","c60-h48",0.032,64,2000
31,4000,35,16,"heterogeneous","bonferroni","prognostic_high","c60-h48",0.0745,149,2000
32,8000,35,16,"heterogeneous","bonferroni","prognostic_high","c60-h48",0.0775,155,2000
33,4000,70,16,"heterogeneous","bonferroni","prognostic_high","c60-h48",0.042,84,2000
34,8000,70,16,"heterogeneous","bonferroni","prognostic_high","c60-h48",0.0465,93,2000
35,4000,140,16,"heterogeneous","bonferroni","prognostic_high","c60-h48",0.032,64,2000
36,8000,140,16,"heterogeneous","bonferroni","prognostic_high","c60-h48",0.0335,67,2000
7,4000,35,16,"null","naive","prognostic_high","c60-h48",0.0735,147,2000
8,8000,35,16,"null","naive","prognostic_high","c60-h48",0.081,162,2000
9,4000,70,16,"null","naive","prognostic_high","c60-h48",0.0455,91,2000
10,8000,70,16,"null","naive","prognostic_high","c60-h48",0.044,88,2000
11,4000,140,16,"null","naive","prognostic_high","c60-h48",0.0275,55,2000
12,8000,140,16,"null","naive","prognostic_high","c60-h48",0.024,48,2000
19,4000,35,16,"homogeneous","naive","prognostic_high","c60-h48",0.082,164,2000
20,8000,35,16,"homogeneous","naive","prognostic_high","c60-h48",0.0765,153,2000
21,4000,70,16,"homogeneous","naive","prognostic_high","c60-h48",0.062,124,2000
22,8000,70,16,"homogeneous","naive","prognostic_high","c60-h48",0.053,106,2000
23,4000,140,16,"homogeneous","naive","prognostic_high","c60-h48",0.042,84,2000
24,8000,140,16,"homogeneous","naive","prognostic_high","c60-h48",0.032,64,2000
31,4000,35,16,"heterogeneous","naive","prognostic_high","c60-h48",0.0745,149,2000
32,8000,35,16,"heterogeneous","naive","prognostic_high","c60-h48",0.0775,155,2000
33,4000,70,16,"heterogeneous","naive","prognostic_high","c60-h48",0.042,84,2000
34,8000,70,16,"heterogeneous","naive","prognostic_high","c60-h48",0.0465,93,2000
35,4000,140,16,"heterogeneous","naive","prognostic_high","c60-h48",0.032,64,2000
36,8000,140,16,"heterogeneous","naive","prognostic_high","c60-h48",0.0335,67,2000
7,4000,35,16,"null","split","prognostic_high","c60-h48",0.0885,177,2000
8,8000,35,16,"null","split","prognostic_high","c60-h48",0.0865,173,2000
9,4000,70,16,"null","split","prognostic_high","c60-h48",0.07,140,2000
10,8000,70,16,"null","split","prognostic_high","c60-h48",0.0735,147,2000
11,4000,140,16,"null","split","prognostic_high","c60-h48",0.049,98,2000
12,8000,140,16,"null","split","prognostic_high","c60-h48",0.0535,107,2000
19,4000,35,16,"homogeneous","split","prognostic_high","c60-h48",0.0795,159,2000
20,8000,35,16,"homogeneous","split","prognostic_high","c60-h48",0.0845,169,2000
21,4000,70,16,"homogeneous","split","prognostic_high","c60-h48",0.0755,151,2000
22,8000,70,16,"homogeneous","split","prognostic_high","c60-h48",0.0795,159,2000
23,4000,140,16,"homogeneous","split","prognostic_high","c60-h48",0.0645,129,2000
24,8000,140,16,"homogeneous","split","prognostic_high","c60-h48",0.0585,117,2000
31,4000,35,16,"heterogeneous","split","prognostic_high","c60-h48",0.0925,185,2000
32,8000,35,16,"heterogeneous","split","prognostic_high","c60-h48",0.0865,173,2000
33,4000,70,16,"heterogeneous","split","prognostic_high","c60-h48",0.079,158,2000
34,8000,70,16,"heterogeneous","split","prognostic_high","c60-h48",0.066,132,2000
35,4000,140,16,"heterogeneous","split","prognostic_high","c60-h48",0.063,126,2000
36,8000,140,16,"heterogeneous","split","prognostic_high","c60-h48",0.0625,125,2000
7,4000,35,16,"null","bonferroni","prognostic_low","c60-h48",0.0565,113,2000
8,8000,35,16,"null","bonferroni","prognostic_low","c60-h48",0.059,118,2000
9,4000,70,16,"null","bonferroni","prognostic_low","c60-h48",0.045,90,2000
10,8000,70,16,"null","bonferroni","prognostic_low","c60-h48",0.034,68,2000
11,4000,140,16,"null","bonferroni","prognostic_low","c60-h48",0.021,42,2000
12,8000,140,16,"null","bonferroni","prognostic_low","c60-h48",0.0225,45,2000
19,4000,35,16,"homogeneous","bonferroni","prognostic_low","c60-h48",0.0685,137,2000
20,8000,35,16,"homogeneous","bonferroni","prognostic_low","c60-h48",0.0735,147,2000
21,4000,70,16,"homogeneous","bonferroni","prognostic_low","c60-h48",0.041,82,2000
22,8000,70,16,"homogeneous","bonferroni","prognostic_low","c60-h48",0.0485,97,2000
23,4000,140,16,"homogeneous","bonferroni","prognostic_low","c60-h48",0.029,58,2000
24,8000,140,16,"homogeneous","bonferroni","prognostic_low","c60-h48",0.027,54,2000
31,4000,35,16,"heterogeneous","bonferroni","prognostic_low","c60-h48",0.0575,115,2000
32,8000,35,16,"heterogeneous","bonferroni","prognostic_low","c60-h48",0.0665,133,2000
33,4000,70,16,"heterogeneous","bonferroni","prognostic_low","c60-h48",0.034,68,2000
34,8000,70,16,"heterogeneous","bonferroni","prognostic_low","c60-h48",0.0355,71,2000
35,4000,140,16,"heterogeneous","bonferroni","prognostic_low","c60-h48",0.021,42,2000
36,8000,140,16,"heterogeneous","bonferroni","prognostic_low","c60-h48",0.0245,49,2000
7,4000,35,16,"null","naive","prognostic_low","c60-h48",0.0565,113,2000
8,8000,35,16,"null","naive","prognostic_low","c60-h48",0.059,118,2000
9,4000,70,16,"null","naive","prognostic_low","c60-h48",0.045,90,2000
10,8000,70,16,"null","naive","prognostic_low","c60-h48",0.034,68,2000
11,4000,140,16,"null","naive","prognostic_low","c60-h48",0.021,42,2000
12,8000,140,16,"null","naive","prognostic_low","c60-h48",0.0225,45,2000
19,4000,35,16,"homogeneous","naive","prognostic_low","c60-h48",0.0685,137,2000
20,8000,35,16,"homogeneous","naive","prognostic_low","c60-h48",0.0735,147,2000
21,4000,70,16,"homogeneous","naive","prognostic_low","c60-h48",0.041,82,2000
22,8000,70,16,"homogeneous","naive","prognostic_low","c60-h48",0.0485,97,2000
23,4000,140,16,"homogeneous","naive","prognostic_low","c60-h48",0.029,58,2000
24,8000,140,16,"homogeneous","naive","prognostic_low","c60-h48",0.027,54,2000
31,4000,35,16,"heterogeneous","naive","prognostic_low","c60-h48",0.0575,115,2000
32,8000,35,16,"heterogeneous","naive","prognostic_low","c60-h48",0.0665,133,2000
33,4000,70,16,"heterogeneous","naive","prognostic_low","c60-h48",0.034,68,2000
34,8000,70,16,"heterogeneous","naive","prognostic_low","c60-h48",0.0355,71,2000
35,4000,140,16,"heterogeneous","naive","prognostic_low","c60-h48",0.021,42,2000
36,8000,140,16,"heterogeneous","naive","prognostic_low","c60-h48",0.0245,49,2000
7,4000,35,16,"null","split","prognostic_low","c60-h48",0.074,148,2000
8,8000,35,16,"null","split","prognostic_low","c60-h48",0.074,148,2000
9,4000,70,16,"null","split","prognostic_low","c60-h48",0.0585,117,2000
10,8000,70,16,"null","split","prognostic_low","c60-h48",0.064,128,2000
11,4000,140,16,"null","split","prognostic_low","c60-h48",0.041,82,2000
12,8000,140,16,"null","split","prognostic_low","c60-h48",0.045,90,2000
19,4000,35,16,"homogeneous","split","prognostic_low","c60-h48",0.083,166,2000
20,8000,35,16,"homogeneous","split","prognostic_low","c60-h48",0.082,164,2000
21,4000,70,16,"homogeneous","split","prognostic_low","c60-h48",0.065,130,2000
22,8000,70,16,"homogeneous","split","prognostic_low","c60-h48",0.0695,139,2000
23,4000,140,16,"homogeneous","split","prognostic_low","c60-h48",0.0445,89,2000
24,8000,140,16,"homogeneous","split","prognostic_low","c60-h48",0.0425,85,2000
31,4000,35,16,"heterogeneous","split","prognostic_low","c60-h48",0.0735,147,2000
32,8000,35,16,"heterogeneous","split","prognostic_low","c60-h48",0.0785,157,2000
33,4000,70,16,"heterogeneous","split","prognostic_low","c60-h48",0.054,108,2000
34,8000,70,16,"heterogeneous","split","prognostic_low","c60-h48",0.0515,103,2000
35,4000,140,16,"heterogeneous","split","prognostic_low","c60-h48",0.044,88,2000
36,8000,140,16,"heterogeneous","split","prognostic_low","c60-h48",0.0505,101,2000
9,4000,70,16,"null","bonferroni","workability","c60-h48",0.2435,487,2000
10,8000,70,16,"null","bonferroni","workability","c60-h48",0.271,542,2000
12,8000,140,16,"null","bonferroni","workability","c60-h48",0.0015,3,2000
21,4000,70,16,"homogeneous","bonferroni","workability","c60-h48",0.0215,43,2000
22,8000,70,16,"homogeneous","bonferroni","workability","c60-h48",0.0185,37,2000
23,4000,140,16,"homogeneous","bonferroni","workability","c60-h48",0.072,144,2000
24,8000,140,16,"homogeneous","bonferroni","workability","c60-h48",0.0735,147,2000
33,4000,70,16,"heterogeneous","bonferroni","workability","c60-h48",0.2445,489,2000
34,8000,70,16,"heterogeneous","bonferroni","workability","c60-h48",0.275,550,2000
35,4000,140,16,"heterogeneous","bonferroni","workability","c60-h48",0.0015,3,2000
36,8000,140,16,"heterogeneous","bonferroni","workability","c60-h48",0.003,6,2000
9,4000,70,16,"null","naive","workability","c60-h48",0.2435,487,2000
10,8000,70,16,"null","naive","workability","c60-h48",0.271,542,2000
12,8000,140,16,"null","naive","workability","c60-h48",0.0015,3,2000
21,4000,70,16,"homogeneous","naive","workability","c60-h48",0.0215,43,2000
22,8000,70,16,"homogeneous","naive","workability","c60-h48",0.0185,37,2000
23,4000,140,16,"homogeneous","naive","workability","c60-h48",0.072,144,2000
24,8000,140,16,"homogeneous","naive","workability","c60-h48",0.0735,147,2000
33,4000,70,16,"heterogeneous","naive","workability","c60-h48",0.2445,489,2000
34,8000,70,16,"heterogeneous","naive","workability","c60-h48",0.275,550,2000
35,4000,140,16,"heterogeneous","naive","workability","c60-h48",0.0015,3,2000
36,8000,140,16,"heterogeneous","naive","workability","c60-h48",0.003,6,2000
9,4000,70,16,"null","split","workability","c60-h48",0.3005,601,2000
10,8000,70,16,"null","split","workability","c60-h48",0.3175,635,2000
11,4000,140,16,"null","split","workability","c60-h48",0.017,34,2000
12,8000,140,16,"null","split","workability","c60-h48",0.017,34,2000
21,4000,70,16,"homogeneous","split","workability","c60-h48",0.073,146,2000
22,8000,70,16,"homogeneous","split","workability","c60-h48",0.0875,175,2000
23,4000,140,16,"homogeneous","split","workability","c60-h48",0.154,308,2000
24,8000,140,16,"homogeneous","split","workability","c60-h48",0.154,308,2000
33,4000,70,16,"heterogeneous","split","workability","c60-h48",0.305,610,2000
34,8000,70,16,"heterogeneous","split","workability","c60-h48",0.3035,607,2000
35,4000,140,16,"heterogeneous","split","workability","c60-h48",0.017,34,2000
36,8000,140,16,"heterogeneous","split","workability","c60-h48",0.017,34,2000
7,4000,35,16,"null","bonferroni","effect_seeking","c60-h60",0.086,172,2000
8,8000,35,16,"null","bonferroni","effect_seeking","c60-h60",0.096,192,2000
9,4000,70,16,"null","bonferroni","effect_seeking","c60-h60",0.091,182,2000
10,8000,70,16,"null","bonferroni","effect_seeking","c60-h60",0.095,190,2000
11,4000,140,16,"null","bonferroni","effect_seeking","c60-h60",0.0905,181,2000
12,8000,140,16,"null","bonferroni","effect_seeking","c60-h60",0.098,196,2000
19,4000,35,16,"homogeneous","bonferroni","effect_seeking","c60-h60",0.081,162,2000
20,8000,35,16,"homogeneous","bonferroni","effect_seeking","c60-h60",0.072,144,2000
21,4000,70,16,"homogeneous","bonferroni","effect_seeking","c60-h60",0.0555,111,2000
22,8000,70,16,"homogeneous","bonferroni","effect_seeking","c60-h60",0.065,130,2000
23,4000,140,16,"homogeneous","bonferroni","effect_seeking","c60-h60",0.041,82,2000
24,8000,140,16,"homogeneous","bonferroni","effect_seeking","c60-h60",0.0445,89,2000
31,4000,35,16,"heterogeneous","bonferroni","effect_seeking","c60-h60",0.0415,83,2000
32,8000,35,16,"heterogeneous","bonferroni","effect_seeking","c60-h60",0.0315,63,2000
33,4000,70,16,"heterogeneous","bonferroni","effect_seeking","c60-h60",0.0275,55,2000
34,8000,70,16,"heterogeneous","bonferroni","effect_seeking","c60-h60",0.0205,41,2000
35,4000,140,16,"heterogeneous","bonferroni","effect_seeking","c60-h60",0.017,34,2000
36,8000,140,16,"heterogeneous","bonferroni","effect_seeking","c60-h60",0.013,26,2000
7,4000,35,16,"null","naive","effect_seeking","c60-h60",0.086,172,2000
8,8000,35,16,"null","naive","effect_seeking","c60-h60",0.096,192,2000
9,4000,70,16,"null","naive","effect_seeking","c60-h60",0.091,182,2000
10,8000,70,16,"null","naive","effect_seeking","c60-h60",0.095,190,2000
11,4000,140,16,"null","naive","effect_seeking","c60-h60",0.0905,181,2000
12,8000,140,16,"null","naive","effect_seeking","c60-h60",0.098,196,2000
19,4000,35,16,"homogeneous","naive","effect_seeking","c60-h60",0.081,162,2000
20,8000,35,16,"homogeneous","naive","effect_seeking","c60-h60",0.072,144,2000
21,4000,70,16,"homogeneous","naive","effect_seeking","c60-h60",0.0555,111,2000
22,8000,70,16,"homogeneous","naive","effect_seeking","c60-h60",0.065,130,2000
23,4000,140,16,"homogeneous","naive","effect_seeking","c60-h60",0.041,82,2000
24,8000,140,16,"homogeneous","naive","effect_seeking","c60-h60",0.0445,89,2000
31,4000,35,16,"heterogeneous","naive","effect_seeking","c60-h60",0.0415,83,2000
32,8000,35,16,"heterogeneous","naive","effect_seeking","c60-h60",0.0315,63,2000
33,4000,70,16,"heterogeneous","naive","effect_seeking","c60-h60",0.0275,55,2000
34,8000,70,16,"heterogeneous","naive","effect_seeking","c60-h60",0.0205,41,2000
35,4000,140,16,"heterogeneous","naive","effect_seeking","c60-h60",0.017,34,2000
36,8000,140,16,"heterogeneous","naive","effect_seeking","c60-h60",0.013,26,2000
7,4000,35,16,"null","bonferroni","outcome_blinded","c60-h60",0.019,38,2000
8,8000,35,16,"null","bonferroni","outcome_blinded","c60-h60",0.018,36,2000
9,4000,70,16,"null","bonferroni","outcome_blinded","c60-h60",0.0175,35,2000
10,8000,70,16,"null","bonferroni","outcome_blinded","c60-h60",0.015,30,2000
11,4000,140,16,"null","bonferroni","outcome_blinded","c60-h60",0.0185,37,2000
12,8000,140,16,"null","bonferroni","outcome_blinded","c60-h60",0.014,28,2000
19,4000,35,16,"homogeneous","bonferroni","outcome_blinded","c60-h60",0.015,30,2000
20,8000,35,16,"homogeneous","bonferroni","outcome_blinded","c60-h60",0.017,34,2000
21,4000,70,16,"homogeneous","bonferroni","outcome_blinded","c60-h60",0.0155,31,2000
22,8000,70,16,"homogeneous","bonferroni","outcome_blinded","c60-h60",0.0215,43,2000
23,4000,140,16,"homogeneous","bonferroni","outcome_blinded","c60-h60",0.0175,35,2000
24,8000,140,16,"homogeneous","bonferroni","outcome_blinded","c60-h60",0.011,22,2000
31,4000,35,16,"heterogeneous","bonferroni","outcome_blinded","c60-h60",0.0165,33,2000
32,8000,35,16,"heterogeneous","bonferroni","outcome_blinded","c60-h60",0.0225,45,2000
33,4000,70,16,"heterogeneous","bonferroni","outcome_blinded","c60-h60",0.016,32,2000
34,8000,70,16,"heterogeneous","bonferroni","outcome_blinded","c60-h60",0.0155,31,2000
35,4000,140,16,"heterogeneous","bonferroni","outcome_blinded","c60-h60",0.0155,31,2000
36,8000,140,16,"heterogeneous","bonferroni","outcome_blinded","c60-h60",0.011,22,2000
7,4000,35,16,"null","naive","outcome_blinded","c60-h60",0.019,38,2000
8,8000,35,16,"null","naive","outcome_blinded","c60-h60",0.018,36,2000
9,4000,70,16,"null","naive","outcome_blinded","c60-h60",0.0175,35,2000
10,8000,70,16,"null","naive","outcome_blinded","c60-h60",0.015,30,2000
11,4000,140,16,"null","naive","outcome_blinded","c60-h60",0.0185,37,2000
12,8000,140,16,"null","naive","outcome_blinded","c60-h60",0.014,28,2000
19,4000,35,16,"homogeneous","naive","outcome_blinded","c60-h60",0.015,30,2000
20,8000,35,16,"homogeneous","naive","outcome_blinded","c60-h60",0.017,34,2000
21,4000,70,16,"homogeneous","naive","outcome_blinded","c60-h60",0.0155,31,2000
22,8000,70,16,"homogeneous","naive","outcome_blinded","c60-h60",0.0215,43,2000
23,4000,140,16,"homogeneous","naive","outcome_blinded","c60-h60",0.0175,35,2000
24,8000,140,16,"homogeneous","naive","outcome_blinded","c60-h60",0.011,22,2000
31,4000,35,16,"heterogeneous","naive","outcome_blinded","c60-h60",0.0165,33,2000
32,8000,35,16,"heterogeneous","naive","outcome_blinded","c60-h60",0.0225,45,2000
33,4000,70,16,"heterogeneous","naive","outcome_blinded","c60-h60",0.016,32,2000
34,8000,70,16,"heterogeneous","naive","outcome_blinded","c60-h60",0.0155,31,2000
35,4000,140,16,"heterogeneous","naive","outcome_blinded","c60-h60",0.0155,31,2000
36,8000,140,16,"heterogeneous","naive","outcome_blinded","c60-h60",0.011,22,2000
7,4000,35,16,"null","bonferroni","prognostic_high","c60-h60",0.2245,449,2000
8,8000,35,16,"null","bonferroni","prognostic_high","c60-h60",0.24,480,2000
9,4000,70,16,"null","bonferroni","prognostic_high","c60-h60",0.28,560,2000
10,8000,70,16,"null","bonferroni","prognostic_high","c60-h60",0.281,562,2000
11,4000,140,16,"null","bonferroni","prognostic_high","c60-h60",0.2695,539,2000
12,8000,140,16,"null","bonferroni","prognostic_high","c60-h60",0.291,582,2000
19,4000,35,16,"homogeneous","bonferroni","prognostic_high","c60-h60",0.212,424,2000
20,8000,35,16,"homogeneous","bonferroni","prognostic_high","c60-h60",0.2275,455,2000
21,4000,70,16,"homogeneous","bonferroni","prognostic_high","c60-h60",0.236,472,2000
22,8000,70,16,"homogeneous","bonferroni","prognostic_high","c60-h60",0.2505,501,2000
23,4000,140,16,"homogeneous","bonferroni","prognostic_high","c60-h60",0.2635,527,2000
24,8000,140,16,"homogeneous","bonferroni","prognostic_high","c60-h60",0.2765,553,2000
31,4000,35,16,"heterogeneous","bonferroni","prognostic_high","c60-h60",0.259,518,2000
32,8000,35,16,"heterogeneous","bonferroni","prognostic_high","c60-h60",0.2565,513,2000
33,4000,70,16,"heterogeneous","bonferroni","prognostic_high","c60-h60",0.3035,607,2000
34,8000,70,16,"heterogeneous","bonferroni","prognostic_high","c60-h60",0.291,582,2000
35,4000,140,16,"heterogeneous","bonferroni","prognostic_high","c60-h60",0.3175,635,2000
36,8000,140,16,"heterogeneous","bonferroni","prognostic_high","c60-h60",0.33,660,2000
7,4000,35,16,"null","naive","prognostic_high","c60-h60",0.2245,449,2000
8,8000,35,16,"null","naive","prognostic_high","c60-h60",0.24,480,2000
9,4000,70,16,"null","naive","prognostic_high","c60-h60",0.28,560,2000
10,8000,70,16,"null","naive","prognostic_high","c60-h60",0.281,562,2000
11,4000,140,16,"null","naive","prognostic_high","c60-h60",0.2695,539,2000
12,8000,140,16,"null","naive","prognostic_high","c60-h60",0.291,582,2000
19,4000,35,16,"homogeneous","naive","prognostic_high","c60-h60",0.212,424,2000
20,8000,35,16,"homogeneous","naive","prognostic_high","c60-h60",0.2275,455,2000
21,4000,70,16,"homogeneous","naive","prognostic_high","c60-h60",0.236,472,2000
22,8000,70,16,"homogeneous","naive","prognostic_high","c60-h60",0.2505,501,2000
23,4000,140,16,"homogeneous","naive","prognostic_high","c60-h60",0.2635,527,2000
24,8000,140,16,"homogeneous","naive","prognostic_high","c60-h60",0.2765,553,2000
31,4000,35,16,"heterogeneous","naive","prognostic_high","c60-h60",0.259,518,2000
32,8000,35,16,"heterogeneous","naive","prognostic_high","c60-h60",0.2565,513,2000
33,4000,70,16,"heterogeneous","naive","prognostic_high","c60-h60",0.3035,607,2000
34,8000,70,16,"heterogeneous","naive","prognostic_high","c60-h60",0.291,582,2000
35,4000,140,16,"heterogeneous","naive","prognostic_high","c60-h60",0.3175,635,2000
36,8000,140,16,"heterogeneous","naive","prognostic_high","c60-h60",0.33,660,2000
7,4000,35,16,"null","split","prognostic_high","c60-h60",0.2165,433,2000
8,8000,35,16,"null","split","prognostic_high","c60-h60",0.209,418,2000
9,4000,70,16,"null","split","prognostic_high","c60-h60",0.248,496,2000
10,8000,70,16,"null","split","prognostic_high","c60-h60",0.237,474,2000
11,4000,140,16,"null","split","prognostic_high","c60-h60",0.2465,493,2000
12,8000,140,16,"null","split","prognostic_high","c60-h60",0.286,572,2000
19,4000,35,16,"homogeneous","split","prognostic_high","c60-h60",0.2005,401,2000
20,8000,35,16,"homogeneous","split","prognostic_high","c60-h60",0.198,396,2000
21,4000,70,16,"homogeneous","split","prognostic_high","c60-h60",0.2305,461,2000
22,8000,70,16,"homogeneous","split","prognostic_high","c60-h60",0.2205,441,2000
23,4000,140,16,"homogeneous","split","prognostic_high","c60-h60",0.26,520,2000
24,8000,140,16,"homogeneous","split","prognostic_high","c60-h60",0.25,500,2000
31,4000,35,16,"heterogeneous","split","prognostic_high","c60-h60",0.233,466,2000
32,8000,35,16,"heterogeneous","split","prognostic_high","c60-h60",0.2285,457,2000
33,4000,70,16,"heterogeneous","split","prognostic_high","c60-h60",0.2725,545,2000
34,8000,70,16,"heterogeneous","split","prognostic_high","c60-h60",0.2705,541,2000
35,4000,140,16,"heterogeneous","split","prognostic_high","c60-h60",0.2855,571,2000
36,8000,140,16,"heterogeneous","split","prognostic_high","c60-h60",0.305,610,2000
7,4000,35,16,"null","bonferroni","prognostic_low","c60-h60",0.1275,255,2000
8,8000,35,16,"null","bonferroni","prognostic_low","c60-h60",0.131,262,2000
9,4000,70,16,"null","bonferroni","prognostic_low","c60-h60",0.1015,203,2000
10,8000,70,16,"null","bonferroni","prognostic_low","c60-h60",0.106,212,2000
11,4000,140,16,"null","bonferroni","prognostic_low","c60-h60",0.0735,147,2000
12,8000,140,16,"null","bonferroni","prognostic_low","c60-h60",0.076,152,2000
19,4000,35,16,"homogeneous","bonferroni","prognostic_low","c60-h60",0.1175,235,2000
20,8000,35,16,"homogeneous","bonferroni","prognostic_low","c60-h60",0.1235,247,2000
21,4000,70,16,"homogeneous","bonferroni","prognostic_low","c60-h60",0.112,224,2000
22,8000,70,16,"homogeneous","bonferroni","prognostic_low","c60-h60",0.11,220,2000
23,4000,140,16,"homogeneous","bonferroni","prognostic_low","c60-h60",0.0955,191,2000
24,8000,140,16,"homogeneous","bonferroni","prognostic_low","c60-h60",0.0975,195,2000
31,4000,35,16,"heterogeneous","bonferroni","prognostic_low","c60-h60",0.1235,247,2000
32,8000,35,16,"heterogeneous","bonferroni","prognostic_low","c60-h60",0.1335,267,2000
33,4000,70,16,"heterogeneous","bonferroni","prognostic_low","c60-h60",0.1245,249,2000
34,8000,70,16,"heterogeneous","bonferroni","prognostic_low","c60-h60",0.123,246,2000
35,4000,140,16,"heterogeneous","bonferroni","prognostic_low","c60-h60",0.0745,149,2000
36,8000,140,16,"heterogeneous","bonferroni","prognostic_low","c60-h60",0.0795,159,2000
7,4000,35,16,"null","naive","prognostic_low","c60-h60",0.1275,255,2000
8,8000,35,16,"null","naive","prognostic_low","c60-h60",0.131,262,2000
9,4000,70,16,"null","naive","prognostic_low","c60-h60",0.1015,203,2000
10,8000,70,16,"null","naive","prognostic_low","c60-h60",0.106,212,2000
11,4000,140,16,"null","naive","prognostic_low","c60-h60",0.0735,147,2000
12,8000,140,16,"null","naive","prognostic_low","c60-h60",0.076,152,2000
19,4000,35,16,"homogeneous","naive","prognostic_low","c60-h60",0.1175,235,2000
20,8000,35,16,"homogeneous","naive","prognostic_low","c60-h60",0.1235,247,2000
21,4000,70,16,"homogeneous","naive","prognostic_low","c60-h60",0.112,224,2000
22,8000,70,16,"homogeneous","naive","prognostic_low","c60-h60",0.11,220,2000
23,4000,140,16,"homogeneous","naive","prognostic_low","c60-h60",0.0955,191,2000
24,8000,140,16,"homogeneous","naive","prognostic_low","c60-h60",0.0975,195,2000
31,4000,35,16,"heterogeneous","naive","prognostic_low","c60-h60",0.1235,247,2000
32,8000,35,16,"heterogeneous","naive","prognostic_low","c60-h60",0.1335,267,2000
33,4000,70,16,"heterogeneous","naive","prognostic_low","c60-h60",0.1245,249,2000
34,8000,70,16,"heterogeneous","naive","prognostic_low","c60-h60",0.123,246,2000
35,4000,140,16,"heterogeneous","naive","prognostic_low","c60-h60",0.0745,149,2000
36,8000,140,16,"heterogeneous","naive","prognostic_low","c60-h60",0.0795,159,2000
7,4000,35,16,"null","split","prognostic_low","c60-h60",0.134,268,2000
8,8000,35,16,"null","split","prognostic_low","c60-h60",0.1215,243,2000
9,4000,70,16,"null","split","prognostic_low","c60-h60",0.1165,233,2000
10,8000,70,16,"null","split","prognostic_low","c60-h60",0.13,260,2000
11,4000,140,16,"null","split","prognostic_low","c60-h60",0.094,188,2000
12,8000,140,16,"null","split","prognostic_low","c60-h60",0.1085,217,2000
19,4000,35,16,"homogeneous","split","prognostic_low","c60-h60",0.1245,249,2000
20,8000,35,16,"homogeneous","split","prognostic_low","c60-h60",0.139,278,2000
21,4000,70,16,"homogeneous","split","prognostic_low","c60-h60",0.13,260,2000
22,8000,70,16,"homogeneous","split","prognostic_low","c60-h60",0.1245,249,2000
23,4000,140,16,"homogeneous","split","prognostic_low","c60-h60",0.114,228,2000
24,8000,140,16,"homogeneous","split","prognostic_low","c60-h60",0.126,252,2000
31,4000,35,16,"heterogeneous","split","prognostic_low","c60-h60",0.141,282,2000
32,8000,35,16,"heterogeneous","split","prognostic_low","c60-h60",0.1365,273,2000
33,4000,70,16,"heterogeneous","split","prognostic_low","c60-h60",0.1275,255,2000
34,8000,70,16,"heterogeneous","split","prognostic_low","c60-h60",0.14,280,2000
35,4000,140,16,"heterogeneous","split","prognostic_low","c60-h60",0.1095,219,2000
36,8000,140,16,"heterogeneous","split","prognostic_low","c60-h60",0.126,252,2000
9,4000,70,16,"null","bonferroni","workability","c60-h60",0.621,1242,2000
10,8000,70,16,"null","bonferroni","workability","c60-h60",0.6315,1263,2000
21,4000,70,16,"homogeneous","bonferroni","workability","c60-h60",0.364,728,2000
22,8000,70,16,"homogeneous","bonferroni","workability","c60-h60",0.384,768,2000
33,4000,70,16,"heterogeneous","bonferroni","workability","c60-h60",0.6335,1267,2000
34,8000,70,16,"heterogeneous","bonferroni","workability","c60-h60",0.6205,1241,2000
9,4000,70,16,"null","naive","workability","c60-h60",0.621,1242,2000
10,8000,70,16,"null","naive","workability","c60-h60",0.6315,1263,2000
21,4000,70,16,"homogeneous","naive","workability","c60-h60",0.364,728,2000
22,8000,70,16,"homogeneous","naive","workability","c60-h60",0.384,768,2000
33,4000,70,16,"heterogeneous","naive","workability","c60-h60",0.6335,1267,2000
34,8000,70,16,"heterogeneous","naive","workability","c60-h60",0.6205,1241,2000
7,4000,35,16,"null","split","workability","c60-h60",0.002,4,2000
8,8000,35,16,"null","split","workability","c60-h60",0.003,6,2000
9,4000,70,16,"null","split","workability","c60-h60",0.4755,951,2000
10,8000,70,16,"null","split","workability","c60-h60",0.471,942,2000
21,4000,70,16,"homogeneous","split","workability","c60-h60",0.347,694,2000
22,8000,70,16,"homogeneous","split","workability","c60-h60",0.363,726,2000
23,4000,140,16,"homogeneous","split","workability","c60-h60",0.0025,5,2000
24,8000,140,16,"homogeneous","split","workability","c60-h60",0.0025,5,2000
31,4000,35,16,"heterogeneous","split","workability","c60-h60",0.0015,3,2000
32,8000,35,16,"heterogeneous","split","workability","c60-h60",0.002,4,2000
33,4000,70,16,"heterogeneous","split","workability","c60-h60",0.4835,967,2000
34,8000,70,16,"heterogeneous","split","workability","c60-h60",0.4855,971,2000
